dataset,protocol,model,seed,subject_id,threshold,n_trials,single_class,mcc,kappa,balanced_accuracy,pr_auc,roc_auc,macro_f1,sensitivity,specificity,ece,accuracy
ds007406,epochwise,deepconvnet,0,sub-001,0.6688698513507844,6,0,0.3333333333333333,0.33333333333333337,0.6666666666666666,0.8666666666666667,0.7777777777777778,0.6666666666666666,0.6666666666666666,0.6666666666666666,0.16908897008332938,0.6666666666666666
ds007406,epochwise,deepconvnet,0,sub-002,0.4154199573596319,6,0,-0.4472135954999579,-0.33333333333333326,0.3333333333333333,0.8333333333333333,0.6666666666666666,0.25,0.6666666666666666,0.0,0.2407721393638187,0.3333333333333333
ds007406,epochwise,deepconvnet,0,sub-003,0.6688698513507844,6,0,0.0,0.0,0.5,0.6666666666666667,0.4444444444444444,0.4857142857142857,0.3333333333333333,0.6666666666666666,0.19499589262737166,0.5
ds007406,epochwise,deepconvnet,0,sub-004,0.6688698513507844,6,0,-0.3333333333333333,-0.33333333333333326,0.3333333333333333,0.41111111111111115,0.11111111111111112,0.3333333333333333,0.3333333333333333,0.3333333333333333,0.4773817588885625,0.3333333333333333
ds007406,epochwise,deepconvnet,0,sub-005,0.4154199573596319,6,0,0.3333333333333333,0.33333333333333337,0.6666666666666666,0.6388888888888888,0.6666666666666667,0.6666666666666666,0.6666666666666666,0.6666666666666666,0.25267596433146133,0.6666666666666666
ds007406,epochwise,deepconvnet,0,sub-006,0.6688698513507844,6,0,0.0,0.0,0.5,0.5888888888888889,0.5555555555555556,0.4857142857142857,0.6666666666666666,0.3333333333333333,0.14600595782200498,0.5
ds007406,epochwise,deepconvnet,0,sub-007,0.6688698513507844,6,0,0.0,0.0,0.5,0.6333333333333333,0.3333333333333333,0.3333333333333333,0.0,1.0,0.18557168708907235,0.5
ds007406,epochwise,deepconvnet,0,sub-008,0.4154199573596319,6,0,-0.7071067811865476,-0.6666666666666667,0.16666666666666666,0.38333333333333336,0.0,0.14285714285714285,0.3333333333333333,0.0,0.22977336889339822,0.16666666666666666
ds007406,epochwise,deepconvnet,0,sub-009,0.6688698513507844,6,0,0.7071067811865476,0.6666666666666667,0.8333333333333333,0.9166666666666665,0.888888888888889,0.8285714285714285,0.6666666666666666,1.0,0.22057306865851078,0.8333333333333334
ds007406,epochwise,deepconvnet,0,sub-010,0.6688698513507844,6,0,-0.7071067811865476,-0.6666666666666667,0.16666666666666666,0.38333333333333336,0.0,0.14285714285714285,0.0,0.3333333333333333,0.5768901215659247,0.16666666666666666
ds007406,epochwise,deepconvnet,1,sub-001,0.5856797841588656,6,0,-0.4472135954999579,-0.33333333333333326,0.3333333333333333,0.5333333333333333,0.4444444444444445,0.25,0.0,0.6666666666666666,0.29511185508874604,0.3333333333333333
ds007406,epochwise,deepconvnet,1,sub-002,0.5856797841588656,6,0,0.0,0.0,0.5,0.5555555555555556,0.4444444444444445,0.3333333333333333,0.0,1.0,0.04086661123567159,0.5
ds007406,epochwise,deepconvnet,1,sub-003,0.5856797841588656,6,0,0.4472135954999579,0.33333333333333337,0.6666666666666666,0.6333333333333333,0.3333333333333333,0.625,0.3333333333333333,1.0,0.5059481902254952,0.6666666666666666
ds007406,epochwise,deepconvnet,1,sub-004,0.5856797841588656,6,0,0.0,0.0,0.5,0.5888888888888889,0.5555555555555556,0.3333333333333333,0.0,1.0,0.06840062095887134,0.5
ds007406,epochwise,deepconvnet,1,sub-005,0.5856797841588656,6,0,-0.4472135954999579,-0.33333333333333326,0.3333333333333333,0.5888888888888889,0.5555555555555556,0.25,0.0,0.6666666666666666,0.15423713806602685,0.3333333333333333
ds007406,epochwise,deepconvnet,1,sub-006,0.5856797841588656,6,0,0.0,0.0,0.5,0.5555555555555556,0.4444444444444445,0.3333333333333333,0.0,1.0,0.14279841201172935,0.5
ds007406,epochwise,deepconvnet,1,sub-007,0.5856797841588656,6,0,0.0,0.0,0.5,0.5,0.33333333333333337,0.3333333333333333,0.0,1.0,0.20082710494558945,0.5
ds007406,epochwise,deepconvnet,1,sub-008,0.5856797841588656,6,0,-0.4472135954999579,-0.33333333333333326,0.3333333333333333,0.4444444444444445,0.22222222222222224,0.25,0.0,0.6666666666666666,0.04086513651741876,0.3333333333333333
ds007406,epochwise,deepconvnet,1,sub-009,0.5542486134966215,6,0,0.0,0.0,0.5,0.7555555555555555,0.6666666666666667,0.3333333333333333,0.0,1.0,0.1263051178306341,0.5
ds007406,epochwise,deepconvnet,1,sub-010,0.5856797841588656,6,0,0.4472135954999579,0.33333333333333337,0.6666666666666666,0.7222222222222222,0.5555555555555556,0.625,0.3333333333333333,1.0,0.046572734249962736,0.6666666666666666
ds007406,epochwise,deepconvnet,2,sub-001,0.5256599037051201,6,0,0.0,0.0,0.5,0.6666666666666667,0.4444444444444444,0.4857142857142857,0.3333333333333333,0.6666666666666666,0.05116202495895165,0.5
ds007406,epochwise,deepconvnet,2,sub-002,0.5256599037051201,6,0,-0.4472135954999579,-0.33333333333333326,0.3333333333333333,0.5555555555555556,0.4444444444444445,0.25,0.6666666666666666,0.0,0.09246379711613475,0.3333333333333333
ds007406,epochwise,deepconvnet,2,sub-003,0.5256599037051201,6,0,-0.4472135954999579,-0.33333333333333326,0.3333333333333333,0.6333333333333333,0.3333333333333333,0.25,0.6666666666666666,0.0,0.35154763062795,0.3333333333333333
ds007406,epochwise,deepconvnet,2,sub-004,0.5256599037051201,6,0,-0.7071067811865476,-0.6666666666666667,0.16666666666666666,0.41111111111111115,0.11111111111111112,0.14285714285714285,0.3333333333333333,0.0,0.24679795516033964,0.16666666666666666
ds007406,epochwise,deepconvnet,2,sub-005,0.5256599037051201,6,0,0.4472135954999579,0.33333333333333337,0.6666666666666666,0.7,0.5555555555555556,0.625,1.0,0.3333333333333333,0.2437660703506379,0.6666666666666666
ds007406,epochwise,deepconvnet,2,sub-006,0.7050547433694204,6,0,0.0,0.0,0.5,0.4777777777777778,0.33333333333333337,0.3333333333333333,0.0,1.0,0.4325673254413738,0.5
ds007406,epochwise,deepconvnet,2,sub-007,0.5256599037051201,6,0,0.4472135954999579,0.33333333333333337,0.6666666666666666,1.0,1.0,0.625,1.0,0.3333333333333333,0.31615671681033236,0.6666666666666666
ds007406,epochwise,deepconvnet,2,sub-008,0.7050547433694204,6,0,-0.4472135954999579,-0.33333333333333326,0.3333333333333333,0.38333333333333336,0.0,0.25,0.0,0.6666666666666666,0.4303584407601092,0.3333333333333333
ds007406,epochwise,deepconvnet,2,sub-009,0.5256599037051201,6,0,-0.3333333333333333,-0.33333333333333326,0.3333333333333333,0.6666666666666667,0.4444444444444444,0.3333333333333333,0.3333333333333333,0.3333333333333333,0.08905208686159717,0.3333333333333333
ds007406,epochwise,deepconvnet,2,sub-010,0.5256599037051201,6,0,-0.3333333333333333,-0.33333333333333326,0.3333333333333333,0.6333333333333333,0.3333333333333333,0.3333333333333333,0.3333333333333333,0.3333333333333333,0.24414398355616462,0.3333333333333333
ds007406,epochwise,deepconvnet,3,sub-001,0.5022427565058072,6,0,-0.3333333333333333,-0.33333333333333326,0.3333333333333333,0.4777777777777778,0.33333333333333337,0.3333333333333333,0.3333333333333333,0.3333333333333333,0.18211419870042134,0.3333333333333333
ds007406,epochwise,deepconvnet,3,sub-002,0.4905757198731105,6,0,-0.7071067811865476,-0.6666666666666667,0.16666666666666666,0.6333333333333333,0.3333333333333333,0.14285714285714285,0.3333333333333333,0.0,0.3579732160601351,0.16666666666666666
ds007406,epochwise,deepconvnet,3,sub-003,0.5022427565058072,6,0,0.0,0.0,0.5,0.7,0.5555555555555556,0.4857142857142857,0.6666666666666666,0.3333333333333333,0.018467075791623894,0.5
ds007406,epochwise,deepconvnet,3,sub-004,0.5022427565058072,6,0,0.4472135954999579,0.33333333333333337,0.6666666666666666,0.6666666666666667,0.4444444444444444,0.625,0.3333333333333333,1.0,0.14171093023485604,0.6666666666666666
ds007406,epochwise,deepconvnet,3,sub-005,0.5022427565058072,6,0,-0.3333333333333333,-0.33333333333333326,0.3333333333333333,0.5,0.33333333333333337,0.3333333333333333,0.3333333333333333,0.3333333333333333,0.20227169008932022,0.3333333333333333
ds007406,epochwise,deepconvnet,3,sub-006,0.5022427565058072,6,0,-0.4472135954999579,-0.33333333333333326,0.3333333333333333,0.6388888888888888,0.6666666666666667,0.25,0.0,0.6666666666666666,0.1870457241932551,0.3333333333333333
ds007406,epochwise,deepconvnet,3,sub-007,0.5022427565058072,6,0,-0.7071067811865476,-0.6666666666666667,0.16666666666666666,0.41111111111111115,0.11111111111111112,0.14285714285714285,0.0,0.3333333333333333,0.3664720725268126,0.16666666666666666
ds007406,epochwise,deepconvnet,3,sub-008,0.5022427565058072,6,0,-0.7071067811865476,-0.6666666666666667,0.16666666666666666,0.4777777777777778,0.33333333333333337,0.14285714285714285,0.0,0.3333333333333333,0.3727449937413136,0.16666666666666666
ds007406,epochwise,deepconvnet,3,sub-009,0.5022427565058072,6,0,0.4472135954999579,0.33333333333333337,0.6666666666666666,0.8666666666666667,0.7777777777777778,0.625,0.3333333333333333,1.0,0.12607107361157732,0.6666666666666666
ds007406,epochwise,deepconvnet,3,sub-010,0.5022427565058072,6,0,-0.7071067811865476,-0.6666666666666667,0.16666666666666666,0.38333333333333336,0.0,0.14285714285714285,0.0,0.3333333333333333,0.3719038318428728,0.16666666666666666
ds007406,epochwise,deepconvnet,4,sub-001,0.7181448637445768,6,0,-0.4472135954999579,-0.33333333333333326,0.3333333333333333,0.4666666666666667,0.22222222222222224,0.25,0.0,0.6666666666666666,0.4112810211877028,0.3333333333333333
ds007406,epochwise,deepconvnet,4,sub-002,0.7181448637445768,6,0,-0.4472135954999579,-0.33333333333333326,0.3333333333333333,0.4444444444444445,0.22222222222222224,0.25,0.0,0.6666666666666666,0.19633765481412407,0.3333333333333333
ds007406,epochwise,deepconvnet,4,sub-003,0.5162250153223674,6,0,0.0,0.0,0.5,0.7555555555555555,0.6666666666666667,0.4857142857142857,0.3333333333333333,0.6666666666666666,0.040343563093079474,0.5
ds007406,epochwise,deepconvnet,4,sub-004,0.7181448637445768,6,0,0.4472135954999579,0.33333333333333337,0.6666666666666666,1.0,1.0,0.625,0.3333333333333333,1.0,0.3976208041111628,0.6666666666666666
ds007406,epochwise,deepconvnet,4,sub-005,0.5162250153223674,6,0,0.0,0.0,0.5,0.8333333333333333,0.6666666666666666,0.4857142857142857,0.6666666666666666,0.3333333333333333,0.0218582612772783,0.5
ds007406,epochwise,deepconvnet,4,sub-006,0.7181448637445768,6,0,0.3333333333333333,0.33333333333333337,0.6666666666666666,0.8333333333333333,0.6666666666666666,0.6666666666666666,0.6666666666666666,0.6666666666666666,0.09748730626371169,0.6666666666666666
ds007406,epochwise,deepconvnet,4,sub-007,0.7181448637445768,6,0,0.0,0.0,0.5,0.5333333333333333,0.4444444444444445,0.3333333333333333,0.0,1.0,0.3409346396051761,0.5
ds007406,epochwise,deepconvnet,4,sub-008,0.5162250153223674,6,0,-0.4472135954999579,-0.33333333333333326,0.3333333333333333,0.41111111111111115,0.11111111111111112,0.25,0.0,0.6666666666666666,0.22666720598936077,0.3333333333333333
ds007406,epochwise,deepconvnet,4,sub-009,0.7181448637445768,6,0,0.4472135954999579,0.33333333333333337,0.6666666666666666,0.9166666666666665,0.888888888888889,0.625,0.3333333333333333,1.0,0.33222172334790234,0.6666666666666666
ds007406,epochwise,deepconvnet,4,sub-010,0.7181448637445768,6,0,-0.4472135954999579,-0.33333333333333326,0.3333333333333333,0.38333333333333336,0.0,0.25,0.0,0.6666666666666666,0.4148606091737747,0.3333333333333333
ds007406,epochwise,eegnet,0,sub-001,0.5363963650862376,6,0,-0.4472135954999579,-0.33333333333333326,0.3333333333333333,0.5888888888888889,0.5555555555555556,0.25,0.0,0.6666666666666666,0.14518894013017414,0.3333333333333333
ds007406,epochwise,eegnet,0,sub-002,0.4996370147864024,6,0,0.0,0.0,0.5,0.7,0.5555555555555556,0.4857142857142857,0.6666666666666666,0.3333333333333333,0.00727797821164137,0.5
ds007406,epochwise,eegnet,0,sub-003,0.5363963650862376,6,0,0.0,0.0,0.5,0.7222222222222222,0.5555555555555556,0.3333333333333333,0.0,1.0,0.01678862240579393,0.5
ds007406,epochwise,eegnet,0,sub-004,0.5363963650862376,6,0,0.0,0.0,0.5,0.5333333333333333,0.4444444444444445,0.3333333333333333,0.0,1.0,0.014747604851921392,0.5
ds007406,epochwise,eegnet,0,sub-005,0.4996370147864024,6,0,0.4472135954999579,0.33333333333333337,0.6666666666666666,0.5333333333333333,0.4444444444444445,0.625,1.0,0.3333333333333333,0.15136055482758426,0.6666666666666666
ds007406,epochwise,eegnet,0,sub-006,0.5363963650862376,6,0,0.0,0.0,0.5,0.8055555555555556,0.7777777777777779,0.4857142857142857,0.3333333333333333,0.6666666666666666,0.0176607699857817,0.5
ds007406,epochwise,eegnet,0,sub-007,0.5363963650862376,6,0,0.0,0.0,0.5,0.4777777777777778,0.33333333333333337,0.3333333333333333,0.0,1.0,0.3411679600158499,0.5
ds007406,epochwise,eegnet,0,sub-008,0.4996370147864024,6,0,-0.4472135954999579,-0.33333333333333326,0.3333333333333333,0.5,0.33333333333333337,0.25,0.6666666666666666,0.0,0.17624732785754726,0.3333333333333333
ds007406,epochwise,eegnet,0,sub-009,0.5363963650862376,6,0,0.0,0.0,0.5,1.0,1.0,0.3333333333333333,0.0,1.0,0.3129534110633863,0.5
ds007406,epochwise,eegnet,0,sub-010,0.5363963650862376,6,0,0.0,0.0,0.5,0.5,0.33333333333333337,0.3333333333333333,0.0,1.0,0.17529300401608144,0.5
ds007406,epochwise,eegnet,1,sub-001,0.513016887307167,6,0,0.0,0.0,0.5,0.7555555555555555,0.6666666666666667,0.4857142857142857,0.6666666666666666,0.3333333333333333,0.14595572679407065,0.5
ds007406,epochwise,eegnet,1,sub-002,0.513016887307167,6,0,0.4472135954999579,0.33333333333333337,0.6666666666666666,0.7555555555555555,0.6666666666666667,0.625,0.3333333333333333,1.0,0.15698611686627068,0.6666666666666666
ds007406,epochwise,eegnet,1,sub-003,0.513016887307167,6,0,-0.7071067811865476,-0.6666666666666667,0.16666666666666666,0.41111111111111115,0.11111111111111112,0.14285714285714285,0.3333333333333333,0.0,0.18520477861166001,0.16666666666666666
ds007406,epochwise,eegnet,1,sub-004,0.513016887307167,6,0,0.0,0.0,0.5,0.7222222222222222,0.5555555555555556,0.4857142857142857,0.6666666666666666,0.3333333333333333,0.017008588876989195,0.5
ds007406,epochwise,eegnet,1,sub-005,0.513016887307167,6,0,0.0,0.0,0.5,0.7222222222222222,0.5555555555555556,0.4857142857142857,0.3333333333333333,0.6666666666666666,0.15163596077925628,0.5
ds007406,epochwise,eegnet,1,sub-006,0.513016887307167,6,0,0.4472135954999579,0.33333333333333337,0.6666666666666666,0.4777777777777778,0.33333333333333337,0.625,1.0,0.3333333333333333,0.017093860771920988,0.6666666666666666
ds007406,epochwise,eegnet,1,sub-007,0.513016887307167,6,0,0.0,0.0,0.5,0.5333333333333333,0.4444444444444445,0.4857142857142857,0.3333333333333333,0.6666666666666666,0.009486178509218457,0.5
ds007406,epochwise,eegnet,1,sub-008,0.513016887307167,6,0,-0.3333333333333333,-0.33333333333333326,0.3333333333333333,0.6333333333333333,0.3333333333333333,0.3333333333333333,0.3333333333333333,0.3333333333333333,0.012198634445667267,0.3333333333333333
ds007406,epochwise,eegnet,1,sub-009,0.5229391874869664,6,0,0.0,0.0,0.5,0.8666666666666667,0.7777777777777778,0.3333333333333333,0.0,1.0,0.012401537431611005,0.5
ds007406,epochwise,eegnet,1,sub-010,0.513016887307167,6,0,-0.4472135954999579,-0.33333333333333326,0.3333333333333333,0.41111111111111115,0.11111111111111112,0.25,0.0,0.6666666666666666,0.01153368105491015,0.3333333333333333
ds007406,epochwise,eegnet,2,sub-001,0.5209366715749105,6,0,0.0,0.0,0.5,0.7555555555555555,0.6666666666666667,0.3333333333333333,0.0,1.0,0.010141038811869119,0.5
ds007406,epochwise,eegnet,2,sub-002,0.5209366715749105,6,0,0.0,0.0,0.5,0.4666666666666667,0.22222222222222224,0.4857142857142857,0.3333333333333333,0.6666666666666666,0.18159744938214611,0.5
ds007406,epochwise,eegnet,2,sub-003,0.5209366715749105,6,0,-0.4472135954999579,-0.33333333333333326,0.3333333333333333,0.5555555555555556,0.4444444444444445,0.25,0.0,0.6666666666666666,0.015628880510727527,0.3333333333333333
ds007406,epochwise,eegnet,2,sub-004,0.5209366715749105,6,0,0.0,0.0,0.5,0.8055555555555556,0.7777777777777779,0.3333333333333333,0.0,1.0,0.15859349783923882,0.5
ds007406,epochwise,eegnet,2,sub-005,0.5209366715749105,6,0,0.0,0.0,0.5,0.7555555555555555,0.6666666666666667,0.4857142857142857,0.3333333333333333,0.6666666666666666,0.014697350230481946,0.5
ds007406,epochwise,eegnet,2,sub-006,0.5099118781487147,6,0,-0.4472135954999579,-0.33333333333333326,0.3333333333333333,0.5333333333333333,0.4444444444444445,0.25,0.0,0.6666666666666666,0.16119026425811972,0.3333333333333333
ds007406,epochwise,eegnet,2,sub-007,0.5209366715749105,6,0,0.4472135954999579,0.33333333333333337,0.6666666666666666,0.9166666666666665,0.888888888888889,0.625,0.3333333333333333,1.0,0.14743838853513197,0.6666666666666666
ds007406,epochwise,eegnet,2,sub-008,0.5099118781487147,6,0,0.0,0.0,0.5,0.8666666666666667,0.7777777777777778,0.3333333333333333,0.0,1.0,0.1576056574781736,0.5
ds007406,epochwise,eegnet,2,sub-009,0.5209366715749105,6,0,0.0,0.0,0.5,0.5555555555555556,0.4444444444444445,0.3333333333333333,0.0,1.0,0.1571102746658855,0.5
ds007406,epochwise,eegnet,2,sub-010,0.5209366715749105,6,0,-0.7071067811865476,-0.6666666666666667,0.16666666666666666,0.38333333333333336,0.0,0.14285714285714285,0.0,0.3333333333333333,0.5293649984730615,0.16666666666666666
ds007406,epochwise,eegnet,3,sub-001,0.5040126385241747,6,0,0.4472135954999579,0.33333333333333337,0.6666666666666666,0.8666666666666667,0.7777777777777778,0.625,0.3333333333333333,1.0,0.14865662152361536,0.6666666666666666
ds007406,epochwise,eegnet,3,sub-002,0.4919094899892807,6,0,0.0,0.0,0.5,0.7555555555555555,0.6666666666666667,0.4857142857142857,0.6666666666666666,0.3333333333333333,0.15478809956047268,0.5
ds007406,epochwise,eegnet,3,sub-003,0.5040126385241747,6,0,0.7071067811865476,0.6666666666666667,0.8333333333333333,0.6388888888888888,0.6666666666666667,0.8285714285714285,1.0,0.6666666666666666,0.31277515341838197,0.8333333333333334
ds007406,epochwise,eegnet,3,sub-004,0.5040126385241747,6,0,0.0,0.0,0.5,0.8666666666666667,0.7777777777777778,0.4857142857142857,0.6666666666666666,0.3333333333333333,0.02066199390424624,0.5
ds007406,epochwise,eegnet,3,sub-005,0.5040126385241747,6,0,-0.3333333333333333,-0.33333333333333326,0.3333333333333333,0.5333333333333333,0.4444444444444445,0.3333333333333333,0.3333333333333333,0.3333333333333333,0.19669192179830536,0.3333333333333333
ds007406,epochwise,eegnet,3,sub-006,0.5040126385241747,6,0,-0.4472135954999579,-0.33333333333333326,0.3333333333333333,0.5333333333333333,0.4444444444444445,0.25,0.0,0.6666666666666666,0.010420697347985414,0.3333333333333333
ds007406,epochwise,eegnet,3,sub-007,0.5040126385241747,6,0,0.0,0.0,0.5,0.38333333333333336,0.0,0.3333333333333333,0.0,1.0,0.3386095742798514,0.5
ds007406,epochwise,eegnet,3,sub-008,0.5040126385241747,6,0,0.0,0.0,0.5,0.6388888888888888,0.6666666666666667,0.3333333333333333,0.0,1.0,0.009229357209470546,0.5
ds007406,epochwise,eegnet,3,sub-009,0.5040126385241747,6,0,0.0,0.0,0.5,0.7,0.5555555555555556,0.3333333333333333,0.0,1.0,0.1644842517769171,0.5
ds007406,epochwise,eegnet,3,sub-010,0.5040126385241747,6,0,0.0,0.0,0.5,0.4666666666666667,0.22222222222222224,0.3333333333333333,0.0,1.0,0.027456066591872108,0.5
ds007406,epochwise,eegnet,4,sub-001,0.5150933993260066,6,0,0.3333333333333333,0.33333333333333337,0.6666666666666666,0.9166666666666665,0.888888888888889,0.6666666666666666,0.6666666666666666,0.6666666666666666,0.1498689473503166,0.6666666666666666
ds007406,epochwise,eegnet,4,sub-002,0.5150933993260066,6,0,0.3333333333333333,0.33333333333333337,0.6666666666666666,0.7555555555555555,0.6666666666666667,0.6666666666666666,0.6666666666666666,0.6666666666666666,0.14934235612551366,0.6666666666666666
ds007406,epochwise,eegnet,4,sub-003,0.5139857259988785,6,0,0.0,0.0,0.5,0.7,0.5555555555555556,0.4857142857142857,0.6666666666666666,0.3333333333333333,0.01669574711057875,0.5
ds007406,epochwise,eegnet,4,sub-004,0.5150933993260066,6,0,-0.7071067811865476,-0.6666666666666667,0.16666666666666666,0.4777777777777778,0.33333333333333337,0.14285714285714285,0.0,0.3333333333333333,0.015250629434982916,0.16666666666666666
ds007406,epochwise,eegnet,4,sub-005,0.5139857259988785,6,0,0.0,0.0,0.5,0.8055555555555556,0.7777777777777779,0.4857142857142857,0.3333333333333333,0.6666666666666666,0.311515538725588,0.5
ds007406,epochwise,eegnet,4,sub-006,0.5150933993260066,6,0,-0.4472135954999579,-0.33333333333333326,0.3333333333333333,0.6388888888888888,0.6666666666666667,0.25,0.0,0.6666666666666666,0.15490419997109306,0.3333333333333333
ds007406,epochwise,eegnet,4,sub-007,0.5150933993260066,6,0,-0.3333333333333333,-0.33333333333333326,0.3333333333333333,0.4777777777777778,0.33333333333333337,0.3333333333333333,0.3333333333333333,0.3333333333333333,0.017497913042704316,0.3333333333333333
ds007406,epochwise,eegnet,4,sub-008,0.5139857259988785,6,0,0.0,0.0,0.5,0.4666666666666667,0.22222222222222224,0.4857142857142857,0.3333333333333333,0.6666666666666666,0.1826687873237663,0.5
ds007406,epochwise,eegnet,4,sub-009,0.5150933993260066,6,0,0.0,0.0,0.5,0.7,0.5555555555555556,0.4857142857142857,0.3333333333333333,0.6666666666666666,0.14938605104883515,0.5
ds007406,epochwise,eegnet,4,sub-010,0.5150933993260066,6,0,-0.7071067811865476,-0.6666666666666667,0.16666666666666666,0.4666666666666667,0.22222222222222224,0.14285714285714285,0.3333333333333333,0.0,0.0158169989784559,0.16666666666666666
ds007406,epochwise,logreg,0,sub-001,0.4803802740573887,6,0,0.7071067811865476,0.6666666666666667,0.8333333333333333,0.8055555555555556,0.7777777777777779,0.8285714285714285,1.0,0.6666666666666666,0.09222582499999998,0.8333333333333334
ds007406,epochwise,logreg,0,sub-002,0.52441283762455,6,0,-0.3333333333333333,-0.33333333333333326,0.3333333333333333,0.5,0.33333333333333337,0.3333333333333333,0.3333333333333333,0.3333333333333333,0.4566161383333333,0.3333333333333333
ds007406,epochwise,logreg,0,sub-003,0.4803802740573887,6,0,0.0,0.0,0.5,0.5,0.33333333333333337,0.4857142857142857,0.3333333333333333,0.6666666666666666,0.37998967166666664,0.5
ds007406,epochwise,logreg,0,sub-004,0.4803802740573887,6,0,0.0,0.0,0.5,0.5555555555555556,0.4444444444444445,0.4857142857142857,0.3333333333333333,0.6666666666666666,0.38437417983333333,0.5
ds007406,epochwise,logreg,0,sub-005,0.52441283762455,6,0,0.3333333333333333,0.33333333333333337,0.6666666666666666,0.6388888888888888,0.6666666666666667,0.6666666666666666,0.6666666666666666,0.6666666666666666,0.4174783266666666,0.6666666666666666
ds007406,epochwise,logreg,0,sub-006,0.4803802740573887,6,0,0.0,0.0,0.5,0.7222222222222222,0.5555555555555556,0.3333333333333333,1.0,0.0,0.21477459166666665,0.5
ds007406,epochwise,logreg,0,sub-007,0.4803802740573887,6,0,0.0,0.0,0.5,0.5888888888888889,0.5555555555555556,0.4857142857142857,0.6666666666666666,0.3333333333333333,0.33587215000000004,0.5
ds007406,epochwise,logreg,0,sub-008,0.52441283762455,6,0,0.0,0.0,0.5,0.7,0.5555555555555556,0.4857142857142857,0.3333333333333333,0.6666666666666666,0.49533217,0.5
ds007406,epochwise,logreg,0,sub-009,0.4803802740573887,6,0,-0.3333333333333333,-0.33333333333333326,0.3333333333333333,0.4444444444444445,0.22222222222222224,0.3333333333333333,0.3333333333333333,0.3333333333333333,0.6064354989999999,0.3333333333333333
ds007406,epochwise,logreg,0,sub-010,0.4803802740573887,6,0,0.7071067811865476,0.6666666666666667,0.8333333333333333,1.0,1.0,0.8285714285714285,1.0,0.6666666666666666,0.1980712975,0.8333333333333334
ds007406,epochwise,logreg,1,sub-001,0.4735033160448074,6,0,0.0,0.0,0.5,0.5333333333333333,0.4444444444444445,0.4857142857142857,0.6666666666666666,0.3333333333333333,0.5202585499999999,0.5
ds007406,epochwise,logreg,1,sub-002,0.4735033160448074,6,0,-1.0,-1.0,0.0,0.38333333333333336,0.0,0.0,0.0,0.0,0.8006680566666666,0.0
ds007406,epochwise,logreg,1,sub-003,0.4735033160448074,6,0,-0.7071067811865476,-0.6666666666666667,0.16666666666666666,0.41111111111111115,0.11111111111111112,0.14285714285714285,0.0,0.3333333333333333,0.5312687683333333,0.16666666666666666
ds007406,epochwise,logreg,1,sub-004,0.4735033160448074,6,0,0.3333333333333333,0.33333333333333337,0.6666666666666666,0.8333333333333333,0.6666666666666666,0.6666666666666666,0.6666666666666666,0.6666666666666666,0.45019171666666663,0.6666666666666666
ds007406,epochwise,logreg,1,sub-005,0.4735033160448074,6,0,0.3333333333333333,0.33333333333333337,0.6666666666666666,0.5888888888888889,0.5555555555555556,0.6666666666666666,0.6666666666666666,0.6666666666666666,0.19373867000000006,0.6666666666666666
ds007406,epochwise,logreg,1,sub-006,0.4735033160448074,6,0,0.0,0.0,0.5,0.8666666666666667,0.7777777777777778,0.4857142857142857,0.6666666666666666,0.3333333333333333,0.287014095,0.5
ds007406,epochwise,logreg,1,sub-007,0.4735033160448074,6,0,0.0,0.0,0.5,0.6666666666666667,0.4444444444444444,0.4857142857142857,0.6666666666666666,0.3333333333333333,0.519708761,0.5
ds007406,epochwise,logreg,1,sub-008,0.4735033160448074,6,0,0.0,0.0,0.5,0.5555555555555556,0.4444444444444445,0.4857142857142857,0.3333333333333333,0.6666666666666666,0.4897701925,0.5
ds007406,epochwise,logreg,1,sub-009,0.5157547175884247,6,0,0.0,0.0,0.5,0.6666666666666667,0.4444444444444444,0.4857142857142857,0.6666666666666666,0.3333333333333333,0.35256449666666667,0.5
ds007406,epochwise,logreg,1,sub-010,0.4735033160448074,6,0,0.7071067811865476,0.6666666666666667,0.8333333333333333,1.0,1.0,0.8285714285714285,1.0,0.6666666666666666,0.26556620666666664,0.8333333333333334
ds007406,epochwise,logreg,2,sub-001,0.3741233503818512,6,0,-1.0,-1.0,0.0,0.38333333333333336,0.0,0.0,0.0,0.0,0.6076016466666666,0.0
ds007406,epochwise,logreg,2,sub-002,0.3741233503818512,6,0,0.0,0.0,0.5,0.4777777777777778,0.33333333333333337,0.4857142857142857,0.6666666666666666,0.3333333333333333,0.37679019299999994,0.5
ds007406,epochwise,logreg,2,sub-003,0.3741233503818512,6,0,-0.7071067811865476,-0.6666666666666667,0.16666666666666666,0.4666666666666667,0.22222222222222224,0.14285714285714285,0.3333333333333333,0.0,0.4921092026666667,0.16666666666666666
ds007406,epochwise,logreg,2,sub-004,0.3741233503818512,6,0,0.0,0.0,0.5,0.41111111111111115,0.11111111111111112,0.3333333333333333,1.0,0.0,0.5161887999999999,0.5
ds007406,epochwise,logreg,2,sub-005,0.3741233503818512,6,0,0.4472135954999579,0.33333333333333337,0.6666666666666666,1.0,1.0,0.625,1.0,0.3333333333333333,0.20965942166666665,0.6666666666666666
ds007406,epochwise,logreg,2,sub-006,0.5313603758811951,6,0,0.3333333333333333,0.33333333333333337,0.6666666666666666,0.8666666666666667,0.7777777777777778,0.6666666666666666,0.6666666666666666,0.6666666666666666,0.3431666033333334,0.6666666666666666
ds007406,epochwise,logreg,2,sub-007,0.3741233503818512,6,0,-0.7071067811865476,-0.6666666666666667,0.16666666666666666,0.4666666666666667,0.22222222222222224,0.14285714285714285,0.3333333333333333,0.0,0.6713591133333333,0.16666666666666666
ds007406,epochwise,logreg,2,sub-008,0.5313603758811951,6,0,-0.4472135954999579,-0.33333333333333326,0.3333333333333333,0.5333333333333333,0.4444444444444445,0.25,0.0,0.6666666666666666,0.525861964,0.3333333333333333
ds007406,epochwise,logreg,2,sub-009,0.3741233503818512,6,0,-0.7071067811865476,-0.6666666666666667,0.16666666666666666,0.41111111111111115,0.11111111111111112,0.14285714285714285,0.3333333333333333,0.0,0.6957000775000001,0.16666666666666666
ds007406,epochwise,logreg,2,sub-010,0.3741233503818512,6,0,0.4472135954999579,0.33333333333333337,0.6666666666666666,0.6388888888888888,0.6666666666666667,0.625,1.0,0.3333333333333333,0.4572428616666666,0.6666666666666666
ds007406,epochwise,logreg,3,sub-001,0.535789670944214,6,0,0.3333333333333333,0.33333333333333337,0.6666666666666666,0.5555555555555556,0.4444444444444445,0.6666666666666666,0.6666666666666666,0.6666666666666666,0.3677252183333333,0.6666666666666666
ds007406,epochwise,logreg,3,sub-002,0.5560944640636445,6,0,0.4472135954999579,0.33333333333333337,0.6666666666666666,0.5333333333333333,0.4444444444444445,0.625,1.0,0.3333333333333333,0.47650399,0.6666666666666666
ds007406,epochwise,logreg,3,sub-003,0.535789670944214,6,0,0.0,0.0,0.5,0.38333333333333336,0.0,0.3333333333333333,0.0,1.0,0.691579024,0.5
ds007406,epochwise,logreg,3,sub-004,0.535789670944214,6,0,-0.3333333333333333,-0.33333333333333326,0.3333333333333333,0.4666666666666667,0.22222222222222224,0.3333333333333333,0.3333333333333333,0.3333333333333333,0.5549472366666667,0.3333333333333333
ds007406,epochwise,logreg,3,sub-005,0.535789670944214,6,0,0.0,0.0,0.5,0.7222222222222222,0.5555555555555556,0.4857142857142857,0.6666666666666666,0.3333333333333333,0.40855533666666666,0.5
ds007406,epochwise,logreg,3,sub-006,0.535789670944214,6,0,0.0,0.0,0.5,1.0,1.0,0.3333333333333333,1.0,0.0,0.3891985333333333,0.5
ds007406,epochwise,logreg,3,sub-007,0.535789670944214,6,0,0.0,0.0,0.5,0.7222222222222222,0.5555555555555556,0.4857142857142857,0.6666666666666666,0.3333333333333333,0.5323735233333333,0.5
ds007406,epochwise,logreg,3,sub-008,0.535789670944214,6,0,-0.4472135954999579,-0.33333333333333326,0.3333333333333333,0.4777777777777778,0.33333333333333337,0.25,0.0,0.6666666666666666,0.4693124283333333,0.3333333333333333
ds007406,epochwise,logreg,3,sub-009,0.535789670944214,6,0,0.0,0.0,0.5,0.7222222222222222,0.5555555555555556,0.4857142857142857,0.3333333333333333,0.6666666666666666,0.32016142666666664,0.5
ds007406,epochwise,logreg,3,sub-010,0.535789670944214,6,0,0.3333333333333333,0.33333333333333337,0.6666666666666666,0.9166666666666665,0.888888888888889,0.6666666666666666,0.6666666666666666,0.6666666666666666,0.38696980166666667,0.6666666666666666
ds007406,epochwise,logreg,4,sub-001,0.5207714527845383,6,0,-0.4472135954999579,-0.33333333333333326,0.3333333333333333,0.5888888888888889,0.5555555555555556,0.25,0.0,0.6666666666666666,0.4897937455666666,0.3333333333333333
ds007406,epochwise,logreg,4,sub-002,0.5207714527845383,6,0,0.0,0.0,0.5,0.5555555555555556,0.4444444444444445,0.4857142857142857,0.6666666666666666,0.3333333333333333,0.45331729499999995,0.5
ds007406,epochwise,logreg,4,sub-003,0.3972234898805617,6,0,-0.3333333333333333,-0.33333333333333326,0.3333333333333333,0.4444444444444445,0.22222222222222224,0.3333333333333333,0.3333333333333333,0.3333333333333333,0.2598952566666667,0.3333333333333333
ds007406,epochwise,logreg,4,sub-004,0.5207714527845383,6,0,0.0,0.0,0.5,0.7222222222222222,0.5555555555555556,0.4857142857142857,0.6666666666666666,0.3333333333333333,0.39359592,0.5
ds007406,epochwise,logreg,4,sub-005,0.3972234898805617,6,0,0.7071067811865476,0.6666666666666667,0.8333333333333333,0.9166666666666665,0.888888888888889,0.8285714285714285,1.0,0.6666666666666666,0.28671476,0.8333333333333334
ds007406,epochwise,logreg,4,sub-006,0.5207714527845383,6,0,-0.4472135954999579,-0.33333333333333326,0.3333333333333333,0.6666666666666667,0.4444444444444444,0.25,0.6666666666666666,0.0,0.21290654333333334,0.3333333333333333
ds007406,epochwise,logreg,4,sub-007,0.5207714527845383,6,0,0.0,0.0,0.5,0.8333333333333333,0.6666666666666666,0.4857142857142857,0.6666666666666666,0.3333333333333333,0.4457155266666666,0.5
ds007406,epochwise,logreg,4,sub-008,0.3972234898805617,6,0,-0.4472135954999579,-0.33333333333333326,0.3333333333333333,0.5888888888888889,0.5555555555555556,0.25,0.0,0.6666666666666666,0.5015252916666666,0.3333333333333333
ds007406,epochwise,logreg,4,sub-009,0.5207714527845383,6,0,-0.7071067811865476,-0.6666666666666667,0.16666666666666666,0.4777777777777778,0.33333333333333337,0.14285714285714285,0.0,0.3333333333333333,0.5595697283333333,0.16666666666666666
ds007406,epochwise,logreg,4,sub-010,0.5207714527845383,6,0,0.3333333333333333,0.33333333333333337,0.6666666666666666,0.8055555555555556,0.7777777777777779,0.6666666666666666,0.6666666666666666,0.6666666666666666,0.3811508733333333,0.6666666666666666
ds007406,epochwise,svm_rbf,0,sub-001,0.4569898505473341,6,0,-0.3333333333333333,-0.33333333333333326,0.3333333333333333,0.5,0.33333333333333337,0.3333333333333333,0.3333333333333333,0.3333333333333333,0.17306218764769737,0.3333333333333333
ds007406,epochwise,svm_rbf,0,sub-002,0.4435869712085508,6,0,0.0,0.0,0.5,0.4444444444444445,0.22222222222222224,0.4857142857142857,0.6666666666666666,0.3333333333333333,0.38220748521349723,0.5
ds007406,epochwise,svm_rbf,0,sub-003,0.4569898505473341,6,0,0.0,0.0,0.5,0.4444444444444445,0.22222222222222224,0.4857142857142857,0.6666666666666666,0.3333333333333333,0.20116689825222264,0.5
ds007406,epochwise,svm_rbf,0,sub-004,0.4569898505473341,6,0,0.4472135954999579,0.33333333333333337,0.6666666666666666,0.8666666666666667,0.7777777777777778,0.625,0.3333333333333333,1.0,0.16382244170361043,0.6666666666666666
ds007406,epochwise,svm_rbf,0,sub-005,0.4435869712085508,6,0,0.0,0.0,0.5,1.0,1.0,0.3333333333333333,1.0,0.0,0.3046266711495562,0.5
ds007406,epochwise,svm_rbf,0,sub-006,0.4569898505473341,6,0,-0.4472135954999579,-0.33333333333333326,0.3333333333333333,0.4777777777777778,0.33333333333333337,0.25,0.0,0.6666666666666666,0.25389726887184005,0.3333333333333333
ds007406,epochwise,svm_rbf,0,sub-007,0.4569898505473341,6,0,-0.4472135954999579,-0.33333333333333326,0.3333333333333333,0.41111111111111115,0.11111111111111112,0.25,0.6666666666666666,0.0,0.3616220321227566,0.3333333333333333
ds007406,epochwise,svm_rbf,0,sub-008,0.4435869712085508,6,0,0.0,0.0,0.5,0.4444444444444445,0.22222222222222224,0.3333333333333333,1.0,0.0,0.05618485060027356,0.5
ds007406,epochwise,svm_rbf,0,sub-009,0.4569898505473341,6,0,-0.4472135954999579,-0.33333333333333326,0.3333333333333333,0.5333333333333333,0.4444444444444445,0.25,0.0,0.6666666666666666,0.3681119917755549,0.3333333333333333
ds007406,epochwise,svm_rbf,0,sub-010,0.4569898505473341,6,0,0.7071067811865476,0.6666666666666667,0.8333333333333333,1.0,1.0,0.8285714285714285,1.0,0.6666666666666666,0.2806618562518437,0.8333333333333334
ds007406,epochwise,svm_rbf,1,sub-001,0.1804388089917304,6,0,0.0,0.0,0.5,0.7555555555555555,0.6666666666666667,0.3333333333333333,1.0,0.0,0.20312355669878557,0.5
ds007406,epochwise,svm_rbf,1,sub-002,0.1804388089917304,6,0,0.0,0.0,0.5,0.4777777777777778,0.33333333333333337,0.3333333333333333,1.0,0.0,0.22137247482425526,0.5
ds007406,epochwise,svm_rbf,1,sub-003,0.1804388089917304,6,0,0.0,0.0,0.5,0.8055555555555556,0.7777777777777779,0.3333333333333333,1.0,0.0,0.17984285548142348,0.5
ds007406,epochwise,svm_rbf,1,sub-004,0.1804388089917304,6,0,0.0,0.0,0.5,0.9166666666666665,0.888888888888889,0.3333333333333333,1.0,0.0,0.13316618467239438,0.5
ds007406,epochwise,svm_rbf,1,sub-005,0.1804388089917304,6,0,0.0,0.0,0.5,0.8666666666666667,0.7777777777777778,0.3333333333333333,1.0,0.0,0.2744783822050494,0.5
ds007406,epochwise,svm_rbf,1,sub-006,0.1804388089917304,6,0,0.0,0.0,0.5,0.5555555555555556,0.4444444444444445,0.3333333333333333,1.0,0.0,0.23839893428272974,0.5
ds007406,epochwise,svm_rbf,1,sub-007,0.1804388089917304,6,0,0.0,0.0,0.5,0.7222222222222222,0.5555555555555556,0.3333333333333333,1.0,0.0,0.3387709080453786,0.5
ds007406,epochwise,svm_rbf,1,sub-008,0.1804388089917304,6,0,0.0,0.0,0.5,0.41111111111111115,0.11111111111111112,0.3333333333333333,1.0,0.0,0.17606216963657767,0.5
ds007406,epochwise,svm_rbf,1,sub-009,0.1117971670276374,6,0,0.0,0.0,0.5,0.8333333333333333,0.6666666666666666,0.3333333333333333,1.0,0.0,0.3535158850865918,0.5
ds007406,epochwise,svm_rbf,1,sub-010,0.1804388089917304,6,0,-0.4472135954999579,-0.33333333333333326,0.3333333333333333,0.6333333333333333,0.3333333333333333,0.25,0.6666666666666666,0.0,0.31267555560458854,0.3333333333333333
ds007406,epochwise,svm_rbf,2,sub-001,0.4994549800967364,6,0,-0.3333333333333333,-0.33333333333333326,0.3333333333333333,0.4444444444444445,0.22222222222222224,0.3333333333333333,0.3333333333333333,0.3333333333333333,0.23898816013784285,0.3333333333333333
ds007406,epochwise,svm_rbf,2,sub-002,0.4994549800967364,6,0,0.3333333333333333,0.33333333333333337,0.6666666666666666,0.5555555555555556,0.4444444444444445,0.6666666666666666,0.6666666666666666,0.6666666666666666,0.21433434239634924,0.6666666666666666
ds007406,epochwise,svm_rbf,2,sub-003,0.4994549800967364,6,0,-0.7071067811865476,-0.6666666666666667,0.16666666666666666,0.4444444444444445,0.22222222222222224,0.14285714285714285,0.0,0.3333333333333333,0.4163204670356748,0.16666666666666666
ds007406,epochwise,svm_rbf,2,sub-004,0.4994549800967364,6,0,-0.3333333333333333,-0.33333333333333326,0.3333333333333333,0.4444444444444445,0.22222222222222224,0.3333333333333333,0.3333333333333333,0.3333333333333333,0.4184593944284853,0.3333333333333333
ds007406,epochwise,svm_rbf,2,sub-005,0.4994549800967364,6,0,0.0,0.0,0.5,0.5555555555555556,0.4444444444444445,0.4857142857142857,0.3333333333333333,0.6666666666666666,0.036229327020590486,0.5
ds007406,epochwise,svm_rbf,2,sub-006,0.4613329012860742,6,0,0.4472135954999579,0.33333333333333337,0.6666666666666666,0.8055555555555556,0.7777777777777779,0.625,1.0,0.3333333333333333,0.18757627022630582,0.6666666666666666
ds007406,epochwise,svm_rbf,2,sub-007,0.4994549800967364,6,0,0.0,0.0,0.5,0.5,0.33333333333333337,0.4857142857142857,0.6666666666666666,0.3333333333333333,0.1854466521845245,0.5
ds007406,epochwise,svm_rbf,2,sub-008,0.4613329012860742,6,0,0.7071067811865476,0.6666666666666667,0.8333333333333333,0.9166666666666665,0.888888888888889,0.8285714285714285,1.0,0.6666666666666666,0.27006540559874176,0.8333333333333334
ds007406,epochwise,svm_rbf,2,sub-009,0.4994549800967364,6,0,-0.7071067811865476,-0.6666666666666667,0.16666666666666666,0.38333333333333336,0.0,0.14285714285714285,0.3333333333333333,0.0,0.4182953980556428,0.16666666666666666
ds007406,epochwise,svm_rbf,2,sub-010,0.4994549800967364,6,0,0.0,0.0,0.5,0.8666666666666667,0.7777777777777778,0.4857142857142857,0.6666666666666666,0.3333333333333333,0.0568032467256007,0.5
ds007406,epochwise,svm_rbf,3,sub-001,0.4915517893305363,6,0,0.0,0.0,0.5,0.5555555555555556,0.4444444444444445,0.3333333333333333,1.0,0.0,0.1623061159226461,0.5
ds007406,epochwise,svm_rbf,3,sub-002,0.478778844972158,6,0,-0.4472135954999579,-0.33333333333333326,0.3333333333333333,0.4666666666666667,0.22222222222222224,0.25,0.6666666666666666,0.0,0.40502360214339894,0.3333333333333333
ds007406,epochwise,svm_rbf,3,sub-003,0.4915517893305363,6,0,-0.4472135954999579,-0.33333333333333326,0.3333333333333333,0.5,0.33333333333333337,0.25,0.0,0.6666666666666666,0.3373065459403441,0.3333333333333333
ds007406,epochwise,svm_rbf,3,sub-004,0.4915517893305363,6,0,-0.3333333333333333,-0.33333333333333326,0.3333333333333333,0.6666666666666667,0.4444444444444444,0.3333333333333333,0.3333333333333333,0.3333333333333333,0.2582889067968744,0.3333333333333333
ds007406,epochwise,svm_rbf,3,sub-005,0.4915517893305363,6,0,-0.4472135954999579,-0.33333333333333326,0.3333333333333333,0.41111111111111115,0.11111111111111112,0.25,0.6666666666666666,0.0,0.3724608278830671,0.3333333333333333
ds007406,epochwise,svm_rbf,3,sub-006,0.4915517893305363,6,0,-0.3333333333333333,-0.33333333333333326,0.3333333333333333,0.6333333333333333,0.3333333333333333,0.3333333333333333,0.3333333333333333,0.3333333333333333,0.4040691633670245,0.3333333333333333
ds007406,epochwise,svm_rbf,3,sub-007,0.4915517893305363,6,0,0.0,0.0,0.5,0.6388888888888888,0.6666666666666667,0.3333333333333333,1.0,0.0,0.3378655946561779,0.5
ds007406,epochwise,svm_rbf,3,sub-008,0.4915517893305363,6,0,0.4472135954999579,0.33333333333333337,0.6666666666666666,0.7555555555555555,0.6666666666666667,0.625,1.0,0.3333333333333333,0.19900327821948327,0.6666666666666666
ds007406,epochwise,svm_rbf,3,sub-009,0.4915517893305363,6,0,-0.4472135954999579,-0.33333333333333326,0.3333333333333333,0.7222222222222222,0.5555555555555556,0.25,0.6666666666666666,0.0,0.24100370215899888,0.3333333333333333
ds007406,epochwise,svm_rbf,3,sub-010,0.4915517893305363,6,0,0.0,0.0,0.5,0.5,0.33333333333333337,0.3333333333333333,1.0,0.0,0.19674654818848053,0.5
ds007406,epochwise,svm_rbf,4,sub-001,0.4523871918207302,6,0,-0.4472135954999579,-0.33333333333333326,0.3333333333333333,0.5555555555555556,0.4444444444444445,0.25,0.6666666666666666,0.0,0.029820075847615257,0.3333333333333333
ds007406,epochwise,svm_rbf,4,sub-002,0.4523871918207302,6,0,0.0,0.0,0.5,0.8666666666666667,0.7777777777777778,0.3333333333333333,1.0,0.0,0.30088274970536505,0.5
ds007406,epochwise,svm_rbf,4,sub-003,0.4884093503103768,6,0,0.4472135954999579,0.33333333333333337,0.6666666666666666,0.7555555555555555,0.6666666666666667,0.625,1.0,0.3333333333333333,0.14401201386874318,0.6666666666666666
ds007406,epochwise,svm_rbf,4,sub-004,0.4523871918207302,6,0,-0.3333333333333333,-0.33333333333333326,0.3333333333333333,0.5,0.33333333333333337,0.3333333333333333,0.3333333333333333,0.3333333333333333,0.043139235524121466,0.3333333333333333
ds007406,epochwise,svm_rbf,4,sub-005,0.4884093503103768,6,0,0.0,0.0,0.5,0.5555555555555556,0.4444444444444445,0.3333333333333333,1.0,0.0,0.15443050369900846,0.5
ds007406,epochwise,svm_rbf,4,sub-006,0.4523871918207302,6,0,-0.7071067811865476,-0.6666666666666667,0.16666666666666666,0.4444444444444445,0.22222222222222224,0.14285714285714285,0.0,0.3333333333333333,0.23107368934544284,0.16666666666666666
ds007406,epochwise,svm_rbf,4,sub-007,0.4523871918207302,6,0,0.4472135954999579,0.33333333333333337,0.6666666666666666,0.9166666666666665,0.888888888888889,0.625,1.0,0.3333333333333333,0.3145440499039088,0.6666666666666666
ds007406,epochwise,svm_rbf,4,sub-008,0.4884093503103768,6,0,-0.3333333333333333,-0.33333333333333326,0.3333333333333333,0.7,0.5555555555555556,0.3333333333333333,0.3333333333333333,0.3333333333333333,0.3585792707976347,0.3333333333333333
ds007406,epochwise,svm_rbf,4,sub-009,0.4523871918207302,6,0,0.0,0.0,0.5,0.6388888888888888,0.6666666666666667,0.4857142857142857,0.3333333333333333,0.6666666666666666,0.06814953048695518,0.5
ds007406,epochwise,svm_rbf,4,sub-010,0.4523871918207302,6,0,0.0,0.0,0.5,0.4444444444444445,0.22222222222222224,0.4857142857142857,0.6666666666666666,0.3333333333333333,0.21628515987785568,0.5
ds007406,permuted_subjectwise,deepconvnet,0,sub-001,0.4975077408055464,6,0,0.0,0.0,0.5,0.8333333333333333,0.6666666666666666,0.3333333333333333,0.0,1.0,0.010044138257702173,0.5
ds007406,permuted_subjectwise,deepconvnet,0,sub-002,0.4660333142677943,6,0,0.7071067811865476,0.6666666666666667,0.8333333333333333,0.6388888888888888,0.6666666666666667,0.8285714285714285,1.0,0.6666666666666666,0.02991194041290629,0.8333333333333334
ds007406,permuted_subjectwise,deepconvnet,0,sub-003,0.517032844821612,6,0,0.7071067811865476,0.6666666666666667,0.8333333333333333,0.9166666666666665,0.888888888888889,0.8285714285714285,1.0,0.6666666666666666,0.019468610154257937,0.8333333333333334
ds007406,permuted_subjectwise,deepconvnet,0,sub-004,0.5499627912044526,6,0,1.0,1.0,1.0,1.0,1.0,1.0,1.0,1.0,0.04763824865221988,1.0
ds007406,permuted_subjectwise,deepconvnet,0,sub-005,0.4625176626443863,6,0,0.7071067811865476,0.6666666666666667,0.8333333333333333,0.8666666666666667,0.7777777777777778,0.8285714285714285,0.6666666666666666,1.0,0.04160262238648205,0.8333333333333334
ds007406,permuted_subjectwise,deepconvnet,0,sub-006,0.4660333142677943,6,0,0.0,0.0,0.5,0.5888888888888889,0.5555555555555556,0.4857142857142857,0.3333333333333333,0.6666666666666666,0.04483612461222547,0.5
ds007406,permuted_subjectwise,deepconvnet,0,sub-007,0.517032844821612,6,0,-0.4472135954999579,-0.33333333333333326,0.3333333333333333,0.41111111111111115,0.11111111111111112,0.25,0.0,0.6666666666666666,0.1780840577350723,0.3333333333333333
ds007406,permuted_subjectwise,deepconvnet,0,sub-008,0.4625176626443863,6,0,0.3333333333333333,0.33333333333333337,0.6666666666666666,0.5555555555555556,0.4444444444444445,0.6666666666666666,0.6666666666666666,0.6666666666666666,0.03912732385926776,0.6666666666666666
ds007406,permuted_subjectwise,deepconvnet,0,sub-009,0.4975077408055464,6,0,0.0,0.0,0.5,0.5555555555555556,0.4444444444444445,0.4857142857142857,0.3333333333333333,0.6666666666666666,0.017595894758900034,0.5
ds007406,permuted_subjectwise,deepconvnet,0,sub-010,0.5499627912044526,6,0,-0.7071067811865476,-0.6666666666666667,0.16666666666666666,0.6333333333333333,0.3333333333333333,0.14285714285714285,0.3333333333333333,0.0,0.04835706104834869,0.16666666666666666
ds007406,permuted_subjectwise,deepconvnet,1,sub-001,0.4639905314644177,6,0,0.0,0.0,0.5,0.6388888888888888,0.6666666666666667,0.3333333333333333,1.0,0.0,0.20184697409470875,0.5
ds007406,permuted_subjectwise,deepconvnet,1,sub-002,0.4665594037373861,6,0,0.0,0.0,0.5,0.5333333333333333,0.4444444444444445,0.4857142857142857,0.6666666666666666,0.3333333333333333,0.031419264028469784,0.5
ds007406,permuted_subjectwise,deepconvnet,1,sub-003,0.510241692562898,6,0,-0.3333333333333333,-0.33333333333333326,0.3333333333333333,0.4666666666666667,0.22222222222222224,0.3333333333333333,0.3333333333333333,0.3333333333333333,0.010061716371112417,0.3333333333333333
ds007406,permuted_subjectwise,deepconvnet,1,sub-004,0.510241692562898,6,0,-0.3333333333333333,-0.33333333333333326,0.3333333333333333,0.5333333333333333,0.4444444444444445,0.3333333333333333,0.3333333333333333,0.3333333333333333,0.010249265366130467,0.3333333333333333
ds007406,permuted_subjectwise,deepconvnet,1,sub-005,0.5056742087503274,6,0,0.4472135954999579,0.33333333333333337,0.6666666666666666,0.6666666666666667,0.4444444444444444,0.625,0.3333333333333333,1.0,0.17920926658844102,0.6666666666666666
ds007406,permuted_subjectwise,deepconvnet,1,sub-006,0.4639905314644177,6,0,-0.7071067811865476,-0.6666666666666667,0.16666666666666666,0.4666666666666667,0.22222222222222224,0.14285714285714285,0.3333333333333333,0.0,0.024997202224201598,0.16666666666666666
ds007406,permuted_subjectwise,deepconvnet,1,sub-007,0.4665594037373861,6,0,0.7071067811865476,0.6666666666666667,0.8333333333333333,0.9166666666666665,0.888888888888889,0.8285714285714285,0.6666666666666666,1.0,0.304927762846152,0.8333333333333334
ds007406,permuted_subjectwise,deepconvnet,1,sub-008,0.5056742087503274,6,0,-0.4472135954999579,-0.33333333333333326,0.3333333333333333,0.5888888888888889,0.5555555555555556,0.25,0.0,0.6666666666666666,0.18143722367369464,0.3333333333333333
ds007406,permuted_subjectwise,deepconvnet,1,sub-009,0.4800484203112622,6,0,0.0,0.0,0.5,0.5,0.33333333333333337,0.4857142857142857,0.6666666666666666,0.3333333333333333,0.1835594567987654,0.5
ds007406,permuted_subjectwise,deepconvnet,1,sub-010,0.4800484203112622,6,0,-0.3333333333333333,-0.33333333333333326,0.3333333333333333,0.6666666666666667,0.4444444444444444,0.3333333333333333,0.3333333333333333,0.3333333333333333,0.01510816117127739,0.3333333333333333
ds007406,permuted_subjectwise,deepconvnet,2,sub-001,0.4561433390776316,6,0,0.0,0.0,0.5,0.5,0.33333333333333337,0.4857142857142857,0.3333333333333333,0.6666666666666666,0.04562129146522942,0.5
ds007406,permuted_subjectwise,deepconvnet,2,sub-002,0.4622862549622853,6,0,-0.4472135954999579,-0.33333333333333326,0.3333333333333333,0.8333333333333333,0.6666666666666666,0.25,0.6666666666666666,0.0,0.025180273337496673,0.3333333333333333
ds007406,permuted_subjectwise,deepconvnet,2,sub-003,0.4694796089331309,6,0,0.7071067811865476,0.6666666666666667,0.8333333333333333,0.9166666666666665,0.888888888888889,0.8285714285714285,1.0,0.6666666666666666,0.029009358584880796,0.8333333333333334
ds007406,permuted_subjectwise,deepconvnet,2,sub-004,0.4027436893681685,6,0,-0.3333333333333333,-0.33333333333333326,0.3333333333333333,0.41111111111111115,0.11111111111111112,0.3333333333333333,0.3333333333333333,0.3333333333333333,0.18025781595044668,0.3333333333333333
ds007406,permuted_subjectwise,deepconvnet,2,sub-005,0.4694796089331309,6,0,0.0,0.0,0.5,0.6666666666666667,0.4444444444444444,0.4857142857142857,0.6666666666666666,0.3333333333333333,0.1446119849052694,0.5
ds007406,permuted_subjectwise,deepconvnet,2,sub-006,0.4027436893681685,6,0,0.0,0.0,0.5,0.7222222222222222,0.5555555555555556,0.3333333333333333,1.0,0.0,0.07669100479947194,0.5
ds007406,permuted_subjectwise,deepconvnet,2,sub-007,0.4561433390776316,6,0,0.4472135954999579,0.33333333333333337,0.6666666666666666,0.4777777777777778,0.33333333333333337,0.625,1.0,0.3333333333333333,0.20586611794100865,0.6666666666666666
ds007406,permuted_subjectwise,deepconvnet,2,sub-008,0.4988012371460597,6,0,-0.4472135954999579,-0.33333333333333326,0.3333333333333333,0.41111111111111115,0.11111111111111112,0.25,0.6666666666666666,0.0,0.3422032698988915,0.3333333333333333
ds007406,permuted_subjectwise,deepconvnet,2,sub-009,0.4988012371460597,6,0,0.0,0.0,0.5,0.7555555555555555,0.6666666666666667,0.4857142857142857,0.6666666666666666,0.3333333333333333,0.021059563507636415,0.5
ds007406,permuted_subjectwise,deepconvnet,2,sub-010,0.4622862549622853,6,0,0.3333333333333333,0.33333333333333337,0.6666666666666666,0.7555555555555555,0.6666666666666667,0.6666666666666666,0.6666666666666666,0.6666666666666666,0.030528013242615615,0.6666666666666666
ds007406,permuted_subjectwise,deepconvnet,3,sub-001,0.4854511736830075,6,0,-0.3333333333333333,-0.33333333333333326,0.3333333333333333,0.4666666666666667,0.22222222222222224,0.3333333333333333,0.3333333333333333,0.3333333333333333,0.19404603855477437,0.3333333333333333
ds007406,permuted_subjectwise,deepconvnet,3,sub-002,0.4982378171384334,6,0,-0.4472135954999579,-0.33333333333333326,0.3333333333333333,0.41111111111111115,0.11111111111111112,0.25,0.6666666666666666,0.0,0.1808255149258507,0.3333333333333333
ds007406,permuted_subjectwise,deepconvnet,3,sub-003,0.4854511736830075,6,0,-0.3333333333333333,-0.33333333333333326,0.3333333333333333,0.7,0.5555555555555556,0.3333333333333333,0.3333333333333333,0.3333333333333333,0.15015236073070093,0.3333333333333333
ds007406,permuted_subjectwise,deepconvnet,3,sub-004,0.4474504775429765,6,0,-0.7071067811865476,-0.6666666666666667,0.16666666666666666,0.41111111111111115,0.11111111111111112,0.14285714285714285,0.3333333333333333,0.0,0.041964911503924396,0.16666666666666666
ds007406,permuted_subjectwise,deepconvnet,3,sub-005,0.4474504775429765,6,0,0.0,0.0,0.5,0.5,0.33333333333333337,0.3333333333333333,1.0,0.0,0.03859487267004119,0.5
ds007406,permuted_subjectwise,deepconvnet,3,sub-006,0.4965167818466822,6,0,-0.4472135954999579,-0.33333333333333326,0.3333333333333333,0.6388888888888888,0.6666666666666667,0.25,0.0,0.6666666666666666,0.17600335843033266,0.3333333333333333
ds007406,permuted_subjectwise,deepconvnet,3,sub-007,0.4965167818466822,6,0,-0.4472135954999579,-0.33333333333333326,0.3333333333333333,0.5555555555555556,0.4444444444444445,0.25,0.6666666666666666,0.0,0.18696223497390743,0.3333333333333333
ds007406,permuted_subjectwise,deepconvnet,3,sub-008,0.4982378171384334,6,0,0.0,0.0,0.5,0.6666666666666667,0.4444444444444444,0.3333333333333333,1.0,0.0,0.17398233529594215,0.5
ds007406,permuted_subjectwise,deepconvnet,3,sub-009,0.4692334791024526,6,0,0.0,0.0,0.5,0.38333333333333336,0.0,0.3333333333333333,1.0,0.0,0.5230567526486185,0.5
ds007406,permuted_subjectwise,deepconvnet,3,sub-010,0.4692334791024526,6,0,0.0,0.0,0.5,0.6333333333333333,0.3333333333333333,0.3333333333333333,1.0,0.0,0.012671448787053397,0.5
ds007406,permuted_subjectwise,deepconvnet,4,sub-001,0.440904559791088,6,0,0.0,0.0,0.5,0.4666666666666667,0.22222222222222224,0.4857142857142857,0.3333333333333333,0.6666666666666666,0.05719668037361564,0.5
ds007406,permuted_subjectwise,deepconvnet,4,sub-002,0.5054519791156054,6,0,0.0,0.0,0.5,0.5,0.33333333333333337,0.4857142857142857,0.3333333333333333,0.6666666666666666,0.009601295159922694,0.5
ds007406,permuted_subjectwise,deepconvnet,4,sub-003,0.5024319964150588,6,0,0.0,0.0,0.5,0.6333333333333333,0.3333333333333333,0.4857142857142857,0.3333333333333333,0.6666666666666666,0.1737520585457484,0.5
ds007406,permuted_subjectwise,deepconvnet,4,sub-004,0.4995416571696599,6,0,0.0,0.0,0.5,0.4444444444444445,0.22222222222222224,0.4857142857142857,0.6666666666666666,0.3333333333333333,0.009351435469256542,0.5
ds007406,permuted_subjectwise,deepconvnet,4,sub-005,0.440904559791088,6,0,0.0,0.0,0.5,0.6666666666666667,0.4444444444444444,0.3333333333333333,0.0,1.0,0.06975877947277498,0.5
ds007406,permuted_subjectwise,deepconvnet,4,sub-006,0.5372897028923035,6,0,-0.3333333333333333,-0.33333333333333326,0.3333333333333333,0.4444444444444445,0.22222222222222224,0.3333333333333333,0.3333333333333333,0.3333333333333333,0.0404392217596371,0.3333333333333333
ds007406,permuted_subjectwise,deepconvnet,4,sub-007,0.4995416571696599,6,0,-1.0,-1.0,0.0,0.38333333333333336,0.0,0.0,0.0,0.0,0.5262538195484214,0.0
ds007406,permuted_subjectwise,deepconvnet,4,sub-008,0.5024319964150588,6,0,-1.0,-1.0,0.0,0.38333333333333336,0.0,0.0,0.0,0.0,0.3388063619534175,0.0
ds007406,permuted_subjectwise,deepconvnet,4,sub-009,0.5372897028923035,6,0,0.4472135954999579,0.33333333333333337,0.6666666666666666,0.8666666666666667,0.7777777777777778,0.625,0.3333333333333333,1.0,0.13703595880005093,0.6666666666666666
ds007406,permuted_subjectwise,deepconvnet,4,sub-010,0.5054519791156054,6,0,-0.4472135954999579,-0.33333333333333326,0.3333333333333333,0.4444444444444445,0.22222222222222224,0.25,0.6666666666666666,0.0,0.1810398207770454,0.3333333333333333
ds007406,permuted_subjectwise,eegnet,0,sub-001,0.4976868466536204,6,0,0.0,0.0,0.5,0.5,0.33333333333333337,0.4857142857142857,0.6666666666666666,0.3333333333333333,0.17583570397562454,0.5
ds007406,permuted_subjectwise,eegnet,0,sub-002,0.5014493974546592,6,0,-0.3333333333333333,-0.33333333333333326,0.3333333333333333,0.4666666666666667,0.22222222222222224,0.3333333333333333,0.3333333333333333,0.3333333333333333,0.17124323861466517,0.3333333333333333
ds007406,permuted_subjectwise,eegnet,0,sub-003,0.4959594165285428,6,0,0.7071067811865476,0.6666666666666667,0.8333333333333333,0.9166666666666665,0.888888888888889,0.8285714285714285,1.0,0.6666666666666666,0.32999517420927676,0.8333333333333334
ds007406,permuted_subjectwise,eegnet,0,sub-004,0.5005176444848378,6,0,0.3333333333333333,0.33333333333333337,0.6666666666666666,0.8333333333333333,0.6666666666666666,0.6666666666666666,0.6666666666666666,0.6666666666666666,0.16428927448060773,0.6666666666666666
ds007406,permuted_subjectwise,eegnet,0,sub-005,0.4996305479605992,6,0,0.0,0.0,0.5,0.7222222222222222,0.5555555555555556,0.3333333333333333,1.0,0.0,0.005430070724752212,0.5
ds007406,permuted_subjectwise,eegnet,0,sub-006,0.5014493974546592,6,0,-0.3333333333333333,-0.33333333333333326,0.3333333333333333,0.4777777777777778,0.33333333333333337,0.3333333333333333,0.3333333333333333,0.3333333333333333,0.004196101758215239,0.3333333333333333
ds007406,permuted_subjectwise,eegnet,0,sub-007,0.4959594165285428,6,0,0.7071067811865476,0.6666666666666667,0.8333333333333333,0.8666666666666667,0.7777777777777778,0.8285714285714285,0.6666666666666666,1.0,0.15915156172381506,0.8333333333333334
ds007406,permuted_subjectwise,eegnet,0,sub-008,0.4996305479605992,6,0,0.4472135954999579,0.33333333333333337,0.6666666666666666,0.6388888888888888,0.6666666666666667,0.625,1.0,0.3333333333333333,0.16030880593591268,0.6666666666666666
ds007406,permuted_subjectwise,eegnet,0,sub-009,0.4976868466536204,6,0,-0.7071067811865476,-0.6666666666666667,0.16666666666666666,0.4444444444444445,0.22222222222222224,0.14285714285714285,0.0,0.3333333333333333,0.005911696950594625,0.16666666666666666
ds007406,permuted_subjectwise,eegnet,0,sub-010,0.5005176444848378,6,0,-0.7071067811865476,-0.6666666666666667,0.16666666666666666,0.4444444444444445,0.22222222222222224,0.14285714285714285,0.0,0.3333333333333333,0.16962613479958644,0.16666666666666666
ds007406,permuted_subjectwise,eegnet,1,sub-001,0.4988056806723276,6,0,0.0,0.0,0.5,0.8666666666666667,0.7777777777777778,0.4857142857142857,0.6666666666666666,0.3333333333333333,0.012023066315386003,0.5
ds007406,permuted_subjectwise,eegnet,1,sub-002,0.5093730998039246,6,0,0.4472135954999579,0.33333333333333337,0.6666666666666666,0.7,0.5555555555555556,0.625,0.3333333333333333,1.0,0.17179623718063036,0.6666666666666666
ds007406,permuted_subjectwise,eegnet,1,sub-003,0.5158021919429303,6,0,-0.3333333333333333,-0.33333333333333326,0.3333333333333333,0.4666666666666667,0.22222222222222224,0.3333333333333333,0.3333333333333333,0.3333333333333333,0.18769838925864954,0.3333333333333333
ds007406,permuted_subjectwise,eegnet,1,sub-004,0.5158021919429303,6,0,0.0,0.0,0.5,0.4777777777777778,0.33333333333333337,0.4857142857142857,0.6666666666666666,0.3333333333333333,0.14048276978234447,0.5
ds007406,permuted_subjectwise,eegnet,1,sub-005,0.5069577510158221,6,0,0.3333333333333333,0.33333333333333337,0.6666666666666666,0.5888888888888889,0.5555555555555556,0.6666666666666666,0.6666666666666666,0.6666666666666666,0.15810510956992702,0.6666666666666666
ds007406,permuted_subjectwise,eegnet,1,sub-006,0.4988056806723276,6,0,-0.7071067811865476,-0.6666666666666667,0.16666666666666666,0.38333333333333336,0.0,0.14285714285714285,0.0,0.3333333333333333,0.3395039873404635,0.16666666666666666
ds007406,permuted_subjectwise,eegnet,1,sub-007,0.5093730998039246,6,0,1.0,1.0,1.0,1.0,1.0,1.0,1.0,1.0,0.15240924551487994,1.0
ds007406,permuted_subjectwise,eegnet,1,sub-008,0.5069577510158221,6,0,0.0,0.0,0.5,0.5,0.33333333333333337,0.4857142857142857,0.3333333333333333,0.6666666666666666,0.006861038174894141,0.5
ds007406,permuted_subjectwise,eegnet,1,sub-009,0.5107279469569524,6,0,0.0,0.0,0.5,0.5888888888888889,0.5555555555555556,0.4857142857142857,0.3333333333333333,0.6666666666666666,0.01074815425607889,0.5
ds007406,permuted_subjectwise,eegnet,1,sub-010,0.5107279469569524,6,0,-0.4472135954999579,-0.33333333333333326,0.3333333333333333,0.4444444444444445,0.22222222222222224,0.25,0.6666666666666666,0.0,0.012547815011607288,0.3333333333333333
ds007406,permuted_subjectwise,eegnet,2,sub-001,0.4899417013923327,6,0,0.3333333333333333,0.33333333333333337,0.6666666666666666,0.6388888888888888,0.6666666666666667,0.6666666666666666,0.6666666666666666,0.6666666666666666,0.18115101589096916,0.6666666666666666
ds007406,permuted_subjectwise,eegnet,2,sub-002,0.4998502569893995,6,0,0.0,0.0,0.5,0.5888888888888889,0.5555555555555556,0.4857142857142857,0.6666666666666666,0.3333333333333333,0.006448302335209284,0.5
ds007406,permuted_subjectwise,eegnet,2,sub-003,0.5024548378090063,6,0,-0.4472135954999579,-0.33333333333333326,0.3333333333333333,0.38333333333333336,0.0,0.25,0.6666666666666666,0.0,0.1710583595765962,0.3333333333333333
ds007406,permuted_subjectwise,eegnet,2,sub-004,0.4933238836129506,6,0,0.0,0.0,0.5,0.5333333333333333,0.4444444444444445,0.3333333333333333,1.0,0.0,0.0031082232793172198,0.5
ds007406,permuted_subjectwise,eegnet,2,sub-005,0.5024548378090063,6,0,0.3333333333333333,0.33333333333333337,0.6666666666666666,0.8055555555555556,0.7777777777777779,0.6666666666666666,0.6666666666666666,0.6666666666666666,0.1547902972333961,0.6666666666666666
ds007406,permuted_subjectwise,eegnet,2,sub-006,0.4933238836129506,6,0,0.0,0.0,0.5,0.7222222222222222,0.5555555555555556,0.3333333333333333,1.0,0.0,0.16324493553903363,0.5
ds007406,permuted_subjectwise,eegnet,2,sub-007,0.4899417013923327,6,0,-0.4472135954999579,-0.33333333333333326,0.3333333333333333,0.38333333333333336,0.0,0.25,0.6666666666666666,0.0,0.004745089014371262,0.3333333333333333
ds007406,permuted_subjectwise,eegnet,2,sub-008,0.4992870783805847,6,0,0.7071067811865476,0.6666666666666667,0.8333333333333333,0.9166666666666665,0.888888888888889,0.8285714285714285,0.6666666666666666,1.0,0.3277077404989136,0.8333333333333334
ds007406,permuted_subjectwise,eegnet,2,sub-009,0.4992870783805847,6,0,0.0,0.0,0.5,0.8333333333333333,0.6666666666666666,0.4857142857142857,0.6666666666666666,0.3333333333333333,0.16447159747282655,0.5
ds007406,permuted_subjectwise,eegnet,2,sub-010,0.4998502569893995,6,0,-0.7071067811865476,-0.6666666666666667,0.16666666666666666,0.41111111111111115,0.11111111111111112,0.14285714285714285,0.3333333333333333,0.0,0.33563121507565186,0.16666666666666666
ds007406,permuted_subjectwise,eegnet,3,sub-001,0.4855327032506465,6,0,-0.3333333333333333,-0.33333333333333326,0.3333333333333333,0.41111111111111115,0.11111111111111112,0.3333333333333333,0.3333333333333333,0.3333333333333333,0.18958498984575273,0.3333333333333333
ds007406,permuted_subjectwise,eegnet,3,sub-002,0.4905635399123033,6,0,0.7071067811865476,0.6666666666666667,0.8333333333333333,0.6388888888888888,0.6666666666666667,0.8285714285714285,1.0,0.6666666666666666,0.009946045610639886,0.8333333333333334
ds007406,permuted_subjectwise,eegnet,3,sub-003,0.4855327032506465,6,0,0.0,0.0,0.5,0.5333333333333333,0.4444444444444445,0.3333333333333333,0.0,1.0,0.021270891030629457,0.5
ds007406,permuted_subjectwise,eegnet,3,sub-004,0.4960981641213099,6,0,-0.3333333333333333,-0.33333333333333326,0.3333333333333333,0.6333333333333333,0.3333333333333333,0.3333333333333333,0.3333333333333333,0.3333333333333333,0.18033965263101787,0.3333333333333333
ds007406,permuted_subjectwise,eegnet,3,sub-005,0.4960981641213099,6,0,-0.3333333333333333,-0.33333333333333326,0.3333333333333333,0.41111111111111115,0.11111111111111112,0.3333333333333333,0.3333333333333333,0.3333333333333333,0.17603565752506253,0.3333333333333333
ds007406,permuted_subjectwise,eegnet,3,sub-006,0.4878728659451007,6,0,0.0,0.0,0.5,0.7555555555555555,0.6666666666666667,0.4857142857142857,0.6666666666666666,0.3333333333333333,0.009009246362580214,0.5
ds007406,permuted_subjectwise,eegnet,3,sub-007,0.4878728659451007,6,0,0.0,0.0,0.5,0.38333333333333336,0.0,0.3333333333333333,1.0,0.0,0.3430839831630389,0.5
ds007406,permuted_subjectwise,eegnet,3,sub-008,0.4905635399123033,6,0,0.7071067811865476,0.6666666666666667,0.8333333333333333,0.8666666666666667,0.7777777777777778,0.8285714285714285,0.6666666666666666,1.0,0.009636020329263584,0.8333333333333334
ds007406,permuted_subjectwise,eegnet,3,sub-009,0.4875968747834364,6,0,0.4472135954999579,0.33333333333333337,0.6666666666666666,0.4777777777777778,0.33333333333333337,0.625,1.0,0.3333333333333333,0.1752837964230114,0.6666666666666666
ds007406,permuted_subjectwise,eegnet,3,sub-010,0.4875968747834364,6,0,0.3333333333333333,0.33333333333333337,0.6666666666666666,0.5555555555555556,0.4444444444444445,0.6666666666666666,0.6666666666666666,0.6666666666666666,0.01151306413941916,0.6666666666666666
ds007406,permuted_subjectwise,eegnet,4,sub-001,0.5096756180127462,6,0,0.0,0.0,0.5,0.8333333333333333,0.6666666666666666,0.4857142857142857,0.6666666666666666,0.3333333333333333,0.01285505592823033,0.5
ds007406,permuted_subjectwise,eegnet,4,sub-002,0.5165073781708877,6,0,0.0,0.0,0.5,0.4666666666666667,0.22222222222222224,0.3333333333333333,1.0,0.0,0.01984640939368143,0.5
ds007406,permuted_subjectwise,eegnet,4,sub-003,0.5109577231109143,6,0,-0.4472135954999579,-0.33333333333333326,0.3333333333333333,0.6333333333333333,0.3333333333333333,0.25,0.6666666666666666,0.0,0.01527574492825401,0.3333333333333333
ds007406,permuted_subjectwise,eegnet,4,sub-004,0.5136741344134014,6,0,-0.7071067811865476,-0.6666666666666667,0.16666666666666666,0.41111111111111115,0.11111111111111112,0.14285714285714285,0.0,0.3333333333333333,0.012783852550718566,0.16666666666666666
ds007406,permuted_subjectwise,eegnet,4,sub-005,0.5096756180127462,6,0,0.4472135954999579,0.33333333333333337,0.6666666666666666,0.7,0.5555555555555556,0.625,1.0,0.3333333333333333,0.15389746742116087,0.6666666666666666
ds007406,permuted_subjectwise,eegnet,4,sub-006,0.4906007924179236,6,0,-1.0,-1.0,0.0,0.38333333333333336,0.0,0.0,0.0,0.0,0.012688586281405623,0.0
ds007406,permuted_subjectwise,eegnet,4,sub-007,0.5136741344134014,6,0,-0.7071067811865476,-0.6666666666666667,0.16666666666666666,0.4777777777777778,0.33333333333333337,0.14285714285714285,0.0,0.3333333333333333,0.012237269017431385,0.16666666666666666
ds007406,permuted_subjectwise,eegnet,4,sub-008,0.5109577231109143,6,0,0.0,0.0,0.5,0.5555555555555556,0.4444444444444445,0.4857142857142857,0.3333333333333333,0.6666666666666666,0.010141305956575586,0.5
ds007406,permuted_subjectwise,eegnet,4,sub-009,0.4906007924179236,6,0,0.0,0.0,0.5,0.6333333333333333,0.3333333333333333,0.3333333333333333,1.0,0.0,0.013124715288480138,0.5
ds007406,permuted_subjectwise,eegnet,4,sub-010,0.5165073781708877,6,0,0.0,0.0,0.5,0.5555555555555556,0.4444444444444445,0.3333333333333333,1.0,0.0,0.020042654540803784,0.5
ds007406,permuted_subjectwise,logreg,0,sub-001,0.4516207307577133,6,0,-0.4472135954999579,-0.33333333333333326,0.3333333333333333,0.5,0.33333333333333337,0.25,0.0,0.6666666666666666,0.6016625780666667,0.3333333333333333
ds007406,permuted_subjectwise,logreg,0,sub-002,0.4309894263744354,6,0,0.4472135954999579,0.33333333333333337,0.6666666666666666,0.8666666666666667,0.7777777777777778,0.625,0.3333333333333333,1.0,0.21592468333333326,0.6666666666666666
ds007406,permuted_subjectwise,logreg,0,sub-003,0.4390435546636582,6,0,0.0,0.0,0.5,0.8055555555555556,0.7777777777777779,0.3333333333333333,0.0,1.0,0.34898833733333334,0.5
ds007406,permuted_subjectwise,logreg,0,sub-004,0.3897613525390625,6,0,0.0,0.0,0.5,0.5333333333333333,0.4444444444444445,0.4857142857142857,0.6666666666666666,0.3333333333333333,0.38262322666666665,0.5
ds007406,permuted_subjectwise,logreg,0,sub-005,0.5549359977245331,6,0,0.0,0.0,0.5,0.6333333333333333,0.3333333333333333,0.4857142857142857,0.3333333333333333,0.6666666666666666,0.45635687166666666,0.5
ds007406,permuted_subjectwise,logreg,0,sub-006,0.4309894263744354,6,0,0.3333333333333333,0.33333333333333337,0.6666666666666666,0.8055555555555556,0.7777777777777779,0.6666666666666666,0.6666666666666666,0.6666666666666666,0.27812737666666665,0.6666666666666666
ds007406,permuted_subjectwise,logreg,0,sub-007,0.4390435546636582,6,0,0.0,0.0,0.5,0.9166666666666665,0.888888888888889,0.3333333333333333,1.0,0.0,0.37631395666666667,0.5
ds007406,permuted_subjectwise,logreg,0,sub-008,0.5549359977245331,6,0,0.3333333333333333,0.33333333333333337,0.6666666666666666,0.5555555555555556,0.4444444444444445,0.6666666666666666,0.6666666666666666,0.6666666666666666,0.5025799816666666,0.6666666666666666
ds007406,permuted_subjectwise,logreg,0,sub-009,0.4516207307577133,6,0,0.0,0.0,0.5,0.5888888888888889,0.5555555555555556,0.4857142857142857,0.6666666666666666,0.3333333333333333,0.51163224,0.5
ds007406,permuted_subjectwise,logreg,0,sub-010,0.3897613525390625,6,0,0.3333333333333333,0.33333333333333337,0.6666666666666666,0.9166666666666665,0.888888888888889,0.6666666666666666,0.6666666666666666,0.6666666666666666,0.12480635166666668,0.6666666666666666
ds007406,permuted_subjectwise,logreg,1,sub-001,0.4837253078818321,6,0,0.0,0.0,0.5,0.9166666666666665,0.888888888888889,0.3333333333333333,0.0,1.0,0.36776954261666667,0.5
ds007406,permuted_subjectwise,logreg,1,sub-002,0.5854842573404312,6,0,-0.4472135954999579,-0.33333333333333326,0.3333333333333333,0.4666666666666667,0.22222222222222224,0.25,0.0,0.6666666666666666,0.41553105166666665,0.3333333333333333
ds007406,permuted_subjectwise,logreg,1,sub-003,0.4203595623373986,6,0,0.0,0.0,0.5,0.8666666666666667,0.7777777777777778,0.3333333333333333,1.0,0.0,0.3782097533333334,0.5
ds007406,permuted_subjectwise,logreg,1,sub-004,0.4203595623373986,6,0,-0.4472135954999579,-0.33333333333333326,0.3333333333333333,0.4666666666666667,0.22222222222222224,0.25,0.6666666666666666,0.0,0.44146653333333324,0.3333333333333333
ds007406,permuted_subjectwise,logreg,1,sub-005,0.4867802798748016,6,0,-0.3333333333333333,-0.33333333333333326,0.3333333333333333,0.4444444444444445,0.22222222222222224,0.3333333333333333,0.3333333333333333,0.3333333333333333,0.6246737933333334,0.3333333333333333
ds007406,permuted_subjectwise,logreg,1,sub-006,0.4837253078818321,6,0,-0.7071067811865476,-0.6666666666666667,0.16666666666666666,0.4666666666666667,0.22222222222222224,0.14285714285714285,0.3333333333333333,0.0,0.5418590533333333,0.16666666666666666
ds007406,permuted_subjectwise,logreg,1,sub-007,0.5854842573404312,6,0,0.0,0.0,0.5,0.5555555555555556,0.4444444444444445,0.3333333333333333,1.0,0.0,0.47401435166666667,0.5
ds007406,permuted_subjectwise,logreg,1,sub-008,0.4867802798748016,6,0,0.0,0.0,0.5,0.4444444444444445,0.22222222222222224,0.4857142857142857,0.6666666666666666,0.3333333333333333,0.5548401833333333,0.5
ds007406,permuted_subjectwise,logreg,1,sub-009,0.5487670779228211,6,0,0.0,0.0,0.5,0.7555555555555555,0.6666666666666667,0.3333333333333333,1.0,0.0,0.48427727666666665,0.5
ds007406,permuted_subjectwise,logreg,1,sub-010,0.5487670779228211,6,0,0.4472135954999579,0.33333333333333337,0.6666666666666666,0.5333333333333333,0.4444444444444445,0.625,1.0,0.3333333333333333,0.3833476383333334,0.6666666666666666
ds007406,permuted_subjectwise,logreg,2,sub-001,0.3564578890800476,6,0,-0.3333333333333333,-0.33333333333333326,0.3333333333333333,0.4444444444444445,0.22222222222222224,0.3333333333333333,0.3333333333333333,0.3333333333333333,0.6078309959999999,0.3333333333333333
ds007406,permuted_subjectwise,logreg,2,sub-002,0.4762458950281143,6,0,0.0,0.0,0.5,0.5555555555555556,0.4444444444444445,0.3333333333333333,1.0,0.0,0.3937437433333333,0.5
ds007406,permuted_subjectwise,logreg,2,sub-003,0.4399572923779489,6,0,0.0,0.0,0.5,0.8333333333333333,0.6666666666666666,0.3333333333333333,1.0,0.0,0.4498638333333333,0.5
ds007406,permuted_subjectwise,logreg,2,sub-004,0.4550412774085999,6,0,0.3333333333333333,0.33333333333333337,0.6666666666666666,0.7222222222222222,0.5555555555555556,0.6666666666666666,0.6666666666666666,0.6666666666666666,0.22643263,0.6666666666666666
ds007406,permuted_subjectwise,logreg,2,sub-005,0.4399572923779489,6,0,-0.3333333333333333,-0.33333333333333326,0.3333333333333333,0.41111111111111115,0.11111111111111112,0.3333333333333333,0.3333333333333333,0.3333333333333333,0.49918700183333325,0.3333333333333333
ds007406,permuted_subjectwise,logreg,2,sub-006,0.4550412774085999,6,0,0.0,0.0,0.5,0.6666666666666667,0.4444444444444444,0.3333333333333333,0.0,1.0,0.40986541033333335,0.5
ds007406,permuted_subjectwise,logreg,2,sub-007,0.3564578890800476,6,0,0.0,0.0,0.5,0.5555555555555556,0.4444444444444445,0.3333333333333333,0.0,1.0,0.53259439764,0.5
ds007406,permuted_subjectwise,logreg,2,sub-008,0.5049057394266129,6,0,0.0,0.0,0.5,0.5,0.33333333333333337,0.3333333333333333,0.0,1.0,0.17677702166666664,0.5
ds007406,permuted_subjectwise,logreg,2,sub-009,0.5049057394266129,6,0,-0.3333333333333333,-0.33333333333333326,0.3333333333333333,0.7,0.5555555555555556,0.3333333333333333,0.3333333333333333,0.3333333333333333,0.46708735166666665,0.3333333333333333
ds007406,permuted_subjectwise,logreg,2,sub-010,0.4762458950281143,6,0,0.0,0.0,0.5,1.0,1.0,0.3333333333333333,1.0,0.0,0.44389091833333333,0.5
ds007406,permuted_subjectwise,logreg,3,sub-001,0.5350271463394165,6,0,-0.4472135954999579,-0.33333333333333326,0.3333333333333333,0.4666666666666667,0.22222222222222224,0.25,0.0,0.6666666666666666,0.6408824410333334,0.3333333333333333
ds007406,permuted_subjectwise,logreg,3,sub-002,0.5633724331855774,6,0,0.0,0.0,0.5,0.7555555555555555,0.6666666666666667,0.3333333333333333,0.0,1.0,0.3857456911666667,0.5
ds007406,permuted_subjectwise,logreg,3,sub-003,0.5350271463394165,6,0,0.0,0.0,0.5,0.9166666666666665,0.888888888888889,0.3333333333333333,1.0,0.0,0.45219709499999994,0.5
ds007406,permuted_subjectwise,logreg,3,sub-004,0.5234998941421509,6,0,0.4472135954999579,0.33333333333333337,0.6666666666666666,0.7222222222222222,0.5555555555555556,0.625,0.3333333333333333,1.0,0.33155549399999995,0.6666666666666666
ds007406,permuted_subjectwise,logreg,3,sub-005,0.5234998941421509,6,0,0.0,0.0,0.5,0.4666666666666667,0.22222222222222224,0.3333333333333333,0.0,1.0,0.45823247666666667,0.5
ds007406,permuted_subjectwise,logreg,3,sub-006,0.5186384797096253,6,0,0.0,0.0,0.5,0.41111111111111115,0.11111111111111112,0.3333333333333333,0.0,1.0,0.4005137066666666,0.5
ds007406,permuted_subjectwise,logreg,3,sub-007,0.5186384797096253,6,0,0.3333333333333333,0.33333333333333337,0.6666666666666666,0.5555555555555556,0.4444444444444445,0.6666666666666666,0.6666666666666666,0.6666666666666666,0.46349460833333334,0.6666666666666666
ds007406,permuted_subjectwise,logreg,3,sub-008,0.5633724331855774,6,0,0.0,0.0,0.5,0.4444444444444445,0.22222222222222224,0.3333333333333333,1.0,0.0,0.52501509,0.5
ds007406,permuted_subjectwise,logreg,3,sub-009,0.5080878496170044,6,0,0.4472135954999579,0.33333333333333337,0.6666666666666666,0.8055555555555556,0.7777777777777779,0.625,1.0,0.3333333333333333,0.36273025166666667,0.6666666666666666
ds007406,permuted_subjectwise,logreg,3,sub-010,0.5080878496170044,6,0,0.0,0.0,0.5,0.4777777777777778,0.33333333333333337,0.3333333333333333,1.0,0.0,0.466626775,0.5
ds007406,permuted_subjectwise,logreg,4,sub-001,0.4967081308364868,6,0,0.4472135954999579,0.33333333333333337,0.6666666666666666,0.7555555555555555,0.6666666666666667,0.625,0.3333333333333333,1.0,0.25152415949333334,0.6666666666666666
ds007406,permuted_subjectwise,logreg,4,sub-002,0.4438965827226639,6,0,0.0,0.0,0.5,0.6666666666666667,0.4444444444444444,0.3333333333333333,1.0,0.0,0.48235226,0.5
ds007406,permuted_subjectwise,logreg,4,sub-003,0.5487394452095032,6,0,-1.0,-1.0,0.0,0.38333333333333336,0.0,0.0,0.0,0.0,0.5913868566666667,0.0
ds007406,permuted_subjectwise,logreg,4,sub-004,0.527668583393097,6,0,-0.3333333333333333,-0.33333333333333326,0.3333333333333333,0.4777777777777778,0.33333333333333337,0.3333333333333333,0.3333333333333333,0.3333333333333333,0.5867488166666667,0.3333333333333333
ds007406,permuted_subjectwise,logreg,4,sub-005,0.4967081308364868,6,0,0.0,0.0,0.5,0.5888888888888889,0.5555555555555556,0.4857142857142857,0.3333333333333333,0.6666666666666666,0.5087394180716667,0.5
ds007406,permuted_subjectwise,logreg,4,sub-006,0.536442118883133,6,0,-0.4472135954999579,-0.33333333333333326,0.3333333333333333,0.5555555555555556,0.4444444444444445,0.25,0.0,0.6666666666666666,0.54440668,0.3333333333333333
ds007406,permuted_subjectwise,logreg,4,sub-007,0.527668583393097,6,0,-0.7071067811865476,-0.6666666666666667,0.16666666666666666,0.4777777777777778,0.33333333333333337,0.14285714285714285,0.0,0.3333333333333333,0.6576613566666667,0.16666666666666666
ds007406,permuted_subjectwise,logreg,4,sub-008,0.5487394452095032,6,0,0.4472135954999579,0.33333333333333337,0.6666666666666666,0.9166666666666665,0.888888888888889,0.625,1.0,0.3333333333333333,0.2818846033333333,0.6666666666666666
ds007406,permuted_subjectwise,logreg,4,sub-009,0.536442118883133,6,0,-0.4472135954999579,-0.33333333333333326,0.3333333333333333,0.6333333333333333,0.3333333333333333,0.25,0.6666666666666666,0.0,0.6682830049999999,0.3333333333333333
ds007406,permuted_subjectwise,logreg,4,sub-010,0.4438965827226639,6,0,0.3333333333333333,0.33333333333333337,0.6666666666666666,0.7555555555555555,0.6666666666666667,0.6666666666666666,0.6666666666666666,0.6666666666666666,0.2589372383333334,0.6666666666666666
ds007406,permuted_subjectwise,svm_rbf,0,sub-001,0.2123500746652462,6,0,0.0,0.0,0.5,0.7555555555555555,0.6666666666666667,0.3333333333333333,1.0,0.0,0.250029941517998,0.5
ds007406,permuted_subjectwise,svm_rbf,0,sub-002,0.497499449818101,6,0,0.0,0.0,0.5,0.5888888888888889,0.5555555555555556,0.4857142857142857,0.3333333333333333,0.6666666666666666,0.1836992185262583,0.5
ds007406,permuted_subjectwise,svm_rbf,0,sub-003,0.3497752394983089,6,0,0.0,0.0,0.5,0.38333333333333336,0.0,0.3333333333333333,1.0,0.0,0.3238963609277043,0.5
ds007406,permuted_subjectwise,svm_rbf,0,sub-004,0.1244812416754435,6,0,0.0,0.0,0.5,0.8333333333333333,0.6666666666666666,0.3333333333333333,1.0,0.0,0.3716174453784791,0.5
ds007406,permuted_subjectwise,svm_rbf,0,sub-005,0.503235718960902,6,0,-0.3333333333333333,-0.33333333333333326,0.3333333333333333,0.4666666666666667,0.22222222222222224,0.3333333333333333,0.3333333333333333,0.3333333333333333,0.34093311732547915,0.3333333333333333
ds007406,permuted_subjectwise,svm_rbf,0,sub-006,0.497499449818101,6,0,0.4472135954999579,0.33333333333333337,0.6666666666666666,0.7222222222222222,0.5555555555555556,0.625,0.3333333333333333,1.0,0.1532330007031803,0.6666666666666666
ds007406,permuted_subjectwise,svm_rbf,0,sub-007,0.3497752394983089,6,0,0.0,0.0,0.5,0.5,0.33333333333333337,0.3333333333333333,1.0,0.0,0.014203612130334645,0.5
ds007406,permuted_subjectwise,svm_rbf,0,sub-008,0.503235718960902,6,0,0.0,0.0,0.5,0.8055555555555556,0.7777777777777779,0.3333333333333333,0.0,1.0,0.009160410495642701,0.5
ds007406,permuted_subjectwise,svm_rbf,0,sub-009,0.2123500746652462,6,0,0.0,0.0,0.5,1.0,1.0,0.3333333333333333,1.0,0.0,0.3002854400646204,0.5
ds007406,permuted_subjectwise,svm_rbf,0,sub-010,0.1244812416754435,6,0,0.0,0.0,0.5,0.8055555555555556,0.7777777777777779,0.3333333333333333,1.0,0.0,0.20843214587224937,0.5
ds007406,permuted_subjectwise,svm_rbf,1,sub-001,0.535755934634393,6,0,-0.3333333333333333,-0.33333333333333326,0.3333333333333333,0.5,0.33333333333333337,0.3333333333333333,0.3333333333333333,0.3333333333333333,0.038440343707769054,0.3333333333333333
ds007406,permuted_subjectwise,svm_rbf,1,sub-002,0.5083772892334865,6,0,0.0,0.0,0.5,0.5555555555555556,0.4444444444444445,0.4857142857142857,0.6666666666666666,0.3333333333333333,0.19081667488976783,0.5
ds007406,permuted_subjectwise,svm_rbf,1,sub-003,0.5288488924191935,6,0,0.0,0.0,0.5,0.5555555555555556,0.4444444444444445,0.3333333333333333,1.0,0.0,0.1186287052568088,0.5
ds007406,permuted_subjectwise,svm_rbf,1,sub-004,0.5288488924191935,6,0,-0.3333333333333333,-0.33333333333333326,0.3333333333333333,0.5,0.33333333333333337,0.3333333333333333,0.3333333333333333,0.3333333333333333,0.030331477724248435,0.3333333333333333
ds007406,permuted_subjectwise,svm_rbf,1,sub-005,0.5756292685039599,6,0,0.0,0.0,0.5,0.5,0.33333333333333337,0.4857142857142857,0.6666666666666666,0.3333333333333333,0.36460007430361774,0.5
ds007406,permuted_subjectwise,svm_rbf,1,sub-006,0.535755934634393,6,0,0.0,0.0,0.5,0.6333333333333333,0.3333333333333333,0.3333333333333333,0.0,1.0,0.37062870477956955,0.5
ds007406,permuted_subjectwise,svm_rbf,1,sub-007,0.5083772892334865,6,0,-0.4472135954999579,-0.33333333333333326,0.3333333333333333,0.4777777777777778,0.33333333333333337,0.25,0.0,0.6666666666666666,0.37764719447315465,0.3333333333333333
ds007406,permuted_subjectwise,svm_rbf,1,sub-008,0.5756292685039599,6,0,-0.4472135954999579,-0.33333333333333326,0.3333333333333333,0.6388888888888888,0.6666666666666667,0.25,0.0,0.6666666666666666,0.35610541592644546,0.3333333333333333
ds007406,permuted_subjectwise,svm_rbf,1,sub-009,0.4877976454537318,6,0,0.0,0.0,0.5,0.6666666666666667,0.4444444444444444,0.3333333333333333,1.0,0.0,0.00574466622624098,0.5
ds007406,permuted_subjectwise,svm_rbf,1,sub-010,0.4877976454537318,6,0,0.0,0.0,0.5,0.5888888888888889,0.5555555555555556,0.3333333333333333,1.0,0.0,0.00663469840534997,0.5
ds007406,permuted_subjectwise,svm_rbf,2,sub-001,0.4592379681819106,6,0,0.0,0.0,0.5,0.6666666666666667,0.4444444444444444,0.3333333333333333,1.0,0.0,0.17247525707194644,0.5
ds007406,permuted_subjectwise,svm_rbf,2,sub-002,0.1333577240489673,6,0,0.0,0.0,0.5,0.7,0.5555555555555556,0.3333333333333333,1.0,0.0,0.06013254330365125,0.5
ds007406,permuted_subjectwise,svm_rbf,2,sub-003,0.4407124443216211,6,0,0.0,0.0,0.5,0.6333333333333333,0.3333333333333333,0.3333333333333333,1.0,0.0,0.026112076086090508,0.5
ds007406,permuted_subjectwise,svm_rbf,2,sub-004,0.5285652224360894,6,0,0.0,0.0,0.5,0.5333333333333333,0.4444444444444445,0.3333333333333333,0.0,1.0,0.021156262493428946,0.5
ds007406,permuted_subjectwise,svm_rbf,2,sub-005,0.4407124443216211,6,0,0.0,0.0,0.5,0.5888888888888889,0.5555555555555556,0.3333333333333333,1.0,0.0,0.02084320977101008,0.5
ds007406,permuted_subjectwise,svm_rbf,2,sub-006,0.5285652224360894,6,0,0.4472135954999579,0.33333333333333337,0.6666666666666666,0.8333333333333333,0.6666666666666666,0.625,0.3333333333333333,1.0,0.1781052303403899,0.6666666666666666
ds007406,permuted_subjectwise,svm_rbf,2,sub-007,0.4592379681819106,6,0,0.0,0.0,0.5,0.9166666666666665,0.888888888888889,0.3333333333333333,1.0,0.0,0.02402339484548044,0.5
ds007406,permuted_subjectwise,svm_rbf,2,sub-008,0.6288579523455082,6,0,-0.7071067811865476,-0.6666666666666667,0.16666666666666666,0.38333333333333336,0.0,0.14285714285714285,0.0,0.3333333333333333,0.36777925927271743,0.16666666666666666
ds007406,permuted_subjectwise,svm_rbf,2,sub-009,0.6288579523455082,6,0,0.0,0.0,0.5,0.41111111111111115,0.11111111111111112,0.3333333333333333,0.0,1.0,0.2670671169714766,0.5
ds007406,permuted_subjectwise,svm_rbf,2,sub-010,0.1333577240489673,6,0,0.0,0.0,0.5,0.41111111111111115,0.11111111111111112,0.3333333333333333,1.0,0.0,0.49046599955229453,0.5
ds007406,permuted_subjectwise,svm_rbf,3,sub-001,0.5021400746661906,6,0,-0.4472135954999579,-0.33333333333333326,0.3333333333333333,0.5888888888888889,0.5555555555555556,0.25,0.0,0.6666666666666666,0.20374258937491585,0.3333333333333333
ds007406,permuted_subjectwise,svm_rbf,3,sub-002,0.3159105476771803,6,0,0.0,0.0,0.5,0.5333333333333333,0.4444444444444445,0.3333333333333333,1.0,0.0,0.20054052406461914,0.5
ds007406,permuted_subjectwise,svm_rbf,3,sub-003,0.5021400746661906,6,0,0.0,0.0,0.5,1.0,1.0,0.3333333333333333,1.0,0.0,0.06639421616550989,0.5
ds007406,permuted_subjectwise,svm_rbf,3,sub-004,0.4979045959436288,6,0,0.0,0.0,0.5,0.8055555555555556,0.7777777777777779,0.3333333333333333,0.0,1.0,0.03974493040792154,0.5
ds007406,permuted_subjectwise,svm_rbf,3,sub-005,0.4979045959436288,6,0,0.0,0.0,0.5,0.5333333333333333,0.4444444444444445,0.3333333333333333,0.0,1.0,0.032147253073895765,0.5
ds007406,permuted_subjectwise,svm_rbf,3,sub-006,0.4691603603301081,6,0,0.0,0.0,0.5,0.5,0.33333333333333337,0.3333333333333333,1.0,0.0,0.008166855052087751,0.5
ds007406,permuted_subjectwise,svm_rbf,3,sub-007,0.4691603603301081,6,0,0.0,0.0,0.5,0.7555555555555555,0.6666666666666667,0.3333333333333333,1.0,0.0,0.00906013030763475,0.5
ds007406,permuted_subjectwise,svm_rbf,3,sub-008,0.3159105476771803,6,0,0.4472135954999579,0.33333333333333337,0.6666666666666666,0.7,0.5555555555555556,0.625,1.0,0.3333333333333333,0.23278499493041893,0.6666666666666666
ds007406,permuted_subjectwise,svm_rbf,3,sub-009,0.509505345333963,6,0,0.0,0.0,0.5,0.9166666666666665,0.888888888888889,0.3333333333333333,1.0,0.0,0.19778538385183178,0.5
ds007406,permuted_subjectwise,svm_rbf,3,sub-010,0.509505345333963,6,0,0.0,0.0,0.5,0.8055555555555556,0.7777777777777779,0.3333333333333333,1.0,0.0,0.27953921048616287,0.5
ds007406,permuted_subjectwise,svm_rbf,4,sub-001,0.5434818229854035,6,0,0.0,0.0,0.5,0.7,0.5555555555555556,0.3333333333333333,0.0,1.0,0.14355586676292262,0.5
ds007406,permuted_subjectwise,svm_rbf,4,sub-002,0.5681053553275549,6,0,0.4472135954999579,0.33333333333333337,0.6666666666666666,0.4777777777777778,0.33333333333333337,0.625,1.0,0.3333333333333333,0.10619388726368947,0.6666666666666666
ds007406,permuted_subjectwise,svm_rbf,4,sub-003,0.3929864113154637,6,0,0.0,0.0,0.5,1.0,1.0,0.3333333333333333,1.0,0.0,0.16192261727226195,0.5
ds007406,permuted_subjectwise,svm_rbf,4,sub-004,0.495309434326978,6,0,0.4472135954999579,0.33333333333333337,0.6666666666666666,0.5333333333333333,0.4444444444444445,0.625,1.0,0.3333333333333333,0.15852452134537565,0.6666666666666666
ds007406,permuted_subjectwise,svm_rbf,4,sub-005,0.5434818229854035,6,0,0.0,0.0,0.5,0.7555555555555555,0.6666666666666667,0.3333333333333333,0.0,1.0,0.13397340334338692,0.5
ds007406,permuted_subjectwise,svm_rbf,4,sub-006,0.5084761752923744,6,0,0.3333333333333333,0.33333333333333337,0.6666666666666666,0.8333333333333333,0.6666666666666666,0.6666666666666666,0.6666666666666666,0.6666666666666666,0.14318036506156442,0.6666666666666666
ds007406,permuted_subjectwise,svm_rbf,4,sub-007,0.495309434326978,6,0,-1.0,-1.0,0.0,0.38333333333333336,0.0,0.0,0.0,0.0,0.34206138303987194,0.0
ds007406,permuted_subjectwise,svm_rbf,4,sub-008,0.3929864113154637,6,0,0.0,0.0,0.5,0.41111111111111115,0.11111111111111112,0.3333333333333333,1.0,0.0,0.3507409182977495,0.5
ds007406,permuted_subjectwise,svm_rbf,4,sub-009,0.5084761752923744,6,0,0.0,0.0,0.5,0.5,0.33333333333333337,0.3333333333333333,0.0,1.0,0.03462010382440317,0.5
ds007406,permuted_subjectwise,svm_rbf,4,sub-010,0.5681053553275549,6,0,0.0,0.0,0.5,0.6388888888888888,0.6666666666666667,0.3333333333333333,0.0,1.0,0.19303626565085777,0.5
ds007406,subjectwise,deepconvnet,0,sub-001,0.5001766179998717,6,0,0.4472135954999579,0.33333333333333337,0.6666666666666666,0.7555555555555555,0.6666666666666667,0.625,0.3333333333333333,1.0,0.15421537496020193,0.6666666666666666
ds007406,subjectwise,deepconvnet,0,sub-002,0.5376644731561343,6,0,-0.4472135954999579,-0.33333333333333326,0.3333333333333333,0.6666666666666667,0.4444444444444444,0.25,0.6666666666666666,0.0,0.0498029606209861,0.3333333333333333
ds007406,subjectwise,deepconvnet,0,sub-003,0.5146971253554027,6,0,-0.7071067811865476,-0.6666666666666667,0.16666666666666666,0.6333333333333333,0.3333333333333333,0.14285714285714285,0.3333333333333333,0.0,0.017940854860676647,0.16666666666666666
ds007406,subjectwise,deepconvnet,0,sub-004,0.4972964998582999,6,0,0.0,0.0,0.5,0.5555555555555556,0.4444444444444445,0.4857142857142857,0.6666666666666666,0.3333333333333333,0.1547374720374743,0.5
ds007406,subjectwise,deepconvnet,0,sub-005,0.5439655494689941,6,0,0.0,0.0,0.5,0.8055555555555556,0.7777777777777779,0.4857142857142857,0.3333333333333333,0.6666666666666666,0.13375118966731755,0.5
ds007406,subjectwise,deepconvnet,0,sub-006,0.5376644731561343,6,0,-0.4472135954999579,-0.33333333333333326,0.3333333333333333,0.41111111111111115,0.11111111111111112,0.25,0.6666666666666666,0.0,0.0437969285580847,0.3333333333333333
ds007406,subjectwise,deepconvnet,0,sub-007,0.5146971253554027,6,0,0.3333333333333333,0.33333333333333337,0.6666666666666666,0.6388888888888888,0.6666666666666667,0.6666666666666666,0.6666666666666666,0.6666666666666666,0.3131186869820037,0.6666666666666666
ds007406,subjectwise,deepconvnet,0,sub-008,0.5439655494689941,6,0,0.4472135954999579,0.33333333333333337,0.6666666666666666,0.6666666666666667,0.4444444444444444,0.625,0.3333333333333333,1.0,0.1932111677196291,0.6666666666666666
ds007406,subjectwise,deepconvnet,0,sub-009,0.5001766179998717,6,0,0.0,0.0,0.5,0.8666666666666667,0.7777777777777778,0.3333333333333333,0.0,1.0,0.19065984948020842,0.5
ds007406,subjectwise,deepconvnet,0,sub-010,0.4972964998582999,6,0,0.0,0.0,0.5,0.7,0.5555555555555556,0.4857142857142857,0.6666666666666666,0.3333333333333333,0.17321610980563695,0.5
ds007406,subjectwise,deepconvnet,1,sub-001,0.57553971717755,6,0,0.4472135954999579,0.33333333333333337,0.6666666666666666,0.4777777777777778,0.33333333333333337,0.625,1.0,0.3333333333333333,0.18207579437229368,0.6666666666666666
ds007406,subjectwise,deepconvnet,1,sub-002,0.4924758407473564,6,0,0.3333333333333333,0.33333333333333337,0.6666666666666666,0.5888888888888889,0.5555555555555556,0.6666666666666666,0.6666666666666666,0.6666666666666666,0.014172784984111822,0.6666666666666666
ds007406,subjectwise,deepconvnet,1,sub-003,0.5324472254514694,6,0,0.0,0.0,0.5,0.7555555555555555,0.6666666666666667,0.3333333333333333,1.0,0.0,0.041366001963615395,0.5
ds007406,subjectwise,deepconvnet,1,sub-004,0.5324472254514694,6,0,0.4472135954999579,0.33333333333333337,0.6666666666666666,0.6388888888888888,0.6666666666666667,0.625,1.0,0.3333333333333333,0.03792638712459129,0.6666666666666666
ds007406,subjectwise,deepconvnet,1,sub-005,0.518652998705705,6,0,-0.4472135954999579,-0.33333333333333326,0.3333333333333333,0.6388888888888888,0.6666666666666667,0.25,0.0,0.6666666666666666,0.15704618880214793,0.3333333333333333
ds007406,subjectwise,deepconvnet,1,sub-006,0.57553971717755,6,0,0.0,0.0,0.5,0.5,0.33333333333333337,0.3333333333333333,1.0,0.0,0.1734448555443022,0.5
ds007406,subjectwise,deepconvnet,1,sub-007,0.4924758407473564,6,0,-0.3333333333333333,-0.33333333333333326,0.3333333333333333,0.4777777777777778,0.33333333333333337,0.3333333333333333,0.3333333333333333,0.3333333333333333,0.3556564877275378,0.3333333333333333
ds007406,subjectwise,deepconvnet,1,sub-008,0.518652998705705,6,0,0.0,0.0,0.5,0.6333333333333333,0.3333333333333333,0.4857142857142857,0.3333333333333333,0.6666666666666666,0.3572683420860106,0.5
ds007406,subjectwise,deepconvnet,1,sub-009,0.5249204239745935,6,0,0.4472135954999579,0.33333333333333337,0.6666666666666666,0.8666666666666667,0.7777777777777778,0.625,0.3333333333333333,1.0,0.14945906702842976,0.6666666666666666
ds007406,subjectwise,deepconvnet,1,sub-010,0.5249204239745935,6,0,0.4472135954999579,0.33333333333333337,0.6666666666666666,0.5333333333333333,0.4444444444444445,0.625,1.0,0.3333333333333333,0.032812374002403666,0.6666666666666666
ds007406,subjectwise,deepconvnet,2,sub-001,0.5651250656942526,6,0,0.4472135954999579,0.33333333333333337,0.6666666666666666,0.9166666666666665,0.888888888888889,0.625,1.0,0.3333333333333333,0.07974895983934405,0.6666666666666666
ds007406,subjectwise,deepconvnet,2,sub-002,0.5497014584143957,6,0,0.4472135954999579,0.33333333333333337,0.6666666666666666,0.6388888888888888,0.6666666666666667,0.625,1.0,0.3333333333333333,0.052224773147867776,0.6666666666666666
ds007406,subjectwise,deepconvnet,2,sub-003,0.4101809111237526,6,0,-0.3333333333333333,-0.33333333333333326,0.3333333333333333,0.4666666666666667,0.22222222222222224,0.3333333333333333,0.3333333333333333,0.3333333333333333,0.11854597388042343,0.3333333333333333
ds007406,subjectwise,deepconvnet,2,sub-004,0.4500195477406183,6,0,0.0,0.0,0.5,0.41111111111111115,0.11111111111111112,0.3333333333333333,1.0,0.0,0.03682661859525571,0.5
ds007406,subjectwise,deepconvnet,2,sub-005,0.4101809111237526,6,0,0.0,0.0,0.5,0.6388888888888888,0.6666666666666667,0.3333333333333333,1.0,0.0,0.061816970755656564,0.5
ds007406,subjectwise,deepconvnet,2,sub-006,0.4500195477406183,6,0,0.4472135954999579,0.33333333333333337,0.6666666666666666,0.4777777777777778,0.33333333333333337,0.625,1.0,0.3333333333333333,0.03857087675068116,0.6666666666666666
ds007406,subjectwise,deepconvnet,2,sub-007,0.5651250656942526,6,0,-0.3333333333333333,-0.33333333333333326,0.3333333333333333,0.5333333333333333,0.4444444444444445,0.3333333333333333,0.3333333333333333,0.3333333333333333,0.06861007464014823,0.3333333333333333
ds007406,subjectwise,deepconvnet,2,sub-008,0.5555987885594368,6,0,-0.4472135954999579,-0.33333333333333326,0.3333333333333333,0.4444444444444445,0.22222222222222224,0.25,0.0,0.6666666666666666,0.041642892857392644,0.3333333333333333
ds007406,subjectwise,deepconvnet,2,sub-009,0.5555987885594368,6,0,0.0,0.0,0.5,1.0,1.0,0.3333333333333333,0.0,1.0,0.01194457937445903,0.5
ds007406,subjectwise,deepconvnet,2,sub-010,0.5497014584143957,6,0,0.4472135954999579,0.33333333333333337,0.6666666666666666,0.4777777777777778,0.33333333333333337,0.625,1.0,0.3333333333333333,0.058099677662054705,0.6666666666666666
ds007406,subjectwise,deepconvnet,3,sub-001,0.4814451523621877,6,0,0.0,0.0,0.5,0.41111111111111115,0.11111111111111112,0.3333333333333333,1.0,0.0,0.1756656875212987,0.5
ds007406,subjectwise,deepconvnet,3,sub-002,0.5768899812300999,6,0,0.0,0.0,0.5,0.7,0.5555555555555556,0.4857142857142857,0.3333333333333333,0.6666666666666666,0.06860525359710057,0.5
ds007406,subjectwise,deepconvnet,3,sub-003,0.4814451523621877,6,0,0.0,0.0,0.5,0.7555555555555555,0.6666666666666667,0.3333333333333333,0.0,1.0,0.026207878026697384,0.5
ds007406,subjectwise,deepconvnet,3,sub-004,0.5267194883525371,6,0,0.0,0.0,0.5,0.7555555555555555,0.6666666666666667,0.3333333333333333,1.0,0.0,0.050579978028933215,0.5
ds007406,subjectwise,deepconvnet,3,sub-005,0.5267194883525371,6,0,0.0,0.0,0.5,0.38333333333333336,0.0,0.3333333333333333,1.0,0.0,0.050629164444075725,0.5
ds007406,subjectwise,deepconvnet,3,sub-006,0.5065892765919368,6,0,0.0,0.0,0.5,0.8666666666666667,0.7777777777777778,0.4857142857142857,0.6666666666666666,0.3333333333333333,0.15502960764699514,0.5
ds007406,subjectwise,deepconvnet,3,sub-007,0.5065892765919368,6,0,-0.3333333333333333,-0.33333333333333326,0.3333333333333333,0.4777777777777778,0.33333333333333337,0.3333333333333333,0.3333333333333333,0.3333333333333333,0.18394009321928023,0.3333333333333333
ds007406,subjectwise,deepconvnet,3,sub-008,0.5768899812300999,6,0,0.4472135954999579,0.33333333333333337,0.6666666666666666,0.7222222222222222,0.5555555555555556,0.625,0.3333333333333333,1.0,0.0651726454496383,0.6666666666666666
ds007406,subjectwise,deepconvnet,3,sub-009,0.5593846073746681,6,0,-0.4472135954999579,-0.33333333333333326,0.3333333333333333,0.4444444444444445,0.22222222222222224,0.25,0.0,0.6666666666666666,0.0563041122423279,0.3333333333333333
ds007406,subjectwise,deepconvnet,3,sub-010,0.5593846073746681,6,0,-0.4472135954999579,-0.33333333333333326,0.3333333333333333,0.4444444444444445,0.22222222222222224,0.25,0.6666666666666666,0.0,0.062163047161367224,0.3333333333333333
ds007406,subjectwise,deepconvnet,4,sub-001,0.5569499709705512,6,0,-0.3333333333333333,-0.33333333333333326,0.3333333333333333,0.4777777777777778,0.33333333333333337,0.3333333333333333,0.3333333333333333,0.3333333333333333,0.0517491438322597,0.3333333333333333
ds007406,subjectwise,deepconvnet,4,sub-002,0.5322804473340512,6,0,0.3333333333333333,0.33333333333333337,0.6666666666666666,0.7222222222222222,0.5555555555555556,0.6666666666666666,0.6666666666666666,0.6666666666666666,0.03659376071559062,0.6666666666666666
ds007406,subjectwise,deepconvnet,4,sub-003,0.5185937184840441,6,0,-0.4472135954999579,-0.33333333333333326,0.3333333333333333,0.5333333333333333,0.4444444444444445,0.25,0.0,0.6666666666666666,0.011987748907672069,0.3333333333333333
ds007406,subjectwise,deepconvnet,4,sub-004,0.5782864215473335,6,0,0.3333333333333333,0.33333333333333337,0.6666666666666666,0.8055555555555556,0.7777777777777779,0.6666666666666666,0.6666666666666666,0.6666666666666666,0.07752686772081585,0.6666666666666666
ds007406,subjectwise,deepconvnet,4,sub-005,0.5569499709705512,6,0,0.0,0.0,0.5,0.4777777777777778,0.33333333333333337,0.4857142857142857,0.6666666666666666,0.3333333333333333,0.05999081747399437,0.5
ds007406,subjectwise,deepconvnet,4,sub-006,0.5208280819157759,6,0,-0.4472135954999579,-0.33333333333333326,0.3333333333333333,0.5333333333333333,0.4444444444444445,0.25,0.0,0.6666666666666666,0.15229015631808165,0.3333333333333333
ds007406,subjectwise,deepconvnet,4,sub-007,0.5782864215473335,6,0,0.0,0.0,0.5,0.5333333333333333,0.4444444444444445,0.4857142857142857,0.3333333333333333,0.6666666666666666,0.1309834982785914,0.5
ds007406,subjectwise,deepconvnet,4,sub-008,0.5185937184840441,6,0,-0.4472135954999579,-0.33333333333333326,0.3333333333333333,0.6388888888888888,0.6666666666666667,0.25,0.0,0.6666666666666666,0.14824781633085676,0.3333333333333333
ds007406,subjectwise,deepconvnet,4,sub-009,0.5208280819157759,6,0,0.4472135954999579,0.33333333333333337,0.6666666666666666,0.8055555555555556,0.7777777777777779,0.625,0.3333333333333333,1.0,0.14751385557982657,0.6666666666666666
ds007406,subjectwise,deepconvnet,4,sub-010,0.5322804473340512,6,0,-0.3333333333333333,-0.33333333333333326,0.3333333333333333,0.6333333333333333,0.3333333333333333,0.3333333333333333,0.3333333333333333,0.3333333333333333,0.027657255530357472,0.3333333333333333
ds007406,subjectwise,eegnet,0,sub-001,0.5033293501536051,6,0,-0.3333333333333333,-0.33333333333333326,0.3333333333333333,0.7,0.5555555555555556,0.3333333333333333,0.3333333333333333,0.3333333333333333,0.0068501194318135354,0.3333333333333333
ds007406,subjectwise,eegnet,0,sub-002,0.5011538902421793,6,0,0.4472135954999579,0.33333333333333337,0.6666666666666666,0.4777777777777778,0.33333333333333337,0.625,1.0,0.3333333333333333,0.16105558209949072,0.6666666666666666
ds007406,subjectwise,eegnet,0,sub-003,0.5069834196567535,6,0,0.0,0.0,0.5,0.5,0.33333333333333337,0.3333333333333333,1.0,0.0,0.022868575321303486,0.5
ds007406,subjectwise,eegnet,0,sub-004,0.5012708115577698,6,0,0.0,0.0,0.5,0.9166666666666665,0.888888888888889,0.3333333333333333,1.0,0.0,0.005279696815543633,0.5
ds007406,subjectwise,eegnet,0,sub-005,0.499312497874101,6,0,0.4472135954999579,0.33333333333333337,0.6666666666666666,0.7555555555555555,0.6666666666666667,0.625,1.0,0.3333333333333333,0.15090760000877906,0.6666666666666666
ds007406,subjectwise,eegnet,0,sub-006,0.5011538902421793,6,0,0.0,0.0,0.5,0.8333333333333333,0.6666666666666666,0.4857142857142857,0.6666666666666666,0.3333333333333333,0.17129033539030286,0.5
ds007406,subjectwise,eegnet,0,sub-007,0.5069834196567535,6,0,-0.3333333333333333,-0.33333333333333326,0.3333333333333333,0.7,0.5555555555555556,0.3333333333333333,0.3333333333333333,0.3333333333333333,0.015762034974371415,0.3333333333333333
ds007406,subjectwise,eegnet,0,sub-008,0.499312497874101,6,0,-0.4472135954999579,-0.33333333333333326,0.3333333333333333,0.7222222222222222,0.5555555555555556,0.25,0.6666666666666666,0.0,0.17795045094357598,0.3333333333333333
ds007406,subjectwise,eegnet,0,sub-009,0.5033293501536051,6,0,0.0,0.0,0.5,1.0,1.0,0.3333333333333333,0.0,1.0,0.16071848273277275,0.5
ds007406,subjectwise,eegnet,0,sub-010,0.5012708115577698,6,0,0.4472135954999579,0.33333333333333337,0.6666666666666666,0.5333333333333333,0.4444444444444445,0.625,1.0,0.3333333333333333,0.004512182705932122,0.6666666666666666
ds007406,subjectwise,eegnet,1,sub-001,0.5122919931014379,6,0,0.4472135954999579,0.33333333333333337,0.6666666666666666,0.5888888888888889,0.5555555555555556,0.625,1.0,0.3333333333333333,0.14651978719565606,0.6666666666666666
ds007406,subjectwise,eegnet,1,sub-002,0.5040219778195023,6,0,0.4472135954999579,0.33333333333333337,0.6666666666666666,0.4777777777777778,0.33333333333333337,0.625,1.0,0.3333333333333333,0.1532303416894542,0.6666666666666666
ds007406,subjectwise,eegnet,1,sub-003,0.5194254808127879,6,0,-0.7071067811865476,-0.6666666666666667,0.16666666666666666,0.41111111111111115,0.11111111111111112,0.14285714285714285,0.0,0.3333333333333333,0.019582954214678927,0.16666666666666666
ds007406,subjectwise,eegnet,1,sub-004,0.5194254808127879,6,0,0.4472135954999579,0.33333333333333337,0.6666666666666666,0.9166666666666665,0.888888888888889,0.625,0.3333333333333333,1.0,0.012752123425404327,0.6666666666666666
ds007406,subjectwise,eegnet,1,sub-005,0.5086124970018864,6,0,0.0,0.0,0.5,0.7555555555555555,0.6666666666666667,0.4857142857142857,0.6666666666666666,0.3333333333333333,0.15187242438809737,0.5
ds007406,subjectwise,eegnet,1,sub-006,0.5122919931014379,6,0,-0.4472135954999579,-0.33333333333333326,0.3333333333333333,0.5555555555555556,0.4444444444444445,0.25,0.6666666666666666,0.0,0.01965508212645839,0.3333333333333333
ds007406,subjectwise,eegnet,1,sub-007,0.5040219778195023,6,0,-0.3333333333333333,-0.33333333333333326,0.3333333333333333,0.4777777777777778,0.33333333333333337,0.3333333333333333,0.3333333333333333,0.3333333333333333,0.01118410629224953,0.3333333333333333
ds007406,subjectwise,eegnet,1,sub-008,0.5086124970018864,6,0,-0.4472135954999579,-0.33333333333333326,0.3333333333333333,0.6333333333333333,0.3333333333333333,0.25,0.6666666666666666,0.0,0.015649761093987413,0.3333333333333333
ds007406,subjectwise,eegnet,1,sub-009,0.5146984577178955,6,0,0.7071067811865476,0.6666666666666667,0.8333333333333333,0.8666666666666667,0.7777777777777778,0.8285714285714285,0.6666666666666666,1.0,0.01241218530469479,0.8333333333333334
ds007406,subjectwise,eegnet,1,sub-010,0.5146984577178955,6,0,-0.4472135954999579,-0.33333333333333326,0.3333333333333333,0.6333333333333333,0.3333333333333333,0.25,0.6666666666666666,0.0,0.015616977214813255,0.3333333333333333
ds007406,subjectwise,eegnet,2,sub-001,0.5019127059976259,6,0,0.0,0.0,0.5,0.5555555555555556,0.4444444444444445,0.3333333333333333,1.0,0.0,0.008827096886104946,0.5
ds007406,subjectwise,eegnet,2,sub-002,0.4994022953510285,6,0,0.0,0.0,0.5,0.7222222222222222,0.5555555555555556,0.4857142857142857,0.6666666666666666,0.3333333333333333,0.0070918376247087744,0.5
ds007406,subjectwise,eegnet,2,sub-003,0.5037023595968882,6,0,-0.7071067811865476,-0.6666666666666667,0.16666666666666666,0.38333333333333336,0.0,0.14285714285714285,0.3333333333333333,0.0,0.1713923601640596,0.16666666666666666
ds007406,subjectwise,eegnet,2,sub-004,0.5166807162761688,6,0,0.7071067811865476,0.6666666666666667,0.8333333333333333,1.0,1.0,0.8285714285714285,1.0,0.6666666666666666,0.02616867547233903,0.8333333333333334
ds007406,subjectwise,eegnet,2,sub-005,0.5037023595968882,6,0,0.0,0.0,0.5,0.7,0.5555555555555556,0.4857142857142857,0.6666666666666666,0.3333333333333333,0.15513053213556605,0.5
ds007406,subjectwise,eegnet,2,sub-006,0.5166807162761688,6,0,0.4472135954999579,0.33333333333333337,0.6666666666666666,1.0,1.0,0.625,1.0,0.3333333333333333,0.021167088217205476,0.6666666666666666
ds007406,subjectwise,eegnet,2,sub-007,0.5019127059976259,6,0,0.7071067811865476,0.6666666666666667,0.8333333333333333,0.8055555555555556,0.7777777777777779,0.8285714285714285,1.0,0.6666666666666666,0.3261226091947821,0.8333333333333334
ds007406,subjectwise,eegnet,2,sub-008,0.4948934328556061,6,0,0.3333333333333333,0.33333333333333337,0.6666666666666666,0.8333333333333333,0.6666666666666666,0.6666666666666666,0.6666666666666666,0.6666666666666666,0.3218430032332738,0.6666666666666666
ds007406,subjectwise,eegnet,2,sub-009,0.4948934328556061,6,0,0.7071067811865476,0.6666666666666667,0.8333333333333333,1.0,1.0,0.8285714285714285,0.6666666666666666,1.0,0.31384684211677977,0.8333333333333334
ds007406,subjectwise,eegnet,2,sub-010,0.4994022953510285,6,0,0.0,0.0,0.5,0.5,0.33333333333333337,0.4857142857142857,0.6666666666666666,0.3333333333333333,0.008033824960390696,0.5
ds007406,subjectwise,eegnet,3,sub-001,0.5129423013826212,6,0,0.4472135954999579,0.33333333333333337,0.6666666666666666,0.8055555555555556,0.7777777777777779,0.625,1.0,0.3333333333333333,0.11778562563574979,0.6666666666666666
ds007406,subjectwise,eegnet,3,sub-002,0.5048158558706443,6,0,0.3333333333333333,0.33333333333333337,0.6666666666666666,0.5888888888888889,0.5555555555555556,0.6666666666666666,0.6666666666666666,0.6666666666666666,0.011796335627635341,0.6666666666666666
ds007406,subjectwise,eegnet,3,sub-003,0.5129423013826212,6,0,0.0,0.0,0.5,0.8055555555555556,0.7777777777777779,0.3333333333333333,1.0,0.0,0.04789005104038446,0.5
ds007406,subjectwise,eegnet,3,sub-004,0.5047693326075872,6,0,0.4472135954999579,0.33333333333333337,0.6666666666666666,1.0,1.0,0.625,1.0,0.3333333333333333,0.018389743566513128,0.6666666666666666
ds007406,subjectwise,eegnet,3,sub-005,0.5047693326075872,6,0,0.4472135954999579,0.33333333333333337,0.6666666666666666,0.8055555555555556,0.7777777777777779,0.625,1.0,0.3333333333333333,0.1344033251438911,0.6666666666666666
ds007406,subjectwise,eegnet,3,sub-006,0.5059670296063026,6,0,0.3333333333333333,0.33333333333333337,0.6666666666666666,0.7222222222222222,0.5555555555555556,0.6666666666666666,0.6666666666666666,0.6666666666666666,0.010052562256654147,0.6666666666666666
ds007406,subjectwise,eegnet,3,sub-007,0.5059670296063026,6,0,0.0,0.0,0.5,0.4777777777777778,0.33333333333333337,0.4857142857142857,0.6666666666666666,0.3333333333333333,0.015472434047195708,0.5
ds007406,subjectwise,eegnet,3,sub-008,0.5048158558706443,6,0,0.4472135954999579,0.33333333333333337,0.6666666666666666,0.8333333333333333,0.6666666666666666,0.625,0.3333333333333333,1.0,0.16017103840907412,0.6666666666666666
ds007406,subjectwise,eegnet,3,sub-009,0.4926894629995028,6,0,0.3333333333333333,0.33333333333333337,0.6666666666666666,0.9166666666666665,0.888888888888889,0.6666666666666666,0.6666666666666666,0.6666666666666666,0.011049925784269998,0.6666666666666666
ds007406,subjectwise,eegnet,3,sub-010,0.4926894629995028,6,0,0.4472135954999579,0.33333333333333337,0.6666666666666666,0.9166666666666665,0.888888888888889,0.625,1.0,0.3333333333333333,0.003939386374420595,0.6666666666666666
ds007406,subjectwise,eegnet,4,sub-001,0.5001771274209023,6,0,0.0,0.0,0.5,0.5888888888888889,0.5555555555555556,0.4857142857142857,0.3333333333333333,0.6666666666666666,0.012588700445161952,0.5
ds007406,subjectwise,eegnet,4,sub-002,0.5150147852798304,6,0,0.0,0.0,0.5,0.8333333333333333,0.6666666666666666,0.3333333333333333,1.0,0.0,0.0217161266340149,0.5
ds007406,subjectwise,eegnet,4,sub-003,0.5174827585617701,6,0,0.0,0.0,0.5,0.4666666666666667,0.22222222222222224,0.3333333333333333,1.0,0.0,0.035925682551330884,0.5
ds007406,subjectwise,eegnet,4,sub-004,0.528854171037674,6,0,0.3333333333333333,0.33333333333333337,0.6666666666666666,0.9166666666666665,0.888888888888889,0.6666666666666666,0.6666666666666666,0.6666666666666666,0.023057178056074545,0.6666666666666666
ds007406,subjectwise,eegnet,4,sub-005,0.5001771274209023,6,0,0.3333333333333333,0.33333333333333337,0.6666666666666666,0.8055555555555556,0.7777777777777779,0.6666666666666666,0.6666666666666666,0.6666666666666666,0.14931545489364195,0.6666666666666666
ds007406,subjectwise,eegnet,4,sub-006,0.4954813330372175,6,0,-0.3333333333333333,-0.33333333333333326,0.3333333333333333,0.4444444444444445,0.22222222222222224,0.3333333333333333,0.3333333333333333,0.3333333333333333,0.17372857845491835,0.3333333333333333
ds007406,subjectwise,eegnet,4,sub-007,0.528854171037674,6,0,-0.3333333333333333,-0.33333333333333326,0.3333333333333333,0.7,0.5555555555555556,0.3333333333333333,0.3333333333333333,0.3333333333333333,0.030757188194224388,0.3333333333333333
ds007406,subjectwise,eegnet,4,sub-008,0.5174827585617701,6,0,0.0,0.0,0.5,0.5555555555555556,0.4444444444444445,0.4857142857142857,0.6666666666666666,0.3333333333333333,0.026765910204913923,0.5
ds007406,subjectwise,eegnet,4,sub-009,0.4954813330372175,6,0,-0.4472135954999579,-0.33333333333333326,0.3333333333333333,0.7222222222222222,0.5555555555555556,0.25,0.6666666666666666,0.0,0.005256159769164233,0.3333333333333333
ds007406,subjectwise,eegnet,4,sub-010,0.5150147852798304,6,0,-0.4472135954999579,-0.33333333333333326,0.3333333333333333,0.4444444444444445,0.22222222222222224,0.25,0.6666666666666666,0.0,0.021734817160500408,0.3333333333333333
ds007406,subjectwise,logreg,0,sub-001,0.37842418551445,6,0,0.0,0.0,0.5,0.6666666666666667,0.4444444444444444,0.4857142857142857,0.6666666666666666,0.3333333333333333,0.4018542316666666,0.5
ds007406,subjectwise,logreg,0,sub-002,0.4272574752569198,6,0,0.0,0.0,0.5,0.5888888888888889,0.5555555555555556,0.3333333333333333,1.0,0.0,0.465976305,0.5
ds007406,subjectwise,logreg,0,sub-003,0.397320032119751,6,0,0.0,0.0,0.5,0.38333333333333336,0.0,0.3333333333333333,0.0,1.0,0.36971123166666664,0.5
ds007406,subjectwise,logreg,0,sub-004,0.469682914018631,6,0,0.0,0.0,0.5,0.8055555555555556,0.7777777777777779,0.3333333333333333,0.0,1.0,0.4442811303333334,0.5
ds007406,subjectwise,logreg,0,sub-005,0.4417656630277634,6,0,0.4472135954999579,0.33333333333333337,0.6666666666666666,0.7222222222222222,0.5555555555555556,0.625,0.3333333333333333,1.0,0.37862724416666665,0.6666666666666666
ds007406,subjectwise,logreg,0,sub-006,0.4272574752569198,6,0,0.0,0.0,0.5,1.0,1.0,0.3333333333333333,1.0,0.0,0.4520828899999999,0.5
ds007406,subjectwise,logreg,0,sub-007,0.397320032119751,6,0,0.4472135954999579,0.33333333333333337,0.6666666666666666,0.7555555555555555,0.6666666666666667,0.625,1.0,0.3333333333333333,0.33122551499999997,0.6666666666666666
ds007406,subjectwise,logreg,0,sub-008,0.4417656630277634,6,0,0.0,0.0,0.5,0.7,0.5555555555555556,0.3333333333333333,0.0,1.0,0.42425581616666663,0.5
ds007406,subjectwise,logreg,0,sub-009,0.37842418551445,6,0,0.0,0.0,0.5,0.7555555555555555,0.6666666666666667,0.4857142857142857,0.3333333333333333,0.6666666666666666,0.4124928341666666,0.5
ds007406,subjectwise,logreg,0,sub-010,0.469682914018631,6,0,0.0,0.0,0.5,0.5333333333333333,0.4444444444444445,0.3333333333333333,1.0,0.0,0.43460527666666665,0.5
ds007406,subjectwise,logreg,1,sub-001,0.3162966340780258,6,0,0.3333333333333333,0.33333333333333337,0.6666666666666666,0.8333333333333333,0.6666666666666666,0.6666666666666666,0.6666666666666666,0.6666666666666666,0.28448787166666667,0.6666666666666666
ds007406,subjectwise,logreg,1,sub-002,0.4843083053827286,6,0,0.0,0.0,0.5,0.7,0.5555555555555556,0.3333333333333333,1.0,0.0,0.46717744666666666,0.5
ds007406,subjectwise,logreg,1,sub-003,0.5238907933235168,6,0,0.0,0.0,0.5,0.41111111111111115,0.11111111111111112,0.3333333333333333,0.0,1.0,0.4858682553333333,0.5
ds007406,subjectwise,logreg,1,sub-004,0.5238907933235168,6,0,0.0,0.0,0.5,0.9166666666666665,0.888888888888889,0.3333333333333333,0.0,1.0,0.3806053745,0.5
ds007406,subjectwise,logreg,1,sub-005,0.4417656630277634,6,0,0.4472135954999579,0.33333333333333337,0.6666666666666666,0.7222222222222222,0.5555555555555556,0.625,0.3333333333333333,1.0,0.37862724416666665,0.6666666666666666
ds007406,subjectwise,logreg,1,sub-006,0.3162966340780258,6,0,0.0,0.0,0.5,1.0,1.0,0.3333333333333333,1.0,0.0,0.3874255283333333,0.5
ds007406,subjectwise,logreg,1,sub-007,0.4843083053827286,6,0,0.3333333333333333,0.33333333333333337,0.6666666666666666,0.5555555555555556,0.4444444444444445,0.6666666666666666,0.6666666666666666,0.6666666666666666,0.5079861083333334,0.6666666666666666
ds007406,subjectwise,logreg,1,sub-008,0.4417656630277634,6,0,0.0,0.0,0.5,0.7,0.5555555555555556,0.3333333333333333,0.0,1.0,0.42425581616666663,0.5
ds007406,subjectwise,logreg,1,sub-009,0.4016971617937089,6,0,0.0,0.0,0.5,0.8333333333333333,0.6666666666666666,0.3333333333333333,1.0,0.0,0.33881044000000005,0.5
ds007406,subjectwise,logreg,1,sub-010,0.4016971617937089,6,0,0.0,0.0,0.5,0.8666666666666667,0.7777777777777778,0.3333333333333333,1.0,0.0,0.46692858833333345,0.5
ds007406,subjectwise,logreg,2,sub-001,0.3938659369945526,6,0,0.0,0.0,0.5,0.5888888888888889,0.5555555555555556,0.3333333333333333,0.0,1.0,0.45714784366666666,0.5
ds007406,subjectwise,logreg,2,sub-002,0.4648986667394638,6,0,0.0,0.0,0.5,0.5333333333333333,0.4444444444444445,0.3333333333333333,1.0,0.0,0.3353501083333333,0.5
ds007406,subjectwise,logreg,2,sub-003,0.4916508376598358,6,0,0.0,0.0,0.5,0.5555555555555556,0.4444444444444445,0.3333333333333333,0.0,1.0,0.4568814168333333,0.5
ds007406,subjectwise,logreg,2,sub-004,0.3776280507445336,6,0,0.0,0.0,0.5,0.8666666666666667,0.7777777777777778,0.3333333333333333,1.0,0.0,0.44124203333333334,0.5
ds007406,subjectwise,logreg,2,sub-005,0.4916508376598358,6,0,0.7071067811865476,0.6666666666666667,0.8333333333333333,0.9166666666666665,0.888888888888889,0.8285714285714285,1.0,0.6666666666666666,0.24343908100000006,0.8333333333333334
ds007406,subjectwise,logreg,2,sub-006,0.3776280507445336,6,0,0.0,0.0,0.5,1.0,1.0,0.3333333333333333,1.0,0.0,0.4259349333333334,0.5
ds007406,subjectwise,logreg,2,sub-007,0.3938659369945526,6,0,0.0,0.0,0.5,0.8055555555555556,0.7777777777777779,0.3333333333333333,1.0,0.0,0.22927978833333335,0.5
ds007406,subjectwise,logreg,2,sub-008,0.3978990912437439,6,0,0.0,0.0,0.5,0.7,0.5555555555555556,0.3333333333333333,0.0,1.0,0.4334734535,0.5
ds007406,subjectwise,logreg,2,sub-009,0.3978990912437439,6,0,-0.3333333333333333,-0.33333333333333326,0.3333333333333333,0.4666666666666667,0.22222222222222224,0.3333333333333333,0.3333333333333333,0.3333333333333333,0.45900960999999996,0.3333333333333333
ds007406,subjectwise,logreg,2,sub-010,0.4648986667394638,6,0,0.0,0.0,0.5,0.9166666666666665,0.888888888888889,0.3333333333333333,1.0,0.0,0.4344317049999999,0.5
ds007406,subjectwise,logreg,3,sub-001,0.5651166558265686,6,0,0.4472135954999579,0.33333333333333337,0.6666666666666666,0.6333333333333333,0.3333333333333333,0.625,0.3333333333333333,1.0,0.424258881,0.6666666666666666
ds007406,subjectwise,logreg,3,sub-002,0.508542001247406,6,0,0.0,0.0,0.5,0.4777777777777778,0.33333333333333337,0.3333333333333333,1.0,0.0,0.3981992683333332,0.5
ds007406,subjectwise,logreg,3,sub-003,0.5651166558265686,6,0,0.0,0.0,0.5,0.38333333333333336,0.0,0.3333333333333333,0.0,1.0,0.4832294584,0.5
ds007406,subjectwise,logreg,3,sub-004,0.5354552268981934,6,0,0.0,0.0,0.5,0.7555555555555555,0.6666666666666667,0.3333333333333333,1.0,0.0,0.4319560800000001,0.5
ds007406,subjectwise,logreg,3,sub-005,0.5354552268981934,6,0,0.0,0.0,0.5,0.7555555555555555,0.6666666666666667,0.4857142857142857,0.6666666666666666,0.3333333333333333,0.2605244666666666,0.5
ds007406,subjectwise,logreg,3,sub-006,0.5267431020736696,6,0,0.7071067811865476,0.6666666666666667,0.8333333333333333,1.0,1.0,0.8285714285714285,1.0,0.6666666666666666,0.30908231166666666,0.8333333333333334
ds007406,subjectwise,logreg,3,sub-007,0.5267431020736696,6,0,0.4472135954999579,0.33333333333333337,0.6666666666666666,0.7555555555555555,0.6666666666666667,0.625,1.0,0.3333333333333333,0.3674937816666667,0.6666666666666666
ds007406,subjectwise,logreg,3,sub-008,0.508542001247406,6,0,0.4472135954999579,0.33333333333333337,0.6666666666666666,0.8055555555555556,0.7777777777777779,0.625,0.3333333333333333,1.0,0.39892854833333335,0.6666666666666666
ds007406,subjectwise,logreg,3,sub-009,0.4319045722484588,6,0,0.4472135954999579,0.33333333333333337,0.6666666666666666,0.8666666666666667,0.7777777777777778,0.625,1.0,0.3333333333333333,0.22161231166666667,0.6666666666666666
ds007406,subjectwise,logreg,3,sub-010,0.4319045722484588,6,0,0.0,0.0,0.5,0.6388888888888888,0.6666666666666667,0.3333333333333333,1.0,0.0,0.39943267000000016,0.5
ds007406,subjectwise,logreg,4,sub-001,0.5051061332225799,6,0,0.4472135954999579,0.33333333333333337,0.6666666666666666,0.6388888888888888,0.6666666666666667,0.625,1.0,0.3333333333333333,0.2161443883333334,0.6666666666666666
ds007406,subjectwise,logreg,4,sub-002,0.3567758977413178,6,0,0.0,0.0,0.5,0.6388888888888888,0.6666666666666667,0.3333333333333333,1.0,0.0,0.4554099716666666,0.5
ds007406,subjectwise,logreg,4,sub-003,0.4710191518068313,6,0,0.0,0.0,0.5,0.5,0.33333333333333337,0.3333333333333333,0.0,1.0,0.36979063666666667,0.5
ds007406,subjectwise,logreg,4,sub-004,0.4747295305132866,6,0,0.0,0.0,0.5,0.7555555555555555,0.6666666666666667,0.3333333333333333,1.0,0.0,0.36552692666666664,0.5
ds007406,subjectwise,logreg,4,sub-005,0.5051061332225799,6,0,0.7071067811865476,0.6666666666666667,0.8333333333333333,0.9166666666666665,0.888888888888889,0.8285714285714285,1.0,0.6666666666666666,0.2479678283333333,0.8333333333333334
ds007406,subjectwise,logreg,4,sub-006,0.4639929980039596,6,0,0.0,0.0,0.5,0.9166666666666665,0.888888888888889,0.3333333333333333,1.0,0.0,0.4115689716666667,0.5
ds007406,subjectwise,logreg,4,sub-007,0.4747295305132866,6,0,0.0,0.0,0.5,0.5,0.33333333333333337,0.4857142857142857,0.6666666666666666,0.3333333333333333,0.5662938799999999,0.5
ds007406,subjectwise,logreg,4,sub-008,0.4710191518068313,6,0,0.0,0.0,0.5,0.8055555555555556,0.7777777777777779,0.4857142857142857,0.3333333333333333,0.6666666666666666,0.38765582666666665,0.5
ds007406,subjectwise,logreg,4,sub-009,0.4639929980039596,6,0,0.0,0.0,0.5,0.8333333333333333,0.6666666666666666,0.3333333333333333,1.0,0.0,0.4466197383333333,0.5
ds007406,subjectwise,logreg,4,sub-010,0.3567758977413178,6,0,0.0,0.0,0.5,0.8666666666666667,0.7777777777777778,0.3333333333333333,1.0,0.0,0.47106328999999997,0.5
ds007406,subjectwise,svm_rbf,0,sub-001,0.45458696824416,6,0,-0.3333333333333333,-0.33333333333333326,0.3333333333333333,0.6333333333333333,0.3333333333333333,0.3333333333333333,0.3333333333333333,0.3333333333333333,0.30681525973917145,0.3333333333333333
ds007406,subjectwise,svm_rbf,0,sub-002,0.4576033317634837,6,0,0.0,0.0,0.5,0.5888888888888889,0.5555555555555556,0.3333333333333333,1.0,0.0,0.19002627662208177,0.5
ds007406,subjectwise,svm_rbf,0,sub-003,0.4895887092286691,6,0,0.0,0.0,0.5,0.38333333333333336,0.0,0.3333333333333333,0.0,1.0,0.04079751240551738,0.5
ds007406,subjectwise,svm_rbf,0,sub-004,0.4631128479924066,6,0,-0.3333333333333333,-0.33333333333333326,0.3333333333333333,0.6666666666666667,0.4444444444444444,0.3333333333333333,0.3333333333333333,0.3333333333333333,0.12530620387322086,0.3333333333333333
ds007406,subjectwise,svm_rbf,0,sub-005,0.4271862865703341,6,0,0.0,0.0,0.5,0.6666666666666667,0.4444444444444444,0.3333333333333333,1.0,0.0,0.12804433997144848,0.5
ds007406,subjectwise,svm_rbf,0,sub-006,0.4576033317634837,6,0,0.0,0.0,0.5,0.4666666666666667,0.22222222222222224,0.3333333333333333,1.0,0.0,0.1733058866471386,0.5
ds007406,subjectwise,svm_rbf,0,sub-007,0.4895887092286691,6,0,0.7071067811865476,0.6666666666666667,0.8333333333333333,0.9166666666666665,0.888888888888889,0.8285714285714285,1.0,0.6666666666666666,0.1491304414070334,0.8333333333333334
ds007406,subjectwise,svm_rbf,0,sub-008,0.4271862865703341,6,0,0.0,0.0,0.5,0.8666666666666667,0.7777777777777778,0.3333333333333333,1.0,0.0,0.12572494415992552,0.5
ds007406,subjectwise,svm_rbf,0,sub-009,0.45458696824416,6,0,0.0,0.0,0.5,0.7555555555555555,0.6666666666666667,0.3333333333333333,1.0,0.0,0.06051621585280831,0.5
ds007406,subjectwise,svm_rbf,0,sub-010,0.4631128479924066,6,0,0.0,0.0,0.5,1.0,1.0,0.3333333333333333,1.0,0.0,0.4765020545597042,0.5
ds007406,subjectwise,svm_rbf,1,sub-001,0.4111057427928116,6,0,0.0,0.0,0.5,0.8333333333333333,0.6666666666666666,0.3333333333333333,1.0,0.0,0.18896218792883102,0.5
ds007406,subjectwise,svm_rbf,1,sub-002,0.4573624181681368,6,0,-0.4472135954999579,-0.33333333333333326,0.3333333333333333,0.5,0.33333333333333337,0.25,0.6666666666666666,0.0,0.1898523883546433,0.3333333333333333
ds007406,subjectwise,svm_rbf,1,sub-003,0.461315570311374,6,0,0.0,0.0,0.5,0.5333333333333333,0.4444444444444445,0.3333333333333333,0.0,1.0,0.06011289961448524,0.5
ds007406,subjectwise,svm_rbf,1,sub-004,0.461315570311374,6,0,-0.3333333333333333,-0.33333333333333326,0.3333333333333333,0.6666666666666667,0.4444444444444444,0.3333333333333333,0.3333333333333333,0.3333333333333333,0.127285874289444,0.3333333333333333
ds007406,subjectwise,svm_rbf,1,sub-005,0.4271862865703341,6,0,0.0,0.0,0.5,0.6666666666666667,0.4444444444444444,0.3333333333333333,1.0,0.0,0.12804433997144848,0.5
ds007406,subjectwise,svm_rbf,1,sub-006,0.4111057427928116,6,0,0.0,0.0,0.5,0.4444444444444445,0.22222222222222224,0.3333333333333333,1.0,0.0,0.018857716417710613,0.5
ds007406,subjectwise,svm_rbf,1,sub-007,0.4573624181681368,6,0,0.0,0.0,0.5,0.6333333333333333,0.3333333333333333,0.3333333333333333,1.0,0.0,0.34442331410051524,0.5
ds007406,subjectwise,svm_rbf,1,sub-008,0.4271862865703341,6,0,0.0,0.0,0.5,0.8666666666666667,0.7777777777777778,0.3333333333333333,1.0,0.0,0.12572494415992552,0.5
ds007406,subjectwise,svm_rbf,1,sub-009,0.4713160341020498,6,0,0.0,0.0,0.5,0.5888888888888889,0.5555555555555556,0.3333333333333333,1.0,0.0,0.12602345310143542,0.5
ds007406,subjectwise,svm_rbf,1,sub-010,0.4713160341020498,6,0,0.7071067811865476,0.6666666666666667,0.8333333333333333,1.0,1.0,0.8285714285714285,1.0,0.6666666666666666,0.2986043018219907,0.8333333333333334
ds007406,subjectwise,svm_rbf,2,sub-001,0.4427471776910039,6,0,0.0,0.0,0.5,0.8333333333333333,0.6666666666666666,0.3333333333333333,1.0,0.0,0.0405754237191257,0.5
ds007406,subjectwise,svm_rbf,2,sub-002,0.4666303094218355,6,0,0.0,0.0,0.5,0.7222222222222222,0.5555555555555556,0.3333333333333333,1.0,0.0,0.038290338264946544,0.5
ds007406,subjectwise,svm_rbf,2,sub-003,0.4289222834185091,6,0,0.0,0.0,0.5,0.4777777777777778,0.33333333333333337,0.3333333333333333,1.0,0.0,0.04780906815593711,0.5
ds007406,subjectwise,svm_rbf,2,sub-004,0.4749973793045036,6,0,0.0,0.0,0.5,0.4444444444444445,0.22222222222222224,0.3333333333333333,1.0,0.0,0.17972622726286733,0.5
ds007406,subjectwise,svm_rbf,2,sub-005,0.4289222834185091,6,0,0.0,0.0,0.5,0.5555555555555556,0.4444444444444445,0.3333333333333333,1.0,0.0,0.005040763829031736,0.5
ds007406,subjectwise,svm_rbf,2,sub-006,0.4749973793045036,6,0,0.0,0.0,0.5,1.0,1.0,0.3333333333333333,0.0,1.0,0.06537987741233381,0.5
ds007406,subjectwise,svm_rbf,2,sub-007,0.4427471776910039,6,0,0.0,0.0,0.5,0.5,0.33333333333333337,0.3333333333333333,1.0,0.0,0.17934941995858653,0.5
ds007406,subjectwise,svm_rbf,2,sub-008,0.487959270635498,6,0,0.4472135954999579,0.33333333333333337,0.6666666666666666,0.7555555555555555,0.6666666666666667,0.625,1.0,0.3333333333333333,0.010748297001790178,0.6666666666666666
ds007406,subjectwise,svm_rbf,2,sub-009,0.487959270635498,6,0,0.0,0.0,0.5,0.7222222222222222,0.5555555555555556,0.3333333333333333,1.0,0.0,0.021237801695240293,0.5
ds007406,subjectwise,svm_rbf,2,sub-010,0.4666303094218355,6,0,0.0,0.0,0.5,0.8055555555555556,0.7777777777777779,0.3333333333333333,1.0,0.0,0.2783500408202616,0.5
ds007406,subjectwise,svm_rbf,3,sub-001,0.2429281713987296,6,0,0.0,0.0,0.5,0.7,0.5555555555555556,0.4857142857142857,0.3333333333333333,0.6666666666666666,0.41023010721093206,0.5
ds007406,subjectwise,svm_rbf,3,sub-002,0.4659380384349125,6,0,0.0,0.0,0.5,0.5888888888888889,0.5555555555555556,0.3333333333333333,1.0,0.0,0.11817482746053706,0.5
ds007406,subjectwise,svm_rbf,3,sub-003,0.2429281713987296,6,0,0.0,0.0,0.5,0.38333333333333336,0.0,0.3333333333333333,0.0,1.0,0.442508445236447,0.5
ds007406,subjectwise,svm_rbf,3,sub-004,0.4692291485997196,6,0,0.0,0.0,0.5,0.4666666666666667,0.22222222222222224,0.3333333333333333,1.0,0.0,0.13851205229511476,0.5
ds007406,subjectwise,svm_rbf,3,sub-005,0.4692291485997196,6,0,0.0,0.0,0.5,0.8055555555555556,0.7777777777777779,0.3333333333333333,1.0,0.0,0.044189392521155946,0.5
ds007406,subjectwise,svm_rbf,3,sub-006,0.4874764626784188,6,0,0.7071067811865476,0.6666666666666667,0.8333333333333333,0.9166666666666665,0.888888888888889,0.8285714285714285,0.6666666666666666,1.0,0.013604043599114546,0.8333333333333334
ds007406,subjectwise,svm_rbf,3,sub-007,0.4874764626784188,6,0,0.0,0.0,0.5,0.8666666666666667,0.7777777777777778,0.3333333333333333,1.0,0.0,0.013433642680365896,0.5
ds007406,subjectwise,svm_rbf,3,sub-008,0.4659380384349125,6,0,0.4472135954999579,0.33333333333333337,0.6666666666666666,1.0,1.0,0.625,1.0,0.3333333333333333,0.3086025142115923,0.6666666666666666
ds007406,subjectwise,svm_rbf,3,sub-009,0.4576610143227133,6,0,0.0,0.0,0.5,0.5888888888888889,0.5555555555555556,0.3333333333333333,1.0,0.0,0.02302817633764257,0.5
ds007406,subjectwise,svm_rbf,3,sub-010,0.4576610143227133,6,0,0.0,0.0,0.5,1.0,1.0,0.3333333333333333,1.0,0.0,0.31293194538363855,0.5
ds007406,subjectwise,svm_rbf,4,sub-001,0.500286074184136,6,0,0.0,0.0,0.5,0.7222222222222222,0.5555555555555556,0.4857142857142857,0.3333333333333333,0.6666666666666666,0.0008170810889232734,0.5
ds007406,subjectwise,svm_rbf,4,sub-002,0.3181969267041442,6,0,0.0,0.0,0.5,0.5,0.33333333333333337,0.3333333333333333,1.0,0.0,0.25631864514314495,0.5
ds007406,subjectwise,svm_rbf,4,sub-003,0.4690967440663683,6,0,0.0,0.0,0.5,0.38333333333333336,0.0,0.3333333333333333,0.0,1.0,0.32637764511720635,0.5
ds007406,subjectwise,svm_rbf,4,sub-004,0.4359894027592893,6,0,0.0,0.0,0.5,0.4666666666666667,0.22222222222222224,0.3333333333333333,1.0,0.0,0.3786033927233565,0.5
ds007406,subjectwise,svm_rbf,4,sub-005,0.500286074184136,6,0,0.0,0.0,0.5,0.6388888888888888,0.6666666666666667,0.3333333333333333,1.0,0.0,0.001234665308444849,0.5
ds007406,subjectwise,svm_rbf,4,sub-006,0.4566501700408795,6,0,0.0,0.0,0.5,0.9166666666666665,0.888888888888889,0.3333333333333333,1.0,0.0,0.010096825296118939,0.5
ds007406,subjectwise,svm_rbf,4,sub-007,0.4359894027592893,6,0,0.4472135954999579,0.33333333333333337,0.6666666666666666,0.4777777777777778,0.33333333333333337,0.625,1.0,0.3333333333333333,0.19492894242971484,0.6666666666666666
ds007406,subjectwise,svm_rbf,4,sub-008,0.4690967440663683,6,0,0.4472135954999579,0.33333333333333337,0.6666666666666666,0.8055555555555556,0.7777777777777779,0.625,1.0,0.3333333333333333,0.29395835589449903,0.6666666666666666
ds007406,subjectwise,svm_rbf,4,sub-009,0.4566501700408795,6,0,0.0,0.0,0.5,0.5888888888888889,0.5555555555555556,0.3333333333333333,1.0,0.0,0.014369518559993985,0.5
ds007406,subjectwise,svm_rbf,4,sub-010,0.3181969267041442,6,0,0.0,0.0,0.5,0.38333333333333336,0.0,0.3333333333333333,1.0,0.0,0.41013263482603013,0.5
neuma,epochwise,deepconvnet,0,S01,0.5595820856094361,69,0,-0.22088496208002326,-0.20028208744710851,0.3685185185185186,0.2511069005918877,0.3790123456790124,0.375030599755202,0.2,0.5370370370370371,0.3177609033342721,0.463768115942029
neuma,epochwise,deepconvnet,0,S02,0.5595820856094361,63,0,0.0,0.0,0.5,0.3305409345496637,0.5011337868480725,0.49867374005305043,0.2857142857142857,0.7142857142857143,0.18552189899815452,0.5714285714285714
neuma,epochwise,deepconvnet,0,S03,0.5595820856094361,65,0,-0.1141930665500807,-0.11383108935128528,0.4406887755102041,0.284824785541815,0.44260204081632654,0.44240196078431376,0.1875,0.6938775510204082,0.2701338027532284,0.5692307692307692
neuma,epochwise,deepconvnet,0,S05,0.5595820856094361,85,0,-0.009085710233264693,-0.008154188287620379,0.49412393162393164,0.14885878967594163,0.42521367521367526,0.4769230769230769,0.3076923076923077,0.6805555555555556,0.38165787125335027,0.6235294117647059
neuma,epochwise,deepconvnet,0,S06,0.5595820856094361,139,0,-0.06059149009001735,-0.06005719733079129,0.46818181818181814,0.3216726183893417,0.45353535353535357,0.4679425837320574,0.3,0.6363636363636364,0.238337991799382,0.539568345323741
neuma,epochwise,deepconvnet,0,S07,0.5595820856094361,86,0,0.13894087376053382,0.12590163934426235,0.5857142857142856,0.26013334090006957,0.5919642857142857,0.5462127659574468,0.5,0.6714285714285714,0.3454302424608275,0.6395348837209303
neuma,epochwise,deepconvnet,0,S08,0.5595820856094361,83,0,0.053671995165215,0.052576962988585274,0.5291858678955452,0.26309827542660735,0.5207373271889401,0.522239665096808,0.38095238095238093,0.6774193548387096,0.25260889902623257,0.6024096385542169
neuma,epochwise,deepconvnet,0,S09,0.5595820856094361,120,0,-0.15697119581940805,-0.1507936507936507,0.4114906832298137,0.1797329652518097,0.34627329192546585,0.41512605042016804,0.21428571428571427,0.6086956521739131,0.30227895577748615,0.5166666666666667
neuma,epochwise,deepconvnet,0,S10,0.5595820856094361,273,0,0.085546094909899,0.0826210826210827,0.54920814479638,0.28126934089001443,0.5843195266272189,0.5355769230769231,0.36538461538461536,0.7330316742081447,0.3073657372499042,0.663003663003663
neuma,epochwise,deepconvnet,0,S12,0.5595820856094361,103,0,-0.10407306109669211,-0.10307898259705484,0.445,0.25794032534913874,0.4580952380952381,0.44623655913978494,0.25,0.64,0.26210664002930073,0.5339805825242718
neuma,epochwise,deepconvnet,0,S13,0.5595820856094361,315,0,-0.012755884350784693,-0.012210796915167244,0.4928663376957735,0.23404710632634998,0.47210898948723445,0.48442760942760943,0.3670886075949367,0.6186440677966102,0.28166374665877175,0.5555555555555556
neuma,epochwise,deepconvnet,0,S14,0.5595820856094361,55,0,0.14708710135363803,0.14693877551020407,0.575,0.3890229733683969,0.5083333333333333,0.5732952225398122,0.4,0.75,0.2774296814745123,0.6545454545454545
neuma,epochwise,deepconvnet,0,S15,0.5595820856094361,215,0,0.055769729713629285,0.05528305742898021,0.5264573552425665,0.36330655814866636,0.5086071987480438,0.525897435897436,0.30985915492957744,0.7430555555555556,0.2016623232253762,0.6
neuma,epochwise,deepconvnet,0,S16,0.5595820856094361,224,0,-0.017437470039691733,-0.01584876837884286,0.48933573172298594,0.20488472382322515,0.5086727482975717,0.47294117647058825,0.3488372093023256,0.6298342541436464,0.3491041504644922,0.5758928571428571
neuma,epochwise,deepconvnet,0,S17,0.5595820856094361,90,0,0.015564948601576447,0.015544041450777257,0.5079365079365079,0.3129392511909026,0.472663139329806,0.5074884792626728,0.3333333333333333,0.6825396825396826,0.22905480927891197,0.5777777777777777
neuma,epochwise,deepconvnet,0,S18,0.5595820856094361,56,0,0.13846153846153847,0.13846153846153852,0.5692307692307692,0.5722567998532415,0.5961538461538461,0.5692307692307692,0.5384615384615384,0.6,0.08946597895451953,0.5714285714285714
neuma,epochwise,deepconvnet,0,S19,0.5595820856094361,118,0,0.01778594583599775,0.014138817480719656,0.5122222222222221,0.1768571194405922,0.5449999999999999,0.46288515406162467,0.4444444444444444,0.58,0.38645947030035116,0.559322033898305
neuma,epochwise,deepconvnet,0,S20,0.5595820856094361,56,0,-0.02242242646654375,-0.021621621621621623,0.4879336349924585,0.28210913884917244,0.40120663650075417,0.4805908622466506,0.4117647058823529,0.5641025641025641,0.2427860796451569,0.5178571428571429
neuma,epochwise,deepconvnet,0,S21,0.5595820856094361,135,0,-0.041428571428571426,-0.04142857142857137,0.47928571428571426,0.3339250789608986,0.49314285714285716,0.47928571428571426,0.22857142857142856,0.73,0.26456594864527383,0.6
neuma,epochwise,deepconvnet,0,S22,0.5595820856094361,79,0,0.04544244414214538,0.043068640646029666,0.5207792207792208,0.5275322887326388,0.535064935064935,0.5096551724137931,0.3142857142857143,0.7272727272727273,0.09069929960407785,0.5443037974683544
neuma,epochwise,deepconvnet,0,S23,0.5595820856094361,70,0,0.03531438415159346,0.03531438415159338,0.5176571920757967,0.44245587164250555,0.5150732127476314,0.5176571920757967,0.4074074074074074,0.627906976744186,0.19041049906185695,0.5428571428571428
neuma,epochwise,deepconvnet,0,S24,0.5595820856094361,221,0,-0.05012419914542774,-0.041073413433546646,0.464100666173205,0.14533682870208425,0.48963730569948183,0.44414299844566907,0.2857142857142857,0.6424870466321243,0.4070387109776968,0.5972850678733032
neuma,epochwise,deepconvnet,0,S25,0.5595820856094361,42,0,-0.07658395810674835,-0.07547169811320753,0.45894428152492667,0.27180949395906157,0.49560117302052786,0.4589830508474576,0.2727272727272727,0.6451612903225806,0.2608976718925295,0.5476190476190477
neuma,epochwise,deepconvnet,0,S26,0.5595820856094361,269,0,-0.019900206879730462,-0.019820419022281488,0.4904118404118404,0.35422203530987184,0.5497425997425998,0.48924050632911387,0.2619047619047619,0.7189189189189189,0.20069337639002108,0.5762081784386617
neuma,epochwise,deepconvnet,0,S27,0.5595820856094361,49,0,0.029235267310234306,0.02919708029197088,0.5142857142857142,0.3120451598925641,0.5061224489795919,0.5143453312467396,0.2857142857142857,0.7428571428571429,0.22963005547620816,0.6122448979591837
neuma,epochwise,deepconvnet,0,S28,0.5595820856094361,152,0,0.21167521711288487,0.21018446349701214,0.6134006167647883,0.34042187338535035,0.647322680123353,0.6041666666666667,0.41379310344827586,0.8130081300813008,0.28349740958870634,0.7368421052631579
neuma,epochwise,deepconvnet,0,S29,0.5595820856094361,109,0,0.07395684811705057,0.06953987091401215,0.5436259143155695,0.22357298490651717,0.544932079414838,0.523611555271293,0.4090909090909091,0.6781609195402298,0.33110051663643725,0.6238532110091743
neuma,epochwise,deepconvnet,0,S30,0.5595820856094361,53,0,-0.15217391304347827,-0.15217391304347827,0.42391304347826086,0.3872244160454675,0.41884057971014493,0.42391304347826086,0.34782608695652173,0.5,0.15726559791924816,0.4339622641509434
neuma,epochwise,deepconvnet,0,S31,0.5595820856094361,99,0,-0.20407795807323825,-0.20128479657387577,0.40429864253393666,0.31135388952269094,0.47556561085972854,0.3958358262534402,0.14705882352941177,0.6615384615384615,0.1802648570802477,0.48484848484848486
neuma,epochwise,deepconvnet,0,S32,0.5595820856094361,101,0,-0.1149634881728159,-0.1149165015567506,0.4415995397008055,0.24956726493310105,0.4614499424626007,0.4424628450106157,0.13636363636363635,0.7468354430379747,0.26851555162874774,0.6138613861386139
neuma,epochwise,deepconvnet,0,S33,0.5595820856094361,97,0,0.08047661042004137,0.07540775259478927,0.5427884615384615,0.4184965032869655,0.5350961538461538,0.5231071779744346,0.5625,0.5230769230769231,0.2186805301720334,0.5360824742268041
neuma,epochwise,deepconvnet,0,S34,0.5595820856094361,235,0,-0.0019540195807853118,-0.0019328065488033452,0.49893135529293436,0.18995374049808433,0.5538094040734222,0.4973046975271669,0.21951219512195122,0.7783505154639175,0.273990028066204,0.6808510638297872
neuma,epochwise,deepconvnet,0,S35,0.5595820856094361,101,0,-0.18733217110305544,-0.18115111213024537,0.3960526315789473,0.24911879413094215,0.4926315789473684,0.40111614928496686,0.2,0.5921052631578947,0.2820661985638118,0.49504950495049505
neuma,epochwise,deepconvnet,0,S36,0.5595820856094361,51,0,-0.10777377517367856,-0.10764872521246449,0.4472222222222222,0.3110114246837572,0.40740740740740733,0.44591402928672647,0.2,0.6944444444444444,0.2651748743784778,0.5490196078431373
neuma,epochwise,deepconvnet,0,S37,0.5595820856094361,66,0,-0.21788191176076888,-0.21492537313432836,0.39615384615384613,0.4276126890063183,0.4355769230769231,0.3887359198998748,0.19230769230769232,0.6,0.1510043198412115,0.4393939393939394
neuma,epochwise,deepconvnet,0,S38,0.5595820856094361,181,0,0.08424975635392662,0.08305387085265792,0.5449907235621521,0.3040472545300752,0.5454545454545454,0.5387459172319731,0.40816326530612246,0.6818181818181818,0.2702680659886882,0.6077348066298343
neuma,epochwise,deepconvnet,0,S39,0.5595820856094361,39,0,-0.07027283689263064,-0.06926406926406914,0.4666666666666667,0.44247601677369647,0.42222222222222217,0.46187363834422657,0.26666666666666666,0.6666666666666666,0.1462243031232785,0.5128205128205128
neuma,epochwise,deepconvnet,0,S40,0.5595820856094361,65,0,-0.08974358974358974,-0.08974358974358987,0.4551282051282051,0.35299126000336034,0.42011834319526625,0.4551282051282051,0.34615384615384615,0.5641025641025641,0.1382050954378568,0.47692307692307695
neuma,epochwise,deepconvnet,0,S41,0.5595820856094361,48,0,0.09128709291752769,0.09090909090909094,0.5444444444444444,0.40221063976964844,0.5444444444444445,0.5445920303605313,0.3888888888888889,0.7,0.16352752471963566,0.5833333333333334
neuma,epochwise,deepconvnet,0,S42,0.5595820856094361,63,0,-0.03815170713731976,-0.03732162458836452,0.48210526315789476,0.4511446333293218,0.4652631578947368,0.47616407982261644,0.28,0.6842105263157895,0.16192969112169175,0.5238095238095238
neuma,epochwise,deepconvnet,0,S43,0.5595820856094361,86,0,-0.01849000654084097,-0.01791426743442104,0.4897435897435898,0.22130166616763366,0.4432234432234432,0.48436233997731326,0.3333333333333333,0.6461538461538462,0.2871410437794618,0.5697674418604651
neuma,epochwise,deepconvnet,0,S44,0.5595820856094361,82,0,-0.07541555335277789,-0.06325110689437063,0.45265151515151514,0.28231592177070675,0.4412878787878788,0.4285228624851266,0.375,0.5303030303030303,0.3511175251588589,0.5
neuma,epochwise,deepconvnet,1,S01,0.5175259232521057,69,0,0.15291163404532784,0.12300123001230012,0.5925925925925926,0.35458309942954014,0.6222222222222222,0.5179175118323192,0.6666666666666666,0.5185185185185185,0.3049873519634855,0.5507246376811594
neuma,epochwise,deepconvnet,1,S02,0.5175259232521057,63,0,0.2258769757263128,0.20408163265306112,0.6190476190476191,0.48882270377197523,0.6462585034013605,0.5821428571428571,0.7142857142857143,0.5238095238095238,0.21016526387797463,0.5873015873015873
neuma,epochwise,deepconvnet,1,S03,0.5175259232521057,65,0,0.17083585174374463,0.1412300683371298,0.5988520408163265,0.3722583170211057,0.5931122448979592,0.5321419707123356,0.6875,0.5102040816326531,0.28741576098478755,0.5538461538461539
neuma,epochwise,deepconvnet,1,S05,0.5175259232521057,85,0,0.04023371246543896,0.02298850574712641,0.5267094017094017,0.22668666142700133,0.5106837606837606,0.38725490196078427,0.6923076923076923,0.3611111111111111,0.3780486976399141,0.4117647058823529
neuma,epochwise,deepconvnet,1,S06,0.5175259232521057,139,0,-0.09084651991817119,-0.08570188761119568,0.45012626262626265,0.28382770464466534,0.4527777777777777,0.4425133689839572,0.375,0.5252525252525253,0.21391189087637896,0.48201438848920863
neuma,epochwise,deepconvnet,1,S07,0.5175259232521057,86,0,0.024988114018302504,0.01526717557251922,0.5151785714285715,0.17058174133727794,0.4625,0.39310917393109174,0.6875,0.34285714285714286,0.3517045292050339,0.4069767441860465
neuma,epochwise,deepconvnet,1,S08,0.5175259232521057,83,0,-0.06626485045330265,-0.049548387096774116,0.4631336405529954,0.2935609595370804,0.4923195084485407,0.40094270142878186,0.5714285714285714,0.3548387096774194,0.2860427443162505,0.40963855421686746
neuma,epochwise,deepconvnet,1,S09,0.5175259232521057,120,0,-0.03217447260438935,-0.02409638554216853,0.48136645962732916,0.2165113974857671,0.4483695652173913,0.41714285714285715,0.5714285714285714,0.391304347826087,0.3006911486387253,0.43333333333333335
neuma,epochwise,deepconvnet,1,S10,0.5175259232521057,273,0,0.03742405942825599,0.03076923076923077,0.5237556561085973,0.1928035224955581,0.5064392620953706,0.474871763556424,0.5,0.5475113122171946,0.3054613366458887,0.5384615384615384
neuma,epochwise,deepconvnet,1,S12,0.5175259232521057,103,0,0.06605500155582557,0.05572532806039898,0.5369047619047619,0.2906898609199387,0.5176190476190476,0.48925619834710743,0.6071428571428571,0.4666666666666667,0.28088838592605686,0.5048543689320388
neuma,epochwise,deepconvnet,1,S13,0.5175259232521057,315,0,0.012789021170604212,0.010998900109989052,0.5073750268182793,0.2458391284554346,0.4945827075734821,0.47078085372770173,0.5189873417721519,0.4957627118644068,0.26282132614463094,0.5015873015873016
neuma,epochwise,deepconvnet,1,S14,0.5175259232521057,55,0,-0.060192926542884606,-0.04923076923076919,0.4666666666666667,0.34146517081897604,0.5083333333333334,0.4241810199257008,0.5333333333333333,0.4,0.25353905233469876,0.43636363636363634
neuma,epochwise,deepconvnet,1,S15,0.5175259232521057,215,0,-0.011999614352028008,-0.01020039355849156,0.4937891236306729,0.33997630426120434,0.4959898278560251,0.45411340899720054,0.6056338028169014,0.3819444444444444,0.2000905866539755,0.4558139534883721
neuma,epochwise,deepconvnet,1,S16,0.5175259232521057,224,0,0.014107912653265886,0.008783603939313211,0.5084800205576256,0.20213984986146138,0.5059745599383271,0.39307759691975475,0.6744186046511628,0.3425414364640884,0.34057361512844053,0.40625
neuma,epochwise,deepconvnet,1,S17,0.5175259232521057,90,0,-0.16972502573910517,-0.15555555555555545,0.4074074074074074,0.29151406597409624,0.3997648442092886,0.39814814814814814,0.37037037037037035,0.4444444444444444,0.21720981266763478,0.4222222222222222
neuma,epochwise,deepconvnet,1,S18,0.5175259232521057,56,0,-0.013504392004871415,-0.012468827930174564,0.4935897435897436,0.45837852535130463,0.45256410256410257,0.47392290249433106,0.6538461538461539,0.3333333333333333,0.0773282327822277,0.48214285714285715
neuma,epochwise,deepconvnet,1,S19,0.5175259232521057,118,0,-0.0292031935021026,-0.016754427955959716,0.48055555555555557,0.20699586965099043,0.46555555555555556,0.3635001498351813,0.6111111111111112,0.35,0.40118998566926534,0.3898305084745763
neuma,epochwise,deepconvnet,1,S20,0.5175259232521057,56,0,0.005789445619098958,0.004587155963302836,0.5030165912518854,0.32363418912091513,0.48114630467571645,0.4448353054045411,0.6470588235294118,0.358974358974359,0.24180461998496738,0.44642857142857145
neuma,epochwise,deepconvnet,1,S21,0.5175259232521057,135,0,0.19871141656309865,0.1541521631029339,0.6107142857142858,0.31831960295550166,0.5431428571428571,0.5248868778280543,0.7714285714285715,0.45,0.26625866271831367,0.5333333333333333
neuma,epochwise,deepconvnet,1,S22,0.5175259232521057,79,0,0.12857142857142856,0.12527681113571654,0.5642857142857143,0.5396181169852382,0.5902597402597403,0.5569620253164557,0.6285714285714286,0.5,0.08490195304532598,0.5569620253164557
neuma,epochwise,deepconvnet,1,S23,0.5175259232521057,70,0,-0.3281246795658991,-0.28735632183908044,0.33850129198966405,0.3076505676899379,0.3023255813953488,0.3137254901960784,0.4444444444444444,0.23255813953488372,0.269642100589616,0.3142857142857143
neuma,epochwise,deepconvnet,1,S24,0.5175259232521057,221,0,-0.08107584617339653,-0.04298373680100487,0.4414322723908216,0.1193231451951987,0.46928201332346403,0.33417864187094953,0.5357142857142857,0.3471502590673575,0.4033965718557393,0.37104072398190047
neuma,epochwise,deepconvnet,1,S25,0.5175259232521057,42,0,0.2150107550982225,0.18004338394793917,0.6217008797653959,0.500940678141635,0.6832844574780058,0.5552941176470588,0.7272727272727273,0.5161290322580645,0.2612788357904979,0.5714285714285714
neuma,epochwise,deepconvnet,1,S26,0.5175259232521057,269,0,-0.00852933663744879,-0.007938049904243627,0.4953989703989704,0.31505929479153194,0.5205920205920206,0.4786597183341229,0.4880952380952381,0.5027027027027027,0.18584190642800474,0.49814126394052044
neuma,epochwise,deepconvnet,1,S27,0.5175259232521057,49,0,0.06565321642986127,0.05405405405405417,0.5357142857142857,0.3470090491617488,0.49795918367346936,0.4820295983086681,0.6428571428571429,0.42857142857142855,0.24194500701768054,0.4897959183673469
neuma,epochwise,deepconvnet,1,S28,0.5175259232521057,152,0,-0.07753094639186879,-0.06891701828410679,0.4519203812727782,0.2126420719381638,0.45079899074852814,0.44023569023569026,0.3103448275862069,0.5934959349593496,0.2958173681001522,0.5394736842105263
neuma,epochwise,deepconvnet,1,S29,0.5175259232521057,109,0,-0.00555634711437635,-0.00392571342292003,0.49660397074190177,0.2673373051755718,0.5308254963427378,0.41660085987540585,0.5909090909090909,0.40229885057471265,0.32446567980794727,0.44036697247706424
neuma,epochwise,deepconvnet,1,S30,0.5175259232521057,53,0,-0.03498601749806423,-0.033426183844011303,0.4826086956521739,0.42745064207999717,0.4608695652173913,0.47150997150997154,0.5652173913043478,0.4,0.09657542379397269,0.4716981132075472
neuma,epochwise,deepconvnet,1,S31,0.5175259232521057,99,0,0.004756514941544941,0.004338394793926392,0.5024886877828054,0.41294814973279587,0.5190045248868778,0.4795381919389754,0.5588235294117647,0.4461538461538462,0.18454570556529848,0.48484848484848486
neuma,epochwise,deepconvnet,1,S32,0.5175259232521057,101,0,0.036662327301055835,0.031422158743113604,0.5221518987341772,0.2544540239032059,0.5132336018411968,0.48272856053176416,0.5,0.5443037974683544,0.30640802683659124,0.5346534653465347
neuma,epochwise,deepconvnet,1,S33,0.5175259232521057,97,0,0.09958768080292947,0.08418568056648301,0.5514423076923077,0.44109027728343697,0.5634615384615385,0.5038363171355499,0.6875,0.4153846153846154,0.20905948637687055,0.5051546391752577
neuma,epochwise,deepconvnet,1,S34,0.5175259232521057,235,0,0.00932175976749152,0.008530761741388115,0.5057832537088257,0.19708320040194816,0.5504148855921549,0.4880174291938998,0.34146341463414637,0.6701030927835051,0.2715451040483535,0.6127659574468085
neuma,epochwise,deepconvnet,1,S35,0.5175259232521057,101,0,-0.01684919337802087,-0.014017806402727873,0.49026315789473685,0.23751972213184025,0.4705263157894737,0.4491098075537717,0.52,0.4605263157894737,0.2828177675457284,0.4752475247524752
neuma,epochwise,deepconvnet,1,S36,0.5175259232521057,51,0,-0.18257418583505536,-0.18181818181818188,0.40555555555555556,0.31452506096069816,0.4092592592592593,0.4080357142857143,0.2,0.6111111111111112,0.2084864173449722,0.49019607843137253
neuma,epochwise,deepconvnet,1,S37,0.5175259232521057,66,0,-0.11499323120707246,-0.09718670076726332,0.4451923076923077,0.39278188511674267,0.43365384615384617,0.40567998152851537,0.6153846153846154,0.275,0.18325919725678186,0.4090909090909091
neuma,epochwise,deepconvnet,1,S38,0.5175259232521057,181,0,0.011718764750630599,0.009998235605481298,0.5065708101422387,0.27758453157572616,0.5183982683982684,0.46739439962031326,0.5510204081632653,0.4621212121212121,0.2604802936644844,0.4861878453038674
neuma,epochwise,deepconvnet,1,S39,0.5175259232521057,39,0,-0.12048289933537483,-0.08333333333333326,0.44999999999999996,0.48346769089553465,0.45833333333333337,0.3641304347826087,0.7333333333333333,0.16666666666666666,0.16286353193796596,0.38461538461538464
neuma,epochwise,deepconvnet,1,S40,0.5175259232521057,65,0,-0.07963978098028483,-0.06936416184971095,0.46153846153846156,0.4269492414939824,0.5059171597633136,0.42860536944642436,0.6153846153846154,0.3076923076923077,0.16073554570858295,0.4307692307692308
neuma,epochwise,deepconvnet,1,S41,0.5175259232521057,48,0,0.11834526708278773,0.09433962264150941,0.5555555555555556,0.3250582874740504,0.4037037037037037,0.49650349650349646,0.7777777777777778,0.3333333333333333,0.1795722885678212,0.5
neuma,epochwise,deepconvnet,1,S42,0.5175259232521057,63,0,0.07254762501100116,0.06896551724137934,0.5368421052631579,0.44992827286664094,0.5494736842105263,0.5227272727272727,0.6,0.47368421052631576,0.134705877349165,0.5238095238095238
neuma,epochwise,deepconvnet,1,S43,0.5175259232521057,86,0,-0.09379570946170505,-0.07554874936191935,0.44578754578754576,0.255523351000645,0.4,0.4070634585619811,0.47619047619047616,0.4153846153846154,0.28390411790027176,0.43023255813953487
neuma,epochwise,deepconvnet,1,S44,0.5175259232521057,82,0,-0.009349469900084572,-0.006134969325153561,0.4943181818181818,0.24053208517877736,0.4375,0.3970588235294118,0.625,0.36363636363636365,0.34655959140963666,0.4146341463414634
neuma,epochwise,deepconvnet,2,S01,0.5169815826416015,69,0,0.15307704893192545,0.08730158730158721,0.5814814814814815,0.3075085208569549,0.6234567901234568,0.41919191919191917,0.8666666666666667,0.2962962962962963,0.32580149476078973,0.42028985507246375
neuma,epochwise,deepconvnet,2,S02,0.5169815826416015,63,0,0.10314212462587935,0.07272727272727264,0.5476190476190477,0.31497473617500016,0.49206349206349204,0.4568965517241379,0.8095238095238095,0.2857142857142857,0.22238184393398347,0.4603174603174603
neuma,epochwise,deepconvnet,2,S03,0.5169815826416015,65,0,0.07142857142857142,0.047524752475247345,0.5382653061224489,0.30132699401324037,0.5714285714285714,0.42860536944642436,0.75,0.32653061224489793,0.3153363045591575,0.4307692307692308
neuma,epochwise,deepconvnet,2,S05,0.5169815826416015,85,0,-0.11440107883060736,-0.046511627906976605,0.43643162393162394,0.1372048724110544,0.3920940170940171,0.25717852684144815,0.6923076923076923,0.18055555555555555,0.40033943618045137,0.25882352941176473
neuma,epochwise,deepconvnet,2,S06,0.5169815826416015,139,0,-0.0339775003417045,-0.022058823529411686,0.4837121212121212,0.3200784570530413,0.5118686868686868,0.3804933665008292,0.725,0.24242424242424243,0.28772251768935503,0.381294964028777
neuma,epochwise,deepconvnet,2,S07,0.5169815826416015,86,0,-0.006470154480826261,-0.0032746623004502595,0.49642857142857144,0.2570010966162404,0.48749999999999993,0.33496133496133496,0.75,0.24285714285714285,0.36427229677521905,0.3372093023255814
neuma,epochwise,deepconvnet,2,S08,0.5169815826416015,83,0,0.10833335677805471,0.07526615498885869,0.5583717357910907,0.3386112935071092,0.58678955453149,0.45498321902816286,0.7619047619047619,0.3548387096774194,0.2803702654866838,0.4578313253012048
neuma,epochwise,deepconvnet,2,S09,0.5169815826416015,120,0,-0.0893633203101749,-0.03571428571428581,0.46506211180124224,0.19988844111779458,0.3893633540372671,0.2663902747523013,0.8214285714285714,0.10869565217391304,0.3474343719581763,0.275
neuma,epochwise,deepconvnet,2,S10,0.5169815826416015,273,0,-0.06879870800596871,-0.039720279720279805,0.459841628959276,0.19176061161280292,0.4583188304907762,0.3437232612150104,0.6346153846153846,0.2850678733031674,0.3527487234209047,0.3516483516483517
neuma,epochwise,deepconvnet,2,S12,0.5169815826416015,103,0,-0.013747713659372454,-0.011220196353436185,0.49238095238095236,0.2895749997763873,0.5042857142857142,0.4445300462249615,0.5714285714285714,0.41333333333333333,0.2751839242839408,0.4563106796116505
neuma,epochwise,deepconvnet,2,S13,0.5169815826416015,315,0,0.016982050966641335,0.011596180081855478,0.5091182149753272,0.2740472254761839,0.5222055352928556,0.413265306122449,0.6962025316455697,0.3220338983050847,0.3003829168791454,0.4158730158730159
neuma,epochwise,deepconvnet,2,S14,0.5169815826416015,55,0,0.07667979486648717,0.048648648648648596,0.5375000000000001,0.38583653596749706,0.535,0.41798941798941797,0.8,0.275,0.27363123975016856,0.41818181818181815
neuma,epochwise,deepconvnet,2,S15,0.5169815826416015,215,0,0.09146207755272459,0.06031468531468531,0.5404929577464789,0.3585527932255049,0.5307120500782472,0.43539915966386555,0.8309859154929577,0.25,0.230848218535268,0.4418604651162791
neuma,epochwise,deepconvnet,2,S16,0.5169815826416015,224,0,0.0012152534382287154,0.00037188545927857586,0.500449698059874,0.17637024853249686,0.4693562893485802,0.2426950012074378,0.9069767441860465,0.09392265193370165,0.3717820226613964,0.25
neuma,epochwise,deepconvnet,2,S17,0.5169815826416015,90,0,0.04279604925109129,0.020618556701030966,0.5158730158730158,0.31198151801700524,0.4497354497354497,0.34857142857142853,0.8888888888888888,0.14285714285714285,0.2658304843637679,0.36666666666666664
neuma,epochwise,deepconvnet,2,S18,0.5169815826416015,56,0,-0.08520522057286624,-0.04578313253012034,0.4756410256410256,0.4706767250886601,0.4371794871794872,0.35584415584415585,0.8846153846153846,0.06666666666666667,0.12002182751894003,0.44642857142857145
neuma,epochwise,deepconvnet,2,S19,0.5169815826416015,118,0,-0.09442493355780546,-0.03190467038247169,0.4538888888888889,0.13514708775443168,0.42833333333333334,0.22875816993464052,0.7777777777777778,0.13,0.40922431875083404,0.2288135593220339
neuma,epochwise,deepconvnet,2,S20,0.5169815826416015,56,0,-0.028324634285658866,-0.01510574018126909,0.48868778280542985,0.44009663097428664,0.5791855203619909,0.34375,0.8235294117647058,0.15384615384615385,0.2590976714023522,0.35714285714285715
neuma,epochwise,deepconvnet,2,S21,0.5169815826416015,135,0,0.001488464446694914,0.0008707009142360222,0.5007142857142858,0.2629239323085285,0.4877142857142857,0.3698171234005162,0.7714285714285715,0.23,0.2969991370483681,0.37037037037037035
neuma,epochwise,deepconvnet,2,S22,0.5169815826416015,79,0,0.028144846702477896,0.025293028994447964,0.5133116883116883,0.51866757838833,0.5233766233766234,0.487012987012987,0.6857142857142857,0.3409090909090909,0.12406255267088928,0.4936708860759494
neuma,epochwise,deepconvnet,2,S23,0.5169815826416015,70,0,-0.09585135395861193,-0.05614035087719316,0.4655469422911283,0.3718866087911027,0.3962101636520241,0.34721318585990024,0.8148148148148148,0.11627906976744186,0.19940574296883168,0.38571428571428573
neuma,epochwise,deepconvnet,2,S24,0.5169815826416015,221,0,0.14063469878122728,0.04809763101220388,0.5805884529977794,0.12077786074977992,0.4877868245743894,0.2923645320197044,0.9642857142857143,0.19689119170984457,0.43287556972438934,0.29411764705882354
neuma,epochwise,deepconvnet,2,S25,0.5169815826416015,42,0,0.07870841545067846,0.047186932849364926,0.5381231671554252,0.3581256430536597,0.5777126099706744,0.40442427680090753,0.8181818181818182,0.25806451612903225,0.28700130255449385,0.40476190476190477
neuma,epochwise,deepconvnet,2,S26,0.5169815826416015,269,0,0.16222262100665713,0.12944983818770228,0.5836550836550837,0.334878725753173,0.5485842985842986,0.5159191583610188,0.7619047619047619,0.40540540540540543,0.22215113180540644,0.516728624535316
neuma,epochwise,deepconvnet,2,S27,0.5169815826416015,49,0,0.20816659994661327,0.12093023255813962,0.5928571428571429,0.3414905608279223,0.5510204081632653,0.44528301886792454,0.9285714285714286,0.2571428571428571,0.27524947086159063,0.4489795918367347
neuma,epochwise,deepconvnet,2,S28,0.5169815826416015,152,0,-0.08134078087466315,-0.05859750240153705,0.4486963835155593,0.19473337224115983,0.47743201569946736,0.39158040027605245,0.4827586206896552,0.4146341463414634,0.34075077456471164,0.4276315789473684
neuma,epochwise,deepconvnet,2,S29,0.5169815826416015,109,0,0.08202716823406478,0.03899168011921028,0.5410135841170324,0.24053687533711882,0.5517241379310345,0.3486238532110092,0.8636363636363636,0.21839080459770116,0.36025640641877416,0.3486238532110092
neuma,epochwise,deepconvnet,2,S30,0.5169815826416015,53,0,0.0501607721190705,0.0325945241199479,0.5181159420289855,0.5034464923242975,0.5333333333333333,0.4256965944272446,0.8695652173913043,0.16666666666666666,0.13461242981676785,0.4716981132075472
neuma,epochwise,deepconvnet,2,S31,0.5169815826416015,99,0,-0.03473667371459375,-0.025723472668810254,0.48371040723981906,0.4104227622846859,0.5334841628959276,0.4111977030352748,0.7058823529411765,0.26153846153846155,0.2371974528738947,0.41414141414141414
neuma,epochwise,deepconvnet,2,S32,0.5169815826416015,101,0,-0.11686949682211313,-0.08919758727837679,0.4298043728423475,0.1918050594554594,0.4263521288837745,0.38674488010702895,0.45454545454545453,0.4050632911392405,0.29984910018732863,0.4158415841584158
neuma,epochwise,deepconvnet,2,S33,0.5169815826416015,97,0,0.2760262237369417,0.1415929203539823,0.6,0.4244923361988045,0.6331730769230769,0.44252873563218387,1.0,0.2,0.23989790247887677,0.4639175257731959
neuma,epochwise,deepconvnet,2,S34,0.5169815826416015,235,0,0.008219271492246294,0.006012514419547643,0.505406084988685,0.1609407562690866,0.48956499874277093,0.4349726775956284,0.5365853658536586,0.4742268041237113,0.31882734496022286,0.4851063829787234
neuma,epochwise,deepconvnet,2,S35,0.5169815826416015,101,0,0.11050309639338393,0.050065113587035026,0.5455263157894737,0.2200109190779983,0.45210526315789473,0.35006435006435005,0.92,0.17105263157894737,0.31892904816287576,0.3564356435643564
neuma,epochwise,deepconvnet,2,S36,0.5169815826416015,51,0,-0.10683184674178796,-0.09312638580931254,0.44166666666666665,0.27410690409641775,0.4537037037037037,0.4170279858100118,0.4666666666666667,0.4166666666666667,0.25420575676595464,0.43137254901960786
neuma,epochwise,deepconvnet,2,S37,0.5169815826416015,66,0,-0.05547001962252291,-0.03539823008849541,0.47884615384615387,0.36031043328733653,0.42115384615384616,0.3769063180827886,0.8076923076923077,0.15,0.21088722799763537,0.4090909090909091
neuma,epochwise,deepconvnet,2,S38,0.5169815826416015,181,0,0.04035846407317162,0.024306576497108656,0.5191713048855906,0.26678016013348294,0.5211811997526283,0.3913548544876498,0.7959183673469388,0.24242424242424243,0.2779454451404224,0.39226519337016574
neuma,epochwise,deepconvnet,2,S39,0.5169815826416015,39,0,-0.24720661623652213,-0.1496598639455784,0.4083333333333333,0.3726388132425284,0.4305555555555556,0.29583333333333334,0.7333333333333333,0.08333333333333333,0.21359441372064444,0.3333333333333333
neuma,epochwise,deepconvnet,2,S40,0.5169815826416015,65,0,-0.2983352891851307,-0.20879120879120894,0.3782051282051282,0.34583419103250307,0.36094674556213024,0.2948717948717949,0.6538461538461539,0.10256410256410256,0.22445878524046675,0.3230769230769231
neuma,epochwise,deepconvnet,2,S41,0.5169815826416015,48,0,0.11547005383792515,0.0714285714285714,0.5444444444444444,0.40867554826388286,0.4703703703703703,0.4337568058076225,0.8888888888888888,0.2,0.18609603432317576,0.4583333333333333
neuma,epochwise,deepconvnet,2,S42,0.5169815826416015,63,0,-0.01856328376407397,-0.014726184997698955,0.491578947368421,0.5145739285635909,0.5294736842105263,0.4353393085787452,0.72,0.2631578947368421,0.16658380012663584,0.4444444444444444
neuma,epochwise,deepconvnet,2,S43,0.5169815826416015,86,0,0.006237940987566874,0.004008908685968704,0.5032967032967033,0.3240524548923926,0.5531135531135531,0.39403794037940376,0.7142857142857143,0.2923076923076923,0.29958572429279945,0.3953488372093023
neuma,epochwise,deepconvnet,2,S44,0.5169815826416015,82,0,0.00946969696969697,0.004336513443191747,0.5047348484848485,0.33143527643634885,0.5785984848484849,0.3170731707317073,0.8125,0.19696969696969696,0.38639451454325424,0.3170731707317073
neuma,epochwise,deepconvnet,3,S01,0.4528755855560303,69,0,-0.1289735555751132,-0.05893186003683226,0.4407407407407407,0.2444640716341385,0.519753086419753,0.273989898989899,0.7333333333333333,0.14814814814814814,0.3085348584513733,0.2753623188405797
neuma,epochwise,deepconvnet,3,S02,0.4528755855560303,63,0,0.0,0.0,0.5,0.33430602388580877,0.4580498866213152,0.35764705882352943,0.8571428571428571,0.14285714285714285,0.18655316129563349,0.38095238095238093
neuma,epochwise,deepconvnet,3,S03,0.4528755855560303,65,0,0.10714285714285714,0.05660377358490576,0.5497448979591837,0.2426099662309698,0.48086734693877553,0.38330170777988615,0.875,0.22448979591836735,0.29923604709597734,0.38461538461538464
neuma,epochwise,deepconvnet,3,S05,0.4528755855560303,85,0,0.03738187970144928,0.014683153013910322,0.5202991452991453,0.2244693247218244,0.516025641025641,0.2932372505543237,0.8461538461538461,0.19444444444444445,0.36739188748247475,0.29411764705882354
neuma,epochwise,deepconvnet,3,S06,0.4528755855560303,139,0,0.01350511550378559,0.007966804979253062,0.5060606060606061,0.30236873141524917,0.4762626262626262,0.3773958333333334,0.8,0.21212121212121213,0.26218686890687876,0.381294964028777
neuma,epochwise,deepconvnet,3,S07,0.4528755855560303,86,0,-0.1994352929905476,-0.06715328467153281,0.41785714285714287,0.184143370876508,0.44642857142857145,0.20543478260869563,0.75,0.08571428571428572,0.34621497503546783,0.20930232558139536
neuma,epochwise,deepconvnet,3,S08,0.4528755855560303,83,0,0.02068416950381552,0.01123848055742871,0.5096006144393241,0.21010954687228514,0.40783410138248843,0.35995926087589114,0.8095238095238095,0.20967741935483872,0.25602528938095737,0.3614457831325301
neuma,epochwise,deepconvnet,3,S09,0.4528755855560303,120,0,-0.03058429654843301,-0.01384364820846895,0.48680124223602483,0.25397825390537526,0.5104813664596273,0.304420699769537,0.8214285714285714,0.15217391304347827,0.2824948184192181,0.30833333333333335
neuma,epochwise,deepconvnet,3,S10,0.4528755855560303,273,0,0.09316085979025752,0.05146454968519032,0.5531674208144797,0.2395707190626527,0.5345457709711104,0.3908969210174029,0.8076923076923077,0.2986425339366516,0.31506495290152703,0.3956043956043956
neuma,epochwise,deepconvnet,3,S12,0.4528755855560303,103,0,-0.02225775067952074,-0.01126191163730872,0.4907142857142857,0.34053745887186515,0.5623809523809524,0.3321891685736079,0.8214285714285714,0.16,0.2842997381264724,0.33980582524271846
neuma,epochwise,deepconvnet,3,S13,0.4528755855560303,315,0,-0.051454429439198826,-0.026058631921824116,0.4771508260030036,0.27441467010610643,0.5041300150182365,0.32049503245865446,0.7848101265822784,0.1694915254237288,0.27722976959887013,0.3238095238095238
neuma,epochwise,deepconvnet,3,S14,0.4528755855560303,55,0,-0.13471506281091267,-0.07179487179487176,0.44166666666666665,0.36318708735741295,0.525,0.30333333333333334,0.7333333333333333,0.15,0.264117479595271,0.3090909090909091
neuma,epochwise,deepconvnet,3,S15,0.4528755855560303,215,0,-0.06355090848102371,-0.03739445114595896,0.47422730829420967,0.3375149271679867,0.46684272300469487,0.3521800779865296,0.7887323943661971,0.1597222222222222,0.1909834815319194,0.3674418604651163
neuma,epochwise,deepconvnet,3,S16,0.4528755855560303,224,0,0.014545706324973939,0.006199874864910915,0.5070024412180394,0.21021063597518158,0.5063600154182192,0.3033492822966507,0.8372093023255814,0.17679558011049723,0.3218664866206902,0.30357142857142855
neuma,epochwise,deepconvnet,3,S17,0.4528755855560303,90,0,-0.17118419700436516,-0.08247422680412364,0.4365079365079365,0.2570108826797215,0.41328630217519113,0.28,0.7777777777777778,0.09523809523809523,0.2282261805401908,0.3
neuma,epochwise,deepconvnet,3,S18,0.4528755855560303,56,0,-0.08119979429411502,-0.05084745762711873,0.47307692307692306,0.4633053125900821,0.4897435897435897,0.3744144144144144,0.8461538461538461,0.1,0.08572130490626607,0.44642857142857145
neuma,epochwise,deepconvnet,3,S19,0.4528755855560303,118,0,-0.029245969339442495,-0.011700625378253005,0.4838888888888889,0.17626725750985794,0.5411111111111111,0.2783653500251817,0.7777777777777778,0.19,0.368340883467157,0.2796610169491525
neuma,epochwise,deepconvnet,3,S20,0.4528755855560303,56,0,-0.11848523787929313,-0.041984732824427384,0.46681749622926094,0.3416919842054589,0.5188536953242836,0.2639029322548028,0.8823529411764706,0.05128205128205128,0.25398117250629837,0.30357142857142855
neuma,epochwise,deepconvnet,3,S21,0.4528755855560303,135,0,0.02122190620157198,0.007902015013828478,0.5071428571428571,0.2591102935160705,0.48742857142857143,0.29231723127219433,0.9142857142857143,0.1,0.27589880007284656,0.3111111111111111
neuma,epochwise,deepconvnet,3,S22,0.4528755855560303,79,0,0.23545770493544088,0.1555819477434679,0.5850649350649351,0.5701523732324075,0.6188311688311688,0.5021008403361344,0.9428571428571428,0.22727272727272727,0.08408467169803907,0.5443037974683544
neuma,epochwise,deepconvnet,3,S23,0.4528755855560303,70,0,-0.2253310665083256,-0.14917915774446833,0.4099913867355728,0.3261110649780087,0.38156761412575363,0.31547619047619047,0.7037037037037037,0.11627906976744186,0.15063516795635223,0.34285714285714286
neuma,epochwise,deepconvnet,3,S24,0.4528755855560303,221,0,0.10495126774718454,0.035893754486719276,0.560140636565507,0.16794861539464173,0.6028867505551443,0.2832922824302135,0.9285714285714286,0.19170984455958548,0.3904821013703066,0.2850678733031674
neuma,epochwise,deepconvnet,3,S25,0.4528755855560303,42,0,0.047134167942292055,0.0267379679144385,0.5219941348973607,0.3000697512206464,0.5483870967741935,0.3795454545454545,0.8181818181818182,0.22580645161290322,0.2734824362255278,0.38095238095238093
neuma,epochwise,deepconvnet,3,S26,0.4528755855560303,269,0,0.16927164925215232,0.11163714463869201,0.5777670527670528,0.3090192855661097,0.5312097812097811,0.4654465613318325,0.8690476190476191,0.2864864864864865,0.19917967166755085,0.4684014869888476
neuma,epochwise,deepconvnet,3,S27,0.4528755855560303,49,0,0.04502251688907481,0.028708133971291794,0.5214285714285714,0.27511256912694587,0.46122448979591835,0.4071756362119316,0.7857142857142857,0.2571428571428571,0.2228333360078383,0.40816326530612246
neuma,epochwise,deepconvnet,3,S28,0.4528755855560303,152,0,0.14446842249076064,0.09114773224442185,0.5876086347070367,0.3278841567148312,0.6215306980656014,0.44673295454545453,0.7931034482758621,0.3821138211382114,0.29146282850323546,0.4605263157894737
neuma,epochwise,deepconvnet,3,S29,0.4528755855560303,109,0,0.03081842037454573,0.0105710674480064,0.5120167189132706,0.24935915425096128,0.5856844305120167,0.2690773279008573,0.9090909090909091,0.11494252873563218,0.317183332022177,0.27522935779816515
neuma,epochwise,deepconvnet,3,S30,0.4528755855560303,53,0,-0.23836449578375035,-0.12475884244372981,0.42971014492753623,0.46064710520694824,0.49130434782608695,0.29617706237424546,0.8260869565217391,0.03333333333333333,0.09194530631011388,0.37735849056603776
neuma,epochwise,deepconvnet,3,S31,0.4528755855560303,99,0,0.029264478754449107,0.01525198938992034,0.5104072398190045,0.3591903711329582,0.5063348416289593,0.3653846153846154,0.8823529411764706,0.13846153846153847,0.17815102712072506,0.3939393939393939
neuma,epochwise,deepconvnet,3,S32,0.4528755855560303,101,0,0.14231447727931218,0.09684494685338285,0.582566168009206,0.25486854964097405,0.5535097813578825,0.46496751624187904,0.7727272727272727,0.3924050632911392,0.2801486294541397,0.4752475247524752
neuma,epochwise,deepconvnet,3,S33,0.4528755855560303,97,0,-0.02259344597233847,-0.013231197771587766,0.49086538461538465,0.3330424965216171,0.48173076923076924,0.3662891986062718,0.8125,0.16923076923076924,0.20699870893635702,0.38144329896907214
neuma,epochwise,deepconvnet,3,S34,0.4528755855560303,235,0,-0.019071024833728346,-0.011958239102822121,0.48786773950213724,0.15753432075696783,0.4733467437767161,0.38494417142103976,0.6097560975609756,0.36597938144329895,0.29759826680366186,0.4085106382978723
neuma,epochwise,deepconvnet,3,S35,0.4528755855560303,101,0,0.060342802967454534,0.02827988338192433,0.5255263157894737,0.2545486965318669,0.5121052631578947,0.341304347826087,0.88,0.17105263157894737,0.28793193178601784,0.3465346534653465
neuma,epochwise,deepconvnet,3,S36,0.4528755855560303,51,0,-0.08000946913656627,-0.048598130841121634,0.46388888888888885,0.2606841925124153,0.37037037037037035,0.34893617021276596,0.7333333333333333,0.19444444444444445,0.2888772307949908,0.35294117647058826
neuma,epochwise,deepconvnet,3,S37,0.4528755855560303,66,0,-0.041072004840845354,-0.02386634844868718,0.4855769230769231,0.4463134604742054,0.49807692307692314,0.36710105729038606,0.8461538461538461,0.125,0.12220819768580528,0.4090909090909091
neuma,epochwise,deepconvnet,3,S38,0.4528755855560303,181,0,0.01872402501297382,0.011415637455100214,0.5089672232529375,0.25626922616892556,0.4706246134817563,0.3860656990068755,0.7755102040816326,0.24242424242424243,0.24328282055604525,0.3867403314917127
neuma,epochwise,deepconvnet,3,S39,0.4528755855560303,39,0,-0.3651483716701107,-0.15841584158415856,0.4,0.392359676159655,0.3888888888888889,0.23529411764705882,0.8,0.0,0.16528044526393598,0.3076923076923077
neuma,epochwise,deepconvnet,3,S40,0.4528755855560303,65,0,-0.2177581933061626,-0.14130434782608714,0.41666666666666663,0.3880438312678758,0.43885601577909267,0.3175,0.7307692307692307,0.10256410256410256,0.16726394983438347,0.35384615384615387
neuma,epochwise,deepconvnet,3,S41,0.4528755855560303,48,0,0.03253000243161777,0.01754385964912286,0.5111111111111111,0.31984381504167536,0.41111111111111115,0.37777777777777777,0.8888888888888888,0.13333333333333333,0.1739828574160735,0.4166666666666667
neuma,epochwise,deepconvnet,3,S42,0.4528755855560303,63,0,-0.03973597071195131,-0.02371541501976293,0.4857894736842105,0.45457053032932243,0.5621052631578947,0.3722057635335308,0.84,0.13157894736842105,0.1754202843229804,0.4126984126984127
neuma,epochwise,deepconvnet,3,S43,0.4528755855560303,86,0,0.21416769330366597,0.11193721602643536,0.5992673992673992,0.361347593766096,0.6249084249084249,0.4173441734417344,0.9523809523809523,0.24615384615384617,0.27100808814514515,0.4186046511627907
neuma,epochwise,deepconvnet,3,S44,0.4528755855560303,82,0,0.07377319667035012,0.03260403260403266,0.5359848484848485,0.32378305175664895,0.6060606060606061,0.32916852595567453,0.875,0.19696969696969696,0.3356357169587437,0.32926829268292684
neuma,epochwise,deepconvnet,4,S01,0.5497069954872131,69,0,-0.03178208630818641,-0.029850746268656803,0.4814814814814815,0.19279581245621596,0.42839506172839503,0.4719387755102041,0.3333333333333333,0.6296296296296297,0.29765901746957196,0.5652173913043478
neuma,epochwise,deepconvnet,4,S02,0.5497069954872131,63,0,0.06804138174397717,0.06666666666666665,0.5357142857142857,0.4913152489336886,0.5,0.5288461538461539,0.47619047619047616,0.5952380952380952,0.2225059838522048,0.5555555555555556
neuma,epochwise,deepconvnet,4,S03,0.5497069954872131,65,0,-0.05315436433149373,-0.052789442111577545,0.4719387755102041,0.23368506546794443,0.4426020408163265,0.47218045112781953,0.25,0.6938775510204082,0.24182124252502737,0.5846153846153846
neuma,epochwise,deepconvnet,4,S05,0.5497069954872131,85,0,0.0858412940458414,0.0835579514824798,0.5496794871794872,0.19558441597838291,0.5320512820512822,0.5380434782608696,0.3076923076923077,0.7916666666666666,0.3494404133628396,0.7176470588235294
neuma,epochwise,deepconvnet,4,S06,0.5497069954872131,139,0,-0.08559657510564159,-0.08537220197813644,0.45858585858585854,0.27093541416307443,0.46515151515151515,0.4567483064095883,0.2,0.7171717171717171,0.212582645013178,0.5683453237410072
neuma,epochwise,deepconvnet,4,S07,0.5497069954872131,86,0,-0.09914601339836673,-0.09078771695594123,0.4392857142857143,0.20312988101667218,0.45892857142857146,0.4361628709454796,0.25,0.6285714285714286,0.3324588880289433,0.5581395348837209
neuma,epochwise,deepconvnet,4,S08,0.5497069954872131,83,0,0.009978072334820828,0.009824561403508736,0.5053763440860215,0.33270812457960375,0.543010752688172,0.5017655367231638,0.3333333333333333,0.6774193548387096,0.2475674006334402,0.5903614457831325
neuma,epochwise,deepconvnet,4,S09,0.5497069954872131,120,0,-0.03670808134719497,-0.035911602209944826,0.4798136645962733,0.24806797974882627,0.515527950310559,0.477533960292581,0.2857142857142857,0.6739130434782609,0.28883134064575033,0.5833333333333334
neuma,epochwise,deepconvnet,4,S10,0.5497069954872131,273,0,0.07213153524175808,0.07201309328968908,0.5373303167420814,0.29756166857603783,0.5926731639401323,0.5357630214347197,0.2692307692307692,0.8054298642533937,0.3028910530683323,0.7032967032967034
neuma,epochwise,deepconvnet,4,S12,0.5497069954872131,103,0,0.09519939689970745,0.09193954659949632,0.5521428571428572,0.29471939494609306,0.5466666666666666,0.539002557544757,0.4642857142857143,0.64,0.24361609649455662,0.5922330097087378
neuma,epochwise,deepconvnet,4,S13,0.5497069954872131,315,0,0.030017851927487217,0.029900890307408057,0.5143209611671316,0.2606963783614186,0.513570049345634,0.514270494560951,0.24050632911392406,0.788135593220339,0.24471314206482866,0.6507936507936508
neuma,epochwise,deepconvnet,4,S14,0.5497069954872131,55,0,-0.1828275852433815,-0.17674418604651154,0.42083333333333334,0.2243109038833452,0.3516666666666666,0.40470588235294114,0.06666666666666667,0.775,0.22931095253337508,0.5818181818181818
neuma,epochwise,deepconvnet,4,S15,0.5497069954872131,215,0,0.08458996245891394,0.08408560705953949,0.54054186228482,0.3681438858823515,0.5549687010954616,0.5408785845027455,0.3380281690140845,0.7430555555555556,0.18184640061023621,0.6093023255813953
neuma,epochwise,deepconvnet,4,S16,0.5497069954872131,224,0,-0.03690619210978503,-0.035587571228899995,0.478735706025954,0.19132081764389625,0.46717204162919185,0.47538126361655775,0.2558139534883721,0.7016574585635359,0.3262570632089461,0.6160714285714286
neuma,epochwise,deepconvnet,4,S17,0.5497069954872131,90,0,-0.1173576314666596,-0.11675126903553301,0.4391534391534392,0.29425422270093504,0.45032333921222817,0.4403617863199548,0.25925925925925924,0.6190476190476191,0.23698071009582944,0.5111111111111111
neuma,epochwise,deepconvnet,4,S18,0.5497069954872131,56,0,0.05337605126836238,0.05208333333333337,0.5256410256410257,0.45376424038631435,0.5038461538461538,0.5204216073781291,0.38461538461538464,0.6666666666666666,0.06239637200321474,0.5357142857142857
neuma,epochwise,deepconvnet,4,S19,0.5497069954872131,118,0,-0.1477736982270485,-0.1307779030439684,0.4033333333333333,0.12193540297064029,0.37666666666666665,0.4101734783887092,0.16666666666666666,0.64,0.36731048837556673,0.5677966101694916
neuma,epochwise,deepconvnet,4,S20,0.5497069954872131,56,0,-0.18250377073906485,-0.18250377073906487,0.4087481146304676,0.3161177132284003,0.43891402714932126,0.4087481146304676,0.17647058823529413,0.6410256410256411,0.23542784739817893,0.5
neuma,epochwise,deepconvnet,4,S21,0.5497069954872131,135,0,0.24281090374516368,0.24263674614305752,0.6235714285714286,0.36516733108559946,0.6625714285714285,0.6212121212121212,0.45714285714285713,0.79,0.2502538371969152,0.7037037037037037
neuma,epochwise,deepconvnet,4,S22,0.5497069954872131,79,0,0.16321772771370957,0.15957446808510634,0.577922077922078,0.6343809562044909,0.6233766233766234,0.575268817204301,0.42857142857142855,0.7272727272727273,0.130502805491037,0.5949367088607594
neuma,epochwise,deepconvnet,4,S23,0.5497069954872131,70,0,-0.030706537524888992,-0.030330062444246186,0.4853574504737295,0.4015906081553636,0.5176571920757966,0.4819466248037676,0.2962962962962963,0.6744186046511628,0.1351790419646672,0.5285714285714286
neuma,epochwise,deepconvnet,4,S24,0.5497069954872131,221,0,0.06494209050613507,0.05774150322816418,0.5438564026646928,0.18472773656971894,0.5862324204293117,0.5116792929292929,0.35714285714285715,0.7305699481865285,0.3827775312225204,0.6832579185520362
neuma,epochwise,deepconvnet,4,S25,0.5497069954872131,42,0,0.17074252597896666,0.16209476309226933,0.595307917888563,0.5064705496523678,0.6950146627565982,0.5714285714285714,0.5454545454545454,0.6451612903225806,0.252539438860757,0.6190476190476191
neuma,epochwise,deepconvnet,4,S26,0.5497069954872131,269,0,-0.0028687432845487756,-0.0028677946659019238,0.4985521235521235,0.31363072915460055,0.5413127413127412,0.49849419188297717,0.32142857142857145,0.6756756756756757,0.20275560922948402,0.5650557620817844
neuma,epochwise,deepconvnet,4,S27,0.5497069954872131,49,0,0.04128614119223852,0.04109589041095896,0.5214285714285715,0.3416311059579543,0.5448979591836735,0.5196078431372549,0.35714285714285715,0.6857142857142857,0.24132477385657178,0.5918367346938775
neuma,epochwise,deepconvnet,4,S28,0.5497069954872131,152,0,0.06676726947374916,0.06461538461538452,0.5382674516400336,0.25873524118990726,0.5926548920661621,0.5268199233716475,0.3448275862068966,0.7317073170731707,0.2928054895448058,0.6578947368421053
neuma,epochwise,deepconvnet,4,S29,0.5497069954872131,109,0,0.027168189210178047,0.026351049575703445,0.5154127481713688,0.2275069320558336,0.5005224660397074,0.5076784101174345,0.3181818181818182,0.7126436781609196,0.31228321818036764,0.6330275229357798
neuma,epochwise,deepconvnet,4,S30,0.5497069954872131,53,0,-0.306377275163482,-0.30037174721189586,0.3536231884057971,0.42897396656370546,0.4536231884057971,0.34371482176360224,0.17391304347826086,0.5333333333333333,0.0836661019415226,0.37735849056603776
neuma,epochwise,deepconvnet,4,S31,0.5497069954872131,99,0,-0.20407795807323825,-0.20128479657387577,0.40429864253393666,0.28954509285905816,0.3746606334841629,0.3958358262534402,0.14705882352941177,0.6615384615384615,0.2152390389731436,0.48484848484848486
neuma,epochwise,deepconvnet,4,S32,0.5497069954872131,101,0,-0.033942862641059356,-0.03392804913717451,0.48331415420023016,0.23306261075700532,0.48273878020713457,0.4829603627321925,0.18181818181818182,0.7848101265822784,0.2449477389086001,0.6534653465346535
neuma,epochwise,deepconvnet,4,S33,0.5497069954872131,97,0,-0.0689980467871413,-0.06837999082147772,0.4641826923076923,0.3095390664760919,0.47115384615384615,0.46359447004608295,0.34375,0.5846153846153846,0.20281769719320478,0.5051546391752577
neuma,epochwise,deepconvnet,4,S34,0.5497069954872131,235,0,0.08438023594740948,0.08361050579194873,0.5458259994971084,0.21044001412807478,0.5897661553935127,0.5404876926616057,0.2926829268292683,0.7989690721649485,0.2823408047948528,0.7106382978723405
neuma,epochwise,deepconvnet,4,S35,0.5497069954872131,101,0,-0.031980998003666945,-0.031090487238979225,0.48236842105263156,0.2504734715872028,0.5026315789473684,0.47840375586854456,0.32,0.6447368421052632,0.27127756399683434,0.5643564356435643
neuma,epochwise,deepconvnet,4,S36,0.5497069954872131,51,0,-0.27842302319485224,-0.257234726688103,0.3888888888888889,0.24525923976639677,0.38703703703703707,0.35443037974683544,0.0,0.7777777777777778,0.2038238016413708,0.5490196078431373
neuma,epochwise,deepconvnet,4,S37,0.5497069954872131,66,0,-0.2386631876735218,-0.2320887991927345,0.3894230769230769,0.36989493920834415,0.4288461538461539,0.37624521072796935,0.15384615384615385,0.625,0.15092586296977414,0.4393939393939394
neuma,epochwise,deepconvnet,4,S38,0.5497069954872131,181,0,-0.09322026002791481,-0.09127874369040945,0.4496753246753247,0.2570277895930936,0.48423005565862703,0.4494199207696661,0.2857142857142857,0.6136363636363636,0.2569063458159484,0.5248618784530387
neuma,epochwise,deepconvnet,4,S39,0.5497069954872131,39,0,-0.13788820796114815,-0.1349206349206351,0.4291666666666667,0.31540713405776327,0.35,0.42647058823529416,0.4,0.4583333333333333,0.2531149173394227,0.4358974358974359
neuma,epochwise,deepconvnet,4,S40,0.5497069954872131,65,0,0.030556616567607043,0.02777777777777768,0.5128205128205128,0.36754565994203436,0.44082840236686394,0.49444444444444446,0.23076923076923078,0.7948717948717948,0.11233089336982144,0.5692307692307692
neuma,epochwise,deepconvnet,4,S41,0.5497069954872131,48,0,-0.2738612787525831,-0.2727272727272727,0.36666666666666664,0.2765482731279898,0.26481481481481484,0.36242884250474383,0.16666666666666666,0.5666666666666667,0.2851419510940711,0.4166666666666667
neuma,epochwise,deepconvnet,4,S42,0.5497069954872131,63,0,0.22778994514532844,0.20527522935779818,0.5942105263157895,0.5307408049910816,0.6199999999999999,0.5855263157894737,0.32,0.868421052631579,0.10518154587655786,0.6507936507936508
neuma,epochwise,deepconvnet,4,S43,0.5497069954872131,86,0,0.009403048962790747,0.009216589861751112,0.5051282051282051,0.2648984964512653,0.5523809523809524,0.5005807200929152,0.3333333333333333,0.676923076923077,0.27798333244268286,0.5930232558139535
neuma,epochwise,deepconvnet,4,S44,0.5497069954872131,82,0,-0.24620270736889374,-0.22475106685633017,0.3503787878787879,0.14707225943960067,0.31060606060606066,0.36551215917464996,0.125,0.5757575757575758,0.34198842252173073,0.4878048780487805
neuma,epochwise,eegnet,0,S01,0.5076176381111145,69,0,0.2787688775439021,0.22033898305084743,0.6685185185185185,0.30973359749985135,0.6851851851851851,0.5679785330948122,0.8,0.5370370370370371,0.28798392803772643,0.5942028985507246
neuma,epochwise,eegnet,0,S02,0.5076176381111145,63,0,-0.06933752452815364,-0.06896551724137923,0.4642857142857143,0.3105020244514675,0.4240362811791383,0.4641975308641975,0.3333333333333333,0.5952380952380952,0.16494307063874744,0.5079365079365079
neuma,epochwise,eegnet,0,S03,0.5076176381111145,65,0,-0.17083585174374463,-0.15270935960591125,0.40114795918367346,0.286655070634087,0.4311224489795919,0.3944099378881987,0.3125,0.4897959183673469,0.2511153940971081,0.4461538461538462
neuma,epochwise,eegnet,0,S05,0.5076176381111145,85,0,0.10306423902801307,0.07479765559586948,0.5715811965811965,0.19563529745723568,0.6004273504273504,0.4758893280632411,0.6153846153846154,0.5277777777777778,0.3511314462212955,0.5411764705882353
neuma,epochwise,eegnet,0,S06,0.5076176381111145,139,0,0.0006939092270667112,0.0006636434022784243,0.5003787878787879,0.3309008135912794,0.5116161616161616,0.49015292590711584,0.425,0.5757575757575758,0.2173626116282648,0.5323741007194245
neuma,epochwise,eegnet,0,S07,0.5076176381111145,86,0,0.15276562091640117,0.10460048426150115,0.5964285714285714,0.3739419323192461,0.5955357142857143,0.47434257285003556,0.75,0.44285714285714284,0.32322462007056835,0.5
neuma,epochwise,eegnet,0,S08,0.5076176381111145,83,0,0.12035381725711611,0.11202013845185643,0.5683563748079877,0.25940171702019693,0.510752688172043,0.5418831168831169,0.5238095238095238,0.6129032258064516,0.23614436334156125,0.5903614457831325
neuma,epochwise,eegnet,0,S09,0.5076176381111145,120,0,-0.04860689314434064,-0.040748898678414136,0.47127329192546585,0.2123573637126245,0.4394409937888199,0.43745814420715823,0.4642857142857143,0.4782608695652174,0.2732809369762738,0.475
neuma,epochwise,eegnet,0,S10,0.5076176381111145,273,0,-0.03823263046657572,-0.029271613342409797,0.4756787330316742,0.17342737074454573,0.4555342847198051,0.42432052483598875,0.4807692307692308,0.47058823529411764,0.32098677546986726,0.4725274725274725
neuma,epochwise,eegnet,0,S12,0.5076176381111145,103,0,0.025858138107357136,0.022697674418604596,0.5145238095238095,0.313435995346109,0.4838095238095238,0.48118518518518516,0.5357142857142857,0.49333333333333335,0.25621331663965025,0.5048543689320388
neuma,epochwise,eegnet,0,S13,0.5076176381111145,315,0,-0.07872434234938777,-0.06835708806072605,0.4545966530787385,0.23849488278369496,0.4566616605878566,0.4308698270670223,0.43037974683544306,0.4788135593220339,0.2631070716513528,0.4666666666666667
neuma,epochwise,eegnet,0,S14,0.5076176381111145,55,0,-0.1561090212806388,-0.13548387096774195,0.4125,0.2465144586536265,0.43333333333333335,0.3939393939393939,0.4,0.425,0.23477085124362598,0.41818181818181815
neuma,epochwise,eegnet,0,S15,0.5076176381111145,215,0,0.07247212988065915,0.07131697454278096,0.5379499217527387,0.36768133648301393,0.5423513302034428,0.532175925925926,0.4647887323943662,0.6111111111111112,0.16838316141172896,0.5627906976744186
neuma,epochwise,eegnet,0,S16,0.5076176381111145,224,0,0.1100241679000605,0.08995937318630298,0.5697031992804831,0.23443402687720394,0.5807529230373891,0.5055855855855855,0.5813953488372093,0.5580110497237569,0.31315723274435314,0.5625
neuma,epochwise,eegnet,0,S17,0.5076176381111145,90,0,-0.14076840629064688,-0.13122171945701355,0.42328042328042326,0.276141770759202,0.4526748971193415,0.41558441558441556,0.37037037037037035,0.47619047619047616,0.20816573566860622,0.4444444444444444
neuma,epochwise,eegnet,0,S18,0.5076176381111145,56,0,0.06212020322240851,0.057356608478803084,0.5294871794871795,0.5925455481998227,0.5294871794871795,0.5102040816326531,0.6923076923076923,0.36666666666666664,0.048562620899507,0.5178571428571429
neuma,epochwise,eegnet,0,S19,0.5076176381111145,118,0,-0.018419165903998096,-0.013867952969550679,0.4872222222222222,0.1427801661695645,0.41833333333333333,0.43474241532901925,0.4444444444444444,0.53,0.35303424778631176,0.5169491525423728
neuma,epochwise,eegnet,0,S20,0.5076176381111145,56,0,0.038608998192503456,0.02908277404921711,0.5196078431372549,0.3351874241541057,0.4826546003016592,0.4462519936204147,0.7058823529411765,0.3333333333333333,0.21308550983667376,0.44642857142857145
neuma,epochwise,eegnet,0,S21,0.5076176381111145,135,0,0.16086473527217576,0.1567877629063098,0.5878571428571429,0.34500405582346344,0.5657142857142857,0.5738032343276851,0.4857142857142857,0.69,0.2359486100850282,0.6370370370370371
neuma,epochwise,eegnet,0,S22,0.5076176381111145,79,0,0.00803039456695809,0.00793126239259756,0.5038961038961038,0.5189607251857618,0.5253246753246754,0.5009973404255319,0.37142857142857144,0.6363636363636364,0.10468358480477635,0.5189873417721519
neuma,epochwise,eegnet,0,S23,0.5076176381111145,70,0,-0.07772881120264251,-0.07739665787159189,0.46210163652024117,0.3753453321065422,0.4444444444444444,0.46023353161489317,0.2962962962962963,0.627906976744186,0.11111460285527364,0.5
neuma,epochwise,eegnet,0,S24,0.5076176381111145,221,0,0.008619642828197003,0.005831389536821163,0.5064766839378239,0.1770596424513084,0.5086972612879348,0.42647058823529416,0.5,0.5129533678756477,0.379510195411708,0.5113122171945701
neuma,epochwise,eegnet,0,S25,0.5076176381111145,42,0,0.1910417078831036,0.17169373549883993,0.6085043988269795,0.29964799347063054,0.5395894428152493,0.5654290931223371,0.6363636363636364,0.5806451612903226,0.24334854951926638,0.5952380952380952
neuma,epochwise,eegnet,0,S26,0.5076176381111145,269,0,0.1078633172010676,0.10144561403508767,0.5581402831402831,0.3504104298377059,0.5705920205920206,0.5375803539183821,0.5595238095238095,0.5567567567567567,0.18462572448980408,0.5576208178438662
neuma,epochwise,eegnet,0,S27,0.5076176381111145,49,0,0.28401877872187725,0.2588235294117647,0.6571428571428571,0.3706530628235941,0.6510204081632653,0.6131578947368421,0.7142857142857143,0.6,0.21628181484280803,0.6326530612244898
neuma,epochwise,eegnet,0,S28,0.5076176381111145,152,0,0.14899660063328218,0.13074344310786823,0.5929352396972245,0.303599236394671,0.6041491449397253,0.542263759086189,0.5517241379310345,0.6341463414634146,0.3080872063966174,0.618421052631579
neuma,epochwise,eegnet,0,S29,0.5076176381111145,109,0,-0.08761931988055013,-0.07797641688855084,0.4464472309299895,0.1803679876207338,0.410135841170324,0.43500797448165873,0.3181818181818182,0.5747126436781609,0.2984850198850719,0.5229357798165137
neuma,epochwise,eegnet,0,S30,0.5076176381111145,53,0,-0.04473346389379392,-0.043600562587904346,0.47753623188405797,0.5085688879418501,0.5202898550724637,0.47150997150997154,0.5217391304347826,0.43333333333333335,0.07205528976782313,0.4716981132075472
neuma,epochwise,eegnet,0,S31,0.5076176381111145,99,0,0.05288535848034297,0.0519259416897212,0.5276018099547511,0.369455466422392,0.5027149321266968,0.5218417945690673,0.47058823529411764,0.5846153846153846,0.1636764470374946,0.5454545454545454
neuma,epochwise,eegnet,0,S32,0.5076176381111145,101,0,-0.11794193298546045,-0.10004033884630914,0.42865362485615655,0.21352202933071912,0.4424626006904488,0.40974025974025974,0.36363636363636365,0.4936708860759494,0.27095544234950947,0.46534653465346537
neuma,epochwise,eegnet,0,S33,0.5076176381111145,97,0,0.0506390233842507,0.04944320712694872,0.5266826923076924,0.3892381664418354,0.5326923076923077,0.5193693693693694,0.46875,0.5846153846153846,0.1717471925868202,0.5463917525773195
neuma,epochwise,eegnet,0,S34,0.5076176381111145,235,0,-0.03473966374407928,-0.031163248858243175,0.47812421423183304,0.2029216502955276,0.4827759617802363,0.46322021256759277,0.3170731707317073,0.6391752577319587,0.3132632128101714,0.5829787234042553
neuma,epochwise,eegnet,0,S35,0.5076176381111145,101,0,-0.029144550707927996,-0.02600568874441289,0.4831578947368421,0.23056746011745916,0.4568421052631579,0.4604700854700855,0.44,0.5263157894736842,0.25888300886248594,0.504950495049505
neuma,epochwise,eegnet,0,S36,0.5076176381111145,51,0,0.06356417261637282,0.06299212598425186,0.5333333333333333,0.2921129183058171,0.4740740740740741,0.5296442687747036,0.4,0.6666666666666666,0.18938269334680896,0.5882352941176471
neuma,epochwise,eegnet,0,S37,0.5076176381111145,66,0,0.04807692307692308,0.04807692307692313,0.5240384615384616,0.5045254685562071,0.6298076923076923,0.5240384615384616,0.4230769230769231,0.625,0.101901601209785,0.5454545454545454
neuma,epochwise,eegnet,0,S38,0.5076176381111145,181,0,0.045304918047277765,0.043625524996612985,0.5248917748917749,0.29532090113258014,0.5069573283858997,0.5138429752066116,0.42857142857142855,0.6212121212121212,0.22380451281755664,0.569060773480663
neuma,epochwise,eegnet,0,S39,0.5076176381111145,39,0,-0.15534161078983555,-0.14559386973180088,0.42083333333333334,0.29570016010942807,0.29999999999999993,0.40870138431114045,0.4666666666666667,0.375,0.19626428607182622,0.41025641025641024
neuma,epochwise,eegnet,0,S40,0.5076176381111145,65,0,0.18389242812245682,0.18300653594771243,0.5897435897435898,0.500817057933687,0.5571992110453649,0.5905769715293525,0.46153846153846156,0.717948717948718,0.11033725600976212,0.6153846153846154
neuma,epochwise,eegnet,0,S41,0.5076176381111145,48,0,0.1721325931647741,0.16666666666666663,0.5888888888888889,0.48392526854625995,0.5666666666666667,0.5767195767195767,0.6111111111111112,0.5666666666666667,0.12760519608855247,0.5833333333333334
neuma,epochwise,eegnet,0,S42,0.5076176381111145,63,0,-0.1886999085913725,-0.18625954198473282,0.40368421052631576,0.327406283986689,0.3726315789473685,0.40307298335467345,0.36,0.4473684210526316,0.11331356470547024,0.4126984126984127
neuma,epochwise,eegnet,0,S43,0.5076176381111145,86,0,-0.14030032560494518,-0.13090257023311413,0.4197802197802198,0.2350169766038539,0.4666666666666667,0.41748768472906406,0.2857142857142857,0.5538461538461539,0.25514967566312746,0.4883720930232558
neuma,epochwise,eegnet,0,S44,0.5076176381111145,82,0,-0.14900989016981744,-0.12328767123287676,0.40625,0.2040560922026249,0.3191287878787879,0.3925925925925926,0.3125,0.5,0.3211263683510989,0.4634146341463415
neuma,epochwise,eegnet,1,S01,0.4723173213005066,69,0,0.17853823645343278,0.08867924528301874,0.587037037037037,0.34411925306662144,0.6358024691358024,0.3911764705882353,0.9333333333333333,0.24074074074074073,0.30118480713471124,0.391304347826087
neuma,epochwise,eegnet,1,S02,0.4723173213005066,63,0,0.025785531156469838,0.018181818181818077,0.5119047619047619,0.41359809333179764,0.5578231292517006,0.4249492900608519,0.7619047619047619,0.2619047619047619,0.17206984238019063,0.42857142857142855
neuma,epochwise,eegnet,1,S03,0.4723173213005066,65,0,0.13647943074669217,0.10880141530296328,0.5784438775510204,0.2652461443163285,0.5548469387755102,0.5062484685126194,0.6875,0.46938775510204084,0.2434325532271312,0.5230769230769231
neuma,epochwise,eegnet,1,S05,0.4723173213005066,85,0,0.18055555555555555,0.06314216327293098,0.5902777777777778,0.1880495603999306,0.5694444444444444,0.3058823529411765,1.0,0.18055555555555555,0.3554429811589858,0.3058823529411765
neuma,epochwise,eegnet,1,S06,0.4723173213005066,139,0,0.04597584400264731,0.0357043751734345,0.5243686868686869,0.3238318428698766,0.5285353535353535,0.4576244732324021,0.675,0.37373737373737376,0.2061492292572268,0.460431654676259
neuma,epochwise,eegnet,1,S07,0.4723173213005066,86,0,-0.0661802557778848,-0.024571854058079046,0.4705357142857143,0.22027025010510706,0.5616071428571429,0.25420054200542,0.8125,0.12857142857142856,0.31948651373386383,0.2558139534883721
neuma,epochwise,eegnet,1,S08,0.4723173213005066,83,0,-0.08494785427654357,-0.05784313725490198,0.45468509984639016,0.26744285517590827,0.4877112135176651,0.3712121212121212,0.6190476190476191,0.2903225806451613,0.23893928294440347,0.37349397590361444
neuma,epochwise,eegnet,1,S09,0.4723173213005066,120,0,-0.0950496913043515,-0.046511627906976605,0.4565217391304348,0.20671287357246088,0.4475931677018634,0.2982456140350877,0.75,0.16304347826086957,0.274271834641695,0.3
neuma,epochwise,eegnet,1,S10,0.4723173213005066,273,0,0.10901100204662707,0.06734397677793902,0.5656108597285068,0.20124960471462894,0.5537765402018795,0.42726487405558833,0.7692307692307693,0.36199095022624433,0.30247663594645896,0.43956043956043955
neuma,epochwise,eegnet,1,S12,0.4723173213005066,103,0,-0.07027298383300248,-0.05668579377499561,0.46119047619047615,0.2572677913019207,0.4542857142857143,0.41640257370594447,0.5357142857142857,0.38666666666666666,0.23683581645916965,0.42718446601941745
neuma,epochwise,eegnet,1,S13,0.4723173213005066,315,0,0.009652031698800813,0.005612065941774769,0.5047200171636987,0.2852615023128503,0.535292855610384,0.37127016129032253,0.7721518987341772,0.23728813559322035,0.25041909019152325,0.37142857142857144
neuma,epochwise,eegnet,1,S14,0.4723173213005066,55,0,-0.028867513459481287,-0.01538461538461533,0.48750000000000004,0.33633872553087135,0.5816666666666667,0.34,0.8,0.175,0.23554231524467467,0.34545454545454546
neuma,epochwise,eegnet,1,S15,0.4723173213005066,215,0,0.15288107298496464,0.10948169707824928,0.5717429577464789,0.3914834668471626,0.5803990610328639,0.4815225184123053,0.8309859154929577,0.3125,0.17104217229887494,0.48372093023255813
neuma,epochwise,eegnet,1,S16,0.4723173213005066,224,0,-0.05503201087628753,-0.0159801698222668,0.48053449826545036,0.29570660672848564,0.5653347038417064,0.2232258064516129,0.8837209302325582,0.07734806629834254,0.3185155897268227,0.23214285714285715
neuma,epochwise,eegnet,1,S17,0.4723173213005066,90,0,-0.19606420722795126,-0.11913357400722013,0.4126984126984127,0.2308761561127892,0.3403880070546737,0.3056246888999502,0.6666666666666666,0.15873015873015872,0.20648725397057002,0.3111111111111111
neuma,epochwise,eegnet,1,S18,0.4723173213005066,56,0,-0.013781637176578718,-0.004784688995215447,0.49743589743589745,0.4994037336298575,0.4820512820512821,0.34375,0.9615384615384616,0.03333333333333333,0.07566171618444578,0.4642857142857143
neuma,epochwise,eegnet,1,S19,0.4723173213005066,118,0,-0.0784063589997628,-0.03213995117982105,0.45611111111111113,0.14117113226366834,0.42999999999999994,0.2692972350230415,0.7222222222222222,0.19,0.357287314736237,0.2711864406779661
neuma,epochwise,eegnet,1,S20,0.4723173213005066,56,0,-0.015399785722712299,-0.0047214353163362865,0.4962292609351433,0.3823869824122455,0.5761689291101055,0.2761904761904762,0.9411764705882353,0.05128205128205128,0.21462487376161987,0.32142857142857145
neuma,epochwise,eegnet,1,S21,0.4723173213005066,135,0,0.08,0.049888641425389846,0.54,0.34500103803742854,0.5668571428571428,0.4148148148148148,0.8,0.28,0.23888197585388468,0.4148148148148148
neuma,epochwise,eegnet,1,S22,0.4723173213005066,79,0,0.20207321697748945,0.19796954314720816,0.6012987012987012,0.5217134747258517,0.5753246753246753,0.5948717948717949,0.6571428571428571,0.5454545454545454,0.04741953935804244,0.5949367088607594
neuma,epochwise,eegnet,1,S23,0.4723173213005066,70,0,-0.13813650314199413,-0.1058045554739162,0.437984496124031,0.3238021818048929,0.37123169681309215,0.37538908487238015,0.6666666666666666,0.20930232558139536,0.11518125150884902,0.38571428571428573
neuma,epochwise,eegnet,1,S24,0.4723173213005066,221,0,0.011139084997113117,0.003975030092657539,0.5065692079940785,0.13351307684326988,0.4615099925980755,0.2685579196217494,0.8214285714285714,0.19170984455958548,0.3760472420114198,0.27149321266968324
neuma,epochwise,eegnet,1,S25,0.4723173213005066,42,0,0.017124693631268544,0.011299435028248594,0.5087976539589443,0.28420486110341986,0.501466275659824,0.40442427680090753,0.7272727272727273,0.2903225806451613,0.24869837789308458,0.40476190476190477
neuma,epochwise,eegnet,1,S26,0.4723173213005066,269,0,0.05356126994424616,0.043766544812807395,0.5279279279279279,0.32317057954369643,0.5061776061776062,0.473975452465155,0.6666666666666666,0.3891891891891892,0.16720728652350964,0.4758364312267658
neuma,epochwise,eegnet,1,S27,0.4723173213005066,49,0,-0.10846522890932808,-0.08247422680412364,0.44285714285714284,0.35130464028917,0.5020408163265306,0.38545150501672243,0.5714285714285714,0.3142857142857143,0.2064646944707754,0.3877551020408163
neuma,epochwise,eegnet,1,S28,0.4723173213005066,152,0,0.07120330784263425,0.047417698580489165,0.5440145780768153,0.2634416365561364,0.5820016820857864,0.43331985806045903,0.6896551724137931,0.3983739837398374,0.29079373043618706,0.45394736842105265
neuma,epochwise,eegnet,1,S29,0.4723173213005066,109,0,0.0669178873478071,0.03490311818298486,0.5355276907001045,0.18773210666719303,0.4780564263322884,0.3661188369152971,0.8181818181818182,0.25287356321839083,0.2962358222095245,0.3669724770642202
neuma,epochwise,eegnet,1,S30,0.4723173213005066,53,0,-0.16618021061026217,-0.1367292225201071,0.4260869565217391,0.4724486540362338,0.4405797101449275,0.3782991202346041,0.6521739130434783,0.2,0.09777627294918279,0.39622641509433965
neuma,epochwise,eegnet,1,S31,0.4723173213005066,99,0,0.04594946790741402,0.03956629256229793,0.5235294117647059,0.42827434635517786,0.579185520361991,0.48400613183444047,0.6470588235294118,0.4,0.16486403075131503,0.48484848484848486
neuma,epochwise,eegnet,1,S32,0.4723173213005066,101,0,-0.14354277866784648,-0.11237633003546765,0.4134062140391255,0.18929977964516342,0.4039125431530495,0.3808831168831169,0.4090909090909091,0.4177215189873418,0.2768287407879782,0.4158415841584158
neuma,epochwise,eegnet,1,S33,0.4723173213005066,97,0,0.06384857297930167,0.03147740734472837,0.5223557692307692,0.3286624398081668,0.5125,0.36474636474636474,0.90625,0.13846153846153847,0.1800151147793249,0.3917525773195876
neuma,epochwise,eegnet,1,S34,0.4723173213005066,235,0,0.026774038831873202,0.01947148817802502,0.5176012069399045,0.1839940217667569,0.5367110887603721,0.4411857958148383,0.5609756097560976,0.4742268041237113,0.3007507600762109,0.48936170212765956
neuma,epochwise,eegnet,1,S35,0.4723173213005066,101,0,-0.048567872839470394,-0.023498311058892662,0.4789473684210527,0.290804116468996,0.5136842105263157,0.3125184965966262,0.8,0.15789473684210525,0.26503845134584025,0.31683168316831684
neuma,epochwise,eegnet,1,S36,0.4723173213005066,51,0,0.0777713771047819,0.06355932203389836,0.5416666666666666,0.30357552461740545,0.5018518518518518,0.48524844720496896,0.6666666666666666,0.4166666666666667,0.18159813857546037,0.49019607843137253
neuma,epochwise,eegnet,1,S37,0.4723173213005066,66,0,0.04928640580901442,0.02863961813842486,0.5173076923076922,0.4550350579716813,0.5259615384615385,0.3995574133267765,0.8846153846153846,0.15,0.11125070263038982,0.4393939393939394
neuma,epochwise,eegnet,1,S38,0.4723173213005066,181,0,0.04299866987577806,0.033470960638590674,0.5235003092145949,0.30286788550117855,0.4828385899814471,0.4574642316368468,0.6530612244897959,0.3939393939393939,0.22344539623234153,0.46408839779005523
neuma,epochwise,eegnet,1,S39,0.4723173213005066,39,0,-0.12048289933537483,-0.08333333333333326,0.44999999999999996,0.4300388547434142,0.4611111111111111,0.3641304347826087,0.7333333333333333,0.16666666666666666,0.12316313080298597,0.38461538461538464
neuma,epochwise,eegnet,1,S40,0.4723173213005066,65,0,-0.056143461404434596,-0.04519774011299438,0.47435897435897434,0.3927161182972587,0.43195266272189353,0.42201393895698147,0.6923076923076923,0.2564102564102564,0.10209139539645268,0.4307692307692308
neuma,epochwise,eegnet,1,S41,0.4723173213005066,48,0,0.041344911529736156,0.027027027027026973,0.5166666666666667,0.4610288308824595,0.4722222222222222,0.41700404858299595,0.8333333333333334,0.2,0.15433276879290742,0.4375
neuma,epochwise,eegnet,1,S42,0.4723173213005066,63,0,0.20212798723616746,0.1323856063971568,0.578421052631579,0.398003396126879,0.5042105263157894,0.4823747680890538,0.92,0.23684210526315788,0.10175765897073445,0.5079365079365079
neuma,epochwise,eegnet,1,S43,0.4723173213005066,86,0,-0.1256555838940328,-0.06567534076827752,0.44175824175824174,0.21645306126935981,0.4293040293040293,0.30081300813008127,0.7142857142857143,0.16923076923076924,0.26058940693389543,0.3023255813953488
neuma,epochwise,eegnet,1,S44,0.4723173213005066,82,0,-0.25766675101839354,-0.09625668449197855,0.38920454545454547,0.17056454987037722,0.4204545454545454,0.20435885953127333,0.6875,0.09090909090909091,0.3162965829052577,0.2073170731707317
neuma,epochwise,eegnet,2,S01,0.4917728877067566,69,0,-0.009390602830316851,-0.006734006734006703,0.49444444444444446,0.2706116624742956,0.5691358024691358,0.4171539961013645,0.6,0.3888888888888889,0.28871597500814905,0.43478260869565216
neuma,epochwise,eegnet,2,S02,0.4917728877067566,63,0,-0.09325048082403138,-0.07766990291262132,0.45238095238095233,0.3440267519366417,0.453514739229025,0.41210592686002523,0.5714285714285714,0.3333333333333333,0.17494733466042411,0.4126984126984127
neuma,epochwise,eegnet,2,S03,0.4917728877067566,65,0,-0.09790653254178405,-0.08233117483811281,0.4432397959183674,0.2370340486757257,0.4260204081632653,0.41500000000000004,0.4375,0.4489795918367347,0.25120467864550083,0.4461538461538462
neuma,epochwise,eegnet,2,S05,0.4917728877067566,85,0,0.22798709278841747,0.09881976395279057,0.6319444444444444,0.2715927501985194,0.6933760683760684,0.37334817081652527,1.0,0.2638888888888889,0.36168499834397266,0.3764705882352941
neuma,epochwise,eegnet,2,S06,0.4917728877067566,139,0,0.07763445701122197,0.0642431236776303,0.5421717171717172,0.3113385890415236,0.5292929292929293,0.48875577973938633,0.65,0.43434343434343436,0.2088634601171068,0.49640287769784175
neuma,epochwise,eegnet,2,S07,0.4917728877067566,86,0,-0.002875273163926476,-0.0018639328984155767,0.4982142857142857,0.3076565812936012,0.5482142857142858,0.39775910364145656,0.625,0.37142857142857144,0.3209707061218661,0.4186046511627907
neuma,epochwise,eegnet,2,S08,0.4917728877067566,83,0,0.10412633627862854,0.08299649690110478,0.5591397849462365,0.2804147923884562,0.5491551459293396,0.49155834453907066,0.6666666666666666,0.45161290322580644,0.2325239837343569,0.5060240963855421
neuma,epochwise,eegnet,2,S09,0.4917728877067566,120,0,-0.018002173387653968,-0.012357414448669113,0.4899068322981367,0.2658388731361993,0.5089285714285714,0.4013070058323378,0.6428571428571429,0.33695652173913043,0.27405817508697505,0.4083333333333333
neuma,epochwise,eegnet,2,S10,0.4917728877067566,273,0,0.024235616838946324,0.017307692307692357,0.5152714932126696,0.23236173962096554,0.5364601461886529,0.4330621301775148,0.5961538461538461,0.4343891402714932,0.3060089205647563,0.4652014652014652
neuma,epochwise,eegnet,2,S12,0.4917728877067566,103,0,0.04957805152763984,0.04430978981253553,0.5278571428571428,0.2534202080931335,0.47952380952380946,0.49696003189474736,0.5357142857142857,0.52,0.2325540455510315,0.5242718446601942
neuma,epochwise,eegnet,2,S13,0.4917728877067566,315,0,0.03159849947772793,0.023783783783783874,0.5177000643638704,0.2659898240713145,0.525370092254881,0.4445583531534487,0.6455696202531646,0.3898305084745763,0.2544408392338526,0.45396825396825397
neuma,epochwise,eegnet,2,S14,0.4917728877067566,55,0,-0.032124628310161774,-0.022535211267605604,0.4833333333333333,0.3484422622102741,0.5416666666666666,0.39920556107249255,0.6666666666666666,0.3,0.24090065739371558,0.4
neuma,epochwise,eegnet,2,S15,0.4917728877067566,215,0,-0.005594542388644594,-0.004920049200491938,0.4970657276995305,0.33066094527763445,0.48063380281690143,0.46559392987964415,0.5774647887323944,0.4166666666666667,0.18279108114020767,0.4697674418604651
neuma,epochwise,eegnet,2,S16,0.4917728877067566,224,0,-0.03815895796038167,-0.018666032576388103,0.4798278298856482,0.22094094228708283,0.5278170371322112,0.31629660661918724,0.7441860465116279,0.2154696132596685,0.3261488125260387,0.3169642857142857
neuma,epochwise,eegnet,2,S17,0.4917728877067566,90,0,-0.07091357861639694,-0.055776892430278835,0.4629629629629629,0.2836358853204687,0.42092886537330987,0.40928792569659445,0.5925925925925926,0.3333333333333333,0.23003682427936128,0.4111111111111111
neuma,epochwise,eegnet,2,S18,0.4917728877067566,56,0,0.09977960691428862,0.07579462102689494,0.5397435897435897,0.46517722457700883,0.40512820512820513,0.4805908622466506,0.8461538461538461,0.23333333333333334,0.07882218541843547,0.5178571428571429
neuma,epochwise,eegnet,2,S19,0.4917728877067566,118,0,0.001780152899448509,0.0008797009016934254,0.5011111111111111,0.13950517924678918,0.4488888888888889,0.3367399080224834,0.7222222222222222,0.28,0.36150112571352616,0.3474576271186441
neuma,epochwise,eegnet,2,S20,0.4917728877067566,56,0,0.20180183819889372,0.13432835820895528,0.5950226244343891,0.4104449822122842,0.6003016591251885,0.48065238247521586,0.8823529411764706,0.3076923076923077,0.2093800620308944,0.48214285714285715
neuma,epochwise,eegnet,2,S21,0.4917728877067566,135,0,0.060840460191376254,0.049004594180704464,0.5342857142857143,0.33132122023808286,0.552,0.4749450425567894,0.6285714285714286,0.44,0.2541138600420069,0.4888888888888889
neuma,epochwise,eegnet,2,S22,0.4917728877067566,79,0,0.07662337662337662,0.0766233766233767,0.5383116883116883,0.4914153401035602,0.5636363636363635,0.5383116883116883,0.4857142857142857,0.5909090909090909,0.046359755947620034,0.5443037974683544
neuma,epochwise,eegnet,2,S23,0.4917728877067566,70,0,0.001735405116567213,0.0015420200462605838,0.5008613264427217,0.39459771528074067,0.487510766580534,0.47132067768932434,0.6296296296296297,0.37209302325581395,0.11946232787200385,0.4714285714285714
neuma,epochwise,eegnet,2,S24,0.4917728877067566,221,0,0.08302994172888306,0.03700748741868154,0.5557920059215395,0.1932558824714232,0.5507031828275352,0.34281286647679676,0.8214285714285714,0.29015544041450775,0.3875049356691438,0.3574660633484163
neuma,epochwise,eegnet,2,S25,0.4917728877067566,42,0,0.10621013203647137,0.08893709327548793,0.5601173020527859,0.40325076780397184,0.5894428152492669,0.5058823529411764,0.6363636363636364,0.4838709677419355,0.2283490782692319,0.5238095238095238
neuma,epochwise,eegnet,2,S26,0.4917728877067566,269,0,-0.032969484560255044,-0.02834629287701862,0.4824646074646075,0.3062159163487544,0.4833976833976833,0.4475459994132194,0.5595238095238095,0.40540540540540543,0.18483414974576037,0.45353159851301117
neuma,epochwise,eegnet,2,S27,0.4917728877067566,49,0,0.013386988815041646,0.010471204188481686,0.5071428571428571,0.355422785668438,0.5877551020408163,0.44528301886792454,0.6428571428571429,0.37142857142857144,0.22456924586879962,0.4489795918367347
neuma,epochwise,eegnet,2,S28,0.4917728877067566,152,0,-0.028242418942659837,-0.024618991793669442,0.48233809924306137,0.18177896351676492,0.4922904401457807,0.4589072898932054,0.3793103448275862,0.5853658536585366,0.29412633876659366,0.5460526315789473
neuma,epochwise,eegnet,2,S29,0.4917728877067566,109,0,0.09832929636290111,0.06566903966293758,0.5590386624869383,0.2721105271165452,0.5736677115987461,0.4435407112572467,0.7272727272727273,0.39080459770114945,0.2989860677391017,0.45871559633027525
neuma,epochwise,eegnet,2,S30,0.4917728877067566,53,0,-0.12020050139295202,-0.09606404269513025,0.4478260869565217,0.5611766664174556,0.5043478260869565,0.3935031376891842,0.6956521739130435,0.2,0.07991550890904554,0.41509433962264153
neuma,epochwise,eegnet,2,S31,0.4917728877067566,99,0,-0.03523990048777666,-0.03357215967246674,0.481447963800905,0.37975935333123734,0.5171945701357465,0.4710319539025668,0.47058823529411764,0.49230769230769234,0.14502544385014154,0.48484848484848486
neuma,epochwise,eegnet,2,S32,0.4917728877067566,101,0,0.08475187350114206,0.07263823709447048,0.5512082853855005,0.25618868140578416,0.523590333716916,0.5047401111474338,0.5454545454545454,0.5569620253164557,0.2734018021290845,0.5544554455445545
neuma,epochwise,eegnet,2,S33,0.4917728877067566,97,0,-0.03635605746646423,-0.028398333964407385,0.48197115384615385,0.4287048391673549,0.5427884615384615,0.4226190476190476,0.65625,0.3076923076923077,0.1805307296748014,0.422680412371134
neuma,epochwise,eegnet,2,S34,0.4917728877067566,235,0,0.014240365724938349,0.011195431662784583,0.5093663565501634,0.16029679359435936,0.4849132511943676,0.45547831843760345,0.4878048780487805,0.5309278350515464,0.30597332785738274,0.5234042553191489
neuma,epochwise,eegnet,2,S35,0.4917728877067566,101,0,-0.1740022684549705,-0.12184449680242349,0.4047368421052632,0.282692877117459,0.4652631578947368,0.341304347826087,0.52,0.2894736842105263,0.2583651421683849,0.3465346534653465
neuma,epochwise,eegnet,2,S36,0.4917728877067566,51,0,-0.14178351139171333,-0.12814645308924488,0.4222222222222222,0.23264131366679325,0.3462962962962963,0.40863654538184724,0.4,0.4444444444444444,0.1838499623186448,0.43137254901960786
neuma,epochwise,eegnet,2,S37,0.4917728877067566,66,0,0.05423871909582417,0.0489082969432314,0.5269230769230769,0.47973216738691304,0.5,0.49988518943742827,0.6538461538461539,0.4,0.1223935439731135,0.5
neuma,epochwise,eegnet,2,S38,0.4917728877067566,181,0,-0.054189802623135074,-0.044568881778183966,0.46985157699443414,0.25769402962445476,0.48252937538651824,0.42830784626450263,0.5306122448979592,0.4090909090909091,0.25213935345575955,0.4419889502762431
neuma,epochwise,eegnet,2,S39,0.4917728877067566,39,0,0.02702812388086677,0.02150537634408589,0.5125,0.3871324717449874,0.46944444444444444,0.4558139534883721,0.7333333333333333,0.2916666666666667,0.13634548049706677,0.46153846153846156
neuma,epochwise,eegnet,2,S40,0.4917728877067566,65,0,-0.22634795467253557,-0.21951219512195141,0.38461538461538464,0.4069824201929513,0.39743589743589747,0.38095238095238093,0.38461538461538464,0.38461538461538464,0.15464493127969597,0.38461538461538464
neuma,epochwise,eegnet,2,S41,0.4917728877067566,48,0,0.09899678265684463,0.08910891089108908,0.55,0.45841381379968643,0.5888888888888888,0.5206252713851498,0.6666666666666666,0.43333333333333335,0.15980993645886576,0.5208333333333334
neuma,epochwise,eegnet,2,S42,0.4917728877067566,63,0,0.03815170713731976,0.03167210060549608,0.5178947368421052,0.4147300199637616,0.5136842105263157,0.47139588100686497,0.72,0.3157894736842105,0.10800075294479496,0.47619047619047616
neuma,epochwise,eegnet,2,S43,0.4917728877067566,86,0,0.032119410261203164,0.023189777567439562,0.5179487179487179,0.28407592455168434,0.49304029304029307,0.4342105263157895,0.6666666666666666,0.36923076923076925,0.2577186850614326,0.4418604651162791
neuma,epochwise,eegnet,2,S44,0.4917728877067566,82,0,-0.1503092283431799,-0.07796917497733435,0.4185606060606061,0.16045662183634063,0.36647727272727276,0.2909958258795468,0.625,0.21212121212121213,0.32224396416326845,0.2926829268292683
neuma,epochwise,eegnet,3,S01,0.496857533454895,69,0,0.09778117301634254,0.07999999999999996,0.5592592592592592,0.24665279288682354,0.5246913580246914,0.49818181818181817,0.6,0.5185185185185185,0.28349064139352326,0.5362318840579711
neuma,epochwise,eegnet,3,S02,0.496857533454895,63,0,-0.1129384878631564,-0.10204081632653073,0.44047619047619047,0.39120803047121816,0.49773242630385484,0.42142857142857143,0.47619047619047616,0.40476190476190477,0.1658487970393801,0.42857142857142855
neuma,epochwise,eegnet,3,S03,0.496857533454895,65,0,-0.029160592175990215,-0.02739726027397249,0.48341836734693877,0.24622331184641155,0.46683673469387754,0.4724025974025974,0.375,0.5918367346938775,0.24509149102064282,0.5384615384615384
neuma,epochwise,eegnet,3,S05,0.496857533454895,85,0,0.11910831181185048,0.07942238267148016,0.5822649572649572,0.3476138000962855,0.6121794871794872,0.4590909090909091,0.6923076923076923,0.4722222222222222,0.34495032324510466,0.5058823529411764
neuma,epochwise,eegnet,3,S06,0.496857533454895,139,0,0.05046083923495819,0.04712939160239937,0.5277777777777778,0.3124305068161011,0.4926767676767677,0.5083996463306808,0.5,0.5555555555555556,0.21953596249758767,0.539568345323741
neuma,epochwise,eegnet,3,S07,0.496857533454895,86,0,0.06436746403319897,0.04637096774193539,0.5410714285714285,0.20993138673192505,0.5321428571428571,0.4525462962962963,0.625,0.45714285714285713,0.3140661927849748,0.4883720930232558
neuma,epochwise,eegnet,3,S08,0.496857533454895,83,0,0.03560332835420208,0.03251533742331281,0.5203533026113671,0.2799000713859492,0.4800307219662058,0.49648786717752236,0.47619047619047616,0.5645161290322581,0.24734214827956924,0.5421686746987951
neuma,epochwise,eegnet,3,S09,0.496857533454895,120,0,-0.14296957471274432,-0.10829959514170051,0.4169254658385093,0.2536503797856302,0.422360248447205,0.37244788308618093,0.4642857142857143,0.3695652173913043,0.2710960162182649,0.39166666666666666
neuma,epochwise,eegnet,3,S10,0.496857533454895,273,0,0.03823263046657572,0.03076923076923077,0.5243212669683258,0.18205616192373697,0.4900800556909154,0.4698550331933342,0.5192307692307693,0.5294117647058824,0.2995018489085711,0.5274725274725275
neuma,epochwise,eegnet,3,S12,0.496857533454895,103,0,-0.19731268206675637,-0.16645694769009545,0.38976190476190475,0.26527251955027104,0.4504761904761905,0.3690811861934857,0.39285714285714285,0.38666666666666666,0.23812531730503714,0.3883495145631068
neuma,epochwise,eegnet,3,S13,0.496857533454895,315,0,-0.017029154881488612,-0.013426812712699743,0.4903186011585497,0.24378349683003367,0.48616176786097404,0.43540783870867483,0.569620253164557,0.4110169491525424,0.26225476804233727,0.4507936507936508
neuma,epochwise,eegnet,3,S14,0.496857533454895,55,0,-0.1336306209562122,-0.11803278688524599,0.42500000000000004,0.24743101954934726,0.41,0.4081916001388407,0.4,0.45,0.24884131604974918,0.43636363636363634
neuma,epochwise,eegnet,3,S15,0.496857533454895,215,0,-0.059022912138516306,-0.054099746407438865,0.46870109546165883,0.3491842678964314,0.47564553990610325,0.4504671249779658,0.49295774647887325,0.4444444444444444,0.1706187824870265,0.4604651162790698
neuma,epochwise,eegnet,3,S16,0.496857533454895,224,0,-0.015955155918672585,-0.010619837578954572,0.4901708852627521,0.22095456339457514,0.5177951946550173,0.39849624060150374,0.6046511627906976,0.3756906077348066,0.3154558994408164,0.41964285714285715
neuma,epochwise,eegnet,3,S17,0.496857533454895,90,0,-0.03407990882954985,-0.030042918454935785,0.48148148148148145,0.2721732091969618,0.44385655496766613,0.45344129554655865,0.5185185185185185,0.4444444444444444,0.20435342854923674,0.4666666666666667
neuma,epochwise,eegnet,3,S18,0.496857533454895,56,0,0.08902476018169285,0.085427135678392,0.5435897435897437,0.5611216554241123,0.558974358974359,0.5333333333333333,0.6538461538461539,0.43333333333333335,0.06623204478195732,0.5357142857142857
neuma,epochwise,eegnet,3,S19,0.496857533454895,118,0,-0.05806357207498616,-0.037805198214754476,0.45999999999999996,0.17660876188487748,0.4833333333333334,0.38402804830541487,0.5,0.42,0.3493666131112535,0.4322033898305085
neuma,epochwise,eegnet,3,S20,0.496857533454895,56,0,0.2049246827140568,0.15436241610738255,0.6040723981900452,0.4977532563714999,0.6711915535444948,0.5177033492822967,0.8235294117647058,0.38461538461538464,0.209490928798914,0.5178571428571429
neuma,epochwise,eegnet,3,S21,0.496857533454895,135,0,0.052915026221291815,0.04375000000000007,0.53,0.2753738811448787,0.5202857142857142,0.4784090909090909,0.6,0.46,0.2529280810444443,0.4962962962962963
neuma,epochwise,eegnet,3,S22,0.496857533454895,79,0,0.10492263189215799,0.10488831337002269,0.5525974025974025,0.4764556895063667,0.474025974025974,0.552371701473207,0.5142857142857142,0.5909090909090909,0.08788863692102554,0.5569620253164557
neuma,epochwise,eegnet,3,S23,0.496857533454895,70,0,-0.28755406187583576,-0.28742514970059885,0.355297157622739,0.3037311936464906,0.3273040482342808,0.35614973262032085,0.2222222222222222,0.4883720930232558,0.14755637305123465,0.38571428571428573
neuma,epochwise,eegnet,3,S24,0.496857533454895,221,0,-0.009490020559169948,-0.0055327048374766985,0.49296817172464835,0.19882840115502062,0.5471872686898593,0.3826125824114426,0.5714285714285714,0.41450777202072536,0.37884682309034173,0.4343891402714932
neuma,epochwise,eegnet,3,S25,0.496857533454895,42,0,0.29702006475334314,0.2420382165605096,0.6671554252199414,0.44288993834448387,0.6774193548387097,0.583673469387755,0.8181818181818182,0.5161290322580645,0.25403448229744324,0.5952380952380952
neuma,epochwise,eegnet,3,S26,0.496857533454895,269,0,0.017540688339879453,0.016412203087057264,0.5094594594594595,0.33158232397578735,0.5280566280566281,0.49256245950032396,0.5,0.518918918918919,0.17359093449261995,0.5130111524163569
neuma,epochwise,eegnet,3,S27,0.496857533454895,49,0,-0.2008048322256247,-0.19736842105263142,0.39285714285714285,0.28321911007941225,0.42244897959183675,0.39678030303030304,0.21428571428571427,0.5714285714285714,0.24022547322876597,0.46938775510204084
neuma,epochwise,eegnet,3,S28,0.496857533454895,152,0,0.12243406355676321,0.10083727702948664,0.5776562938043173,0.25401955584829194,0.5654611718530979,0.5131805863513181,0.5862068965517241,0.5691056910569106,0.2983008438819333,0.5723684210526315
neuma,epochwise,eegnet,3,S29,0.496857533454895,109,0,-0.10644960098431522,-0.07920792079207928,0.4341692789968652,0.17985299619323786,0.42215256008359453,0.38714859437751004,0.45454545454545453,0.41379310344827586,0.29992214610817236,0.42201834862385323
neuma,epochwise,eegnet,3,S30,0.496857533454895,53,0,-0.0014492753623188406,-0.0013995801259620855,0.49927536231884057,0.5108293954074186,0.5101449275362319,0.49056603773584906,0.5652173913043478,0.43333333333333335,0.09987940259699551,0.49056603773584906
neuma,epochwise,eegnet,3,S31,0.496857533454895,99,0,-0.11877531330831126,-0.11662055756543954,0.43800904977375565,0.30429131257650704,0.4294117647058823,0.43683589138134593,0.35294117647058826,0.5230769230769231,0.15036065801225526,0.46464646464646464
neuma,epochwise,eegnet,3,S32,0.496857533454895,101,0,0.00338536578355838,0.0030708488703662384,0.5020138089758343,0.21811330566278095,0.5080552359033372,0.48098663926002055,0.4090909090909091,0.5949367088607594,0.2605887205884008,0.5544554455445545
neuma,epochwise,eegnet,3,S33,0.496857533454895,97,0,0.1423516819343125,0.12437311935807427,0.5745192307692308,0.36260383355980824,0.56875,0.5329052969502408,0.6875,0.46153846153846156,0.1788788603753159,0.5360824742268041
neuma,epochwise,eegnet,3,S34,0.496857533454895,235,0,0.07606828997072021,0.0662251655629138,0.5487176263515212,0.2246079889703922,0.5838571787779734,0.507870026346011,0.4634146341463415,0.634020618556701,0.29663987717729934,0.6042553191489362
neuma,epochwise,eegnet,3,S35,0.496857533454895,101,0,-0.04068094747860262,-0.028032704822292587,0.47789473684210526,0.32870010836893315,0.4994736842105263,0.3922264969912203,0.64,0.3157894736842105,0.25936151760639525,0.39603960396039606
neuma,epochwise,eegnet,3,S36,0.496857533454895,51,0,-0.16591227115686805,-0.16202531645569618,0.4111111111111111,0.23607921874628437,0.3574074074074074,0.4127931769722814,0.26666666666666666,0.5555555555555556,0.18885920211380602,0.47058823529411764
neuma,epochwise,eegnet,3,S37,0.496857533454895,66,0,-0.037603552349761676,-0.0369685767097967,0.4807692307692308,0.4938450352600463,0.5480769230769231,0.4771668219944082,0.46153846153846156,0.5,0.09843834828246725,0.48484848484848486
neuma,epochwise,eegnet,3,S38,0.496857533454895,181,0,-0.04955328107816574,-0.04276296252301459,0.4721706864564007,0.24409225611887814,0.44604205318491036,0.44201493723184493,0.4897959183673469,0.45454545454545453,0.2436374326272564,0.46408839779005523
neuma,epochwise,eegnet,3,S39,0.496857533454895,39,0,0.152127765851133,0.13333333333333341,0.575,0.4850110111627139,0.5805555555555556,0.5381578947368422,0.7333333333333333,0.4166666666666667,0.12673917871255141,0.5384615384615384
neuma,epochwise,eegnet,3,S40,0.496857533454895,65,0,-0.01256297269074015,-0.012269938650306678,0.4935897435897436,0.4280274251273716,0.46252465483234706,0.4879446168536643,0.5,0.48717948717948717,0.1062536331323477,0.49230769230769234
neuma,epochwise,eegnet,3,S41,0.496857533454895,48,0,-0.03230291412348993,-0.030927835051546282,0.48333333333333334,0.369077585259145,0.49999999999999994,0.47345326897762174,0.5,0.4666666666666667,0.1291264941294988,0.4791666666666667
neuma,epochwise,eegnet,3,S42,0.496857533454895,63,0,-0.05877538136452586,-0.05801526717557248,0.47,0.4722483231765914,0.5126315789473684,0.4676056338028169,0.44,0.5,0.09666748936214148,0.47619047619047616
neuma,epochwise,eegnet,3,S43,0.496857533454895,86,0,-0.06688529210319154,-0.05535248041775431,0.4611721611721612,0.24356023749571246,0.4351648351648352,0.4254442075337598,0.47619047619047616,0.4461538461538462,0.25518604073413587,0.45348837209302323
neuma,epochwise,eegnet,3,S44,0.496857533454895,82,0,-0.07283771663710657,-0.05243036592026229,0.4545454545454546,0.24459530631729337,0.4706439393939394,0.3943108596573943,0.5,0.4090909090909091,0.3128925227537388,0.4268292682926829
neuma,epochwise,eegnet,4,S01,0.5236104297637939,69,0,0.1669931442893732,0.1658031088082902,0.5888888888888889,0.37841235681264374,0.591358024691358,0.5818181818181818,0.4,0.7777777777777778,0.28123621189075965,0.6956521739130435
neuma,epochwise,eegnet,4,S02,0.5236104297637939,63,0,0.022798037629377658,0.022471910112359494,0.5119047619047619,0.43928823327090016,0.5510204081632653,0.5079450579046594,0.42857142857142855,0.5952380952380952,0.17484374462612087,0.5396825396825397
neuma,epochwise,eegnet,4,S03,0.5236104297637939,65,0,-0.20860270715754572,-0.19144602851323822,0.38010204081632654,0.2123573192037021,0.39158163265306123,0.38160676532769555,0.25,0.5102040816326531,0.26468480321077203,0.4461538461538462
neuma,epochwise,eegnet,4,S05,0.5236104297637939,85,0,-0.16761785956677422,-0.16040955631399312,0.3995726495726496,0.1258695917683259,0.37393162393162394,0.4117647058823529,0.07692307692307693,0.7222222222222222,0.34633286314852096,0.6235294117647059
neuma,epochwise,eegnet,4,S06,0.5236104297637939,139,0,0.23925734678688693,0.239114207514307,0.6213383838383838,0.3578182186738065,0.5633838383838383,0.619462419113987,0.475,0.7676767676767676,0.20460029471692423,0.6834532374100719
neuma,epochwise,eegnet,4,S07,0.5236104297637939,86,0,0.026244532958391194,0.024032042723631575,0.5160714285714285,0.22318256166265005,0.5776785714285715,0.4955141476880607,0.375,0.6571428571428571,0.31257398634455924,0.6046511627906976
neuma,epochwise,eegnet,4,S08,0.5236104297637939,83,0,-0.10833335677805471,-0.10666666666666669,0.4416282642089093,0.2751067150909383,0.5023041474654377,0.4431497175141243,0.23809523809523808,0.6451612903225806,0.24302951861116812,0.5421686746987951
neuma,epochwise,eegnet,4,S09,0.5236104297637939,120,0,0.17506931104046833,0.1712707182320442,0.5962732919254659,0.260725123548869,0.5652173913043479,0.5820271682340648,0.4642857142857143,0.7282608695652174,0.26623724947373073,0.6666666666666666
neuma,epochwise,eegnet,4,S10,0.5236104297637939,273,0,-0.08956221510397983,-0.08708272859216248,0.4490950226244344,0.163246989028752,0.4431778628611207,0.4510551932798377,0.19230769230769232,0.7058823529411765,0.3017994074812739,0.608058608058608
neuma,epochwise,eegnet,4,S12,0.5236104297637939,103,0,0.03514155309758435,0.03480589022757696,0.5185714285714286,0.303950668670639,0.5642857142857143,0.5154569892473119,0.35714285714285715,0.68,0.21377938421605858,0.5922330097087378
neuma,epochwise,eegnet,4,S13,0.5236104297637939,315,0,-0.00914026813260604,-0.009038762384842691,0.49511907316026604,0.24742302537786143,0.48873632267753697,0.49320911437871817,0.3037974683544304,0.6864406779661016,0.25846420285247623,0.5904761904761905
neuma,epochwise,eegnet,4,S14,0.5236104297637939,55,0,-0.31320531981797217,-0.3037037037037036,0.32916666666666666,0.1947387567880047,0.2416666666666667,0.33933933933933935,0.13333333333333333,0.525,0.26941039616411383,0.41818181818181815
neuma,epochwise,eegnet,4,S15,0.5236104297637939,215,0,-0.10665625184100938,-0.10663299990288433,0.44630281690140844,0.31179172369513797,0.46664710485133026,0.4466297591297591,0.2676056338028169,0.625,0.1780832476394121,0.5069767441860465
neuma,epochwise,eegnet,4,S16,0.5236104297637939,224,0,-0.004949061231245717,-0.004636162064100002,0.49704484132082744,0.21797627691919821,0.5017345496595143,0.48521703204482663,0.32558139534883723,0.6685082872928176,0.3177039429013218,0.6026785714285714
neuma,epochwise,eegnet,4,S17,0.5236104297637939,90,0,0.09001800540180063,0.08866995073891626,0.5476190476190477,0.33664175206680624,0.5014697236919459,0.5412591266014602,0.4444444444444444,0.6507936507936508,0.20918283926116096,0.5888888888888889
neuma,epochwise,eegnet,4,S18,0.5236104297637939,56,0,0.16475358245943125,0.15926892950391636,0.5782051282051281,0.5177217064413496,0.5371794871794872,0.5728026533996683,0.4230769230769231,0.7333333333333333,0.04641326357211385,0.5892857142857143
neuma,epochwise,eegnet,4,S19,0.5236104297637939,118,0,0.11114765480922503,0.09923664122137421,0.5722222222222222,0.177355279954315,0.5455555555555556,0.5317460317460317,0.4444444444444444,0.7,0.35444538699368305,0.6610169491525424
neuma,epochwise,eegnet,4,S20,0.5236104297637939,56,0,0.09825015015781494,0.09815950920245398,0.548265460030166,0.3387590241932158,0.5625942684766214,0.5489067894131185,0.35294117647058826,0.7435897435897436,0.20244319577302247,0.625
neuma,epochwise,eegnet,4,S21,0.5236104297637939,135,0,0.09035079029052513,0.0898876404494382,0.5428571428571429,0.29406425674091335,0.5557142857142857,0.5440900562851783,0.2857142857142857,0.8,0.23986766404575768,0.6666666666666666
neuma,epochwise,eegnet,4,S22,0.5236104297637939,79,0,-0.09047787338686299,-0.08654813820865481,0.4581168831168831,0.479834600429083,0.4642857142857143,0.4454716658106489,0.2571428571428571,0.6590909090909091,0.08629446354093433,0.4810126582278481
neuma,epochwise,eegnet,4,S23,0.5236104297637939,70,0,-0.08187303150631435,-0.07642124883504198,0.4646856158484065,0.3736672173115467,0.4246339362618432,0.4461759769839367,0.18518518518518517,0.7441860465116279,0.13078854169164386,0.5285714285714286
neuma,epochwise,eegnet,4,S24,0.5236104297637939,221,0,-0.028473361597869225,-0.022002628632624255,0.47908956328645447,0.12116385614119807,0.4496669133974833,0.44169658290120994,0.35714285714285715,0.6010362694300518,0.3862648495721601,0.5701357466063348
neuma,epochwise,eegnet,4,S25,0.5236104297637939,42,0,0.1868645580647745,0.18559556786703602,0.5982404692082112,0.3569828133682623,0.624633431085044,0.5916666666666667,0.45454545454545453,0.7419354838709677,0.24273088858241132,0.6666666666666666
neuma,epochwise,eegnet,4,S26,0.5236104297637939,269,0,-0.054198086373181825,-0.05353676395463669,0.47471042471042474,0.3073565673664902,0.532046332046332,0.47062648664373596,0.21428571428571427,0.7351351351351352,0.16211721828020417,0.5724907063197026
neuma,epochwise,eegnet,4,S27,0.5236104297637939,49,0,0.0928032337334619,0.09160305343511455,0.5428571428571429,0.38736974195960405,0.4306122448979592,0.5435616438356164,0.2857142857142857,0.8,0.26574647061678824,0.6530612244897959
neuma,epochwise,eegnet,4,S28,0.5236104297637939,152,0,0.020618762009530837,0.02051551814834296,0.5109335576114382,0.24945852457218023,0.5623773479114101,0.5094513600737667,0.2413793103448276,0.7804878048780488,0.26679932674098955,0.6776315789473685
neuma,epochwise,eegnet,4,S29,0.5236104297637939,109,0,0.13898632552579,0.13550872422388405,0.5781086729362591,0.2560373892363746,0.5783699059561128,0.5637507146941109,0.4090909090909091,0.7471264367816092,0.2925689049543591,0.6788990825688074
neuma,epochwise,eegnet,4,S30,0.5236104297637939,53,0,-0.006516871004324007,-0.006074411541381997,0.49710144927536226,0.4704220535481807,0.4739130434782609,0.48100274187230707,0.2608695652173913,0.7333333333333333,0.06769430131282447,0.5283018867924528
neuma,epochwise,eegnet,4,S31,0.5236104297637939,99,0,0.06923824236430985,0.06761651774933597,0.5316742081447964,0.3878980131691632,0.530316742081448,0.5292037556395561,0.29411764705882354,0.7692307692307693,0.15584170788225504,0.6060606060606061
neuma,epochwise,eegnet,4,S32,0.5236104297637939,101,0,-0.09756564473640382,-0.09572431397574976,0.45684695051783664,0.2330036083361977,0.5120828538550057,0.4489730423620026,0.09090909090909091,0.8227848101265823,0.2546564063223282,0.6633663366336634
neuma,epochwise,eegnet,4,S33,0.5236104297637939,97,0,0.14408816765534585,0.14404960648700216,0.5725961538461539,0.3992466814057254,0.5240384615384615,0.5719737626714372,0.4375,0.7076923076923077,0.173898204700234,0.6185567010309279
neuma,epochwise,eegnet,4,S34,0.5236104297637939,235,0,-0.025563389874528924,-0.024167987321711548,0.4846618053809404,0.1815452339936336,0.518355544380186,0.47777777777777775,0.2682926829268293,0.7010309278350515,0.3011263030957668,0.625531914893617
neuma,epochwise,eegnet,4,S35,0.5236104297637939,101,0,0.0035520640952406684,0.0035416139640779276,0.5018421052631579,0.2590978488369239,0.49315789473684213,0.5012029884766367,0.28,0.7236842105263158,0.25584541010384515,0.6138613861386139
neuma,epochwise,eegnet,4,S36,0.5236104297637939,51,0,-0.08131842079168766,-0.08092485549132955,0.46111111111111114,0.29222641450960796,0.40555555555555556,0.4584942084942085,0.2,0.7222222222222222,0.2178502211383745,0.5686274509803921
neuma,epochwise,eegnet,4,S37,0.5236104297637939,66,0,0.11499323120707246,0.11343283582089547,0.5548076923076923,0.45174379449048896,0.5817307692307693,0.5539424280350438,0.38461538461538464,0.725,0.10851698030125012,0.5909090909090909
neuma,epochwise,eegnet,4,S38,0.5236104297637939,181,0,0.05378672945676712,0.053319773354641886,0.5283704390847248,0.3191511846053849,0.518243661100804,0.5249343832020997,0.3673469387755102,0.6893939393939394,0.24109061762114256,0.6022099447513812
neuma,epochwise,eegnet,4,S39,0.5236104297637939,39,0,-0.10213243599737852,-0.09777777777777774,0.4541666666666667,0.3586136593489535,0.4694444444444445,0.44075471698113206,0.2,0.7083333333333334,0.12386443446844053,0.5128205128205128
neuma,epochwise,eegnet,4,S40,0.5236104297637939,65,0,-0.22457384561773838,-0.21621621621621623,0.39743589743589747,0.35266898434212535,0.3984220907297831,0.38160676532769555,0.15384615384615385,0.6410256410256411,0.14648547997841468,0.4461538461538462
neuma,epochwise,eegnet,4,S41,0.5236104297637939,48,0,-0.12372052323053641,-0.12359550561797761,0.4388888888888889,0.3850431755987479,0.46851851851851856,0.4379391100702576,0.2777777777777778,0.6,0.1308666324863831,0.4791666666666667
neuma,epochwise,eegnet,4,S42,0.5236104297637939,63,0,0.15447953946385695,0.15368081676517997,0.5752631578947368,0.4557569910893682,0.5936842105263158,0.5758147050902236,0.44,0.7105263157894737,0.1031244174828605,0.6031746031746031
neuma,epochwise,eegnet,4,S43,0.5236104297637939,86,0,0.07151842500282787,0.07148175725986583,0.5351648351648352,0.31432528554899203,0.5362637362637362,0.5356544405138708,0.2857142857142857,0.7846153846153846,0.2678172927956249,0.6627906976744186
neuma,epochwise,eegnet,4,S44,0.5236104297637939,82,0,-0.04238623747287692,-0.03910209992758884,0.4744318181818182,0.18595012046349457,0.4640151515151515,0.46405228758169936,0.3125,0.6363636363636364,0.31441314155008737,0.573170731707317
neuma,epochwise,logreg,0,S01,0.4933140897750854,69,0,0.11441551070947108,0.10746268656716418,0.5666666666666667,0.2693496065372489,0.5666666666666667,0.5423469387755102,0.4666666666666667,0.6666666666666666,0.2622345939130435,0.6231884057971014
neuma,epochwise,logreg,0,S02,0.4933140897750854,63,0,0.0,0.0,0.5,0.3548703963025468,0.49206349206349204,0.4951923076923077,0.42857142857142855,0.5714285714285714,0.1629152284126984,0.5238095238095238
neuma,epochwise,logreg,0,S03,0.4933140897750854,65,0,-0.05330017908890261,-0.024518388791593848,0.4776785714285714,0.32679861823895096,0.5255102040816326,0.30174265934590594,0.8125,0.14285714285714285,0.32183160676923084,0.3076923076923077
neuma,epochwise,logreg,0,S05,0.4933140897750854,85,0,-0.1485255324772097,-0.109534619750284,0.39690170940170943,0.2673098229612873,0.45619658119658124,0.37579821200510855,0.3076923076923077,0.4861111111111111,0.34832190847058825,0.4588235294117647
neuma,epochwise,logreg,0,S06,0.4933140897750854,139,0,0.02575359621385284,0.025622431713802185,0.5133838383838384,0.33360383769559154,0.5308080808080808,0.5117490310077519,0.35,0.6767676767676768,0.17632221539568352,0.5827338129496403
neuma,epochwise,logreg,0,S07,0.4933140897750854,86,0,0.018839442097022485,0.010046044370029317,0.5107142857142857,0.19557434141224359,0.5098214285714285,0.3561998094460324,0.75,0.2714285714285714,0.3512676447674419,0.36046511627906974
neuma,epochwise,logreg,0,S08,0.4933140897750854,83,0,0.0196505301165903,0.013103615627274912,0.5103686635944701,0.39731373518229723,0.5760368663594471,0.40826422231922016,0.7142857142857143,0.3064516129032258,0.27898941530120486,0.40963855421686746
neuma,epochwise,logreg,0,S09,0.4933140897750854,120,0,0.15762208124782015,0.1333333333333333,0.5931677018633541,0.31484074783697547,0.5419254658385094,0.5334928229665072,0.6428571428571429,0.5434782608695652,0.2670702376666667,0.5666666666666667
neuma,epochwise,logreg,0,S10,0.4933140897750854,273,0,0.05291253627817012,0.05230769230769239,0.5288461538461539,0.19903669227893261,0.5340236686390533,0.5243149057500396,0.28846153846153844,0.7692307692307693,0.24832354073260077,0.6776556776556777
neuma,epochwise,logreg,0,S12,0.4933140897750854,103,0,-0.001362089413207989,-0.0009718172983479434,0.49928571428571433,0.3588413755792796,0.5619047619047619,0.41609977324263037,0.6785714285714286,0.32,0.24962229776699038,0.4174757281553398
neuma,epochwise,logreg,0,S13,0.4933140897750854,315,0,0.04940815747819605,0.041651127642451935,0.5284541943788886,0.2577759735005136,0.5099763999141815,0.4823747680890538,0.569620253164557,0.4872881355932203,0.25121819396825396,0.5079365079365079
neuma,epochwise,logreg,0,S14,0.4933140897750854,55,0,-0.09689627902499089,-0.08253968253968269,0.4458333333333333,0.22452791236437092,0.37666666666666665,0.4170940170940171,0.4666666666666667,0.425,0.23839004872727276,0.43636363636363634
neuma,epochwise,logreg,0,S15,0.4933140897750854,215,0,0.015924979218573738,0.012948793407886905,0.5080692488262911,0.3581865045687386,0.5176056338028169,0.4556255274946439,0.6619718309859155,0.3541666666666667,0.19203006125581398,0.4558139534883721
neuma,epochwise,logreg,0,S16,0.4933140897750854,224,0,0.05144572888501562,0.041408542549722815,0.5326352306308622,0.2323505969351678,0.5508158807657716,0.47555020402702525,0.5348837209302325,0.5303867403314917,0.29943283254464287,0.53125
neuma,epochwise,logreg,0,S17,0.4933140897750854,90,0,0.10286889997472795,0.10256410256410253,0.5529100529100529,0.3828510895622365,0.5920047031158141,0.5507060333761232,0.4074074074074074,0.6984126984126984,0.1662787414444444,0.6111111111111112
neuma,epochwise,logreg,0,S18,0.4933140897750854,56,0,0.06247076400546535,0.026378896882493952,0.5141025641025642,0.5461938725184707,0.55,0.3770617568085923,0.9615384615384616,0.06666666666666667,0.11424535517857148,0.48214285714285715
neuma,epochwise,logreg,0,S19,0.4933140897750854,118,0,-0.09428090415820634,-0.06779661016949157,0.4344444444444444,0.13016191501101881,0.4261111111111111,0.39279588336192106,0.3888888888888889,0.48,0.33952840491525427,0.4661016949152542
neuma,epochwise,logreg,0,S20,0.4933140897750854,56,0,-0.24664669113198123,-0.16417910447761197,0.3838612368024133,0.306934792295393,0.44042232277526394,0.301566997121842,0.5882352941176471,0.1794871794871795,0.25919815089285714,0.30357142857142855
neuma,epochwise,logreg,0,S21,0.4933140897750854,135,0,-0.03830540521482476,-0.027592768791627087,0.4792857142857143,0.2711687231641756,0.4991428571428571,0.4034467520989836,0.6285714285714286,0.33,0.2614135351851852,0.4074074074074074
neuma,epochwise,logreg,0,S22,0.4933140897750854,79,0,0.020339987040457568,0.019456558201945695,0.5094155844155844,0.4467122193606711,0.4896103896103896,0.49957199109741485,0.3142857142857143,0.7045454545454546,0.08148093772151893,0.5316455696202531
neuma,epochwise,logreg,0,S23,0.4933140897750854,70,0,0.28755406187583576,0.2622950819672132,0.6447028423772609,0.5263269282820358,0.6804478897502153,0.614206981016534,0.7777777777777778,0.5116279069767442,0.12127667142857139,0.6142857142857143
neuma,epochwise,logreg,0,S24,0.4933140897750854,221,0,0.07335498560726413,0.06588761810044752,0.5490377498149519,0.17459397231727497,0.5368245743893412,0.5175911658962506,0.35714285714285715,0.7409326424870466,0.3311974643438914,0.6923076923076923
neuma,epochwise,logreg,0,S25,0.4933140897750854,42,0,0.44399618972177585,0.3293413173652694,0.7419354838709677,0.41397513162219046,0.7302052785923753,0.6155606407322655,1.0,0.4838709677419355,0.26278036952380956,0.6190476190476191
neuma,epochwise,logreg,0,S26,0.4933140897750854,269,0,0.01920198711532694,0.015903663431736215,0.5100707850707851,0.3652096394909904,0.5425353925353925,0.46199999999999997,0.6309523809523809,0.3891891891891892,0.2081942154275092,0.4646840148698885
neuma,epochwise,logreg,0,S27,0.4933140897750854,49,0,-0.07308816827558577,-0.07299270072992692,0.4642857142857143,0.3431571236985983,0.5061224489795918,0.4632237871674491,0.21428571428571427,0.7142857142857143,0.18522067428571434,0.5714285714285714
neuma,epochwise,logreg,0,S28,0.4933140897750854,152,0,0.01893033033685684,0.01671974522292996,0.5117746005046258,0.1965837588337855,0.4833193159517802,0.4836686699764829,0.41379310344827586,0.6097560975609756,0.2905438581578947,0.5723684210526315
neuma,epochwise,logreg,0,S29,0.4933140897750854,109,0,0.22925148185455568,0.22890348660939874,0.6183385579937304,0.42486772365856273,0.7115987460815046,0.6142568250758342,0.4090909090909091,0.8275862068965517,0.242906776880734,0.7431192660550459
neuma,epochwise,logreg,0,S30,0.4933140897750854,53,0,-0.33887729222484836,-0.2788203753351206,0.34927536231884054,0.3616229584800217,0.33333333333333337,0.30058651026392963,0.5652173913043478,0.13333333333333333,0.23447879075471692,0.32075471698113206
neuma,epochwise,logreg,0,S31,0.4933140897750854,99,0,0.18507250838343992,0.14161849710982655,0.5886877828054299,0.4430478638962971,0.6036199095022624,0.513911620294599,0.8235294117647058,0.35384615384615387,0.19889873222222224,0.5151515151515151
neuma,epochwise,logreg,0,S32,0.4933140897750854,101,0,0.1348173339948059,0.12534184138559712,0.5791139240506329,0.2490467320698571,0.5368239355581128,0.5495305164319249,0.5,0.6582278481012658,0.25988598069306923,0.6237623762376238
neuma,epochwise,logreg,0,S33,0.4933140897750854,97,0,-0.1564978936802244,-0.1534664572582456,0.41778846153846155,0.28235926360117564,0.3697115384615385,0.4179780369070531,0.3125,0.5230769230769231,0.1879981418556701,0.4536082474226804
neuma,epochwise,logreg,0,S34,0.4933140897750854,235,0,0.12215947784303577,0.1154912836767037,0.5732964546140307,0.26659299141594517,0.595675132009052,0.5489898989898989,0.4146341463414634,0.7319587628865979,0.2555383128510639,0.676595744680851
neuma,epochwise,logreg,0,S35,0.4933140897750854,101,0,-0.06826169980054453,-0.042228925226226455,0.465,0.2903081062472836,0.5110526315789474,0.35618319113464747,0.68,0.25,0.29224419178217825,0.3564356435643564
neuma,epochwise,logreg,0,S36,0.4933140897750854,51,0,0.05555555555555555,0.05555555555555558,0.5277777777777778,0.313021354249964,0.4925925925925925,0.5277777777777778,0.3333333333333333,0.7222222222222222,0.1683092068627451,0.6078431372549019
neuma,epochwise,logreg,0,S37,0.4933140897750854,66,0,0.06201736729460423,0.06060606060606055,0.5317307692307692,0.5643303654146604,0.6336538461538462,0.5249593684699326,0.5384615384615384,0.525,0.11770145636363633,0.5303030303030303
neuma,epochwise,logreg,0,S38,0.4933140897750854,181,0,-0.0932948235875752,-0.0757344201052812,0.4482838589981447,0.3183169406103616,0.4460420531849103,0.40766713417484807,0.5102040816326531,0.38636363636363635,0.23931855801104976,0.4198895027624309
neuma,epochwise,logreg,0,S39,0.4933140897750854,39,0,0.04225771273642583,0.03703703703703709,0.5208333333333333,0.5097189494640769,0.5388888888888889,0.48684210526315785,0.6666666666666666,0.375,0.14717387102564103,0.48717948717948717
neuma,epochwise,logreg,0,S40,0.4933140897750854,65,0,0.10411584125907071,0.09356725146198841,0.5512820512820513,0.48697616813107114,0.5601577909270217,0.5226249703861644,0.6923076923076923,0.41025641025641024,0.13704434076923078,0.5230769230769231
neuma,epochwise,logreg,0,S41,0.4933140897750854,48,0,0.14907119849998599,0.11111111111111116,0.5666666666666667,0.5531755083455983,0.6814814814814815,0.4920634920634921,0.8333333333333334,0.3,0.21293405104166666,0.5
neuma,epochwise,logreg,0,S42,0.4933140897750854,63,0,0.17511819922894495,0.17189079878665325,0.5894736842105264,0.4824547333722989,0.5778947368421052,0.5821428571428571,0.6,0.5789473684210527,0.14148258222222218,0.5873015873015873
neuma,epochwise,logreg,0,S43,0.4933140897750854,86,0,0.20123793775896676,0.14529105537150966,0.6124542124542125,0.45369666381709384,0.6996336996336996,0.5049342105263158,0.8095238095238095,0.4153846153846154,0.2670857002325581,0.5116279069767442
neuma,epochwise,logreg,0,S44,0.4933140897750854,82,0,0.025587556897847436,0.019362186788154823,0.5160984848484849,0.19770690389186257,0.4753787878787879,0.44807692307692304,0.5625,0.4696969696969697,0.31845952951219514,0.4878048780487805
neuma,epochwise,logreg,1,S01,0.5381603741645814,69,0,0.13837793079251814,0.1291759465478841,0.5537037037037037,0.26817116005222713,0.5271604938271606,0.5565217391304348,0.2,0.9074074074074074,0.25487240391304355,0.7536231884057971
neuma,epochwise,logreg,1,S02,0.5381603741645814,63,0,0.2359699518621347,0.19718309859154926,0.5833333333333334,0.5005752970302726,0.546485260770975,0.5744756487735514,0.23809523809523808,0.9285714285714286,0.15089128730158732,0.6984126984126984
neuma,epochwise,logreg,1,S03,0.5381603741645814,65,0,-0.08333333333333333,-0.05544554455445572,0.45535714285714285,0.21538166387995072,0.4043367346938776,0.36683297695414585,0.625,0.2857142857142857,0.33859991153846153,0.36923076923076925
neuma,epochwise,logreg,1,S05,0.5381603741645814,85,0,0.0354883795743167,0.033306255077172886,0.5219017094017094,0.24641592806020207,0.5245726495726496,0.5066334991708126,0.3076923076923077,0.7361111111111112,0.34575155458823525,0.6705882352941176
neuma,epochwise,logreg,1,S06,0.5381603741645814,139,0,-0.02645805687294594,-0.02486627150498788,0.48914141414141415,0.31342856937030145,0.5164141414141414,0.47663344407530456,0.15,0.8282828282828283,0.1770238326618705,0.6330935251798561
neuma,epochwise,logreg,1,S07,0.5381603741645814,86,0,0.15325150845822202,0.1244343891402715,0.5982142857142857,0.22441573554162625,0.59375,0.5233990147783252,0.625,0.5714285714285714,0.34732879872093025,0.5813953488372093
neuma,epochwise,logreg,1,S08,0.5381603741645814,83,0,0.24242899402799623,0.20952380952380945,0.6394009216589862,0.37003796359096713,0.5967741935483871,0.5779010633379565,0.7142857142857143,0.5645161290322581,0.28282342180722886,0.6024096385542169
neuma,epochwise,logreg,1,S09,0.5381603741645814,120,0,-0.017197979012252743,-0.016949152542372836,0.4906832298136646,0.2488762154970122,0.4937888198757764,0.48863636363636365,0.2857142857142857,0.6956521739130435,0.268635469,0.6
neuma,epochwise,logreg,1,S10,0.5381603741645814,273,0,-0.03500700210070025,-0.03076923076923066,0.48812217194570134,0.19705016083550886,0.5373303167420815,0.47027136609806247,0.057692307692307696,0.918552036199095,0.24919050937728943,0.7545787545787546
neuma,epochwise,logreg,1,S12,0.5381603741645814,103,0,0.03029639585960892,0.02955032119914347,0.5164285714285715,0.286583169362745,0.5428571428571429,0.5095238095238095,0.39285714285714285,0.64,0.23527039446601944,0.5728155339805825
neuma,epochwise,logreg,1,S13,0.5381603741645814,315,0,0.018238609659885108,0.017926734216679563,0.5098691267968247,0.2626008398582371,0.5224737180862475,0.5054945054945055,0.34177215189873417,0.6779661016949152,0.25589499504761903,0.5936507936507937
neuma,epochwise,logreg,1,S14,0.5381603741645814,55,0,-0.04490132550669373,-0.04210526315789487,0.47500000000000003,0.2720764136313623,0.47000000000000003,0.4637053087757313,0.4,0.55,0.27448706236363635,0.509090909090909
neuma,epochwise,logreg,1,S15,0.5381603741645814,215,0,0.01297868025484135,0.012337577109857056,0.5068955399061033,0.38814628726022815,0.5308098591549295,0.49411764705882355,0.49295774647887325,0.5208333333333334,0.20276067860465113,0.5116279069767442
neuma,epochwise,logreg,1,S16,0.5381603741645814,224,0,-0.001815073354200547,-0.001814882032667775,0.49910060388025185,0.21101226821436586,0.5058460747783631,0.4990763247447739,0.18604651162790697,0.8121546961325967,0.2974735684375,0.6919642857142857
neuma,epochwise,logreg,1,S17,0.5381603741645814,90,0,0.05351918923323965,0.049079754601227044,0.5211640211640212,0.3203665603379515,0.5038212815990594,0.5104404281452887,0.18518518518518517,0.8571428571428571,0.17525401555555545,0.6555555555555556
neuma,epochwise,logreg,1,S18,0.5381603741645814,56,0,0.17264406217159614,0.14004914004914004,0.573076923076923,0.5034345861924924,0.5602564102564103,0.5281429052915403,0.8461538461538461,0.3,0.11255638071428574,0.5535714285714286
neuma,epochwise,logreg,1,S19,0.5381603741645814,118,0,-0.15932368450064158,-0.14824016563147002,0.40055555555555555,0.1565871744501357,0.435,0.4121886592474828,0.1111111111111111,0.69,0.34583931491525427,0.6016949152542372
neuma,epochwise,logreg,1,S20,0.5381603741645814,56,0,-0.11020961260989717,-0.0966952264381884,0.44042232277526394,0.29314925527401503,0.4479638009049774,0.41666666666666663,0.47058823529411764,0.41025641025641024,0.2320858464285714,0.42857142857142855
neuma,epochwise,logreg,1,S21,0.5381603741645814,135,0,-0.10434920730935021,-0.10239792611795195,0.44357142857142856,0.2859318249646897,0.4677142857142857,0.4444444444444444,0.2571428571428571,0.63,0.24984933829629624,0.5333333333333333
neuma,epochwise,logreg,1,S22,0.5381603741645814,79,0,0.08292373351190922,0.06215083798882681,0.5288961038961039,0.4598424941413118,0.4980519480519481,0.4786490683229814,0.17142857142857143,0.8863636363636364,0.08766679924050633,0.569620253164557
neuma,epochwise,logreg,1,S23,0.5381603741645814,70,0,0.18572580126025348,0.1823899371069182,0.5874246339362619,0.57433300626011,0.6795865633074936,0.5878623188405797,0.4074074074074074,0.7674418604651163,0.15330821957142857,0.6285714285714286
neuma,epochwise,logreg,1,S24,0.5381603741645814,221,0,0.1595244264590719,0.15924975670176056,0.5832716506291635,0.16912849341359934,0.5455218356772761,0.5794574501039961,0.2857142857142857,0.8808290155440415,0.32907663045248875,0.8054298642533937
neuma,epochwise,logreg,1,S25,0.5381603741645814,42,0,0.2017853988002107,0.19437340153452687,0.6114369501466275,0.3867464846469961,0.6715542521994134,0.5906432748538011,0.5454545454545454,0.6774193548387096,0.2590153197619047,0.6428571428571429
neuma,epochwise,logreg,1,S26,0.5381603741645814,269,0,-0.03448071046471463,-0.03393189598222324,0.48182110682110685,0.32075445957713156,0.5075933075933076,0.4792498487598306,0.36904761904761907,0.5945945945945946,0.20264430423791818,0.5241635687732342
neuma,epochwise,logreg,1,S27,0.5381603741645814,49,0,0.08730378697119727,0.08196721311475397,0.5357142857142857,0.3224620943554227,0.463265306122449,0.5311004784688995,0.21428571428571427,0.8571428571428571,0.17874235857142856,0.673469387755102
neuma,epochwise,logreg,1,S28,0.5381603741645814,152,0,-0.007581631332183971,-0.00733727810650886,0.495654611718531,0.20060886405592326,0.48331931595178024,0.4904214559386973,0.27586206896551724,0.7154471544715447,0.2973252577631579,0.631578947368421
neuma,epochwise,logreg,1,S29,0.5381603741645814,109,0,-0.053876348760386016,-0.04592186429061007,0.48249738766980144,0.25509148993862396,0.5992685475444096,0.45886524822695035,0.045454545454545456,0.9195402298850575,0.23996727183486236,0.7431192660550459
neuma,epochwise,logreg,1,S30,0.5381603741645814,53,0,-0.21042233291787654,-0.20897718910963947,0.3971014492753623,0.3701169892561025,0.3333333333333333,0.3935031376891842,0.2608695652173913,0.5333333333333333,0.28614808584905654,0.41509433962264153
neuma,epochwise,logreg,1,S31,0.5381603741645814,99,0,0.18478227622826487,0.18323925314806777,0.5954751131221719,0.5030636040104287,0.6221719457013575,0.5900174367916304,0.5294117647058824,0.6615384615384615,0.1901113575757576,0.6161616161616161
neuma,epochwise,logreg,1,S32,0.5381603741645814,101,0,-0.024763431613426447,-0.024677817384151313,0.487054085155351,0.24225176685656574,0.5281933256616801,0.4870281400137268,0.22727272727272727,0.7468354430379747,0.2682916321782178,0.6336633663366337
neuma,epochwise,logreg,1,S33,0.5381603741645814,97,0,-0.19115102906789677,-0.18973717146433033,0.40889423076923076,0.2562698420082705,0.34278846153846154,0.40326428123038294,0.15625,0.6615384615384615,0.19699663422680413,0.4948453608247423
neuma,epochwise,logreg,1,S34,0.5381603741645814,235,0,0.08049630263802482,0.0781635914572133,0.5338194619059593,0.2216184039736222,0.5755594669348756,0.5357769973661106,0.17073170731707318,0.8969072164948454,0.2507384037021277,0.7702127659574468
neuma,epochwise,logreg,1,S35,0.5381603741645814,101,0,0.029859898806705934,0.023709648002918193,0.5171052631578947,0.33896761882756854,0.5505263157894736,0.458033815936013,0.6,0.4342105263157895,0.31019388623762373,0.4752475247524752
neuma,epochwise,logreg,1,S36,0.5381603741645814,51,0,0.021516574145596764,0.01449275362318836,0.5055555555555555,0.39303741801926917,0.6314814814814815,0.46031746031746035,0.06666666666666667,0.9444444444444444,0.1425630068627451,0.6862745098039216
neuma,epochwise,logreg,1,S37,0.5381603741645814,66,0,-0.03320531306762042,-0.03229061553985879,0.48461538461538456,0.4111894663697401,0.5451923076923078,0.47739463601532567,0.2692307692307692,0.7,0.09967873439393934,0.5303030303030303
neuma,epochwise,logreg,1,S38,0.5381603741645814,181,0,-0.06338899196042053,-0.06338899196042047,0.46830550401978976,0.3087049912178099,0.4712430426716141,0.46830550401978976,0.22448979591836735,0.7121212121212122,0.22992817657458567,0.580110497237569
neuma,epochwise,logreg,1,S39,0.5381603741645814,39,0,0.15811388300841897,0.1558441558441559,0.575,0.506216186970007,0.4944444444444444,0.5751633986928104,0.4,0.75,0.1407148548717949,0.6153846153846154
neuma,epochwise,logreg,1,S40,0.5381603741645814,65,0,0.15089863644835705,0.14634146341463405,0.5769230769230769,0.465343376308565,0.5897435897435898,0.5666666666666667,0.6153846153846154,0.5384615384615384,0.1419887704615384,0.5692307692307692
neuma,epochwise,logreg,1,S41,0.5381603741645814,48,0,-0.09899678265684463,-0.098901098901099,0.44999999999999996,0.40038868849052633,0.4944444444444444,0.45029775538250116,0.3333333333333333,0.5666666666666667,0.1442507654166666,0.4791666666666667
neuma,epochwise,logreg,1,S42,0.5381603741645814,63,0,0.2446197692922267,0.23929747530186596,0.6147368421052631,0.513759245776886,0.6063157894736843,0.6158536585365854,0.44,0.7894736842105263,0.14075600968253968,0.6507936507936508
neuma,epochwise,logreg,1,S43,0.5381603741645814,86,0,0.12492622193421993,0.12244897959183665,0.5681318681318681,0.32993901945088666,0.5421245421245421,0.5576572092251535,0.42857142857142855,0.7076923076923077,0.2713270153488372,0.6395348837209303
neuma,epochwise,logreg,1,S44,0.5381603741645814,82,0,-0.11382233997932878,-0.10987261146496818,0.4346590909090909,0.18648238313049126,0.4498106060606061,0.43790322580645163,0.1875,0.6818181818181818,0.30850114390243905,0.5853658536585366
neuma,epochwise,logreg,2,S01,0.5222268009185791,69,0,0.18226447537315343,0.1768421052631578,0.5777777777777777,0.31221091006820184,0.6148148148148148,0.5847787610619469,0.26666666666666666,0.8888888888888888,0.2528471626086957,0.7536231884057971
neuma,epochwise,logreg,2,S02,0.5222268009185791,63,0,-0.1264304343560434,-0.125,0.44047619047619047,0.3076336752544818,0.43650793650793657,0.43480861244019137,0.19047619047619047,0.6904761904761905,0.1514776680952381,0.5238095238095238
neuma,epochwise,logreg,2,S03,0.5222268009185791,65,0,0.1141930665500807,0.07178695484368958,0.559311224489796,0.41532689262936023,0.5956632653061225,0.43022980336413175,0.8125,0.30612244897959184,0.3318980995384616,0.4307692307692308
neuma,epochwise,logreg,2,S05,0.5222268009185791,85,0,-0.009085710233264693,-0.008154188287620379,0.49412393162393164,0.23966613545717516,0.5085470085470085,0.4769230769230769,0.3076923076923077,0.6805555555555556,0.33800604811764706,0.6235294117647059
neuma,epochwise,logreg,2,S06,0.5222268009185791,139,0,-0.049322416752945915,-0.04919312857886515,0.47613636363636364,0.3299652318181278,0.49343434343434345,0.47485669619593535,0.225,0.7272727272727273,0.18208976489208634,0.5827338129496403
neuma,epochwise,logreg,2,S07,0.5222268009185791,86,0,-0.06736949930501651,-0.047737444057682765,0.4571428571428572,0.20414784797765384,0.4526785714285715,0.39410496046010063,0.5,0.4142857142857143,0.3516081311627907,0.43023255813953487
neuma,epochwise,logreg,2,S08,0.5222268009185791,83,0,0.07590898309480822,0.062276109120970036,0.543394777265745,0.4031433241273638,0.6129032258064516,0.4869591436755616,0.6190476190476191,0.46774193548387094,0.275429325180723,0.5060240963855421
neuma,epochwise,logreg,2,S09,0.5222268009185791,120,0,0.051330545887055656,0.048223350253807085,0.5295031055900621,0.2663797773316686,0.5291149068322982,0.511559752523608,0.42857142857142855,0.6304347826086957,0.2753093948333334,0.5833333333333334
neuma,epochwise,logreg,2,S10,0.5222268009185791,273,0,-0.05600373669397249,-0.05351170568561869,0.4773755656108597,0.18975588074376193,0.5092238078663418,0.46719925056597883,0.07692307692307693,0.8778280542986425,0.24794659172161168,0.7252747252747253
neuma,epochwise,logreg,2,S12,0.5222268009185791,103,0,0.1338012440255056,0.13108371187540557,0.5721428571428572,0.32742359854817144,0.5533333333333333,0.5617021276595745,0.4642857142857143,0.68,0.23609386737864077,0.6213592233009708
neuma,epochwise,logreg,2,S13,0.5222268009185791,315,0,-0.04608470344909988,-0.04288627244622756,0.4737717228062648,0.23237972480453772,0.48176357004934567,0.46198916399914036,0.379746835443038,0.5677966101694916,0.2578082555873016,0.5206349206349207
neuma,epochwise,logreg,2,S14,0.5222268009185791,55,0,-0.06708203932499368,-0.06206896551724128,0.4625,0.27416343241943725,0.4666666666666667,0.44999999999999996,0.4,0.525,0.23663702363636366,0.4909090909090909
neuma,epochwise,logreg,2,S15,0.5222268009185791,215,0,0.06027126469608581,0.05460865195359943,0.531885758998435,0.35314885386195954,0.5027386541471048,0.5043798985707699,0.5915492957746479,0.4722222222222222,0.20087696334883723,0.5116279069767442
neuma,epochwise,logreg,2,S16,0.5222268009185791,224,0,0.05774921911703311,0.05465774575398874,0.5341128099704484,0.2331406605336994,0.5411794937684697,0.5175963861750184,0.37209302325581395,0.6961325966850829,0.30341411374999994,0.6339285714285714
neuma,epochwise,logreg,2,S17,0.5222268009185791,90,0,0.09745521440276554,0.096045197740113,0.5449735449735449,0.3885775720038851,0.5790711346266901,0.5454545454545454,0.2962962962962963,0.7936507936507936,0.17449924811111112,0.6444444444444445
neuma,epochwise,logreg,2,S18,0.5222268009185791,56,0,-0.2513939852674119,-0.203931203931204,0.3935897435897436,0.5090603539036732,0.47179487179487184,0.3394000674081564,0.6538461538461539,0.13333333333333333,0.10238330375000007,0.375
neuma,epochwise,logreg,2,S19,0.5222268009185791,118,0,-0.21693800887276218,-0.1867816091954022,0.3555555555555555,0.12111067085105495,0.3794444444444444,0.3742424242424242,0.1111111111111111,0.6,0.34706146008474575,0.5254237288135594
neuma,epochwise,logreg,2,S20,0.5222268009185791,56,0,0.030082841879809342,0.024390243902439046,0.5158371040723982,0.317232253238036,0.48567119155354455,0.46153846153846156,0.6470588235294118,0.38461538461538464,0.24573225642857136,0.4642857142857143
neuma,epochwise,logreg,2,S21,0.5222268009185791,135,0,-0.027674379083812095,-0.025316455696202667,0.4842857142857143,0.2502151968930362,0.4794285714285714,0.4665948275862069,0.42857142857142855,0.54,0.26297689229629634,0.5111111111111111
neuma,epochwise,logreg,2,S22,0.5222268009185791,79,0,0.016529114823486478,0.013185287994448291,0.5061688311688312,0.5015346792441067,0.4818181818181818,0.46136363636363636,0.17142857142857143,0.8409090909090909,0.047288737341772136,0.5443037974683544
neuma,epochwise,logreg,2,S23,0.5222268009185791,70,0,0.20543854480931223,0.19999999999999996,0.6055124892334195,0.5163618425452973,0.6425495262704566,0.5947063688999172,0.6296296296296297,0.5813953488372093,0.1430870154285714,0.6
neuma,epochwise,logreg,2,S24,0.5222268009185791,221,0,0.0020990253549436908,0.002059732234809597,0.5012028127313102,0.15496274314268058,0.5188749074759437,0.4986268656716418,0.17857142857142858,0.8238341968911918,0.33847260058823536,0.7420814479638009
neuma,epochwise,logreg,2,S25,0.5222268009185791,42,0,-0.02124056829475902,-0.020460358056265893,0.48826979472140764,0.42997645268942586,0.5425219941348974,0.48148148148148145,0.36363636363636365,0.6129032258064516,0.25464737428571427,0.5476190476190477
neuma,epochwise,logreg,2,S26,0.5222268009185791,269,0,0.035727054267649,0.03423614900766869,0.5191763191763192,0.314433604719894,0.49555984555984556,0.5074342635318245,0.47619047619047616,0.5621621621621622,0.19659303055762076,0.5353159851301115
neuma,epochwise,logreg,2,S27,0.5222268009185791,49,0,-0.06396021490668313,-0.053097345132743445,0.47857142857142854,0.2904238981262918,0.47551020408163264,0.44503664223850764,0.07142857142857142,0.8857142857142857,0.1511751112244898,0.6530612244897959
neuma,epochwise,logreg,2,S28,0.5222268009185791,152,0,0.05915691455645268,0.05569114710450418,0.5351836276983459,0.24290888525992294,0.5012615643397813,0.5171318357159065,0.3793103448275862,0.6910569105691057,0.2921975201315789,0.631578947368421
neuma,epochwise,logreg,2,S29,0.5222268009185791,109,0,0.0970539017788277,0.09250693802035159,0.5391849529780565,0.26959457226022365,0.5700104493207941,0.5405152224824356,0.18181818181818182,0.896551724137931,0.2523882952293578,0.7522935779816514
neuma,epochwise,logreg,2,S30,0.5222268009185791,53,0,-0.30869565217391304,-0.29811056682995085,0.3456521739130435,0.35403347418762354,0.31884057971014496,0.33962264150943394,0.391304347826087,0.3,0.18021064584905658,0.33962264150943394
neuma,epochwise,logreg,2,S31,0.5222268009185791,99,0,0.23474199928511663,0.22496909765142148,0.6235294117647059,0.44065792486257194,0.6099547511312218,0.6044995794785535,0.6470588235294118,0.6,0.19452231424242422,0.6161616161616161
neuma,epochwise,logreg,2,S32,0.5222268009185791,101,0,0.01287316262554507,0.012534469791927738,0.507192174913694,0.2326034390096703,0.4988492520138089,0.5012029884766367,0.3181818181818182,0.6962025316455697,0.2581714216831683,0.6138613861386139
neuma,epochwise,logreg,2,S33,0.5222268009185791,97,0,-0.1848681535947921,-0.1846604787493893,0.4091346153846154,0.2672405705448978,0.36874999999999997,0.4073802541544477,0.1875,0.6307692307692307,0.17986085195876286,0.4845360824742268
neuma,epochwise,logreg,2,S34,0.5222268009185791,235,0,0.09552459799559436,0.09543593816826534,0.549094795071662,0.290539291758467,0.6155393512698014,0.5475935828877005,0.2682926829268293,0.8298969072164949,0.2619361633617022,0.7319148936170212
neuma,epochwise,logreg,2,S35,0.5222268009185791,101,0,0.006938201444259863,0.005371530886302489,0.5039473684210526,0.3190480795838487,0.5257894736842106,0.44142785319255906,0.6,0.40789473684210525,0.2945625212871288,0.45544554455445546
neuma,epochwise,logreg,2,S36,0.5222268009185791,51,0,0.03984095364447979,0.037735849056603876,0.5166666666666667,0.3157765480133901,0.5296296296296297,0.5096153846153846,0.2,0.8333333333333334,0.15855475568627453,0.6470588235294118
neuma,epochwise,logreg,2,S37,0.5222268009185791,66,0,0.31471831698777725,0.31044776119402984,0.65,0.5319102427202902,0.6182692307692308,0.6530663329161452,0.5,0.8,0.10050988469696973,0.6818181818181818
neuma,epochwise,logreg,2,S38,0.5222268009185791,181,0,-0.016461002292073406,-0.015345928170739542,0.4908008658008658,0.2950265392411483,0.46598639455782315,0.47609541870446154,0.42857142857142855,0.553030303030303,0.2367869706077348,0.5193370165745856
neuma,epochwise,logreg,2,S39,0.5222268009185791,39,0,0.26162797606709143,0.26016260162601623,0.6333333333333333,0.5933398810182324,0.638888888888889,0.6290760869565217,0.6,0.6666666666666666,0.13798384999999996,0.6410256410256411
neuma,epochwise,logreg,2,S40,0.5222268009185791,65,0,-0.07647191129018725,-0.0714285714285714,0.46153846153846156,0.40818522896275045,0.47238658777120324,0.4460227272727273,0.5384615384615384,0.38461538461538464,0.1440528003076923,0.4461538461538462
neuma,epochwise,logreg,2,S41,0.5222268009185791,48,0,-0.022222222222222223,-0.019607843137254832,0.48888888888888893,0.48382392301419785,0.5074074074074074,0.4583333333333333,0.6111111111111112,0.36666666666666664,0.17742057583333332,0.4583333333333333
neuma,epochwise,logreg,2,S42,0.5222268009185791,63,0,0.29905383859861556,0.29888712241653415,0.648421052631579,0.5306730972756614,0.6263157894736843,0.6493506493506493,0.56,0.7368421052631579,0.11344610126984125,0.6666666666666666
neuma,epochwise,logreg,2,S43,0.5222268009185791,86,0,-0.0019070234216222626,-0.0017472335468839972,0.4989010989010989,0.3311560089261968,0.5435897435897435,0.47973381730187536,0.42857142857142855,0.5692307692307692,0.26673708093023246,0.5348837209302325
neuma,epochwise,logreg,2,S44,0.5222268009185791,82,0,-0.09496714704969829,-0.08849557522123908,0.4431818181818182,0.17108695646811278,0.42803030303030304,0.4409090909090909,0.25,0.6363636363636364,0.3112074568292682,0.5609756097560976
neuma,epochwise,logreg,3,S01,0.4791956269741058,69,0,-0.03698001308168194,-0.03265306122448974,0.4777777777777778,0.24509074309208229,0.48024691358024696,0.4559139784946237,0.4,0.5555555555555556,0.26942220768115943,0.5217391304347826
neuma,epochwise,logreg,3,S02,0.4791956269741058,63,0,-0.090075469822209,-0.08247422680412364,0.45238095238095233,0.38531431631225366,0.5215419501133787,0.4353393085787452,0.47619047619047616,0.42857142857142855,0.14635653047619046,0.4444444444444444
neuma,epochwise,logreg,3,S03,0.4791956269741058,65,0,0.030929478706587098,0.009933774834437248,0.5095663265306123,0.4664057244124995,0.5510204081632653,0.27144249512670565,0.9375,0.08163265306122448,0.36014351415384627,0.2923076923076923
neuma,epochwise,logreg,3,S05,0.4791956269741058,85,0,0.057781270440128034,0.04329004329004327,0.5400641025641025,0.20360472925453182,0.5106837606837606,0.46540880503144655,0.5384615384615384,0.5416666666666666,0.3329475369411764,0.5411764705882353
neuma,epochwise,logreg,3,S06,0.4791956269741058,139,0,-0.026908969190951974,-0.025385116077240255,0.48522727272727273,0.29012587625390374,0.507070707070707,0.4734848484848485,0.425,0.5454545454545454,0.1904143432374101,0.5107913669064749
neuma,epochwise,logreg,3,S07,0.4791956269741058,86,0,0.0802076721809811,0.02700729927007306,0.5330357142857143,0.25140293973363215,0.5919642857142857,0.27554347826086956,0.9375,0.12857142857142856,0.3564142673255814,0.27906976744186046
neuma,epochwise,logreg,3,S08,0.4791956269741058,83,0,0.06870556374879506,0.040684234858992085,0.5337941628264209,0.2862788811471788,0.5460829493087558,0.3975029036004646,0.8095238095238095,0.25806451612903225,0.2706451720481928,0.39759036144578314
neuma,epochwise,logreg,3,S09,0.4791956269741058,120,0,0.10657197808460728,0.08163265306122447,0.562111801242236,0.3091659076002015,0.5756987577639752,0.48260994538660534,0.6785714285714286,0.44565217391304346,0.2590497688333333,0.5
neuma,epochwise,logreg,3,S10,0.4791956269741058,273,0,0.013192198857116064,0.012307692307692353,0.5079185520361991,0.18931768018129444,0.4966933518969718,0.4931197834423641,0.34615384615384615,0.669683257918552,0.2565881931868132,0.608058608058608
neuma,epochwise,logreg,3,S12,0.4791956269741058,103,0,0.06554735253444621,0.03512880562060894,0.5285714285714286,0.2872719185220148,0.519047619047619,0.37386018237082064,0.8571428571428571,0.2,0.2666850103883495,0.3786407766990291
neuma,epochwise,logreg,3,S13,0.4791956269741058,315,0,-0.024904316445180714,-0.018828036065988485,0.486027676464278,0.241655676336337,0.48197811628405923,0.42146089204912734,0.5949367088607594,0.3771186440677966,0.25280539317460315,0.43174603174603177
neuma,epochwise,logreg,3,S14,0.4791956269741058,55,0,-0.04629100498862757,-0.03529411764705892,0.475,0.28362967794300215,0.4633333333333333,0.41333333333333333,0.6,0.35,0.25443083018181817,0.41818181818181815
neuma,epochwise,logreg,3,S15,0.4791956269741058,215,0,0.03849566109657017,0.029531022875066926,0.5188771517996871,0.3405806225279967,0.5115414710485133,0.45086580086580086,0.7183098591549296,0.3194444444444444,0.1864255847906977,0.4511627906976744
neuma,epochwise,logreg,3,S16,0.4791956269741058,224,0,-0.00781734353915954,-0.005458201666187712,0.4951175639213671,0.2224487997201834,0.5097006295772838,0.4139194139194139,0.5813953488372093,0.4088397790055249,0.29909787035714297,0.4419642857142857
neuma,epochwise,logreg,3,S17,0.4791956269741058,90,0,0.02486823656509969,0.024390243902439046,0.5132275132275133,0.3661432649138513,0.5261610817166372,0.5079278294149809,0.4074074074074074,0.6190476190476191,0.169412557,0.5555555555555556
neuma,epochwise,logreg,3,S18,0.4791956269741058,56,0,-0.09654572619026462,-0.04076738609112707,0.4782051282051282,0.47926048222399636,0.5025641025641026,0.3341004986574607,0.9230769230769231,0.03333333333333333,0.10300108428571428,0.44642857142857145
neuma,epochwise,logreg,3,S19,0.4791956269741058,118,0,-0.02158252395397593,-0.012569494802997294,0.4855555555555556,0.15278055565169854,0.4683333333333334,0.3700278216407249,0.6111111111111112,0.36,0.3450612172033899,0.3983050847457627
neuma,epochwise,logreg,3,S20,0.4791956269741058,56,0,-0.1340699356187853,-0.07150050352467296,0.44645550527903466,0.3237957333796213,0.4856711915535445,0.3072916666666667,0.7647058823529411,0.1282051282051282,0.2640279973214285,0.32142857142857145
neuma,epochwise,logreg,3,S21,0.4791956269741058,135,0,-0.03629940851892121,-0.02731707317073173,0.48,0.2290560311302352,0.4522857142857143,0.415,0.6,0.36,0.2526133374074074,0.4222222222222222
neuma,epochwise,logreg,3,S22,0.4791956269741058,79,0,-0.025974025974025976,-0.025974025974025983,0.487012987012987,0.44322954831018596,0.49675324675324684,0.487012987012987,0.42857142857142855,0.5454545454545454,0.04186646822784811,0.4936708860759494
neuma,epochwise,logreg,3,S23,0.4791956269741058,70,0,0.21967362799586615,0.17220990391722102,0.6003445305770887,0.4756044225131608,0.6236003445305771,0.5368072787427627,0.8518518518518519,0.3488372093023256,0.1324700472857143,0.5428571428571428
neuma,epochwise,logreg,3,S24,0.4791956269741058,221,0,0.00645258284058266,0.005046257359125228,0.5047187268689859,0.16996820089361678,0.5560695780903036,0.4590472604029373,0.39285714285714285,0.616580310880829,0.3351689566515837,0.5882352941176471
neuma,epochwise,logreg,3,S25,0.4791956269741058,42,0,0.3063358324269934,0.21917808219178092,0.6642228739002932,0.3700037792641321,0.6627565982404692,0.5452991452991452,0.9090909090909091,0.41935483870967744,0.2557089352380952,0.5476190476190477
neuma,epochwise,logreg,3,S26,0.4791956269741058,269,0,0.1350776121121828,0.09874120518834062,0.5663770913770914,0.32177805847469176,0.5288288288288288,0.4793740322937403,0.7976190476190477,0.33513513513513515,0.21110170769516734,0.4795539033457249
neuma,epochwise,logreg,3,S27,0.4791956269741058,49,0,-0.012909944487358056,-0.01156069364161838,0.4928571428571429,0.41898503257297615,0.5326530612244897,0.4676227727075185,0.5,0.4857142857142857,0.19825349734693873,0.4897959183673469
neuma,epochwise,logreg,3,S28,0.4791956269741058,152,0,0.039161391967615373,0.028992628992628888,0.5248107653490328,0.19309132109872443,0.4883655733109055,0.4486607142857143,0.5862068965517241,0.4634146341463415,0.29223170730263154,0.4868421052631579
neuma,epochwise,logreg,3,S29,0.4791956269741058,109,0,0.08427100184553699,0.07978049810046428,0.5493730407523512,0.2569121392610958,0.6436781609195402,0.5301724137931034,0.4090909090909091,0.6896551724137931,0.24650037119266055,0.6330275229357798
neuma,epochwise,logreg,3,S30,0.4791956269741058,53,0,-0.16618021061026217,-0.1367292225201071,0.4260869565217391,0.4051789954959779,0.3536231884057971,0.3782991202346041,0.6521739130434783,0.2,0.17146428622641505,0.39622641509433965
neuma,epochwise,logreg,3,S31,0.4791956269741058,99,0,0.0763335843532926,0.057481587928866595,0.5361990950226244,0.4295657985743715,0.5615384615384614,0.4626728110599079,0.7647058823529411,0.3076923076923077,0.20310315454545452,0.46464646464646464
neuma,epochwise,logreg,3,S32,0.4791956269741058,101,0,0.05589622161864072,0.04153983885407331,0.5333716915995397,0.2839083705221981,0.549482163406214,0.4538312417100296,0.6363636363636364,0.43037974683544306,0.2716337534653465,0.4752475247524752
neuma,epochwise,logreg,3,S33,0.4791956269741058,97,0,-0.03594713776795507,-0.03233729021694631,0.4810096153846154,0.28674638223887755,0.40576923076923077,0.45693367786391037,0.53125,0.4307692307692308,0.19404969649484546,0.4639175257731959
neuma,epochwise,logreg,3,S34,0.4791956269741058,235,0,0.09416823077273007,0.08716248223590717,0.5578325370882574,0.22905609027350468,0.5917777219009303,0.530732515098383,0.4146341463414634,0.7010309278350515,0.2471228260425532,0.6510638297872341
neuma,epochwise,logreg,3,S35,0.4791956269741058,101,0,-0.08639686140684338,-0.04790967348184316,0.4586842105263158,0.2801469240343204,0.54,0.326138147566719,0.72,0.19736842105263158,0.28946306445544556,0.32673267326732675
neuma,epochwise,logreg,3,S36,0.4791956269741058,51,0,0.05555555555555555,0.05555555555555558,0.5277777777777778,0.32775795245165207,0.5518518518518518,0.5277777777777778,0.3333333333333333,0.7222222222222222,0.1503366870588235,0.6078431372549019
neuma,epochwise,logreg,3,S37,0.4791956269741058,66,0,0.07531100588381141,0.07252946509519487,0.5384615384615384,0.4345630237675785,0.5576923076923077,0.5275917801893327,0.5769230769230769,0.5,0.09107442757575764,0.5303030303030303
neuma,epochwise,logreg,3,S38,0.4791956269741058,181,0,-0.030022332776582943,-0.02079991721425989,0.48446196660482377,0.2896335780456021,0.4684601113172542,0.3971275783040489,0.673469387755102,0.29545454545454547,0.24009403845303867,0.39779005524861877
neuma,epochwise,logreg,3,S39,0.4791956269741058,39,0,-0.042257712736425826,-0.027491408934707806,0.48333333333333334,0.6268944263510826,0.6138888888888888,0.3843514070006863,0.8,0.16666666666666666,0.15399847,0.41025641025641024
neuma,epochwise,logreg,3,S40,0.4791956269741058,65,0,0.2512297172085311,0.17582417582417575,0.6025641025641026,0.5107628986659397,0.6528599605522682,0.5192307692307693,0.9230769230769231,0.28205128205128205,0.1564020203076923,0.5384615384615384
neuma,epochwise,logreg,3,S41,0.4791956269741058,48,0,0.26185110635499564,0.1711711711711712,0.6055555555555555,0.5714725174246987,0.6833333333333333,0.5033738191632928,0.9444444444444444,0.26666666666666666,0.17244086708333328,0.5208333333333334
neuma,epochwise,logreg,3,S42,0.4791956269741058,63,0,0.2684262125407043,0.2551724137931034,0.6363157894736842,0.5632708600542934,0.64,0.6181818181818182,0.72,0.5526315789473685,0.10599725460317459,0.6190476190476191
neuma,epochwise,logreg,3,S43,0.4791956269741058,86,0,0.09883579998450698,0.06072520751419841,0.550915750915751,0.39005291991804636,0.5787545787545788,0.41829004329004327,0.8095238095238095,0.2923076923076923,0.2667740102325581,0.4186046511627907
neuma,epochwise,logreg,3,S44,0.4791956269741058,82,0,-0.12250473895810593,-0.0897009966777409,0.4232954545454546,0.19111177274505123,0.36837121212121215,0.3776091081593928,0.4375,0.4090909090909091,0.32560336573170734,0.4146341463414634
neuma,epochwise,logreg,4,S01,0.4852551996707916,69,0,0.14397953016003737,0.1235216819973719,0.587037037037037,0.2877261939210794,0.5641975308641975,0.5321487023614684,0.6,0.5740740740740741,0.2681280085507247,0.5797101449275363
neuma,epochwise,logreg,4,S02,0.4852551996707916,63,0,-0.0674199862463242,-0.06451612903225801,0.4642857142857143,0.37467834321251803,0.5011337868480725,0.4564705882352942,0.42857142857142855,0.5,0.14892634031746033,0.47619047619047616
neuma,epochwise,logreg,4,S03,0.4852551996707916,65,0,-0.1509006084923417,-0.04323616115296436,0.45790816326530615,0.27765624098657815,0.45535714285714285,0.2195540308747856,0.875,0.04081632653061224,0.34264785815384624,0.24615384615384617
neuma,epochwise,logreg,4,S05,0.4852551996707916,85,0,0.11312566463290066,0.0834279228149829,0.578525641025641,0.28621101184669245,0.5993589743589745,0.4843550446998723,0.6153846153846154,0.5416666666666666,0.3391933012941177,0.5529411764705883
neuma,epochwise,logreg,4,S06,0.4852551996707916,139,0,0.03284503674782433,0.03141245437451601,0.5179292929292929,0.33572560010383423,0.51489898989899,0.505840528186897,0.45,0.5858585858585859,0.18373907949640284,0.5467625899280576
neuma,epochwise,logreg,4,S07,0.4852551996707916,86,0,-0.0017857142857142857,-0.0007757951900699833,0.49910714285714286,0.1758741231571125,0.4589285714285714,0.3023255813953488,0.8125,0.18571428571428572,0.3477156309302326,0.3023255813953488
neuma,epochwise,logreg,4,S08,0.4852551996707916,83,0,0.0837173579109063,0.05087514585764297,0.5418586789554531,0.29189170725739433,0.5668202764976958,0.40963855421686746,0.8095238095238095,0.27419354838709675,0.2692627898795181,0.40963855421686746
neuma,epochwise,logreg,4,S09,0.4852551996707916,120,0,-0.05328598904230364,-0.04081632653061229,0.468944099378882,0.2731923912347163,0.5128105590062112,0.41362460477148605,0.5357142857142857,0.40217391304347827,0.2703921930833333,0.43333333333333335
neuma,epochwise,logreg,4,S10,0.4852551996707916,273,0,0.03208975192564189,0.03076923076923077,0.5186651583710408,0.21053756751502428,0.547250261051166,0.5079648273225437,0.3269230769230769,0.7104072398190046,0.2519349676190476,0.6373626373626373
neuma,epochwise,logreg,4,S12,0.4852551996707916,103,0,0.07904761904761905,0.05180215322203141,0.5395238095238095,0.3248300202691933,0.5528571428571428,0.42718446601941745,0.7857142857142857,0.29333333333333333,0.259438717184466,0.42718446601941745
neuma,epochwise,logreg,4,S13,0.4852551996707916,315,0,0.04961875189060711,0.04005224205485425,0.5283737395408711,0.25137637477116964,0.5098691267968247,0.47095273364559104,0.6075949367088608,0.4491525423728814,0.24850721028571435,0.4888888888888889
neuma,epochwise,logreg,4,S14,0.4852551996707916,55,0,-0.13115784746777812,-0.10000000000000009,0.4291666666666667,0.2554701826395145,0.41833333333333333,0.3766666666666667,0.5333333333333333,0.325,0.27339390690909093,0.38181818181818183
neuma,epochwise,logreg,4,S15,0.4852551996707916,215,0,0.06780645124313686,0.05127814972611078,0.5329616588419406,0.3583899476036797,0.5269953051643192,0.4598925848925849,0.7464788732394366,0.3194444444444444,0.1939896270697675,0.4604651162790698
neuma,epochwise,logreg,4,S16,0.4852551996707916,224,0,0.04030934062035354,0.030155715913406822,0.5255043042528589,0.21259005644908235,0.5188230759347294,0.4517347990381312,0.5813953488372093,0.4696132596685083,0.30086303705357137,0.49107142857142855
neuma,epochwise,logreg,4,S17,0.4852551996707916,90,0,0.22287124708010464,0.2211055276381909,0.6164021164021164,0.37659593377996725,0.5972957084068197,0.6091889620395013,0.5185185185185185,0.7142857142857143,0.1633405731111111,0.6555555555555556
neuma,epochwise,logreg,4,S18,0.4852551996707916,56,0,0.040360367639778745,0.02168674698795192,0.5115384615384616,0.4504441051957982,0.48461538461538467,0.3974025974025974,0.9230769230769231,0.1,0.12673173839285712,0.48214285714285715
neuma,epochwise,logreg,4,S19,0.4852551996707916,118,0,-0.16027038306123714,-0.0947265625,0.39222222222222225,0.13258015176608803,0.4011111111111111,0.32306763285024154,0.4444444444444444,0.34,0.3475554501694916,0.3559322033898305
neuma,epochwise,logreg,4,S20,0.4852551996707916,56,0,-0.06726727939963124,-0.04477611940298498,0.4683257918552036,0.27405423733761114,0.4268476621417798,0.37320115126319153,0.7058823529411765,0.23076923076923078,0.23273196446428573,0.375
neuma,epochwise,logreg,4,S21,0.4852551996707916,135,0,-0.011952286093343936,-0.00851063829787213,0.49357142857142855,0.2582956677972437,0.4888571428571429,0.41158620689655173,0.6571428571428571,0.33,0.25636750037037037,0.4148148148148148
neuma,epochwise,logreg,4,S22,0.4852551996707916,79,0,-0.0032573462708087677,-0.003256268316509159,0.49837662337662336,0.435666558313737,0.48636363636363633,0.49829018075232046,0.42857142857142855,0.5681818181818182,0.07690657341772147,0.5063291139240507
neuma,epochwise,logreg,4,S23,0.4852551996707916,70,0,0.11693441271306003,0.09916729750189246,0.5564168819982773,0.5018733884844174,0.6365202411714039,0.5126945126945127,0.7407407407407407,0.37209302325581395,0.12941096299999993,0.5142857142857142
neuma,epochwise,logreg,4,S24,0.4852551996707916,221,0,0.04422421499392758,0.0335583230345089,0.5326609918578831,0.1474239040098455,0.5259067357512953,0.4681941828834484,0.4642857142857143,0.6010362694300518,0.34212228986425336,0.583710407239819
neuma,epochwise,logreg,4,S25,0.4852551996707916,42,0,0.24426653538972876,0.18737270875763745,0.6348973607038123,0.3283084349358031,0.6392961876832844,0.5411155836687751,0.8181818181818182,0.45161290322580644,0.24511813642857144,0.5476190476190477
neuma,epochwise,logreg,4,S26,0.4852551996707916,269,0,0.06815633496669585,0.05384920241751712,0.53497425997426,0.31375893994190096,0.5169240669240669,0.4715273934698395,0.7023809523809523,0.3675675675675676,0.204735501598513,0.4721189591078067
neuma,epochwise,logreg,4,S27,0.4852551996707916,49,0,0.02626128657194451,0.025316455696202556,0.5142857142857142,0.43052927207810254,0.5755102040816327,0.5045955882352942,0.42857142857142855,0.6,0.17487758163265307,0.5510204081632653
neuma,epochwise,logreg,4,S28,0.4852551996707916,152,0,-0.02313458696079583,-0.018031942297784598,0.48528174936921786,0.208432577398534,0.4908887019904682,0.4351057747284163,0.4827586206896552,0.4878048780487805,0.2910621002631579,0.4868421052631579
neuma,epochwise,logreg,4,S29,0.4852551996707916,109,0,0.32727468441600077,0.3098353735753482,0.6917450365726228,0.33438015225705864,0.6880877742946708,0.6476293103448276,0.6363636363636364,0.7471264367816092,0.25859675935779813,0.7247706422018348
neuma,epochwise,logreg,4,S30,0.4852551996707916,53,0,-0.072084550332277,-0.055776892430278835,0.4695652173913043,0.388770611382402,0.37101449275362314,0.40848214285714285,0.7391304347826086,0.2,0.21251914471698116,0.4339622641509434
neuma,epochwise,logreg,4,S31,0.4852551996707916,99,0,0.10528994657933269,0.08536585365853666,0.5522624434389141,0.45984888752777725,0.6108597285067873,0.49489795918367346,0.7352941176470589,0.36923076923076925,0.1779994836363637,0.494949494949495
neuma,epochwise,logreg,4,S32,0.4852551996707916,101,0,0.08030860956052659,0.0651754724257616,0.5486191024165707,0.2974749552645247,0.5972382048331416,0.48817567567567566,0.5909090909090909,0.5063291139240507,0.2669062290099011,0.5247524752475248
neuma,epochwise,logreg,4,S33,0.4852551996707916,97,0,-0.1985967422725655,-0.17528271405492712,0.39567307692307696,0.2696744571969657,0.3716346153846154,0.3760720411663808,0.4375,0.35384615384615387,0.17678404814432994,0.38144329896907214
neuma,epochwise,logreg,4,S34,0.4852551996707916,235,0,0.10795219186354219,0.10101205752748055,0.5655644958511441,0.27758374167014843,0.5979381443298969,0.5397982201730249,0.4146341463414634,0.7164948453608248,0.25140899727659577,0.6638297872340425
neuma,epochwise,logreg,4,S35,0.4852551996707916,101,0,0.02285907067250977,0.01385826771653531,0.511578947368421,0.29202011482225904,0.4910526315789474,0.38607843137254905,0.76,0.2631578947368421,0.3175365835643564,0.38613861386138615
neuma,epochwise,logreg,4,S36,0.4852551996707916,51,0,0.027277236279499045,0.027247956403269824,0.5138888888888888,0.37367653304875603,0.5481481481481482,0.5134029986369831,0.3333333333333333,0.6944444444444444,0.1946848025490196,0.5882352941176471
neuma,epochwise,logreg,4,S37,0.4852551996707916,66,0,-0.04895215382447742,-0.04714415231187674,0.475,0.47692613117746074,0.49903846153846154,0.46663588085892405,0.5,0.45,0.1308013359090909,0.4696969696969697
neuma,epochwise,logreg,4,S38,0.4852551996707916,181,0,-0.024453740226589537,-0.019718309859154903,0.48647186147186144,0.2586915652145666,0.4576376004947432,0.43676873288523776,0.5714285714285714,0.4015151515151515,0.24372000613259664,0.44751381215469616
neuma,epochwise,logreg,4,S39,0.4852551996707916,39,0,0.07027283689263064,0.05797101449275377,0.5333333333333333,0.46424930089878597,0.513888888888889,0.48412698412698413,0.7333333333333333,0.3333333333333333,0.13328362025641022,0.48717948717948717
neuma,epochwise,logreg,4,S40,0.4852551996707916,65,0,0.12222646627042817,0.08839779005524873,0.5512820512820513,0.3724634073749168,0.48126232741617353,0.4743935309973046,0.8461538461538461,0.2564102564102564,0.13256773692307697,0.49230769230769234
neuma,epochwise,logreg,4,S41,0.4852551996707916,48,0,0.049690399499995326,0.03703703703703709,0.5222222222222223,0.5138763082041442,0.5648148148148149,0.4497354497354497,0.7777777777777778,0.26666666666666666,0.17890779770833345,0.4583333333333333
neuma,epochwise,logreg,4,S42,0.4852551996707916,63,0,0.09712423106108926,0.09631147540983598,0.5494736842105263,0.4614241306233525,0.5789473684210527,0.5462962962962963,0.52,0.5789473684210527,0.09235665111111105,0.5555555555555556
neuma,epochwise,logreg,4,S43,0.4852551996707916,86,0,0.16388171049435302,0.11197797154658107,0.5893772893772894,0.43027683394639027,0.6695970695970695,0.4732543895467538,0.8095238095238095,0.36923076923076925,0.2661964170930232,0.47674418604651164
neuma,epochwise,logreg,4,S44,0.4852551996707916,82,0,0.03757262292011754,0.02888503755054883,0.5236742424242424,0.20190594896782946,0.4706439393939394,0.45730427764326076,0.5625,0.48484848484848486,0.31418379841463406,0.5
neuma,epochwise,svm_rbf,0,S01,0.258402786949118,69,0,0.10477670373143216,0.09251700680272112,0.5629629629629629,0.31681577151842794,0.5580246913580247,0.5218637992831542,0.5333333333333333,0.5925925925925926,0.03844161699443241,0.5797101449275363
neuma,epochwise,svm_rbf,0,S02,0.258402786949118,63,0,0.08980265101338744,0.0842105263157894,0.5476190476190477,0.3857905377978181,0.5804988662131519,0.5277849573533213,0.5714285714285714,0.5238095238095238,0.07715419068536239,0.5396825396825397
neuma,epochwise,svm_rbf,0,S03,0.258402786949118,65,0,-0.009947964545199207,-0.009013520280420684,0.4942602040816326,0.29238238749710066,0.4170918367346939,0.47320261437908495,0.4375,0.5510204081632653,0.008612781820556525,0.5230769230769231
neuma,epochwise,svm_rbf,0,S05,0.258402786949118,85,0,0.2319151121872176,0.14914914914914923,0.6591880341880342,0.35346656806360505,0.7232905982905983,0.4922341696535245,0.8461538461538461,0.4722222222222222,0.10655321553847202,0.5294117647058824
neuma,epochwise,svm_rbf,0,S06,0.258402786949118,139,0,-0.06360834581444852,-0.06083397854219674,0.4652777777777778,0.24443987893679234,0.42146464646464643,0.4587777213475538,0.375,0.5555555555555556,0.03400168698916872,0.5035971223021583
neuma,epochwise,svm_rbf,0,S07,0.258402786949118,86,0,-0.02226090323012486,-0.016815554387808795,0.4857142857142857,0.17752712801161277,0.4705357142857143,0.42844483828090385,0.5,0.4714285714285714,0.07137698961164879,0.47674418604651164
neuma,epochwise,svm_rbf,0,S08,0.258402786949118,83,0,-0.020152827370303064,-0.01840490797546024,0.48847926267281105,0.28770176807852876,0.46006144393241166,0.4699872286079183,0.42857142857142855,0.5483870967741935,0.00453039227908258,0.5180722891566265
neuma,epochwise,svm_rbf,0,S09,0.258402786949118,120,0,0.04860689314434064,0.041479820627802755,0.5287267080745341,0.40818188981786185,0.6040372670807453,0.4861392832995267,0.5357142857142857,0.5217391304347826,0.025472130563053974,0.525
neuma,epochwise,svm_rbf,0,S10,0.258402786949118,273,0,0.04096614397203396,0.03076923076923077,0.5260180995475112,0.19725008500527952,0.5283675600417682,0.45323928944618597,0.5769230769230769,0.4751131221719457,0.06711875839284859,0.4945054945054945
neuma,epochwise,svm_rbf,0,S12,0.258402786949118,103,0,0.09322368663316893,0.08331755349365655,0.5523809523809524,0.2664789630915345,0.5219047619047619,0.5174922754908801,0.5714285714285714,0.5333333333333333,0.014886969088033608,0.5436893203883495
neuma,epochwise,svm_rbf,0,S13,0.258402786949118,315,0,0.05310289365800403,0.046109742802923126,0.5306264750053636,0.275027914820355,0.5369019523707359,0.4918480598812699,0.5443037974683544,0.5169491525423728,0.006036885208855702,0.5238095238095238
neuma,epochwise,svm_rbf,0,S14,0.258402786949118,55,0,0.20953951903123738,0.17500000000000004,0.6166666666666667,0.38065193227104693,0.5616666666666666,0.5516304347826086,0.7333333333333333,0.5,0.014656027306062414,0.5636363636363636
neuma,epochwise,svm_rbf,0,S15,0.258402786949118,215,0,0.00046111650108215864,0.0004226542688080537,0.5002445226917058,0.33973745731586485,0.5,0.4788912392032435,0.5352112676056338,0.4652777777777778,0.07298994860240404,0.4883720930232558
neuma,epochwise,svm_rbf,0,S16,0.258402786949118,224,0,-0.037500259458728154,-0.028553789164994514,0.4762302454066555,0.21882288482761653,0.5019915199794425,0.4231177094379639,0.4883720930232558,0.46408839779005523,0.06523134996721167,0.46875
neuma,epochwise,svm_rbf,0,S17,0.258402786949118,90,0,-0.01963617409139963,-0.018957345971563955,0.4894179894179894,0.27925406857373797,0.4415049970605526,0.48227424749163883,0.4074074074074074,0.5714285714285714,0.043571446214141885,0.5222222222222223
neuma,epochwise,svm_rbf,0,S18,0.258402786949118,56,0,-0.2205128205128205,-0.2205128205128204,0.38974358974358975,0.4005516859779165,0.3858974358974359,0.38974358974358975,0.34615384615384615,0.43333333333333335,0.20844661236384043,0.39285714285714285
neuma,epochwise,svm_rbf,0,S19,0.258402786949118,118,0,-0.014390103012520713,-0.010103845074375561,0.49,0.17526893529813317,0.5022222222222222,0.4196565347093445,0.5,0.48,0.10572235642798625,0.4830508474576271
neuma,epochwise,svm_rbf,0,S20,0.258402786949118,56,0,0.11651034560709261,0.1071428571428571,0.5633484162895928,0.30880021823104986,0.5203619909502263,0.5356550580431177,0.5882352941176471,0.5384615384615384,0.046303837700767736,0.5535714285714286
neuma,epochwise,svm_rbf,0,S21,0.258402786949118,135,0,-0.206026248876961,-0.18732153055396927,0.38285714285714284,0.27139459011580586,0.36514285714285716,0.3805494309039985,0.2857142857142857,0.48,0.0024437961048930923,0.42962962962962964
neuma,epochwise,svm_rbf,0,S22,0.258402786949118,79,0,-0.28636362973097657,-0.28189627744193446,0.35616883116883113,0.3724124991026416,0.3467532467532467,0.354016354016354,0.37142857142857144,0.3409090909090909,0.18602480838100838,0.35443037974683544
neuma,epochwise,svm_rbf,0,S23,0.258402786949118,70,0,0.4059862656885198,0.40526762956669493,0.7054263565891472,0.5965299288482369,0.6993970714900947,0.7023809523809523,0.6666666666666666,0.7441860465116279,0.12969312983098186,0.7142857142857143
neuma,epochwise,svm_rbf,0,S24,0.258402786949118,221,0,0.0017235049439188782,0.001150464294519038,0.5012953367875648,0.13415871024129666,0.5281273131014064,0.4205282227307399,0.5,0.5025906735751295,0.13055461799865903,0.502262443438914
neuma,epochwise,svm_rbf,0,S25,0.258402786949118,42,0,0.025816447011230217,0.022172949002217224,0.5146627565982405,0.31367116458800387,0.4750733137829912,0.47593582887700536,0.5454545454545454,0.4838709677419355,0.006119178846144047,0.5
neuma,epochwise,svm_rbf,0,S26,0.258402786949118,269,0,-0.03270585948531615,-0.031061014735527248,0.4824002574002574,0.3193351061404487,0.5043758043758044,0.4718663195706869,0.44047619047619047,0.5243243243243243,0.05777344301147153,0.49814126394052044
neuma,epochwise,svm_rbf,0,S27,0.258402786949118,49,0,0.2198357550475455,0.20359281437125742,0.6214285714285714,0.4367158315607629,0.6530612244897959,0.5875055383252105,0.6428571428571429,0.6,0.027978873304520258,0.6122448979591837
neuma,epochwise,svm_rbf,0,S28,0.258402786949118,152,0,0.04235829126393217,0.03435934144595565,0.5269133725820017,0.23432618293449659,0.5186431174656574,0.4736380041945081,0.5172413793103449,0.5365853658536586,0.07535613236066915,0.5328947368421053
neuma,epochwise,svm_rbf,0,S29,0.258402786949118,109,0,0.07817050051014154,0.06511465079642931,0.54858934169279,0.21429588605709965,0.5256008359456635,0.4954180444024563,0.5454545454545454,0.5517241379310345,0.05436250805005455,0.5504587155963303
neuma,epochwise,svm_rbf,0,S30,0.258402786949118,53,0,-0.05991274072431752,-0.05490734385724094,0.47101449275362317,0.38930028314916965,0.4101449275362319,0.4496956677407805,0.6086956521739131,0.3333333333333333,0.18651987906537798,0.4528301886792453
neuma,epochwise,svm_rbf,0,S31,0.258402786949118,99,0,-0.09121980159388365,-0.08791208791208804,0.45203619909502263,0.31452968642180423,0.47285067873303166,0.44634377967711303,0.4117647058823529,0.49230769230769234,0.0857466728794874,0.46464646464646464
neuma,epochwise,svm_rbf,0,S32,0.258402786949118,101,0,0.186679906245758,0.15324624683174104,0.6130609896432682,0.34043100310200497,0.6087456846950517,0.5388127853881278,0.6818181818181818,0.5443037974683544,0.0409293621066574,0.5742574257425742
neuma,epochwise,svm_rbf,0,S33,0.258402786949118,97,0,-0.18689398241053284,-0.1839963833634719,0.40216346153846155,0.28537365448465013,0.3942307692307693,0.4036885245901639,0.28125,0.5230769230769231,0.07457184702477254,0.44329896907216493
neuma,epochwise,svm_rbf,0,S34,0.258402786949118,235,0,0.024917393068420758,0.019278354322857072,0.5164068393261252,0.16383797954880364,0.44656776464671866,0.4561187916026626,0.5121951219512195,0.520618556701031,0.08440321801464132,0.5191489361702127
neuma,epochwise,svm_rbf,0,S35,0.258402786949118,101,0,-0.0059083585133465075,-0.0051751592356688025,0.49657894736842106,0.32895635337670903,0.5215789473684211,0.46684966216216217,0.48,0.5131578947368421,0.00956373282789158,0.504950495049505
neuma,epochwise,svm_rbf,0,S36,0.258402786949118,51,0,0.10683184674178796,0.10096153846153844,0.5583333333333333,0.38996852583809105,0.5574074074074074,0.5386513157894737,0.5333333333333333,0.5833333333333334,0.038967415687773954,0.5686274509803921
neuma,epochwise,svm_rbf,0,S37,0.258402786949118,66,0,0.02444230902734509,0.02402957486136792,0.5125,0.47501624373024665,0.5125,0.5079217148182665,0.5,0.525,0.13686514430318475,0.5151515151515151
neuma,epochwise,svm_rbf,0,S38,0.258402786949118,181,0,-0.054189802623135074,-0.044568881778183966,0.46985157699443414,0.3134948909095531,0.5330859616573903,0.42830784626450263,0.5306122448979592,0.4090909090909091,0.01213747668444265,0.4419889502762431
neuma,epochwise,svm_rbf,0,S39,0.258402786949118,39,0,-0.34877605543113943,-0.3412698412698414,0.3208333333333333,0.3311320097737774,0.4,0.32219251336898397,0.26666666666666666,0.375,0.12414642495895706,0.3333333333333333
neuma,epochwise,svm_rbf,0,S40,0.258402786949118,65,0,0.0,0.0,0.5,0.4368211905633409,0.49211045364891515,0.49037776193870275,0.5384615384615384,0.46153846153846156,0.14156631162472744,0.49230769230769234
neuma,epochwise,svm_rbf,0,S41,0.258402786949118,48,0,-0.034815531191139566,-0.02857142857142847,0.4833333333333333,0.34374566267763706,0.4574074074074074,0.43529411764705883,0.6666666666666666,0.3,0.12595679433041704,0.4375
neuma,epochwise,svm_rbf,0,S42,0.258402786949118,63,0,0.018731716231633878,0.01869158878504662,0.5094736842105263,0.36520883568729273,0.4663157894736842,0.5088357588357588,0.44,0.5789473684210527,0.13773594066497064,0.5238095238095238
neuma,epochwise,svm_rbf,0,S43,0.258402786949118,86,0,0.0006301377371696407,0.0005282620179607456,0.5003663003663004,0.287066168214817,0.5084249084249084,0.4591194968553459,0.5238095238095238,0.47692307692307695,0.014999657116732679,0.4883720930232558
neuma,epochwise,svm_rbf,0,S44,0.258402786949118,82,0,-0.20463960375314066,-0.1826923076923075,0.3740530303030303,0.19045845585568727,0.46780303030303033,0.38146551724137934,0.1875,0.5606060606060606,0.06229818311542068,0.4878048780487805
neuma,epochwise,svm_rbf,1,S01,0.2712594569271494,69,0,-0.1307440900921227,-0.10075566750629728,0.46296296296296297,0.21749943020280252,0.4679012345679012,0.42016806722689076,0.0,0.9259259259259259,0.04217430593041668,0.7246376811594203
neuma,epochwise,svm_rbf,1,S02,0.2712594569271494,63,0,0.0,0.0,0.5,0.3153350230497288,0.46485260770975056,0.4338235294117647,0.047619047619047616,0.9523809523809523,0.07466635285703982,0.6507936507936508
neuma,epochwise,svm_rbf,1,S03,0.2712594569271494,65,0,-0.24365796154926908,-0.23357664233576636,0.3979591836734694,0.26804065901153673,0.548469387755102,0.375,0.0,0.7959183673469388,0.01912794723814539,0.6
neuma,epochwise,svm_rbf,1,S05,0.2712594569271494,85,0,0.03268602252303067,0.02857142857142847,0.5106837606837606,0.21881780320451075,0.5705128205128205,0.5029239766081871,0.07692307692307693,0.9444444444444444,0.10603441510971284,0.8117647058823529
neuma,epochwise,svm_rbf,1,S06,0.2712594569271494,139,0,0.007521534870360234,0.005528455284552702,0.5021464646464646,0.28847382741588634,0.47777777777777775,0.46350877192982454,0.075,0.9292929292929293,0.028908817680988685,0.6834532374100719
neuma,epochwise,svm_rbf,1,S07,0.2712594569271494,86,0,-0.07377111135633176,-0.043126684636118684,0.4857142857142857,0.19454878872066148,0.41250000000000003,0.44155844155844154,0.0,0.9714285714285714,0.07335422425895466,0.7906976744186046
neuma,epochwise,svm_rbf,1,S08,0.2712594569271494,83,0,-0.17662656644127836,-0.1448275862068964,0.4435483870967742,0.19935645291394286,0.35714285714285715,0.39855072463768115,0.0,0.8870967741935484,0.008035787475110242,0.6626506024096386
neuma,epochwise,svm_rbf,1,S09,0.2712594569271494,120,0,-0.0074804129361759255,-0.0060975609756097615,0.49767080745341613,0.25032551563743843,0.49689440993788825,0.47277326587671414,0.07142857142857142,0.9239130434782609,0.02648449392032695,0.725
neuma,epochwise,svm_rbf,1,S10,0.2712594569271494,273,0,0.0263376858492437,0.01672240802675584,0.505656108597285,0.21760894029359046,0.5265402018795684,0.4757201646090535,0.038461538461538464,0.9728506787330317,0.06853688228623599,0.7948717948717948
neuma,epochwise,svm_rbf,1,S12,0.2712594569271494,103,0,0.09633284112916156,0.0864091559370529,0.535952380952381,0.34720408889024473,0.5290476190476191,0.5280118255728012,0.17857142857142858,0.8933333333333333,0.020562689359395925,0.6990291262135923
neuma,epochwise,svm_rbf,1,S13,0.2712594569271494,315,0,0.007226691517708615,0.005310750681785659,0.5019845526711006,0.27051833704296596,0.519684617034971,0.4683136412459721,0.06329113924050633,0.940677966101695,0.009031854449499499,0.7206349206349206
neuma,epochwise,svm_rbf,1,S14,0.2712594569271494,55,0,0.14291548761875736,0.108108108108108,0.5416666666666666,0.3666292344015949,0.5666666666666667,0.5228455754771544,0.13333333333333333,0.95,0.012289348818205481,0.7272727272727273
neuma,epochwise,svm_rbf,1,S15,0.2712594569271494,215,0,0.050798254299124324,0.03610808190960868,0.5145735524256652,0.33979643930447134,0.47134194053208134,0.47135832004253053,0.09859154929577464,0.9305555555555556,0.07040072616847637,0.6558139534883721
neuma,epochwise,svm_rbf,1,S16,0.2712594569271494,224,0,-0.07902138175362143,-0.06537530266343827,0.47571630476679944,0.19540907917223682,0.5136836695361686,0.4472113788307085,0.023255813953488372,0.9281767955801105,0.06828705788556014,0.7544642857142857
neuma,epochwise,svm_rbf,1,S17,0.2712594569271494,90,0,-0.023531040266750583,-0.013986013986013957,0.49470899470899465,0.3139466306580341,0.47266313932980597,0.43494262827451824,0.037037037037037035,0.9523809523809523,0.04793654206649019,0.6777777777777778
neuma,epochwise,svm_rbf,1,S18,0.2712594569271494,56,0,-0.16592595585242373,-0.10027100271002731,0.45256410256410257,0.43774775499621366,0.47948717948717956,0.35324571883711664,0.038461538461538464,0.8666666666666667,0.2049054827136208,0.48214285714285715
neuma,epochwise,svm_rbf,1,S19,0.2712594569271494,118,0,-0.020658356100321167,-0.018705035971223083,0.4927777777777778,0.19329198290850413,0.5716666666666667,0.4813186813186813,0.05555555555555555,0.93,0.1061515623111369,0.7966101694915254
neuma,epochwise,svm_rbf,1,S20,0.2712594569271494,56,0,-0.22870874995874624,-0.18819188191881908,0.4230769230769231,0.30355624665379793,0.5248868778280542,0.3707865168539326,0.0,0.8461538461538461,0.042948769806166076,0.5892857142857143
neuma,epochwise,svm_rbf,1,S21,0.2712594569271494,135,0,-0.07689305678816015,-0.05529075309818876,0.4792857142857143,0.27936388676909085,0.4865714285714286,0.4329474439094355,0.02857142857142857,0.93,0.0094148791918723,0.6962962962962963
neuma,epochwise,svm_rbf,1,S22,0.2712594569271494,79,0,-0.022521001469639562,-0.012099644128113818,0.49448051948051946,0.4732432063588079,0.49220779220779226,0.3974576271186441,0.05714285714285714,0.9318181818181818,0.18259611316975938,0.5443037974683544
neuma,epochwise,svm_rbf,1,S23,0.2712594569271494,70,0,-0.022770813514368632,-0.011351909184726505,0.4952627045650302,0.36852781452493893,0.4151593453919035,0.40606060606060607,0.037037037037037035,0.9534883720930233,0.12457003976498676,0.6
neuma,epochwise,svm_rbf,1,S24,0.2712594569271494,221,0,-0.06362924299348033,-0.04680969629423237,0.4844559585492228,0.13506637754880124,0.5312731310140637,0.4583333333333333,0.0,0.9689119170984456,0.12944831024524933,0.8461538461538461
neuma,epochwise,svm_rbf,1,S25,0.2712594569271494,42,0,-0.008784782475886016,-0.007380073800737907,0.4970674486803519,0.29080666674123234,0.4868035190615836,0.47246376811594204,0.09090909090909091,0.9032258064516129,0.016984421091449577,0.6904761904761905
neuma,epochwise,svm_rbf,1,S26,0.2712594569271494,269,0,0.06235471487432074,0.0461761624627286,0.5184362934362935,0.34857578592459754,0.5356499356499356,0.4830538085255066,0.10714285714285714,0.9297297297297298,0.050853812117258715,0.6728624535315985
neuma,epochwise,svm_rbf,1,S27,0.2712594569271494,49,0,-0.09128709291752769,-0.03960396039603964,0.4857142857142857,0.2735706934703076,0.48367346938775513,0.40963855421686746,0.0,0.9714285714285714,0.02807072438313274,0.6938775510204082
neuma,epochwise,svm_rbf,1,S28,0.2712594569271494,152,0,0.1619528692667075,0.13208983631518845,0.5486403139893468,0.24490489511633873,0.49705634987384356,0.5488721804511278,0.13793103448275862,0.959349593495935,0.07389103513522516,0.8026315789473685
neuma,epochwise,svm_rbf,1,S29,0.2712594569271494,109,0,-0.0687503356958181,-0.034810126582278444,0.4885057471264368,0.21294766760257408,0.5287356321839081,0.4381443298969072,0.0,0.9770114942528736,0.055908940527539974,0.7798165137614679
neuma,epochwise,svm_rbf,1,S30,0.2712594569271494,53,0,-0.004243043795428406,-0.003154574132492094,0.4985507246376812,0.49091355659966074,0.5565217391304347,0.4421052631578948,0.13043478260869565,0.8666666666666667,0.1823563532264157,0.5471698113207547
neuma,epochwise,svm_rbf,1,S31,0.2712594569271494,99,0,0.03371776899969136,0.028124170867604215,0.5119909502262443,0.32644041461988804,0.44796380090497734,0.4838664224320135,0.14705882352941177,0.8769230769230769,0.08726638351104282,0.6262626262626263
neuma,epochwise,svm_rbf,1,S32,0.2712594569271494,101,0,-0.1547751786546845,-0.13144137415982082,0.44936708860759494,0.22804903641436158,0.48101265822784817,0.4127906976744186,0.0,0.8987341772151899,0.04294539481334469,0.7029702970297029
neuma,epochwise,svm_rbf,1,S33,0.2712594569271494,97,0,-0.10180556207612444,-0.0403785488958992,0.4846153846153846,0.3412015319741216,0.50625,0.39375,0.0,0.9692307692307692,0.07152221380194784,0.6494845360824743
neuma,epochwise,svm_rbf,1,S34,0.2712594569271494,235,0,-0.06833555881143982,-0.057569839517704,0.4786899673120443,0.16164076008200262,0.45888860950465177,0.4543263964950712,0.024390243902439025,0.9329896907216495,0.08360417582750906,0.774468085106383
neuma,epochwise,svm_rbf,1,S35,0.2712594569271494,101,0,0.00210600223573316,0.0019126554032515841,0.5007894736842105,0.24028779720307378,0.4694736842105263,0.48714168714168715,0.12,0.881578947368421,0.016210302213255683,0.693069306930693
neuma,epochwise,svm_rbf,1,S36,0.2712594569271494,51,0,0.31298431857438064,0.1784386617100372,0.5666666666666667,0.4538167585816567,0.5277777777777777,0.5411764705882353,0.13333333333333333,1.0,0.03519681619059373,0.7450980392156863
neuma,epochwise,svm_rbf,1,S37,0.2712594569271494,66,0,-0.14252192813739226,-0.059633027522935755,0.475,0.3593314434644091,0.4451923076923077,0.36538461538461536,0.0,0.95,0.13354606067131986,0.5757575757575758
neuma,epochwise,svm_rbf,1,S38,0.2712594569271494,181,0,0.006769318544035759,0.0040211640211640365,0.5014687693259122,0.3197733199151546,0.5108225108225107,0.4507469654528478,0.04081632653061224,0.9621212121212122,0.010212696859299087,0.712707182320442
neuma,epochwise,svm_rbf,1,S39,0.2712594569271494,39,0,0.08017837257372731,0.05797101449275366,0.525,0.40116416512690084,0.37222222222222223,0.47814451382694023,0.13333333333333333,0.9166666666666666,0.12446882551919186,0.6153846153846154
neuma,epochwise,svm_rbf,1,S40,0.2712594569271494,65,0,0.036369648372665396,0.015151515151515138,0.5064102564102564,0.4128598896856326,0.4921104536489152,0.40826330532212884,0.038461538461538464,0.9743589743589743,0.1400984420063437,0.6
neuma,epochwise,svm_rbf,1,S41,0.2712594569271494,48,0,0.3333333333333333,0.19999999999999996,0.5833333333333334,0.5064751167708048,0.524074074074074,0.5428571428571429,0.16666666666666666,1.0,0.11234201104234359,0.6875
neuma,epochwise,svm_rbf,1,S42,0.2712594569271494,63,0,-0.042105263157894736,-0.029038112522685955,0.48736842105263156,0.47116637875214207,0.6147368421052631,0.42241086587436333,0.08,0.8947368421052632,0.1370850294139963,0.5714285714285714
neuma,epochwise,svm_rbf,1,S43,0.2712594569271494,86,0,0.3257298386696358,0.2677388836329234,0.6036630036630036,0.3489379520590772,0.5399267399267399,0.6160714285714286,0.23809523809523808,0.9692307692307692,0.01698689496160852,0.7906976744186046
neuma,epochwise,svm_rbf,1,S44,0.2712594569271494,82,0,-0.0778498944161523,-0.04532577903682733,0.48484848484848486,0.20650227315760086,0.4962121212121212,0.4383561643835616,0.0,0.9696969696969697,0.06372030309890553,0.7804878048780488
neuma,epochwise,svm_rbf,2,S01,0.2591537117149302,69,0,-0.10438242960372844,-0.10247933884297522,0.44259259259259265,0.29558450380025475,0.4703703703703704,0.4449375866851595,0.2,0.6851851851851852,0.038746231394981095,0.5797101449275363
neuma,epochwise,svm_rbf,2,S02,0.2591537117149302,63,0,-0.19289712886816485,-0.19277108433734935,0.40476190476190477,0.3806199780747812,0.5034013605442176,0.40344332855093257,0.19047619047619047,0.6190476190476191,0.07825318869501341,0.47619047619047616
neuma,epochwise,svm_rbf,2,S03,0.2591537117149302,65,0,-0.034380708208626445,-0.03427172582619331,0.48214285714285715,0.24951842474526578,0.5178571428571429,0.4822303921568627,0.25,0.7142857142857143,0.009185934485144431,0.6
neuma,epochwise,svm_rbf,2,S05,0.2591537117149302,85,0,0.17681762659536493,0.15482954545454553,0.6164529914529915,0.20247226354510853,0.5737179487179488,0.5572916666666666,0.5384615384615384,0.6944444444444444,0.10401858551620818,0.6705882352941176
neuma,epochwise,svm_rbf,2,S06,0.2591537117149302,139,0,0.1115597293086216,0.11154279984960513,0.5561868686868687,0.3081256385020775,0.5477272727272727,0.555743560819703,0.375,0.7373737373737373,0.03167875941588261,0.6330935251798561
neuma,epochwise,svm_rbf,2,S07,0.2591537117149302,86,0,-0.004197878089121672,-0.003500583430571691,0.4973214285714286,0.19561539259317456,0.4330357142857143,0.46013810420590084,0.4375,0.5571428571428572,0.07199640333656393,0.5348837209302325
neuma,epochwise,svm_rbf,2,S08,0.2591537117149302,83,0,-0.0054881303475414174,-0.005237315875613824,0.4969278033794163,0.23188741496020576,0.40552995391705066,0.4872265820671231,0.38095238095238093,0.6129032258064516,0.003339996405829382,0.5542168674698795
neuma,epochwise,svm_rbf,2,S09,0.2591537117149302,120,0,-0.11235030223372323,-0.11033519553072613,0.4386645962732919,0.22923116311575695,0.47554347826086957,0.4408791208791209,0.21428571428571427,0.6630434782608695,0.02297177112433363,0.5583333333333333
neuma,epochwise,svm_rbf,2,S10,0.2591537117149302,273,0,-0.031458889294311516,-0.029689608636977116,0.4813348416289593,0.1852268796086025,0.4762443438914027,0.47400703515811426,0.28846153846153844,0.6742081447963801,0.06540665240961374,0.6007326007326007
neuma,epochwise,svm_rbf,2,S12,0.2591537117149302,103,0,-0.07904761904761905,-0.07904761904761903,0.4604761904761905,0.2791935217669741,0.4438095238095239,0.4604761904761905,0.21428571428571427,0.7066666666666667,0.016749570658683932,0.5728155339805825
neuma,epochwise,svm_rbf,2,S13,0.2591537117149302,315,0,0.05293566183302458,0.052906424728346835,0.5268987341772152,0.2573160677282933,0.5197382535936494,0.5263532763532763,0.3037974683544304,0.75,0.004756274546104833,0.638095238095238
neuma,epochwise,svm_rbf,2,S14,0.2591537117149302,55,0,0.23697366329197236,0.23673469387755108,0.6208333333333333,0.3801312554142743,0.54,0.6182115149040425,0.4666666666666667,0.775,0.016058284605396378,0.6909090909090909
neuma,epochwise,svm_rbf,2,S15,0.2591537117149302,215,0,0.08458996245891394,0.08408560705953949,0.54054186228482,0.36643154802773226,0.5333528951486697,0.5408785845027455,0.3380281690140845,0.7430555555555556,0.07526820068218681,0.6093023255813953
neuma,epochwise,svm_rbf,2,S16,0.2591537117149302,224,0,0.05287595990452886,0.04987735077677846,0.531350379031222,0.2193497215789023,0.5366825131697289,0.514505810157984,0.37209302325581395,0.6906077348066298,0.06380435597869707,0.6294642857142857
neuma,epochwise,svm_rbf,2,S17,0.2591537117149302,90,0,-0.17545378532260505,-0.17486338797814205,0.41534391534391535,0.2772724913203025,0.4467960023515579,0.4117647058823529,0.14814814814814814,0.6825396825396826,0.04458655061379341,0.5222222222222223
neuma,epochwise,svm_rbf,2,S18,0.2591537117149302,56,0,0.041344911529736156,0.03703703703703709,0.517948717948718,0.4839355366357197,0.5371794871794872,0.4944444444444444,0.2692307692307692,0.7666666666666667,0.21020187013859531,0.5357142857142857
neuma,epochwise,svm_rbf,2,S19,0.2591537117149302,118,0,-0.06925328744784331,-0.05962643678160906,0.4538888888888889,0.15393774477685335,0.38166666666666665,0.4412878787878788,0.2777777777777778,0.63,0.10456947774675115,0.576271186440678
neuma,epochwise,svm_rbf,2,S20,0.2591537117149302,56,0,0.07088989441930618,0.07088989441930615,0.5354449472096531,0.31391055819322655,0.4600301659125189,0.5354449472096531,0.35294117647058826,0.717948717948718,0.0475671401815031,0.6071428571428571
neuma,epochwise,svm_rbf,2,S21,0.2591537117149302,135,0,0.05681245196471398,0.056768558951964976,0.5278571428571428,0.3826704046155089,0.5571428571428572,0.528246942341293,0.2857142857142857,0.77,0.003195856926376639,0.6444444444444445
neuma,epochwise,svm_rbf,2,S22,0.2591537117149302,79,0,0.02904163469062704,0.025359835503769745,0.512012987012987,0.519397584439323,0.5350649350649351,0.48403483309143686,0.22857142857142856,0.7954545454545454,0.18777922062250563,0.5443037974683544
neuma,epochwise,svm_rbf,2,S23,0.2591537117149302,70,0,-0.13449109746432147,-0.1320754716981134,0.43669250645994834,0.3577838707247552,0.4565030146425495,0.42934782608695654,0.2222222222222222,0.6511627906976745,0.12966741243275443,0.4857142857142857
neuma,epochwise,svm_rbf,2,S24,0.2591537117149302,221,0,-0.06504387863574894,-0.05451653595129713,0.4540155440414508,0.12293057344584675,0.4848260547742413,0.44174094828837723,0.25,0.6580310880829016,0.13013421653152019,0.6063348416289592
neuma,epochwise,svm_rbf,2,S25,0.2591537117149302,42,0,-0.2889488901182513,-0.282958199356913,0.3709677419354839,0.1844787491008076,0.2228739002932551,0.35384615384615387,0.0,0.7419354838709677,0.006846498885520913,0.5476190476190477
neuma,epochwise,svm_rbf,2,S26,0.2591537117149302,269,0,-0.027952205465762457,-0.02783386660867948,0.4855855855855856,0.30478850793429796,0.4707207207207207,0.48511538880502947,0.3333333333333333,0.6378378378378379,0.05594740548697019,0.5427509293680297
neuma,epochwise,svm_rbf,2,S27,0.2591537117149302,49,0,-0.08134892168199606,-0.08053691275167796,0.45714285714285713,0.4604718262903248,0.536734693877551,0.45739046701974,0.2857142857142857,0.6285714285714286,0.03073657088652576,0.5306122448979592
neuma,epochwise,svm_rbf,2,S28,0.2591537117149302,152,0,0.1945993788349155,0.18225735617039962,0.6163442668909448,0.3217618108304844,0.6383515559293523,0.5809845288326301,0.5172413793103449,0.7154471544715447,0.06519748084982793,0.6776315789473685
neuma,epochwise,svm_rbf,2,S29,0.2591537117149302,109,0,0.016887563352852106,0.016288795949812807,0.5096656217345873,0.21499509964721947,0.5062695924764891,0.5015058561070831,0.3181818181818182,0.7011494252873564,0.05481090666668287,0.6238532110091743
neuma,epochwise,svm_rbf,2,S30,0.2591537117149302,53,0,-0.17824040365484461,-0.17603550295857984,0.413768115942029,0.38298792710008567,0.408695652173913,0.40848214285714285,0.2608695652173913,0.5666666666666667,0.17630838127538878,0.4339622641509434
neuma,epochwise,svm_rbf,2,S31,0.2591537117149302,99,0,0.01812922628390699,0.017949929145016585,0.5085972850678733,0.36205819632269803,0.5067873303167421,0.5068785578747628,0.29411764705882354,0.7230769230769231,0.08691351695199406,0.5757575757575758
neuma,epochwise,svm_rbf,2,S32,0.2591537117149302,101,0,0.01896499447923378,0.018022290728005652,0.5109321058688148,0.2532670974845942,0.5345224395857306,0.49897156684815486,0.36363636363636365,0.6582278481012658,0.037778186316100165,0.594059405940594
neuma,epochwise,svm_rbf,2,S33,0.2591537117149302,97,0,0.1379886422304944,0.13591244591499108,0.5641826923076922,0.5430564001991127,0.6230769230769231,0.5652452298629786,0.34375,0.7846153846153846,0.07513431053878705,0.6391752577319587
neuma,epochwise,svm_rbf,2,S34,0.2591537117149302,235,0,0.1238288478302631,0.11288095018874877,0.5770681418154388,0.22348092116034532,0.6253457379934624,0.5411904761904762,0.4634146341463415,0.6907216494845361,0.08208775832511442,0.6510638297872341
neuma,epochwise,svm_rbf,2,S35,0.2591537117149302,101,0,-0.0436317968138762,-0.042192157761981264,0.47578947368421054,0.23388596699214517,0.46157894736842103,0.47157307289850015,0.32,0.631578947368421,0.010308214067626331,0.5544554455445545
neuma,epochwise,svm_rbf,2,S36,0.2591537117149302,51,0,0.027277236279499045,0.027247956403269824,0.5138888888888888,0.29412871834816723,0.4259259259259259,0.5134029986369831,0.3333333333333333,0.6944444444444444,0.03748167727311452,0.5882352941176471
neuma,epochwise,svm_rbf,2,S37,0.2591537117149302,66,0,0.16330685591896502,0.1555783009211874,0.573076923076923,0.4975417622172513,0.6403846153846153,0.5688528873791482,0.34615384615384615,0.8,0.1397423070096217,0.6212121212121212
neuma,epochwise,svm_rbf,2,S38,0.2591537117149302,181,0,-0.06338899196042053,-0.06338899196042047,0.46830550401978976,0.2804673717927026,0.5037105751391465,0.46830550401978976,0.22448979591836735,0.7121212121212122,0.015184770196776665,0.580110497237569
neuma,epochwise,svm_rbf,2,S39,0.2591537117149302,39,0,-0.18446619684315546,-0.18181818181818166,0.4125,0.323823258135652,0.33888888888888885,0.40522875816993464,0.2,0.625,0.1271194759579049,0.46153846153846156
neuma,epochwise,svm_rbf,2,S40,0.2591537117149302,65,0,-0.18582615562066462,-0.1842105263157896,0.41025641025641024,0.3678815903902375,0.44181459566074954,0.4054878048780488,0.23076923076923078,0.5897435897435898,0.1439910863803605,0.4461538461538462
neuma,epochwise,svm_rbf,2,S41,0.2591537117149302,48,0,0.04364357804719848,0.04347826086956519,0.5222222222222221,0.40743981604303947,0.5388888888888889,0.5208711433756805,0.4444444444444444,0.6,0.11864810936074255,0.5416666666666666
neuma,epochwise,svm_rbf,2,S42,0.2591537117149302,63,0,0.01856328376407397,0.017817371937639104,0.5084210526315789,0.4101649623198471,0.531578947368421,0.5,0.28,0.7368421052631579,0.14353642858247717,0.5555555555555556
neuma,epochwise,svm_rbf,2,S43,0.2591537117149302,86,0,0.0074498359377945704,0.007446016381235987,0.5036630036630036,0.2693033845196958,0.5260073260073259,0.5036306088251723,0.23809523809523808,0.7692307692307693,0.009500098039365135,0.6395348837209303
neuma,epochwise,svm_rbf,2,S44,0.2591537117149302,82,0,-0.0830497163276544,-0.07813673929376419,0.45075757575757575,0.1973309938924795,0.42518939393939403,0.44839515664039975,0.25,0.6515151515151515,0.06279539822570818,0.573170731707317
neuma,epochwise,svm_rbf,3,S01,0.2596923123257426,69,0,-0.026937401188058954,-0.026446280991735627,0.48518518518518516,0.2720241762328293,0.4283950617283951,0.4832177531206657,0.26666666666666666,0.7037037037037037,0.03997294870130194,0.6086956521739131
neuma,epochwise,svm_rbf,3,S02,0.2596923123257426,63,0,-0.07142857142857142,-0.0714285714285714,0.4642857142857143,0.3646569951630904,0.481859410430839,0.4642857142857143,0.2857142857142857,0.6428571428571429,0.07547264774713114,0.5238095238095238
neuma,epochwise,svm_rbf,3,S03,0.2596923123257426,65,0,0.1895438491439364,0.17808219178082196,0.6077806122448979,0.4254717596957894,0.6352040816326531,0.577922077922078,0.5625,0.6530612244897959,0.01188024013027017,0.6307692307692307
neuma,epochwise,svm_rbf,3,S05,0.2596923123257426,85,0,-0.01963617409139963,-0.017410228509249226,0.48717948717948717,0.23841462486347043,0.5886752136752137,0.46965399886557,0.3076923076923077,0.6666666666666666,0.10362119635555178,0.611764705882353
neuma,epochwise,svm_rbf,3,S06,0.2596923123257426,139,0,0.09643577132130057,0.09537332860016579,0.5508838383838384,0.34283133268813165,0.5734848484848485,0.5455085904524106,0.425,0.6767676767676768,0.029851936789195177,0.60431654676259
neuma,epochwise,svm_rbf,3,S07,0.2596923123257426,86,0,-0.08819334359400884,-0.08157715839564905,0.44642857142857145,0.16176442030298271,0.4205357142857143,0.4432195975503062,0.25,0.6428571428571429,0.07018651512203422,0.5697674418604651
neuma,epochwise,svm_rbf,3,S08,0.2596923123257426,83,0,0.11228746356933139,0.10999654098927714,0.5610599078341014,0.30829416469260024,0.5921658986175115,0.5511948369091226,0.42857142857142855,0.6935483870967742,0.002274908890883387,0.6265060240963856
neuma,epochwise,svm_rbf,3,S09,0.2596923123257426,120,0,0.12453439180781264,0.12425149700598803,0.5644409937888198,0.3722814947761791,0.5578416149068324,0.5617567187938945,0.35714285714285715,0.7717391304347826,0.024019397374997586,0.675
neuma,epochwise,svm_rbf,3,S10,0.2596923123257426,273,0,0.05906811894663556,0.04977375565610853,0.5373303167420814,0.22759632609462704,0.5221893491124261,0.4907349832110434,0.5,0.5746606334841629,0.068449681241809,0.5604395604395604
neuma,epochwise,svm_rbf,3,S12,0.2596923123257426,103,0,-0.0838971853956326,-0.08102434928631386,0.45404761904761903,0.2628220146002954,0.4676190476190476,0.45119352088661546,0.32142857142857145,0.5866666666666667,0.016050816688253866,0.5145631067961165
neuma,epochwise,svm_rbf,3,S13,0.2596923123257426,315,0,-0.01638173552386043,-0.0150961351298744,0.49064042051062007,0.268228451019501,0.5030572838446685,0.4739702998038666,0.4177215189873418,0.5635593220338984,0.0075575118105953906,0.526984126984127
neuma,epochwise,svm_rbf,3,S14,0.2596923123257426,55,0,-0.03857583749052298,-0.037735849056603765,0.47916666666666663,0.3239396690580293,0.495,0.47619047619047616,0.3333333333333333,0.625,0.016150886268833653,0.5454545454545454
neuma,epochwise,svm_rbf,3,S15,0.2596923123257426,215,0,0.018667111143235136,0.01864219478210727,0.5094874804381847,0.36418514788999573,0.5347222222222223,0.5090262253311219,0.36619718309859156,0.6527777777777778,0.07460923864649377,0.5581395348837209
neuma,epochwise,svm_rbf,3,S16,0.2596923123257426,224,0,-0.10320782069153822,-0.10007639419404124,0.4410895541564949,0.15906306555250532,0.40190158036746765,0.44389275074478646,0.18604651162790697,0.6961325966850829,0.06494128938707713,0.5982142857142857
neuma,epochwise,svm_rbf,3,S17,0.2596923123257426,90,0,-0.02094958786019333,-0.020942408376963373,0.4894179894179894,0.32447353530484013,0.49382716049382713,0.4894545454545454,0.2962962962962963,0.6825396825396826,0.04325192176480208,0.5666666666666667
neuma,epochwise,svm_rbf,3,S18,0.2596923123257426,56,0,-0.11322770341445958,-0.10526315789473673,0.4487179487179487,0.4719006493739494,0.4897435897435898,0.42857142857142855,0.23076923076923078,0.6666666666666666,0.21239899745646862,0.4642857142857143
neuma,epochwise,svm_rbf,3,S19,0.2596923123257426,118,0,0.08571301076376965,0.07849419303163796,0.5544444444444444,0.22730070368118094,0.5322222222222223,0.5255180946489328,0.3888888888888889,0.72,0.10373885553102383,0.6694915254237288
neuma,epochwise,svm_rbf,3,S20,0.2596923123257426,56,0,-0.22703733036390011,-0.22627737226277378,0.38310708898944196,0.27031259049940515,0.44947209653092,0.38596491228070173,0.17647058823529413,0.5897435897435898,0.049041804212767603,0.4642857142857143
neuma,epochwise,svm_rbf,3,S21,0.2596923123257426,135,0,0.03005735154176514,0.02662229617304479,0.5171428571428571,0.31980432166626777,0.5422857142857143,0.4859101294744859,0.5142857142857142,0.52,0.006368433458435598,0.5185185185185185
neuma,epochwise,svm_rbf,3,S22,0.2596923123257426,79,0,-0.22531010523220116,-0.22339373970345955,0.3899350649350649,0.37731856932871205,0.37922077922077924,0.3857733664185277,0.2571428571428571,0.5227272727272727,0.186523272443133,0.4050632911392405
neuma,epochwise,svm_rbf,3,S23,0.2596923123257426,70,0,-0.02168452121847606,-0.02096627164995457,0.4900947459086994,0.33118131043775845,0.3987941429801895,0.48196114708603144,0.25925925925925924,0.7209302325581395,0.13151239671200615,0.5428571428571428
neuma,epochwise,svm_rbf,3,S24,0.2596923123257426,221,0,0.012070467499163962,0.008220442058465949,0.5090673575129534,0.14306022887446318,0.4979644707623982,0.42943660272650497,0.5,0.5181347150259067,0.13421434274408447,0.5158371040723982
neuma,epochwise,svm_rbf,3,S25,0.2596923123257426,42,0,0.03126526997403612,0.02919708029197088,0.5175953079178885,0.3117813305415332,0.4780058651026393,0.49968652037617556,0.45454545454545453,0.5806451612903226,0.0029937854335729264,0.5476190476190477
neuma,epochwise,svm_rbf,3,S26,0.2596923123257426,269,0,-0.01186272023641126,-0.01164040114613174,0.49372586872586877,0.2811609287964747,0.46261261261261255,0.4897940751445087,0.39285714285714285,0.5945945945945946,0.056187900800152235,0.5315985130111525
neuma,epochwise,svm_rbf,3,S27,0.2596923123257426,49,0,-0.13245323570650439,-0.12903225806451624,0.42857142857142855,0.2580440741525292,0.3836734693877551,0.4289044289044289,0.2857142857142857,0.5714285714285714,0.029357658995587788,0.4897959183673469
neuma,epochwise,svm_rbf,3,S28,0.2596923123257426,152,0,-0.003929541091748689,-0.0036208732694356094,0.4976170451359686,0.18130384058671029,0.45500420521446594,0.48231157987255546,0.3448275862068966,0.6504065040650406,0.06684725249182008,0.5921052631578947
neuma,epochwise,svm_rbf,3,S29,0.2596923123257426,109,0,-0.12528690739565979,-0.11245907953013656,0.4237199582027168,0.1857383136185353,0.45506792058516193,0.41910507792860735,0.2727272727272727,0.5747126436781609,0.05903807937060018,0.5137614678899083
neuma,epochwise,svm_rbf,3,S30,0.2596923123257426,53,0,0.09555330859059091,0.09368029739776951,0.5456521739130434,0.5174371745342251,0.5826086956521739,0.5425891181988743,0.391304347826087,0.7,0.1801154304372286,0.5660377358490566
neuma,epochwise,svm_rbf,3,S31,0.2596923123257426,99,0,0.12176982948617487,0.1173543437694381,0.564027149321267,0.36970879359566045,0.5334841628959276,0.5508072174738841,0.5588235294117647,0.5692307692307692,0.08455476451708599,0.5656565656565656
neuma,epochwise,svm_rbf,3,S32,0.2596923123257426,101,0,-0.05589622161864072,-0.05025996533795474,0.4666283084004603,0.2474404660159862,0.4626006904487917,0.45108695652173914,0.36363636363636365,0.569620253164557,0.03998815810472453,0.5247524752475248
neuma,epochwise,svm_rbf,3,S33,0.2596923123257426,97,0,-0.1423516819343125,-0.14014466546112114,0.4254807692307692,0.3225932636565467,0.4788461538461538,0.4257741347905282,0.3125,0.5384615384615384,0.07057717265510188,0.4639175257731959
neuma,epochwise,svm_rbf,3,S34,0.2596923123257426,235,0,-0.03755747614136452,-0.0301468891794201,0.4753583102841338,0.1479575650881316,0.42871511189338696,0.4378462313244922,0.4146341463414634,0.5360824742268041,0.08461627893711607,0.5148936170212766
neuma,epochwise,svm_rbf,3,S35,0.2596923123257426,101,0,-0.06658087079221801,-0.06363432668608549,0.4626315789473684,0.28904441860326796,0.48684210526315796,0.4579193787826881,0.32,0.6052631578947368,0.00802862658324155,0.5346534653465347
neuma,epochwise,svm_rbf,3,S36,0.2596923123257426,51,0,0.010369516947304253,0.010126582278480956,0.5055555555555555,0.2610068299185623,0.39629629629629626,0.4997867803837953,0.4,0.6111111111111112,0.03554377566622685,0.5490196078431373
neuma,epochwise,svm_rbf,3,S37,0.2596923123257426,66,0,0.14907119849998599,0.14899713467048714,0.575,0.4579632520165439,0.6125,0.5743969429185574,0.5,0.65,0.13558501971548542,0.5909090909090909
neuma,epochwise,svm_rbf,3,S38,0.2596923123257426,181,0,-0.010903294729445559,-0.010845811412383721,0.49482065553494126,0.30756130074065346,0.5490105132962276,0.49357284781639027,0.22448979591836735,0.7651515151515151,0.01738527166219911,0.6187845303867403
neuma,epochwise,svm_rbf,3,S39,0.2596923123257426,39,0,0.10112997936948633,0.08450704225352101,0.5375,0.4350352218401815,0.5333333333333333,0.5112781954887218,0.2,0.875,0.13117065906236597,0.6153846153846154
neuma,epochwise,svm_rbf,3,S40,0.2596923123257426,65,0,0.06804138174397717,0.06666666666666665,0.532051282051282,0.479282124329237,0.5512820512820513,0.5289855072463768,0.34615384615384615,0.717948717948718,0.14535775198725592,0.5692307692307692
neuma,epochwise,svm_rbf,3,S41,0.2596923123257426,48,0,0.07699749762199026,0.07692307692307687,0.5388888888888889,0.3907020540066735,0.5037037037037038,0.538250114521301,0.4444444444444444,0.6333333333333333,0.11965891284987223,0.5625
neuma,epochwise,svm_rbf,3,S42,0.2596923123257426,63,0,-0.2532413356643595,-0.22821100917431192,0.3952631578947368,0.3331058756444299,0.3957894736842106,0.35944976076555024,0.08,0.7105263157894737,0.1425879146711903,0.4603174603174603
neuma,epochwise,svm_rbf,3,S43,0.2596923123257426,86,0,-0.05482198313375874,-0.04819944598337944,0.46813186813186813,0.2512942138918769,0.4461538461538461,0.44516129032258067,0.42857142857142855,0.5076923076923077,0.013722895556554482,0.4883720930232558
neuma,epochwise,svm_rbf,3,S44,0.2596923123257426,82,0,0.0,0.0,0.5,0.260236689535275,0.543560606060606,0.44876209214625346,0.5,0.5,0.06335952679424833,0.5
neuma,epochwise,svm_rbf,4,S01,0.2761108524450149,69,0,0.0,0.0,0.5,0.3077055071328803,0.5641975308641975,0.43902439024390244,0.0,1.0,0.04402291102210995,0.782608695652174
neuma,epochwise,svm_rbf,4,S02,0.2761108524450149,63,0,0.17960530202677488,0.06250000000000011,0.5238095238095238,0.38214995862046497,0.4603174603174603,0.4493006993006993,0.047619047619047616,1.0,0.07238400675617601,0.6825396825396826
neuma,epochwise,svm_rbf,4,S03,0.2761108524450149,65,0,0.04451787420291082,0.029850746268656803,0.5108418367346939,0.30802550119778355,0.5012755102040816,0.47605500237079185,0.0625,0.9591836734693877,0.01595069157329121,0.7384615384615385
neuma,epochwise,svm_rbf,4,S05,0.2761108524450149,85,0,-0.09442628728875527,-0.07755406413124533,0.4722222222222222,0.13784546728511485,0.44551282051282054,0.4444444444444444,0.0,0.9444444444444444,0.10906415812501741,0.8
neuma,epochwise,svm_rbf,4,S06,0.2761108524450149,139,0,-0.07680104204360771,-0.028178936245156994,0.4898989898989899,0.2926085061807205,0.4871212121212122,0.4110169491525424,0.0,0.9797979797979798,0.02758521321197066,0.697841726618705
neuma,epochwise,svm_rbf,4,S07,0.2761108524450149,86,0,0.0,0.0,0.5,0.29054294034159944,0.5741071428571429,0.44871794871794873,0.0,1.0,0.073635361264835,0.813953488372093
neuma,epochwise,svm_rbf,4,S08,0.2761108524450149,83,0,0.09164397149578765,0.07822308063737327,0.5311059907834101,0.3757270900918927,0.5829493087557603,0.5195066700226529,0.14285714285714285,0.9193548387096774,0.009755821442527457,0.7228915662650602
neuma,epochwise,svm_rbf,4,S09,0.2761108524450149,120,0,-0.07182226486464625,-0.032110091743119185,0.4891304347826087,0.2591921366049519,0.49922360248447206,0.42857142857142855,0.0,0.9782608695652174,0.0264498074035025,0.75
neuma,epochwise,svm_rbf,4,S10,0.2761108524450149,273,0,-0.07271525467005983,-0.0410256410256411,0.48642533936651583,0.16247655630472213,0.4279498781761225,0.4405737704918033,0.0,0.9728506787330317,0.0709098613557182,0.7875457875457875
neuma,epochwise,svm_rbf,4,S12,0.2761108524450149,103,0,-0.22188007849009164,-0.1948955916473316,0.42,0.20937406086893628,0.349047619047619,0.3795180722891566,0.0,0.84,0.008124036343073293,0.6116504854368932
neuma,epochwise,svm_rbf,4,S13,0.2761108524450149,315,0,-0.06299036760037573,-0.03591003591003594,0.4872613173138811,0.2607377948490987,0.5318064792962883,0.430829300712372,0.012658227848101266,0.961864406779661,0.009563942815284776,0.7238095238095238
neuma,epochwise,svm_rbf,4,S14,0.2761108524450149,55,0,-0.11895773785772162,-0.0685714285714285,0.475,0.3005505077943109,0.4866666666666667,0.40860215053763443,0.0,0.95,0.011877549409533616,0.6909090909090909
neuma,epochwise,svm_rbf,4,S15,0.2761108524450149,215,0,0.04062669281413495,0.027506112469437793,0.5110035211267605,0.39493467440418584,0.5349178403755869,0.4622093023255814,0.08450704225352113,0.9375,0.06789386920670742,0.6558139534883721
neuma,epochwise,svm_rbf,4,S16,0.2761108524450149,224,0,-0.005854372459994998,-0.004484304932735439,0.4983939355004497,0.21653269149991167,0.5274315816523192,0.4735852603872908,0.046511627906976744,0.9502762430939227,0.0694426263321812,0.7767857142857143
neuma,epochwise,svm_rbf,4,S17,0.2761108524450149,90,0,0.0657951694959769,0.02877697841726612,0.5105820105820106,0.2834945987634132,0.4297472075249853,0.4450787851107559,0.037037037037037035,0.9841269841269841,0.03979348928997878,0.7
neuma,epochwise,svm_rbf,4,S18,0.2761108524450149,56,0,-0.2214872542011953,-0.10626702997275195,0.45,0.42613841322754353,0.4653846153846154,0.3253012048192771,0.0,0.9,0.20477158265141993,0.48214285714285715
neuma,epochwise,svm_rbf,4,S19,0.2761108524450149,118,0,-0.0685248288864193,-0.0455696202531648,0.485,0.1939618730341674,0.5761111111111111,0.4511627906976744,0.0,0.97,0.10823665383960121,0.8220338983050848
neuma,epochwise,svm_rbf,4,S20,0.2761108524450149,56,0,0.06566544772369859,0.05084745762711873,0.5203619909502263,0.36499840252306454,0.5007541478129713,0.49090909090909096,0.11764705882352941,0.9230769230769231,0.04146388624716263,0.6785714285714286
neuma,epochwise,svm_rbf,4,S21,0.2761108524450149,135,0,-0.07689305678816015,-0.05529075309818876,0.4792857142857143,0.2590617155482738,0.5077142857142857,0.4329474439094355,0.02857142857142857,0.93,0.0020955563905998287,0.6962962962962963
neuma,epochwise,svm_rbf,4,S22,0.2761108524450149,79,0,0.018480843468516504,0.0064678404599352035,0.5029220779220779,0.5121543071273827,0.5746753246753247,0.3823989278534733,0.02857142857142857,0.9772727272727273,0.18263951160442693,0.5569620253164557
neuma,epochwise,svm_rbf,4,S23,0.2761108524450149,70,0,-0.095394450112334,-0.02833158447009443,0.4883720930232558,0.362435307540118,0.4203273040482342,0.375,0.0,0.9767441860465116,0.12567091755376164,0.6
neuma,epochwise,svm_rbf,4,S24,0.2761108524450149,221,0,-0.07381685754953546,-0.059669685668620076,0.4792746113989637,0.11111234348561354,0.44059955588453004,0.45566502463054187,0.0,0.9585492227979274,0.13399953473058407,0.8371040723981901
neuma,epochwise,svm_rbf,4,S25,0.2761108524450149,42,0,0.0,0.0,0.5,0.32896579386142955,0.5483870967741935,0.4246575342465753,0.0,1.0,0.0035197212943117173,0.7380952380952381
neuma,epochwise,svm_rbf,4,S26,0.2761108524450149,269,0,0.0536539648021365,0.0383490412739681,0.5151866151866151,0.28639407183315135,0.4471042471042471,0.47554058844381425,0.09523809523809523,0.9351351351351351,0.050273613232564685,0.6728624535315985
neuma,epochwise,svm_rbf,4,S27,0.2761108524450149,49,0,0.22821773229381923,0.09900990099009888,0.5357142857142857,0.37634181539301725,0.49795918367346936,0.4883534136546185,0.07142857142857142,1.0,0.024084002933351556,0.7346938775510204
neuma,epochwise,svm_rbf,4,S28,0.2761108524450149,152,0,0.024773655425408315,0.015050167224080258,0.5050462573591253,0.19612942441933026,0.45696663863190357,0.4731074583473107,0.034482758620689655,0.975609756097561,0.06986555970759759,0.7960526315789473
neuma,epochwise,svm_rbf,4,S29,0.2761108524450149,109,0,0.05511679158980631,0.03316621673736986,0.5112330198537095,0.27139426409239614,0.6264367816091954,0.4804145077720207,0.045454545454545456,0.9770114942528736,0.05932231946988392,0.7889908256880734
neuma,epochwise,svm_rbf,4,S30,0.2761108524450149,53,0,-0.21447610589527216,-0.1112903225806452,0.45,0.4064798968019626,0.463768115942029,0.3375,0.0,0.9,0.17149417565483294,0.5094339622641509
neuma,epochwise,svm_rbf,4,S31,0.2761108524450149,99,0,0.04734397211542744,0.01808634772462092,0.5070135746606335,0.3974225000812851,0.567420814479638,0.4228395061728395,0.029411764705882353,0.9846153846153847,0.08259204024876948,0.6565656565656566
neuma,epochwise,svm_rbf,4,S32,0.2761108524450149,101,0,-0.07500586006173492,-0.03767123287671237,0.4873417721518987,0.23276240245052493,0.48849252013808975,0.43258426966292135,0.0,0.9746835443037974,0.04197652897882112,0.7623762376237624
neuma,epochwise,svm_rbf,4,S33,0.2761108524450149,97,0,-0.12534730801593325,-0.05994380268498278,0.47692307692307695,0.33388534753200483,0.5317307692307692,0.389937106918239,0.0,0.9538461538461539,0.06842090117630617,0.6391752577319587
neuma,epochwise,svm_rbf,4,S34,0.2761108524450149,235,0,-0.06219784065200565,-0.05127322780454224,0.48126728689967313,0.16250944823256921,0.4820216243399547,0.4560185185185185,0.024390243902439025,0.9381443298969072,0.0868540801433593,0.7787234042553192
neuma,epochwise,svm_rbf,4,S35,0.2761108524450149,101,0,-0.018337320140672693,-0.015415549597855405,0.49394736842105263,0.26544475080487795,0.5126315789473683,0.4695378151260504,0.08,0.9078947368421053,0.014796130970184784,0.7029702970297029
neuma,epochwise,svm_rbf,4,S36,0.2761108524450149,51,0,-0.09128709291752768,-0.038167938931297885,0.4861111111111111,0.3888203950046055,0.6222222222222222,0.4069767441860465,0.0,0.9722222222222222,0.031226552305012756,0.6862745098039216
neuma,epochwise,svm_rbf,4,S37,0.2761108524450149,66,0,0.12179969144117253,0.061433447098976024,0.5259615384615385,0.5359507382214557,0.5990384615384615,0.4476062939404084,0.07692307692307693,0.975,0.12987528890622718,0.6212121212121212
neuma,epochwise,svm_rbf,4,S38,0.2761108524450149,181,0,0.01593649492558586,0.010928961748633892,0.5040970933828077,0.2749443830462457,0.4746444032158318,0.46338871175253116,0.061224489795918366,0.946969696969697,0.010125312657996655,0.7071823204419889
neuma,epochwise,svm_rbf,4,S39,0.2761108524450149,39,0,-0.12824729401064427,-0.05050505050505061,0.4791666666666667,0.40836211494917934,0.4916666666666667,0.3709677419354839,0.0,0.9583333333333334,0.12340553092139073,0.5897435897435898
neuma,epochwise,svm_rbf,4,S40,0.2761108524450149,65,0,0.0,0.0,0.5,0.4100261696197781,0.47830374753451677,0.4281524926686217,0.07692307692307693,0.9230769230769231,0.1398327949941668,0.5846153846153846
neuma,epochwise,svm_rbf,4,S41,0.2761108524450149,48,0,-0.12326312688558733,-0.09090909090909083,0.46111111111111114,0.3932093109940922,0.44814814814814813,0.399642644431209,0.05555555555555555,0.8666666666666667,0.11309166181820623,0.5625
neuma,epochwise,svm_rbf,4,S42,0.2761108524450149,63,0,0.038185777203993035,0.016239850093691333,0.5068421052631579,0.4125748626586401,0.4663157894736842,0.4107744107744108,0.04,0.9736842105263158,0.13487232465710597,0.6031746031746031
neuma,epochwise,svm_rbf,4,S43,0.2761108524450149,86,0,0.056829114277351093,0.0444444444444444,0.5168498168498168,0.2309551122098142,0.4256410256410256,0.49476372924648787,0.09523809523809523,0.9384615384615385,0.01861446756392976,0.7325581395348837
neuma,epochwise,svm_rbf,4,S44,0.2761108524450149,82,0,0.0313590753752659,0.023809523809523725,0.5085227272727273,0.20636157623101764,0.3446969696969697,0.4875,0.0625,0.9545454545454546,0.06614549371514372,0.7804878048780488
neuma,permuted_subjectwise,deepconvnet,0,S01,0.456333190202713,69,0,0.1918851827829536,0.17174515235457066,0.6148148148148148,0.40647453953244905,0.591358024691358,0.566247582205029,0.6,0.6296296296296297,0.24584648790566815,0.6231884057971014
neuma,permuted_subjectwise,deepconvnet,0,S02,0.662709379196167,63,0,0.14907119849998599,0.14814814814814814,0.5714285714285714,0.4835882293277683,0.5759637188208617,0.572944297082228,0.38095238095238093,0.7619047619047619,0.2798383827247317,0.6349206349206349
neuma,permuted_subjectwise,deepconvnet,0,S03,0.662709379196167,65,0,-0.08929344431596865,-0.08770917484131568,0.45153061224489793,0.37465366964194646,0.5191326530612246,0.4521941296134845,0.25,0.6530612244897959,0.3709159979453454,0.5538461538461539
neuma,permuted_subjectwise,deepconvnet,0,S05,0.456333190202713,85,0,0.10938835388564894,0.08832807570977919,0.5747863247863247,0.1613629328848925,0.5267094017094017,0.5064890710382514,0.5384615384615384,0.6111111111111112,0.3158964271054548,0.6
neuma,permuted_subjectwise,deepconvnet,0,S06,0.432636636197567,139,0,0.023543087025324653,0.022417582417582405,0.5128787878787879,0.2757768425153557,0.5078282828282827,0.5002247191011235,0.45,0.5757575757575758,0.15141647378746553,0.539568345323741
neuma,permuted_subjectwise,deepconvnet,0,S07,0.5178246688842774,86,0,-0.04225771273642583,-0.03614457831325302,0.4732142857142857,0.18566798627187958,0.47410714285714284,0.4487179487179487,0.375,0.5714285714285714,0.32327231938062706,0.5348837209302325
neuma,permuted_subjectwise,deepconvnet,0,S08,0.432636636197567,83,0,-0.06242748270328362,-0.05957446808510647,0.46505376344086025,0.23791844184275737,0.45698924731182794,0.4595091000166973,0.3333333333333333,0.5967741935483871,0.18681237801729916,0.5301204819277109
neuma,permuted_subjectwise,deepconvnet,0,S09,0.5178246688842774,120,0,-0.02512842835937192,-0.01987447698744771,0.48524844720496896,0.2242542278884884,0.4654503105590062,0.4337568058076225,0.5357142857142857,0.43478260869565216,0.29286306848128635,0.4583333333333333
neuma,permuted_subjectwise,deepconvnet,0,S10,0.432636636197567,273,0,-0.16883714463383728,-0.16228893058161353,0.4021493212669683,0.15255470175804947,0.40193177862861124,0.410518225735617,0.1346153846153846,0.669683257918552,0.22880707348222698,0.5677655677655677
neuma,permuted_subjectwise,deepconvnet,0,S12,0.662709379196167,103,0,-0.0074608494719004366,-0.007452258965999103,0.4961904761904762,0.27871977855599506,0.49428571428571433,0.49603914259086673,0.2857142857142857,0.7066666666666667,0.3392836049343776,0.5922330097087378
neuma,permuted_subjectwise,deepconvnet,0,S13,0.5638958251476288,315,0,-0.07555735179567122,-0.06236389215440652,0.4566080240291783,0.21790891103556784,0.40999785453765286,0.42052370990970156,0.4810126582278481,0.4322033898305085,0.30758254997550494,0.4444444444444444
neuma,permuted_subjectwise,deepconvnet,0,S14,0.456333190202713,55,0,-0.022572347453581727,-0.021428571428571574,0.4875,0.262930924664545,0.4266666666666667,0.4773391812865497,0.4,0.575,0.20243063812906095,0.5272727272727272
neuma,permuted_subjectwise,deepconvnet,0,S15,0.5638958251476288,215,0,0.11850694077811477,0.11389319742964776,0.5628423317683882,0.38041333864881766,0.5682707355242567,0.548533495901917,0.5492957746478874,0.5763888888888888,0.22830806034942006,0.5674418604651162
neuma,permuted_subjectwise,deepconvnet,0,S16,0.662709379196167,224,0,0.021916587982361273,0.016493585827733526,0.5138763972761147,0.19966343742955522,0.526146730052679,0.44548487783876867,0.5581395348837209,0.4696132596685083,0.47125240069414887,0.48660714285714285
neuma,permuted_subjectwise,deepconvnet,0,S17,0.5638958251476288,90,0,-0.058205810976179106,-0.053811659192825045,0.46825396825396826,0.470516700137384,0.496766607877719,0.4534177542318129,0.4444444444444444,0.49206349206349204,0.2702040536536111,0.4777777777777778
neuma,permuted_subjectwise,deepconvnet,0,S18,0.5178246688842774,56,0,-0.08902476018169285,-0.08808290155440401,0.4564102564102564,0.43705938878402073,0.3935897435897436,0.453125,0.34615384615384615,0.5666666666666667,0.10991446673870087,0.4642857142857143
neuma,permuted_subjectwise,deepconvnet,0,S19,0.432636636197567,118,0,-0.07042952122737638,-0.0678733031674208,0.4583333333333333,0.14310374195038633,0.4622222222222222,0.459954233409611,0.16666666666666666,0.75,0.2529586581355434,0.6610169491525424
neuma,permuted_subjectwise,deepconvnet,0,S20,0.456333190202713,56,0,0.2664561520062071,0.2543275632490013,0.6440422322775264,0.4037180526900068,0.6048265460030166,0.6190476190476191,0.6470588235294118,0.6410256410256411,0.14799097659332414,0.6428571428571429
neuma,permuted_subjectwise,deepconvnet,0,S21,0.662709379196167,135,0,0.1354758469927795,0.1353711790393013,0.5664285714285715,0.34664528911187675,0.6231428571428572,0.5675596971461853,0.34285714285714286,0.79,0.3538044940542292,0.674074074074074
neuma,permuted_subjectwise,deepconvnet,0,S22,0.5638958251476288,79,0,-0.2091216305859229,-0.2090524259198958,0.3957792207792208,0.376633601628627,0.38636363636363635,0.3953753460348477,0.3142857142857143,0.4772727272727273,0.17733036792730983,0.4050632911392405
neuma,permuted_subjectwise,deepconvnet,0,S23,0.456333190202713,70,0,-0.03388857118502326,-0.03375527426160341,0.4827734711455641,0.4459385161673861,0.5443583118001722,0.48213908264637495,0.4074074074074074,0.5581395348837209,0.06267611724989755,0.5
neuma,permuted_subjectwise,deepconvnet,0,S24,0.456333190202713,221,0,-0.15495325930092085,-0.11045486600846255,0.38406735751295334,0.09980310260783803,0.39470762398223536,0.3731588375796178,0.25,0.5181347150259067,0.32414572763496935,0.4841628959276018
neuma,permuted_subjectwise,deepconvnet,0,S25,0.432636636197567,42,0,-0.3238113781599737,-0.2969121140142519,0.31671554252199413,0.26501788510228536,0.3372434017595308,0.3259259259259259,0.18181818181818182,0.45161290322580644,0.23503785686833517,0.38095238095238093
neuma,permuted_subjectwise,deepconvnet,0,S26,0.456333190202713,269,0,0.00042346126958125747,0.00041288191577204536,0.5002252252252253,0.29266063415312615,0.5014157014157015,0.4943609022556391,0.4166666666666667,0.5837837837837838,0.1197607877584638,0.5315985130111525
neuma,permuted_subjectwise,deepconvnet,0,S27,0.5178246688842774,49,0,-0.11677484162422845,-0.10975609756097571,0.4357142857142857,0.33147208044676557,0.46122448979591835,0.4292114695340502,0.35714285714285715,0.5142857142857142,0.22940604297482234,0.46938775510204084
neuma,permuted_subjectwise,deepconvnet,0,S28,0.662709379196167,152,0,-0.1253314115545678,-0.12078651685393238,0.4276703111858705,0.17835658584024916,0.4726661059714045,0.43212951432129515,0.1724137931034483,0.6829268292682927,0.39380639791488653,0.5855263157894737
neuma,permuted_subjectwise,deepconvnet,0,S29,0.432636636197567,109,0,-0.04254874909732321,-0.04079861111111116,0.47544409613375127,0.1867281122530342,0.44096133751306166,0.4713403880070547,0.2727272727272727,0.6781609195402298,0.2141310244525244,0.5963302752293578
neuma,permuted_subjectwise,deepconvnet,0,S30,0.662709379196167,53,0,-0.07536231884057971,-0.07536231884057987,0.4623188405797102,0.4203141985505934,0.4608695652173913,0.4623188405797102,0.391304347826087,0.5333333333333333,0.22183472480414046,0.4716981132075472
neuma,permuted_subjectwise,deepconvnet,0,S31,0.432636636197567,99,0,-0.126065363605101,-0.11192873741285814,0.4346153846153846,0.34289006876049216,0.43891402714932126,0.4111977030352748,0.5,0.36923076923076925,0.1464725880309789,0.41414141414141414
neuma,permuted_subjectwise,deepconvnet,0,S32,0.662709379196167,101,0,-0.10196026908480499,-0.10103695825578307,0.4453394706559264,0.19802378249823638,0.44476409666283084,0.4476457249566493,0.18181818181818182,0.7088607594936709,0.351743426505882,0.594059405940594
neuma,permuted_subjectwise,deepconvnet,0,S33,0.5178246688842774,97,0,0.08097316102668096,0.08046242774566481,0.541826923076923,0.36072307298009054,0.5495192307692307,0.5388985507246378,0.4375,0.6461538461538462,0.1811514109680333,0.5773195876288659
neuma,permuted_subjectwise,deepconvnet,0,S34,0.5178246688842774,235,0,0.04068718233566191,0.034948038887026356,0.5262132260497863,0.19080894426626843,0.5632386220769424,0.4884950248756219,0.43902439024390244,0.6134020618556701,0.2988631328056378,0.5829787234042553
neuma,permuted_subjectwise,deepconvnet,0,S35,0.5638958251476288,101,0,0.15483042563586746,0.13815522145469317,0.5894736842105264,0.34606368264996157,0.6347368421052632,0.5467948717948719,0.6,0.5789473684210527,0.3110612781331091,0.5841584158415841
neuma,permuted_subjectwise,deepconvnet,0,S36,0.5638958251476288,51,0,0.02034892318891199,0.019230769230769162,0.5111111111111111,0.4441076080713923,0.5518518518518518,0.4967105263157895,0.4666666666666667,0.5555555555555556,0.29422801061003817,0.5294117647058824
neuma,permuted_subjectwise,deepconvnet,0,S37,0.662709379196167,66,0,-0.23777817717036512,-0.2359550561797752,0.37884615384615383,0.32618551989003386,0.38557692307692304,0.37969924812030076,0.3076923076923077,0.45,0.27782265029170294,0.3939393939393939
neuma,permuted_subjectwise,deepconvnet,0,S38,0.5178246688842774,181,0,0.06805362318495768,0.06466145488273489,0.5377241805813234,0.320080552414589,0.5615337043908472,0.5216183247492545,0.46938775510204084,0.6060606060606061,0.2479635740511984,0.569060773480663
neuma,permuted_subjectwise,deepconvnet,0,S39,0.456333190202713,39,0,-0.12363383876171007,-0.12345679012345667,0.4375,0.4015081773580562,0.45833333333333337,0.43788606726149626,0.3333333333333333,0.5416666666666666,0.12412454684575397,0.46153846153846156
neuma,permuted_subjectwise,deepconvnet,0,S40,0.432636636197567,65,0,0.12598815766974242,0.125,0.5641025641025641,0.44591407320987264,0.5670611439842208,0.5608108108108107,0.5384615384615384,0.5897435897435898,0.0309271739079402,0.5692307692307692
neuma,permuted_subjectwise,deepconvnet,0,S41,0.5638958251476288,48,0,-0.07590333900710813,-0.07526881720430101,0.46111111111111114,0.3357478777957713,0.4092592592592593,0.4601889338731444,0.3888888888888889,0.5333333333333333,0.21982629659275216,0.4791666666666667
neuma,permuted_subjectwise,deepconvnet,0,S42,0.5178246688842774,63,0,0.058038100008800934,0.0577617328519856,0.5294736842105263,0.41622260292432794,0.5105263157894737,0.5277849573533213,0.48,0.5789473684210527,0.13174761145833935,0.5396825396825397
neuma,permuted_subjectwise,deepconvnet,0,S43,0.5178246688842774,86,0,-0.21613724384918676,-0.18119387216059168,0.37435897435897436,0.20763042859950812,0.3934065934065934,0.36077758719268155,0.3333333333333333,0.4153846153846154,0.27673107801481733,0.3953488372093023
neuma,permuted_subjectwise,deepconvnet,0,S44,0.456333190202713,82,0,0.08531511614816524,0.07436918990703856,0.553030303030303,0.3086651634083238,0.5454545454545454,0.5108771929824562,0.5,0.6060606060606061,0.26174418482838613,0.5853658536585366
neuma,permuted_subjectwise,deepconvnet,1,S01,0.5169944167137146,69,0,-0.05810642093722459,-0.04674046740467408,0.4648148148148148,0.27992079199989395,0.5123456790123457,0.42461122379986477,0.4666666666666667,0.46296296296296297,0.2958853093610294,0.463768115942029
neuma,permuted_subjectwise,deepconvnet,1,S02,0.4507284420728683,63,0,0.11470786693528089,0.11363636363636376,0.5595238095238095,0.42535882612764936,0.608843537414966,0.5548913043478261,0.47619047619047616,0.6428571428571429,0.12508703626337508,0.5873015873015873
neuma,permuted_subjectwise,deepconvnet,1,S03,0.4507284420728683,65,0,0.22310332740004057,0.19370229007633588,0.6294642857142857,0.2515537159427802,0.5025510204081632,0.570630081300813,0.6875,0.5714285714285714,0.22364200124373804,0.6
neuma,permuted_subjectwise,deepconvnet,1,S05,0.4102789771556854,85,0,-0.06023770200637308,-0.05906783571758201,0.4658119658119658,0.1988201817968714,0.5822649572649573,0.4673938268739847,0.15384615384615385,0.7777777777777778,0.23417154953760255,0.6823529411764706
neuma,permuted_subjectwise,deepconvnet,1,S06,0.5169944167137146,139,0,0.043645935439267994,0.04294550122534713,0.5232323232323233,0.3244680728344618,0.5815656565656565,0.5180701651289886,0.4,0.6464646464646465,0.21258661665504786,0.5755395683453237
neuma,permuted_subjectwise,deepconvnet,1,S07,0.4507284420728683,86,0,0.18807318555983776,0.15886188500296372,0.6196428571428572,0.24220028629167284,0.5892857142857142,0.5500237830981449,0.625,0.6142857142857143,0.24944891624672472,0.6162790697674418
neuma,permuted_subjectwise,deepconvnet,1,S08,0.4102789771556854,83,0,0.20672602991720435,0.19573643410852715,0.6163594470046083,0.29315511006698786,0.577572964669739,0.5882936507936507,0.5714285714285714,0.6612903225806451,0.15080181374607318,0.6385542168674698
neuma,permuted_subjectwise,deepconvnet,1,S09,0.4507284420728683,120,0,-0.05572782125753529,-0.054054054054053946,0.468944099378882,0.24501105657614203,0.46622670807453415,0.466484268125855,0.2857142857142857,0.6521739130434783,0.1923592326541742,0.5666666666666667
neuma,permuted_subjectwise,deepconvnet,1,S10,0.5020634770393372,273,0,-0.020691687749458048,-0.014621741894469187,0.4869909502262444,0.17499439225448424,0.4730247128437173,0.41190476190476194,0.5576923076923077,0.416289592760181,0.318836394683782,0.4432234432234432
neuma,permuted_subjectwise,deepconvnet,1,S12,0.5020634770393372,103,0,0.1734454765433026,0.13652694610778449,0.595,0.4082424883558904,0.6580952380952382,0.5177257525083612,0.75,0.44,0.23474599927374457,0.5242718446601942
neuma,permuted_subjectwise,deepconvnet,1,S13,0.5863632595539093,315,0,-0.07188176741023232,-0.06640625,0.4589680326110277,0.24735595908149743,0.46701351641278693,0.44801401869158874,0.3670886075949367,0.5508474576271186,0.3208439449942302,0.5047619047619047
neuma,permuted_subjectwise,deepconvnet,1,S14,0.4102789771556854,55,0,-0.09689627902499089,-0.08253968253968269,0.4458333333333333,0.31721511164052235,0.45166666666666666,0.4170940170940171,0.4666666666666667,0.425,0.15908264355225996,0.43636363636363634
neuma,permuted_subjectwise,deepconvnet,1,S15,0.5863632595539093,215,0,-0.0210410050209649,-0.02063173270038332,0.48894757433489827,0.3419573988254206,0.4977503912363067,0.4849824949327437,0.4084507042253521,0.5694444444444444,0.2437499915444573,0.5162790697674419
neuma,permuted_subjectwise,deepconvnet,1,S16,0.4102789771556854,224,0,0.010230072964771636,0.010225981567983933,0.505203648978543,0.20941849750992264,0.5224206604137223,0.5050505050505051,0.20930232558139536,0.8011049723756906,0.20139027786042007,0.6875
neuma,permuted_subjectwise,deepconvnet,1,S17,0.5863632595539093,90,0,0.1019357424863305,0.09502262443438925,0.5555555555555556,0.3140653853874973,0.46149323927101704,0.5324675324675324,0.5555555555555556,0.5555555555555556,0.3240961061583625,0.5555555555555556
neuma,permuted_subjectwise,deepconvnet,1,S18,0.4507284420728683,56,0,0.12687830702589378,0.10160427807486638,0.5487179487179488,0.520757834096569,0.558974358974359,0.5087719298245614,0.23076923076923078,0.8666666666666667,0.04042867305023333,0.5714285714285714
neuma,permuted_subjectwise,deepconvnet,1,S19,0.5020634770393372,118,0,-0.13591627600471617,-0.07679544915856829,0.41000000000000003,0.1240717510634389,0.3538888888888888,0.32168719671519225,0.5,0.32,0.36693943329786854,0.3474576271186441
neuma,permuted_subjectwise,deepconvnet,1,S20,0.5863632595539093,56,0,0.02242242646654375,0.019323671497584516,0.5120663650075414,0.36721046819355496,0.55052790346908,0.47392290249433106,0.5882352941176471,0.4358974358974359,0.2869310496108872,0.48214285714285715
neuma,permuted_subjectwise,deepconvnet,1,S21,0.5020634770393372,135,0,0.02314350054798004,0.015689893862482762,0.5121428571428571,0.2670707872906879,0.5185714285714285,0.4136566056407719,0.7142857142857143,0.31,0.2658781259148209,0.4148148148148148
neuma,permuted_subjectwise,deepconvnet,1,S22,0.5020634770393372,79,0,-0.03169373291635712,-0.029156327543424343,0.4847402597402597,0.39360982533328454,0.4441558441558442,0.4641472868217055,0.6285714285714286,0.3409090909090909,0.10275365657444242,0.46835443037974683
neuma,permuted_subjectwise,deepconvnet,1,S23,0.5020634770393372,70,0,0.011064615207443937,0.010212097407698462,0.5055986218776917,0.3933899107626493,0.4728682170542635,0.4852941176470588,0.5925925925925926,0.4186046511627907,0.12384591315473831,0.4857142857142857
neuma,permuted_subjectwise,deepconvnet,1,S24,0.5169944167137146,221,0,-0.021569594164319025,-0.016068360191334286,0.48399333826794966,0.13444811801368423,0.5179496669133975,0.43670348343245535,0.39285714285714285,0.5751295336787565,0.385503678300262,0.5520361990950227
neuma,permuted_subjectwise,deepconvnet,1,S25,0.4102789771556854,42,0,-0.24267460190556403,-0.21809744779582352,0.3621700879765396,0.24398806042538923,0.35777126099706746,0.3609251369446135,0.2727272727272727,0.45161290322580644,0.17330224244367512,0.40476190476190477
neuma,permuted_subjectwise,deepconvnet,1,S26,0.5169944167137146,269,0,0.020579655081596652,0.019589977220956678,0.511068211068211,0.32191263633624423,0.5285070785070785,0.4983682983682983,0.47619047619047616,0.5459459459459459,0.2072957340891033,0.5241635687732342
neuma,permuted_subjectwise,deepconvnet,1,S27,0.4102789771556854,49,0,0.0,0.0,0.5,0.36276462879867266,0.5551020408163265,0.4888888888888889,0.42857142857142855,0.5714285714285714,0.10768676716454173,0.5306122448979592
neuma,permuted_subjectwise,deepconvnet,1,S28,0.4102789771556854,152,0,0.13558316512526575,0.1133333333333334,0.5857863751051303,0.21090077354364092,0.5671432576394729,0.5230838189152847,0.5862068965517241,0.5853658536585366,0.22045018876853742,0.5855263157894737
neuma,permuted_subjectwise,deepconvnet,1,S29,0.4102789771556854,109,0,-0.0038333219753591214,-0.0033815517565283226,0.4976489028213166,0.2008194796172747,0.49529780564263326,0.47207670257981615,0.4090909090909091,0.5862068965517241,0.2000417846058487,0.5504587155963303
neuma,permuted_subjectwise,deepconvnet,1,S30,0.4102789771556854,53,0,-0.1195355597850528,-0.11944646758922062,0.4405797101449275,0.44816136865226763,0.41739130434782606,0.4400728597449909,0.34782608695652173,0.5333333333333333,0.08087299173732973,0.4528301886792453
neuma,permuted_subjectwise,deepconvnet,1,S31,0.5020634770393372,99,0,0.014026197349227644,0.010899182561307952,0.5067873303167421,0.3752171751892134,0.5063348416289593,0.44353602452733776,0.7058823529411765,0.3076923076923077,0.1798226884519211,0.4444444444444444
neuma,permuted_subjectwise,deepconvnet,1,S32,0.5020634770393372,101,0,-0.0029575732890155045,-0.002770722696836758,0.4982738780207135,0.2271169264882284,0.4907940161104718,0.4852435699893327,0.36363636363636365,0.6329113924050633,0.2772021909235137,0.5742574257425742
neuma,permuted_subjectwise,deepconvnet,1,S33,0.5169944167137146,97,0,-0.024079855254572805,-0.023864157870582936,0.4875,0.32086276407185166,0.48317307692307687,0.4859447004608295,0.375,0.6,0.17402498009278605,0.5257731958762887
neuma,permuted_subjectwise,deepconvnet,1,S34,0.4507284420728683,235,0,0.0220067061044967,0.020369493131217498,0.5135152124717124,0.19276385407362723,0.5649987427709329,0.49639586986167933,0.34146341463414637,0.6855670103092784,0.23822815585088852,0.625531914893617
neuma,permuted_subjectwise,deepconvnet,1,S35,0.4102789771556854,101,0,0.04068094747860262,0.03992395437262364,0.5221052631578947,0.3181055781044628,0.5615789473684211,0.5162835249042146,0.36,0.6842105263157895,0.15428332172998108,0.6039603960396039
neuma,permuted_subjectwise,deepconvnet,1,S36,0.4507284420728683,51,0,-0.053708615552957466,-0.053097345132743445,0.475,0.3396573951964915,0.4,0.4711111111111111,0.2,0.75,0.18027036739330665,0.5882352941176471
neuma,permuted_subjectwise,deepconvnet,1,S37,0.5169944167137146,66,0,0.006726727939963125,0.006230529595015466,0.5028846153846154,0.3966094972722601,0.48750000000000004,0.48700080407397484,0.23076923076923078,0.775,0.08080617315841446,0.5606060606060606
neuma,permuted_subjectwise,deepconvnet,1,S38,0.4507284420728683,181,0,0.13113735885600464,0.12019443216968617,0.5735930735930737,0.3644098084922293,0.6128633271490415,0.5424040450471156,0.5714285714285714,0.5757575757575758,0.18188708526653477,0.574585635359116
neuma,permuted_subjectwise,deepconvnet,1,S39,0.5169944167137146,39,0,-0.1118033988749895,-0.11111111111111116,0.4458333333333333,0.3190265141174485,0.3666666666666667,0.44285714285714284,0.26666666666666666,0.625,0.13644952498949492,0.48717948717948717
neuma,permuted_subjectwise,deepconvnet,1,S40,0.5863632595539093,65,0,-0.015701857325533194,-0.013986013986013957,0.49358974358974356,0.42711268003906644,0.5315581854043393,0.46886446886446886,0.19230769230769232,0.7948717948717948,0.15481139971659735,0.5538461538461539
neuma,permuted_subjectwise,deepconvnet,1,S41,0.4507284420728683,48,0,0.34098891804024256,0.34065934065934067,0.6722222222222223,0.6499379035631495,0.6759259259259258,0.6701786532295007,0.6111111111111112,0.7333333333333333,0.13588431539634863,0.6875
neuma,permuted_subjectwise,deepconvnet,1,S42,0.4102789771556854,63,0,0.09862413826124555,0.09856915739268679,0.5489473684210526,0.4302932518004968,0.5315789473684212,0.549165120593692,0.44,0.6578947368421053,0.018941821086974363,0.5714285714285714
neuma,permuted_subjectwise,deepconvnet,1,S43,0.4507284420728683,86,0,0.0074498359377945704,0.007446016381235987,0.5036630036630036,0.29681341287897656,0.5846153846153846,0.5036306088251723,0.23809523809523808,0.7692307692307693,0.17594105109225872,0.6395348837209303
neuma,permuted_subjectwise,deepconvnet,1,S44,0.5863632595539093,82,0,-0.05453857441716001,-0.049786628733997196,0.4668560606060606,0.19017564498324402,0.46969696969696967,0.4561532792925571,0.3125,0.6212121212121212,0.3694248595615713,0.5609756097560976
neuma,permuted_subjectwise,deepconvnet,2,S01,0.5141092991828918,69,0,0.13785274164258896,0.10895883777239701,0.5833333333333333,0.24159789247144436,0.5530864197530865,0.5062611806797853,0.6666666666666666,0.5,0.2990821288979572,0.5362318840579711
neuma,permuted_subjectwise,deepconvnet,2,S02,0.5786654376983642,63,0,-0.07453559924999299,-0.07407407407407418,0.4642857142857143,0.36403435639573595,0.45011337868480716,0.4615384615384615,0.23809523809523808,0.6904761904761905,0.21169732061643448,0.5396825396825397
neuma,permuted_subjectwise,deepconvnet,2,S03,0.6160130095481873,65,0,0.11660778033066416,0.0980573543015727,0.5676020408163265,0.24966356654152547,0.4961734693877551,0.5125,0.625,0.5102040816326531,0.40175972030713014,0.5384615384615384
neuma,permuted_subjectwise,deepconvnet,2,S05,0.5141092991828918,85,0,0.06391288954696123,0.05307994757536039,0.5432692307692308,0.2151976920833425,0.5683760683760684,0.4933380084151473,0.46153846153846156,0.625,0.35602354652741375,0.6
neuma,permuted_subjectwise,deepconvnet,2,S06,0.6160130095481873,139,0,-0.05677749739576689,-0.05664541441883264,0.4708333333333333,0.28754284130442576,0.4532828282828283,0.47115856651939125,0.275,0.6666666666666666,0.30451370657776755,0.5539568345323741
neuma,permuted_subjectwise,deepconvnet,2,S07,0.5836276376247406,86,0,0.007017656177605887,0.005927682276229862,0.5044642857142857,0.18812672933904429,0.48571428571428577,0.4682099254796258,0.4375,0.5714285714285714,0.40193777132865993,0.5465116279069767
neuma,permuted_subjectwise,deepconvnet,2,S08,0.6160130095481873,83,0,0.03684226275752157,0.03488372093023262,0.5207373271889401,0.24605122505777155,0.48310291858678955,0.5059523809523809,0.42857142857142855,0.6129032258064516,0.34681186977639256,0.5662650602409639
neuma,permuted_subjectwise,deepconvnet,2,S09,0.5836276376247406,120,0,-0.010902947342379076,-0.010362694300518172,0.4937888198757764,0.222206760875559,0.49107142857142855,0.48412698412698413,0.35714285714285715,0.6304347826086957,0.3351941848794619,0.5666666666666667
neuma,permuted_subjectwise,deepconvnet,2,S10,0.4430222856998443,273,0,0.0,0.0,0.5,0.19754265213826103,0.5154890358510268,0.4770029309187366,0.38461538461538464,0.6153846153846154,0.22925799404827013,0.5714285714285714
neuma,permuted_subjectwise,deepconvnet,2,S12,0.4430222856998443,103,0,-0.013747713659372454,-0.011220196353436185,0.49238095238095236,0.33815048729978653,0.5723809523809524,0.4445300462249615,0.5714285714285714,0.41333333333333333,0.18864894680027822,0.4563106796116505
neuma,permuted_subjectwise,deepconvnet,2,S13,0.5786654376983642,315,0,-0.03145606446274991,-0.02980632651680848,0.48227311735679035,0.2556973681818414,0.522795537438318,0.4730679156908665,0.3670886075949367,0.597457627118644,0.3040877671705351,0.5396825396825397
neuma,permuted_subjectwise,deepconvnet,2,S14,0.4430222856998443,55,0,0.1561090212806388,0.1423728813559323,0.5874999999999999,0.3433155547455004,0.5833333333333334,0.5528455284552846,0.6,0.575,0.1632331046191129,0.5818181818181818
neuma,permuted_subjectwise,deepconvnet,2,S15,0.5786654376983642,215,0,0.052392867091559,0.05155776123518063,0.5274354460093896,0.3903536234629466,0.5283646322378718,0.5222222222222223,0.4507042253521127,0.6041666666666666,0.2313533990882164,0.5534883720930233
neuma,permuted_subjectwise,deepconvnet,2,S16,0.6160130095481873,224,0,-0.04443780005703047,-0.04435859864126823,0.47860722086599,0.21325948832674607,0.5706025954002313,0.47754231640677064,0.13953488372093023,0.8176795580110497,0.39464491486017195,0.6875
neuma,permuted_subjectwise,deepconvnet,2,S17,0.5786654376983642,90,0,0.005558902198532885,0.005524861878453136,0.5026455026455027,0.31415485505223434,0.4926513815402705,0.5015384615384615,0.25925925925925924,0.746031746031746,0.2422666248348024,0.6
neuma,permuted_subjectwise,deepconvnet,2,S18,0.5836276376247406,56,0,-0.08902476018169285,-0.08808290155440401,0.4564102564102564,0.5246926330806405,0.5512820512820513,0.453125,0.34615384615384615,0.5666666666666667,0.10936408064195084,0.4642857142857143
neuma,permuted_subjectwise,deepconvnet,2,S19,0.4430222856998443,118,0,-0.0299127270878144,-0.023778920308483498,0.47944444444444445,0.15450639563560442,0.4555555555555556,0.4422268907563025,0.3888888888888889,0.57,0.2831028694823637,0.5423728813559322
neuma,permuted_subjectwise,deepconvnet,2,S20,0.6160130095481873,56,0,0.15695698526580623,0.15555555555555556,0.5739064856711915,0.40425937048008,0.6259426847662142,0.5762644364794902,0.35294117647058826,0.7948717948717948,0.2918018379381725,0.6607142857142857
neuma,permuted_subjectwise,deepconvnet,2,S21,0.4430222856998443,135,0,-0.14682003422210332,-0.13265306122448983,0.4164285714285714,0.2459865768121338,0.43485714285714283,0.40733270052206927,0.34285714285714286,0.49,0.18038803879861479,0.45185185185185184
neuma,permuted_subjectwise,deepconvnet,2,S22,0.6160130095481873,79,0,-0.021578711772838887,-0.021213125621478257,0.4896103896103896,0.42651358547786034,0.4909090909090909,0.4852130325814536,0.34285714285714286,0.6363636363636364,0.14592981338500977,0.5063291139240507
neuma,permuted_subjectwise,deepconvnet,2,S23,0.4430222856998443,70,0,0.021874978637726604,0.02183406113537123,0.5107665805340225,0.42913312275781135,0.5598621877691645,0.5104895104895105,0.37037037037037035,0.6511627906976745,0.06855941201959337,0.5428571428571428
neuma,permuted_subjectwise,deepconvnet,2,S24,0.5141092991828918,221,0,0.06958994017375142,0.04520361628930303,0.5522760917838638,0.1588954815934608,0.5860473723168024,0.43971830985915494,0.6071428571428571,0.49740932642487046,0.38709929450604713,0.5113122171945701
neuma,permuted_subjectwise,deepconvnet,2,S25,0.5786654376983642,42,0,0.07658395810674835,0.05479452054794531,0.5410557184750733,0.3609048705750355,0.5483870967741936,0.44957264957264953,0.7272727272727273,0.3548387096774194,0.34398486997400013,0.4523809523809524
neuma,permuted_subjectwise,deepconvnet,2,S26,0.5141092991828918,269,0,0.048665093302322486,0.045884472469316484,0.5262226512226512,0.34435506100899405,0.5426640926640927,0.509578654936914,0.5119047619047619,0.5405405405405406,0.19259017246141752,0.5315985130111525
neuma,permuted_subjectwise,deepconvnet,2,S27,0.4430222856998443,49,0,0.18257418583505539,0.17391304347826086,0.6,0.45458944328302664,0.6326530612244898,0.5777777777777777,0.5714285714285714,0.6285714285714286,0.14910474237130614,0.6122448979591837
neuma,permuted_subjectwise,deepconvnet,2,S28,0.6160130095481873,152,0,-0.12172387083641363,-0.11087909793276274,0.4255677039529016,0.15056060744659983,0.37370339220633586,0.4242424242424242,0.2413793103448276,0.6097560975609756,0.3940110949701385,0.5394736842105263
neuma,permuted_subjectwise,deepconvnet,2,S29,0.6160130095481873,109,0,0.07055452021499338,0.06970128022759603,0.5384012539184952,0.23222950707658932,0.5705329153605015,0.5328571428571429,0.3181818181818182,0.7586206896551724,0.3889137208461762,0.6697247706422018
neuma,permuted_subjectwise,deepconvnet,2,S30,0.5786654376983642,53,0,0.2139018515205639,0.2077727952167413,0.6007246376811595,0.5214301294505341,0.6028985507246377,0.5984848484848485,0.43478260869565216,0.7666666666666667,0.12179277528007079,0.6226415094339622
neuma,permuted_subjectwise,deepconvnet,2,S31,0.5141092991828918,99,0,0.0923973000594144,0.0880245649948822,0.5486425339366516,0.3752325812954113,0.5244343891402715,0.5332634887375589,0.5588235294117647,0.5384615384615384,0.18192099290664748,0.5454545454545454
neuma,permuted_subjectwise,deepconvnet,2,S32,0.4430222856998443,101,0,0.06367664900065421,0.0534396809571287,0.5385500575373993,0.34009018555210424,0.5788262370540852,0.489624771529943,0.5454545454545454,0.5316455696202531,0.22648331736869148,0.5346534653465347
neuma,permuted_subjectwise,deepconvnet,2,S33,0.5836276376247406,97,0,0.10982308328436802,0.10769575947947041,0.5576923076923077,0.396212635554791,0.5692307692307692,0.549756594588475,0.5,0.6153846153846154,0.24812678854490067,0.5773195876288659
neuma,permuted_subjectwise,deepconvnet,2,S34,0.5836276376247406,235,0,0.03563810332366754,0.03196919494940442,0.5224415388483782,0.19190803250413735,0.5584611516218254,0.4960842811859034,0.3902439024390244,0.654639175257732,0.3648036021659983,0.6085106382978723
neuma,permuted_subjectwise,deepconvnet,2,S35,0.5786654376983642,101,0,-0.031980998003666945,-0.031090487238979225,0.48236842105263156,0.22347300984398227,0.45315789473684215,0.47840375586854456,0.32,0.6447368421052632,0.3121391486118335,0.5643564356435643
neuma,permuted_subjectwise,deepconvnet,2,S36,0.5836276376247406,51,0,0.0985104109993904,0.09620253164556958,0.5527777777777778,0.3742686114681,0.5203703703703704,0.5432835820895523,0.4666666666666667,0.6388888888888888,0.30654021863843883,0.5882352941176471
neuma,permuted_subjectwise,deepconvnet,2,S37,0.6160130095481873,66,0,-0.06726727939963124,-0.06230529595015577,0.47115384615384615,0.32564243856997177,0.3278846153846154,0.4516215491825248,0.19230769230769232,0.75,0.1860259066928517,0.5303030303030303
neuma,permuted_subjectwise,deepconvnet,2,S38,0.5836276376247406,181,0,-0.08870591407826957,-0.08514651397777029,0.4511440940012369,0.24363124528897834,0.4591836734693877,0.44758410205411336,0.32653061224489793,0.5757575757575758,0.2844285283299441,0.5082872928176796
neuma,permuted_subjectwise,deepconvnet,2,S39,0.5141092991828918,39,0,0.008132500607904443,0.008032128514056214,0.5041666666666667,0.3978599568073252,0.4888888888888889,0.501010101010101,0.4666666666666667,0.5416666666666666,0.12174348800610271,0.5128205128205128
neuma,permuted_subjectwise,deepconvnet,2,S40,0.5141092991828918,65,0,0.16666666666666666,0.16666666666666663,0.5833333333333333,0.44018194914082187,0.5552268244575937,0.5833333333333333,0.5,0.6666666666666666,0.10807375862048225,0.6
neuma,permuted_subjectwise,deepconvnet,2,S41,0.4430222856998443,48,0,0.18433668044583404,0.18279569892473113,0.5944444444444444,0.533750668302228,0.6074074074074074,0.5897435897435896,0.5555555555555556,0.6333333333333333,0.07128181618948778,0.6041666666666666
neuma,permuted_subjectwise,deepconvnet,2,S42,0.5836276376247406,63,0,-0.04532471038866811,-0.04419889502762442,0.47684210526315784,0.5097050677192261,0.5126315789473684,0.47139588100686497,0.48,0.47368421052631576,0.20868686645750018,0.47619047619047616
neuma,permuted_subjectwise,deepconvnet,2,S43,0.5836276376247406,86,0,-0.0720958998312623,-0.06783767413688668,0.458974358974359,0.2308027516801092,0.43076923076923074,0.45205905205905206,0.3333333333333333,0.5846153846153846,0.3288974228293397,0.5232558139534884
neuma,permuted_subjectwise,deepconvnet,2,S44,0.5141092991828918,82,0,-0.027549614851423928,-0.024307900067521926,0.48295454545454547,0.21345672980932867,0.5265151515151516,0.4615794143744454,0.375,0.5909090909090909,0.30437577752078454,0.5487804878048781
neuma,permuted_subjectwise,deepconvnet,3,S01,0.5740204894542694,69,0,0.09284766908852593,0.06936416184971106,0.5555555555555556,0.33545944637943786,0.5679012345679013,0.4709748083242059,0.6666666666666666,0.4444444444444444,0.3656186539193858,0.4927536231884058
neuma,permuted_subjectwise,deepconvnet,3,S02,0.508943286538124,63,0,0.09035079029052512,0.08163265306122447,0.5476190476190477,0.32875095102003066,0.5090702947845804,0.5178571428571428,0.6190476190476191,0.47619047619047616,0.18769085312646533,0.5238095238095238
neuma,permuted_subjectwise,deepconvnet,3,S03,0.4958335447311401,65,0,-0.007767122075015001,-0.006191950464396356,0.4955357142857143,0.31950413017066936,0.5688775510204082,0.44253859348198965,0.5625,0.42857142857142855,0.25810125240912807,0.46153846153846156
neuma,permuted_subjectwise,deepconvnet,3,S05,0.5740204894542694,85,0,0.047712865355373064,0.03518728717366615,0.5331196581196581,0.27799452531792224,0.6100427350427351,0.45721583652618136,0.5384615384615384,0.5277777777777778,0.40892247662824743,0.5294117647058824
neuma,permuted_subjectwise,deepconvnet,3,S06,0.539192624092102,139,0,-0.03612859274048386,-0.034972924187725685,0.48042929292929293,0.2815728175912676,0.48484848484848486,0.47493131868131866,0.375,0.5858585858585859,0.2462002866559749,0.5251798561151079
neuma,permuted_subjectwise,deepconvnet,3,S07,0.4958335447311401,86,0,0.03343669275452117,0.02714932126696834,0.5214285714285714,0.23860152437480314,0.5517857142857143,0.47044334975369456,0.5,0.5428571428571428,0.30758479306864184,0.5348837209302325
neuma,permuted_subjectwise,deepconvnet,3,S08,0.539192624092102,83,0,-0.021446006387719926,-0.017837235228539416,0.4877112135176651,0.2681379263016276,0.49692780337941633,0.44666666666666666,0.5238095238095238,0.45161290322580644,0.28223471850695375,0.46987951807228917
neuma,permuted_subjectwise,deepconvnet,3,S09,0.4958335447311401,120,0,-0.14817173480607498,-0.143048128342246,0.4169254658385093,0.1823475437277157,0.35597826086956524,0.42028985507246375,0.21428571428571427,0.6195652173913043,0.26698119640350343,0.525
neuma,permuted_subjectwise,deepconvnet,3,S10,0.4291594624519348,273,0,-0.025872569650031086,-0.019148233740508447,0.48359728506787336,0.17098694273125173,0.4533588583362339,0.42128487994808567,0.5192307692307693,0.4479638009049774,0.2666069087964711,0.46153846153846156
neuma,permuted_subjectwise,deepconvnet,3,S12,0.4291594624519348,103,0,-0.01904761904761905,-0.012482446559525684,0.4904761904761905,0.2967466002118672,0.4642857142857143,0.3883495145631068,0.7142857142857143,0.26666666666666666,0.220016396161422,0.3883495145631068
neuma,permuted_subjectwise,deepconvnet,3,S13,0.508943286538124,315,0,-0.11079966711946865,-0.07844841069845865,0.439471143531431,0.21617375220118357,0.42367517700064355,0.36962241342530044,0.569620253164557,0.3093220338983051,0.2804222898350822,0.3746031746031746
neuma,permuted_subjectwise,deepconvnet,3,S14,0.4291594624519348,55,0,0.10146346292135018,0.07536231884057976,0.5541666666666667,0.5973202734856452,0.6533333333333333,0.46992356264539714,0.7333333333333333,0.375,0.20274096456441013,0.4727272727272727
neuma,permuted_subjectwise,deepconvnet,3,S15,0.508943286538124,215,0,0.14620577450301528,0.1329916827690497,0.5774158841940532,0.3931979665794338,0.5873435054773083,0.5463337436258132,0.647887323943662,0.5069444444444444,0.18990760060936906,0.5534883720930233
neuma,permuted_subjectwise,deepconvnet,3,S16,0.539192624092102,224,0,0.15170337399892003,0.10168782256939601,0.5936656816137736,0.25436583674627333,0.5925735577540794,0.4669646367455046,0.7674418604651163,0.4198895027624309,0.3546860100967543,0.48660714285714285
neuma,permuted_subjectwise,deepconvnet,3,S17,0.508943286538124,90,0,-0.18854629074173995,-0.13899613899613916,0.40476190476190477,0.29133124261343596,0.376249265138154,0.34436350166687246,0.5555555555555556,0.25396825396825395,0.2490052709976832,0.34444444444444444
neuma,permuted_subjectwise,deepconvnet,3,S18,0.539192624092102,56,0,-0.08912898723215133,-0.08229426433915199,0.45769230769230773,0.4872021646931426,0.49615384615384617,0.43764172335600904,0.6153846153846154,0.3,0.099599869123527,0.44642857142857145
neuma,permuted_subjectwise,deepconvnet,3,S19,0.4291594624519348,118,0,0.09173286442120084,0.060509554140127264,0.5633333333333334,0.26125940599594805,0.5777777777777777,0.44548872180451127,0.6666666666666666,0.46,0.2969283749491481,0.4915254237288136
neuma,permuted_subjectwise,deepconvnet,3,S20,0.4958335447311401,56,0,-0.24562537539453735,-0.2453987730061351,0.37933634992458526,0.2792881745381353,0.46304675716440413,0.3770617568085923,0.11764705882352941,0.6410256410256411,0.17744171246886253,0.48214285714285715
neuma,permuted_subjectwise,deepconvnet,3,S21,0.4291594624519348,135,0,0.013710212427677044,0.00917431192660545,0.5071428571428571,0.26312777658525366,0.46314285714285713,0.4065934065934066,0.7142857142857143,0.3,0.21085294396788987,0.4074074074074074
neuma,permuted_subjectwise,deepconvnet,3,S22,0.5740204894542694,79,0,0.14223115787519483,0.14102141680395386,0.5694805194805195,0.5070846708174381,0.5967532467532467,0.5687344913151364,0.45714285714285713,0.6818181818181818,0.13314841216123557,0.5822784810126582
neuma,permuted_subjectwise,deepconvnet,3,S23,0.5740204894542694,70,0,-0.006710937098768181,-0.006573541495480617,0.4965546942291128,0.4406092092218692,0.5176571920757967,0.49159576675658845,0.48148148148148145,0.5116279069767442,0.18658142345292225,0.5
neuma,permuted_subjectwise,deepconvnet,3,S24,0.5740204894542694,221,0,0.06998239685506918,0.04797702508657831,0.5525536639526276,0.13585660592672505,0.5299777942264989,0.45381856949021127,0.5714285714285714,0.533678756476684,0.4451505332780639,0.5384615384615384
neuma,permuted_subjectwise,deepconvnet,3,S25,0.508943286538124,42,0,0.1645523720271895,0.11324376199616126,0.5865102639296188,0.4054433329433329,0.6598240469208212,0.475,0.8181818181818182,0.3548387096774194,0.2741671566452299,0.47619047619047616
neuma,permuted_subjectwise,deepconvnet,3,S26,0.5740204894542694,269,0,0.027577671581014512,0.025936842105263147,0.5148648648648648,0.3096171643756508,0.5057271557271557,0.4987215601300108,0.5,0.5297297297297298,0.24424807025209677,0.5204460966542751
neuma,permuted_subjectwise,deepconvnet,3,S27,0.539192624092102,49,0,0.20337230420499017,0.20134228187919456,0.6071428571428572,0.41054758087229115,0.5897959183673469,0.5989407799711122,0.5,0.7142857142857143,0.23165233524478213,0.6530612244897959
neuma,permuted_subjectwise,deepconvnet,3,S28,0.539192624092102,152,0,0.02470900323729376,0.018779342723004855,0.515699467339501,0.21505452227810007,0.5309784132324082,0.4493530933897906,0.5517241379310345,0.4796747967479675,0.3433071927804696,0.4934210526315789
neuma,permuted_subjectwise,deepconvnet,3,S29,0.539192624092102,109,0,0.06843488440730773,0.05341635261346889,0.5425809822361547,0.2528945782132767,0.5464994775339602,0.473909480010928,0.5909090909090909,0.4942528735632184,0.34259406552402255,0.5137614678899083
neuma,permuted_subjectwise,deepconvnet,3,S30,0.508943286538124,53,0,-0.041458289013694784,-0.035016835016834946,0.48115942028985503,0.4324805463686079,0.43333333333333335,0.4400728597449909,0.6956521739130435,0.26666666666666666,0.13326699160180003,0.4528301886792453
neuma,permuted_subjectwise,deepconvnet,3,S31,0.5740204894542694,99,0,-0.0034896986465079867,-0.0034505067931851485,0.4981900452488688,0.3599535590175128,0.48371040723981895,0.49560975609756097,0.4117647058823529,0.5846153846153846,0.2228949121152512,0.5252525252525253
neuma,permuted_subjectwise,deepconvnet,3,S32,0.4291594624519348,101,0,-0.06312822133742652,-0.04562203895420236,0.4626006904487917,0.26141337771884643,0.48388952819332565,0.3966791535891465,0.5454545454545454,0.379746835443038,0.2628814548549086,0.4158415841584158
neuma,permuted_subjectwise,deepconvnet,3,S33,0.539192624092102,97,0,0.007233852622026191,0.0068259385665528916,0.5038461538461538,0.43969630026063544,0.5759615384615384,0.48947368421052634,0.5,0.5076923076923077,0.21338179000874152,0.5051546391752577
neuma,permuted_subjectwise,deepconvnet,3,S34,0.4958335447311401,235,0,-0.04062503529222914,-0.03343766094845679,0.47347246668342974,0.20009801415201656,0.5280362081971335,0.44216334124591006,0.3902439024390244,0.5567010309278351,0.3110570321057705,0.5276595744680851
neuma,permuted_subjectwise,deepconvnet,3,S35,0.508943286538124,101,0,0.05714704526756083,0.03937927582179224,0.5310526315789473,0.2869614412651002,0.5373684210526315,0.4320804971885173,0.72,0.34210526315789475,0.28003099486969485,0.43564356435643564
neuma,permuted_subjectwise,deepconvnet,3,S36,0.4291594624519348,51,0,-0.2197771265872563,-0.18777292576419224,0.38055555555555554,0.3395694639490499,0.3537037037037037,0.3605015673981191,0.4,0.3611111111111111,0.2739943376943177,0.37254901960784315
neuma,permuted_subjectwise,deepconvnet,3,S37,0.4291594624519348,66,0,-0.12403473458920845,-0.1212121212121211,0.43653846153846154,0.38037025003526626,0.4528846153846154,0.4330160204318551,0.4230769230769231,0.45,0.1028734454602906,0.4393939393939394
neuma,permuted_subjectwise,deepconvnet,3,S38,0.4958335447311401,181,0,0.006474218346882582,0.005933968815099999,0.5036332714904144,0.2989695279920427,0.5216450216450217,0.4829759989493384,0.46938775510204084,0.5378787878787878,0.22371707799026325,0.5193370165745856
neuma,permuted_subjectwise,deepconvnet,3,S39,0.4958335447311401,39,0,0.35,0.35,0.675,0.5207569720358095,0.6833333333333333,0.675,0.6,0.75,0.09706181822678983,0.6923076923076923
neuma,permuted_subjectwise,deepconvnet,3,S40,0.539192624092102,65,0,0.06299407883487121,0.0625,0.532051282051282,0.45634953968437286,0.554240631163708,0.5294401544401545,0.5,0.5641025641025641,0.1313574424156776,0.5384615384615384
neuma,permuted_subjectwise,deepconvnet,3,S41,0.4291594624519348,48,0,-0.017609018126512475,-0.008695652173912993,0.4944444444444444,0.3021492716176385,0.35,0.3480093676814988,0.8888888888888888,0.1,0.17162674975891912,0.3958333333333333
neuma,permuted_subjectwise,deepconvnet,3,S42,0.4958335447311401,63,0,-0.01025978352085154,-0.00995024875621886,0.49526315789473685,0.408233981683389,0.5021052631578947,0.4880919024936957,0.28,0.7105263157894737,0.08495039883114046,0.5396825396825397
neuma,permuted_subjectwise,deepconvnet,3,S43,0.4958335447311401,86,0,0.08062627473730591,0.07760252365930609,0.545054945054945,0.3559668936599626,0.6644688644688644,0.5314102564102564,0.42857142857142855,0.6615384615384615,0.2436226363791976,0.6046511627906976
neuma,permuted_subjectwise,deepconvnet,3,S44,0.5740204894542694,82,0,-0.09030151534633399,-0.0796758946657663,0.4441287878787879,0.17877040541557582,0.4204545454545454,0.43247559893522625,0.3125,0.5757575757575758,0.38893150374656765,0.524390243902439
neuma,permuted_subjectwise,deepconvnet,4,S01,0.4967418134212494,69,0,-0.1779796833258439,-0.16716417910447756,0.39629629629629626,0.18687102065726924,0.4037037037037037,0.40153061224489794,0.2,0.5925925925925926,0.26037170705587964,0.5072463768115942
neuma,permuted_subjectwise,deepconvnet,4,S02,0.4997735929489135,63,0,-0.18650096164806276,-0.18604651162790686,0.40476190476190477,0.315396717335538,0.41496598639455784,0.4063192904656319,0.23809523809523808,0.5714285714285714,0.16050975237573897,0.4603174603174603
neuma,permuted_subjectwise,deepconvnet,4,S03,0.5521355867385864,65,0,-0.13647943074669217,-0.1252545824847251,0.4215561224489796,0.24430248558075077,0.48214285714285715,0.41596194503171247,0.3125,0.5306122448979592,0.27016264337759754,0.47692307692307695
neuma,permuted_subjectwise,deepconvnet,4,S05,0.4967418134212494,85,0,0.017575473316593218,0.01499659168370815,0.5117521367521367,0.19493456896125078,0.5801282051282051,0.4787157287157287,0.38461538461538464,0.6388888888888888,0.3346973180770874,0.6
neuma,permuted_subjectwise,deepconvnet,4,S06,0.6122624969482422,139,0,-0.1228152952817808,-0.11586027337817328,0.43257575757575756,0.2459245596420651,0.4194444444444444,0.4270276292335116,0.35,0.5151515151515151,0.31249414588050023,0.4676258992805755
neuma,permuted_subjectwise,deepconvnet,4,S07,0.4997735929489135,86,0,0.010591481821704043,0.010071942446043036,0.50625,0.20481991610163353,0.5607142857142857,0.495970695970696,0.3125,0.7,0.30211540363555733,0.627906976744186
neuma,permuted_subjectwise,deepconvnet,4,S08,0.6122624969482422,83,0,-0.18699757115107146,-0.16355140186915884,0.3924731182795699,0.2190045278935267,0.43164362519201227,0.38213399503722084,0.3333333333333333,0.45161290322580644,0.3533994752958597,0.42168674698795183
neuma,permuted_subjectwise,deepconvnet,4,S09,0.4997735929489135,120,0,-0.017197979012252743,-0.016949152542372836,0.4906832298136646,0.2270025824951165,0.44681677018633537,0.48863636363636365,0.2857142857142857,0.6956521739130435,0.24948629265030225,0.6
neuma,permuted_subjectwise,deepconvnet,4,S10,0.6122624969482422,273,0,0.0026849144975743438,0.002262443438913908,0.5016968325791855,0.2584237728581886,0.5163592064044553,0.4652717323715956,0.4423076923076923,0.5610859728506787,0.40009080987055223,0.5384615384615384
neuma,permuted_subjectwise,deepconvnet,4,S12,0.4839257907867431,103,0,-0.1272476908355277,-0.10141428078647818,0.43,0.24083021710321206,0.4061904761904762,0.3883141762452107,0.5,0.36,0.2547475394693393,0.39805825242718446
neuma,permuted_subjectwise,deepconvnet,4,S13,0.5521355867385864,315,0,0.12410796604340853,0.11970190964136007,0.5689229779017378,0.3490749813156508,0.5856575842093972,0.5531069705854534,0.46835443037974683,0.6694915254237288,0.2703069933823177,0.6190476190476191
neuma,permuted_subjectwise,deepconvnet,4,S14,0.6122624969482422,55,0,-0.022572347453581727,-0.021428571428571574,0.4875,0.3222130379879664,0.42833333333333334,0.4773391812865497,0.4,0.575,0.34478177644989705,0.5272727272727272
neuma,permuted_subjectwise,deepconvnet,4,S15,0.5521355867385864,215,0,-0.08549731056137608,-0.0771543086172346,0.45481220657277,0.30973902933050024,0.45911580594679186,0.4342105263157895,0.49295774647887325,0.4166666666666667,0.22684444258379383,0.4418604651162791
neuma,permuted_subjectwise,deepconvnet,4,S16,0.4839257907867431,224,0,0.019150715199168212,0.01793993146543027,0.5114351792367982,0.20728009507789835,0.5240909674932545,0.4967851886280889,0.3488372093023256,0.6740331491712708,0.2779308678582311,0.6116071428571429
neuma,permuted_subjectwise,deepconvnet,4,S17,0.5521355867385864,90,0,-0.009700968496029852,-0.008968609865470878,0.49470899470899465,0.34108128812748606,0.490299823633157,0.4766765732006719,0.48148148148148145,0.5079365079365079,0.26984919210275016,0.5
neuma,permuted_subjectwise,deepconvnet,4,S18,0.6122624969482422,56,0,0.01849000654084097,0.018181818181818188,0.5089743589743589,0.4891961124683668,0.5179487179487179,0.5050736497545009,0.38461538461538464,0.6333333333333333,0.15679639205336574,0.5178571428571429
neuma,permuted_subjectwise,deepconvnet,4,S19,0.6122624969482422,118,0,0.12079735531719385,0.09703679583197644,0.5827777777777778,0.2678495140748225,0.625,0.5102004769054138,0.5555555555555556,0.61,0.4460127123836744,0.6016949152542372
neuma,permuted_subjectwise,deepconvnet,4,S20,0.4967418134212494,56,0,-0.048547556041589286,-0.04836193447737913,0.47662141779788836,0.3007316576009695,0.43137254901960786,0.475,0.23529411764705882,0.717948717948718,0.17539676119174277,0.5714285714285714
neuma,permuted_subjectwise,deepconvnet,4,S21,0.4839257907867431,135,0,-0.02258769757263128,-0.019138755980861122,0.4871428571428571,0.2548611031408684,0.5114285714285713,0.4504328880224757,0.5142857142857142,0.46,0.22422334021992152,0.4740740740740741
neuma,permuted_subjectwise,deepconvnet,4,S22,0.4967418134212494,79,0,0.00803039456695809,0.00793126239259756,0.5038961038961038,0.4760782502537612,0.46428571428571436,0.5009973404255319,0.37142857142857144,0.6363636363636364,0.13983114459846593,0.5189873417721519
neuma,permuted_subjectwise,deepconvnet,4,S23,0.6122624969482422,70,0,0.038714614072241395,0.038301415487094204,0.5198105081826012,0.33199052808276996,0.39190353143841516,0.5166352793471437,0.48148148148148145,0.5581395348837209,0.24109143061297275,0.5285714285714286
neuma,permuted_subjectwise,deepconvnet,4,S24,0.4967418134212494,221,0,0.01001773397191543,0.007881085395051723,0.5073094004441154,0.14941564041574593,0.5407105847520355,0.46185064935064934,0.39285714285714285,0.6217616580310881,0.36008551892112284,0.5927601809954751
neuma,permuted_subjectwise,deepconvnet,4,S25,0.5521355867385864,42,0,-0.1875916198442167,-0.17518248175182483,0.3944281524926686,0.25716121732617336,0.4545454545454545,0.39435736677115985,0.2727272727272727,0.5161290322580645,0.28073051217056455,0.4523809523809524
neuma,permuted_subjectwise,deepconvnet,4,S26,0.4967418134212494,269,0,-0.08956832768962979,-0.08653706448144605,0.4520913770913771,0.2817916691994037,0.44517374517374514,0.4479974017154583,0.36904761904761907,0.5351351351351351,0.17713065362331148,0.483271375464684
neuma,permuted_subjectwise,deepconvnet,4,S27,0.6122624969482422,49,0,0.05504818825631803,0.040609137055837685,0.5285714285714286,0.22527892455492513,0.3408163265306122,0.44806007509386736,0.7142857142857143,0.34285714285714286,0.3680435394754215,0.4489795918367347
neuma,permuted_subjectwise,deepconvnet,4,S28,0.4839257907867431,152,0,-0.09652935285266766,-0.0746166950596252,0.43860386879730867,0.23193583800175288,0.4889262685730305,0.401489634233123,0.41379310344827586,0.4634146341463415,0.2993605605473644,0.45394736842105265
neuma,permuted_subjectwise,deepconvnet,4,S29,0.6122624969482422,109,0,-0.09585977610151933,-0.09432640672425885,0.4472309299895507,0.21372729456549636,0.5470219435736677,0.4496888575789597,0.18181818181818182,0.7126436781609196,0.38049934407986635,0.6055045871559633
neuma,permuted_subjectwise,deepconvnet,4,S30,0.5521355867385864,53,0,0.09770478002113132,0.09659090909090917,0.5492753623188406,0.49348155158925705,0.5594202898550724,0.5457142857142857,0.5652173913043478,0.5333333333333333,0.1210414823496117,0.5471698113207547
neuma,permuted_subjectwise,deepconvnet,4,S31,0.4839257907867431,99,0,-0.01138469000458504,-0.010009624639075954,0.49411764705882355,0.3419330745259126,0.48099547511312224,0.4626728110599079,0.5882352941176471,0.4,0.15856740209791395,0.46464646464646464
neuma,permuted_subjectwise,deepconvnet,4,S32,0.4839257907867431,101,0,0.16330737815592064,0.12301013024602026,0.5978135788262371,0.32754313717584493,0.6726121979286536,0.5032786885245901,0.7272727272727273,0.46835443037974683,0.27940630411157513,0.5247524752475248
neuma,permuted_subjectwise,deepconvnet,4,S33,0.4997735929489135,97,0,0.0038419342575591016,0.003687121411640737,0.5016826923076922,0.3476193489879341,0.4923076923076923,0.4937775993576877,0.21875,0.7846153846153846,0.14823188763303852,0.5979381443298969
neuma,permuted_subjectwise,deepconvnet,4,S34,0.4997735929489135,235,0,-0.0631102343894154,-0.045897079276773445,0.45851144078451095,0.15073232145645266,0.4148855921548906,0.4039315155358275,0.4634146341463415,0.4536082474226804,0.3493965714535815,0.4553191489361702
neuma,permuted_subjectwise,deepconvnet,4,S35,0.5521355867385864,101,0,0.15573085685343557,0.14370495972869846,0.5892105263157895,0.34528323873922334,0.5989473684210527,0.5566286215978928,0.56,0.618421052631579,0.28708252709100746,0.6039603960396039
neuma,permuted_subjectwise,deepconvnet,4,S36,0.4967418134212494,51,0,0.06613400036396397,0.05764966740576505,0.5361111111111111,0.35491637699985423,0.5351851851851852,0.4974379188017344,0.6,0.4722222222222222,0.21009595195452374,0.5098039215686274
neuma,permuted_subjectwise,deepconvnet,4,S37,0.4839257907867431,66,0,-0.22268343469578533,-0.2222222222222221,0.39038461538461544,0.3883996560067239,0.44230769230769235,0.3882926829268293,0.23076923076923078,0.55,0.10107186843048441,0.42424242424242425
neuma,permuted_subjectwise,deepconvnet,4,S38,0.4997735929489135,181,0,-0.07532614501624063,-0.07275699979562655,0.45871985157699446,0.2790742524138179,0.4775819418676561,0.45544143583359264,0.32653061224489793,0.5909090909090909,0.22509875860662087,0.5193370165745856
neuma,permuted_subjectwise,deepconvnet,4,S39,0.4839257907867431,39,0,0.03244428422615251,0.031372549019607954,0.5166666666666666,0.3705543531124587,0.46944444444444444,0.507641196013289,0.5333333333333333,0.5,0.09575992364149832,0.5128205128205128
neuma,permuted_subjectwise,deepconvnet,4,S40,0.4997735929489135,65,0,-0.03790490217894517,-0.037735849056603765,0.4807692307692307,0.3944916351717127,0.5207100591715976,0.48000000000000004,0.4230769230769231,0.5384615384615384,0.09030480935023381,0.49230769230769234
neuma,permuted_subjectwise,deepconvnet,4,S41,0.6122624969482422,48,0,-0.11834526708278773,-0.11627906976744184,0.4444444444444444,0.3716748230323367,0.47777777777777775,0.4375,0.2222222222222222,0.6666666666666666,0.21816915273666382,0.5
neuma,permuted_subjectwise,deepconvnet,4,S42,0.4967418134212494,63,0,-0.11239029738980327,-0.11214953271028039,0.4431578947368421,0.36826056572712157,0.4621052631578948,0.44334719334719336,0.36,0.5263157894736842,0.09821239208418223,0.4603174603174603
neuma,permuted_subjectwise,deepconvnet,4,S43,0.4997735929489135,86,0,-0.03011011554078732,-0.028093245666467537,0.4827838827838828,0.2412026102185687,0.5142857142857142,0.47044334975369456,0.38095238095238093,0.5846153846153846,0.24938382520232094,0.5348837209302325
neuma,permuted_subjectwise,deepconvnet,4,S44,0.4967418134212494,82,0,-0.1645362954286044,-0.143426294820717,0.3977272727272727,0.1947508152140186,0.3901515151515151,0.3957894736842105,0.25,0.5454545454545454,0.28816008458777176,0.4878048780487805
neuma,permuted_subjectwise,eegnet,0,S01,0.4933204531669616,69,0,0.1284457725980754,0.10852713178294571,0.5777777777777777,0.3318982936908927,0.6555555555555556,0.5208333333333333,0.6,0.5555555555555556,0.27627008159955346,0.5652173913043478
neuma,permuted_subjectwise,eegnet,0,S02,0.5159371733665467,63,0,-0.04662524041201569,-0.046511627906976605,0.47619047619047616,0.315748651066282,0.47052154195011336,0.47616407982261644,0.3333333333333333,0.6190476190476191,0.1677415186450595,0.5238095238095238
neuma,permuted_subjectwise,eegnet,0,S03,0.5159371733665467,65,0,-0.19400542489153497,-0.19339045287637702,0.399234693877551,0.24050349445159747,0.5038265306122449,0.4025735294117647,0.125,0.673469387755102,0.23398546897448028,0.5384615384615384
neuma,permuted_subjectwise,eegnet,0,S05,0.4933204531669616,85,0,-0.047712865355373064,-0.03350445825452564,0.4668803418803419,0.1825411616689263,0.5074786324786325,0.40614811364694925,0.46153846153846156,0.4722222222222222,0.3441204726696015,0.47058823529411764
neuma,permuted_subjectwise,eegnet,0,S06,0.5017620879411697,139,0,-0.06813889803568972,-0.0615067079463365,0.4623737373737374,0.28986155699723576,0.4911616161616162,0.4433982683982684,0.45,0.47474747474747475,0.21595094358320718,0.4676258992805755
neuma,permuted_subjectwise,eegnet,0,S07,0.507281494140625,86,0,-0.011121413488021757,-0.008528784648187626,0.4928571428571429,0.27062035158739794,0.5321428571428571,0.4369047619047619,0.5,0.4857142857142857,0.32258266037286715,0.4883720930232558
neuma,permuted_subjectwise,eegnet,0,S08,0.5017620879411697,83,0,0.09030434570477255,0.07089552238805952,0.5510752688172043,0.302366366437028,0.5814132104454685,0.48125,0.6666666666666666,0.43548387096774194,0.2576927725809166,0.4939759036144578
neuma,permuted_subjectwise,eegnet,0,S09,0.507281494140625,120,0,0.02512842835937192,0.02251184834123221,0.514751552795031,0.21600638342701872,0.4670031055900621,0.4875378523177265,0.4642857142857143,0.5652173913043478,0.2709153244892756,0.5416666666666666
neuma,permuted_subjectwise,eegnet,0,S10,0.5017620879411697,273,0,0.061067364598456714,0.04106650321789784,0.53789592760181,0.19658315315664793,0.4611033762617473,0.4319886054208035,0.6730769230769231,0.40271493212669685,0.3236376836404695,0.4542124542124542
neuma,permuted_subjectwise,eegnet,0,S12,0.5159371733665467,103,0,-0.14879027009315338,-0.13060465116279074,0.4164285714285714,0.22840995373290324,0.3928571428571429,0.3998024691358025,0.39285714285714285,0.44,0.26489178532535596,0.42718446601941745
neuma,permuted_subjectwise,eegnet,0,S13,0.5044662332534791,315,0,-0.034739383109080355,-0.030904345664692023,0.47999356361295853,0.27421283410679065,0.4876635915039691,0.45699135899450116,0.4430379746835443,0.5169491525423728,0.2478746775596861,0.4984126984126984
neuma,permuted_subjectwise,eegnet,0,S14,0.4933204531669616,55,0,-0.09689627902499089,-0.08253968253968269,0.4458333333333333,0.30731258346080564,0.48000000000000004,0.4170940170940171,0.4666666666666667,0.425,0.224262229420922,0.43636363636363634
neuma,permuted_subjectwise,eegnet,0,S15,0.5044662332534791,215,0,0.11493743258674964,0.11471799291391371,0.5585876369327074,0.39545298304472154,0.590669014084507,0.5569771899559134,0.43661971830985913,0.6805555555555556,0.1628527767436449,0.6
neuma,permuted_subjectwise,eegnet,0,S16,0.5159371733665467,224,0,-0.054830604571839754,-0.054807063440156956,0.473082358987537,0.19099346064861303,0.5118848772966722,0.4725274725274725,0.13953488372093023,0.8066298342541437,0.30126252943383797,0.6785714285714286
neuma,permuted_subjectwise,eegnet,0,S17,0.5044662332534791,90,0,0.13211031413252305,0.11392405063291144,0.5714285714285714,0.29592894207446613,0.49676660787771904,0.5248868778280543,0.6666666666666666,0.47619047619047616,0.2081735809644063,0.5333333333333333
neuma,permuted_subjectwise,eegnet,0,S18,0.507281494140625,56,0,-0.08902476018169285,-0.08808290155440401,0.4564102564102564,0.4800237364716213,0.46923076923076923,0.453125,0.34615384615384615,0.5666666666666667,0.036213861512286345,0.4642857142857143
neuma,permuted_subjectwise,eegnet,0,S19,0.5017620879411697,118,0,-0.09817025841567108,-0.06475583864118906,0.4322222222222222,0.14418106576231624,0.47,0.37155388471177947,0.4444444444444444,0.42,0.35624785140409304,0.423728813559322
neuma,permuted_subjectwise,eegnet,0,S20,0.4933204531669616,56,0,0.14017924887031563,0.1306597671410089,0.5761689291101055,0.36057039775887484,0.6003016591251886,0.5508021390374331,0.5882352941176471,0.5641025641025641,0.18903619529945506,0.5714285714285714
neuma,permuted_subjectwise,eegnet,0,S21,0.5159371733665467,135,0,-0.00657076176681112,-0.006426735218509005,0.49642857142857144,0.30031271642381935,0.5262857142857142,0.49208614426569797,0.34285714285714286,0.65,0.2433989562370159,0.5703703703703704
neuma,permuted_subjectwise,eegnet,0,S22,0.5044662332534791,79,0,-0.10541144914843743,-0.10305851063829796,0.4496753246753247,0.39465657047956343,0.3688311688311688,0.44254032258064513,0.2857142857142857,0.6136363636363636,0.11163965999325617,0.46835443037974683
neuma,permuted_subjectwise,eegnet,0,S23,0.4933204531669616,70,0,0.0025321649581139427,0.0025146689019279744,0.5012919896640826,0.36159914875022625,0.46942291128337643,0.49957947855340623,0.4444444444444444,0.5581395348837209,0.10240070777279989,0.5142857142857142
neuma,permuted_subjectwise,eegnet,0,S24,0.4933204531669616,221,0,-0.18242333919515044,-0.11686670878079597,0.3630643967431532,0.1117035794115995,0.4163582531458179,0.3407904548844146,0.2857142857142857,0.44041450777202074,0.36757520151354073,0.42081447963800905
neuma,permuted_subjectwise,eegnet,0,S25,0.5017620879411697,42,0,0.24426653538972876,0.18737270875763745,0.6348973607038123,0.31545537665939516,0.5806451612903225,0.5411155836687751,0.8181818181818182,0.45161290322580644,0.24978568795181455,0.5476190476190477
neuma,permuted_subjectwise,eegnet,0,S26,0.4933204531669616,269,0,-0.06263213017673946,-0.05117862095046011,0.4673423423423424,0.28168778945231004,0.4586872586872587,0.4217460647666597,0.5833333333333334,0.35135135135135137,0.19476088161362143,0.42379182156133827
neuma,permuted_subjectwise,eegnet,0,S27,0.507281494140625,49,0,0.10327955589886445,0.09411764705882353,0.5571428571428572,0.3733498002930776,0.6061224489795919,0.5271929824561403,0.5714285714285714,0.5428571428571428,0.21890976538463514,0.5510204081632653
neuma,permuted_subjectwise,eegnet,0,S28,0.5159371733665467,152,0,-0.003929541091748689,-0.0036208732694356094,0.4976170451359686,0.24242148192010018,0.496776002242781,0.48231157987255546,0.3448275862068966,0.6504065040650406,0.30947021708676686,0.5921052631578947
neuma,permuted_subjectwise,eegnet,0,S29,0.5017620879411697,109,0,-0.023091525413508746,-0.018023922660986402,0.48563218390804597,0.23428148963773687,0.4587251828631139,0.43420453510609236,0.5,0.47126436781609193,0.2993899417032889,0.47706422018348627
neuma,permuted_subjectwise,eegnet,0,S30,0.5159371733665467,53,0,-0.1611579840059199,-0.1547708489857249,0.4253623188405797,0.4340385412653456,0.4449275362318841,0.411787217757367,0.21739130434782608,0.6333333333333333,0.09582909660519295,0.4528301886792453
neuma,permuted_subjectwise,eegnet,0,S31,0.5017620879411697,99,0,0.03196470655133492,0.02810394610202116,0.5165158371040725,0.4032788777433091,0.504524886877828,0.48294930875576036,0.6176470588235294,0.4153846153846154,0.16968908695259477,0.48484848484848486
neuma,permuted_subjectwise,eegnet,0,S32,0.5159371733665467,101,0,-0.009620935179072292,-0.009261515963928879,0.4945339470655926,0.2353176430998186,0.48388952819332565,0.4878169449598021,0.3181818181818182,0.6708860759493671,0.27899635457756494,0.594059405940594
neuma,permuted_subjectwise,eegnet,0,S33,0.507281494140625,97,0,0.053461765385744216,0.053066332916145154,0.5254807692307693,0.44748256753324983,0.5894230769230769,0.5250470809792844,0.3125,0.7384615384615385,0.15969332653222626,0.5979381443298969
neuma,permuted_subjectwise,eegnet,0,S34,0.507281494140625,235,0,0.04229222087479654,0.037304976902292286,0.526904702036711,0.20368480527956606,0.5546894644204174,0.49538559941520466,0.4146341463414634,0.6391752577319587,0.31570139746082587,0.6
neuma,permuted_subjectwise,eegnet,0,S35,0.5044662332534791,101,0,-0.029859898806705934,-0.027554048325561853,0.48289473684210527,0.26488664684286944,0.5405263157894737,0.4679543459174714,0.4,0.5657894736842105,0.25396828427173124,0.5247524752475248
neuma,permuted_subjectwise,eegnet,0,S36,0.5044662332534791,51,0,-0.030382181012509998,-0.027906976744185963,0.48333333333333334,0.3618592673236636,0.512962962962963,0.4653225806451613,0.4666666666666667,0.5,0.20108625468085792,0.49019607843137253
neuma,permuted_subjectwise,eegnet,0,S37,0.5159371733665467,66,0,-0.14558128401827708,-0.1402439024390243,0.43365384615384617,0.368994259937231,0.3961538461538462,0.42045454545454547,0.19230769230769232,0.675,0.11528224249680838,0.48484848484848486
neuma,permuted_subjectwise,eegnet,0,S38,0.507281494140625,181,0,0.020010524544195683,0.018500797448165796,0.5112090290661719,0.3011954232871248,0.5533395176252318,0.4915898351012855,0.46938775510204084,0.553030303030303,0.23963612877861573,0.5303867403314917
neuma,permuted_subjectwise,eegnet,0,S39,0.4933204531669616,39,0,0.09759000729485333,0.09302325581395354,0.55,0.47631866299742887,0.5361111111111111,0.5357142857142857,0.6,0.5,0.13010364923721707,0.5384615384615384
neuma,permuted_subjectwise,eegnet,0,S40,0.5017620879411697,65,0,0.16347352281905347,0.16149068322981375,0.5833333333333333,0.4609072198835256,0.5857988165680473,0.578226387887527,0.5769230769230769,0.5897435897435898,0.10947150817284215,0.5846153846153846
neuma,permuted_subjectwise,eegnet,0,S41,0.5044662332534791,48,0,0.15114173098063566,0.14893617021276595,0.5777777777777777,0.4713667178880206,0.6018518518518519,0.5714285714285714,0.5555555555555556,0.6,0.1267940799395243,0.5833333333333334
neuma,permuted_subjectwise,eegnet,0,S42,0.507281494140625,63,0,-0.022941573387056175,-0.022727272727272707,0.4889473684210527,0.4173192097390385,0.5,0.48641304347826086,0.32,0.6578947368421053,0.10355941833011689,0.5238095238095238
neuma,permuted_subjectwise,eegnet,0,S43,0.507281494140625,86,0,-0.05657502817479379,-0.051834595224228286,0.4673992673992674,0.2430964514129777,0.47838827838827835,0.4537205081669691,0.38095238095238093,0.5538461538461539,0.2564518060102019,0.5116279069767442
neuma,permuted_subjectwise,eegnet,0,S44,0.4933204531669616,82,0,-0.28296827628207755,-0.214123006833713,0.32196969696969696,0.13912207533360454,0.2831439393939394,0.31666666666666665,0.25,0.3939393939393939,0.3005389785621224,0.36585365853658536
neuma,permuted_subjectwise,eegnet,1,S01,0.4966062247753143,69,0,0.13459864056787485,0.09652076318742986,0.5796296296296296,0.2745549854344387,0.5555555555555556,0.47693307342430147,0.7333333333333333,0.42592592592592593,0.28774983252304187,0.4927536231884058
neuma,permuted_subjectwise,eegnet,1,S02,0.5120592617988586,63,0,-0.22450662753346862,-0.21276595744680837,0.38095238095238093,0.370137537742203,0.4931972789115646,0.3778586278586279,0.3333333333333333,0.42857142857142855,0.19732382988172859,0.3968253968253968
neuma,permuted_subjectwise,eegnet,1,S03,0.5120592617988586,65,0,-0.029160592175990215,-0.02739726027397249,0.48341836734693877,0.2932982241095793,0.5051020408163265,0.4724025974025974,0.375,0.5918367346938775,0.25622334617834824,0.5384615384615384
neuma,permuted_subjectwise,eegnet,1,S05,0.4933700454235077,85,0,0.12130532944882459,0.060374149659863985,0.5758547008547008,0.2027461258689737,0.561965811965812,0.3778153153153153,0.8461538461538461,0.3055555555555556,0.3537080701659707,0.38823529411764707
neuma,permuted_subjectwise,eegnet,1,S06,0.4966062247753143,139,0,0.06387386741481982,0.05902263592130308,0.5352272727272727,0.30538135033801517,0.507070707070707,0.5120666959192628,0.525,0.5454545454545454,0.2215441937069241,0.539568345323741
neuma,permuted_subjectwise,eegnet,1,S07,0.5120592617988586,86,0,-0.004197878089121672,-0.003500583430571691,0.4973214285714286,0.3228302315577586,0.6124999999999999,0.46013810420590084,0.4375,0.5571428571428572,0.3216086847837581,0.5348837209302325
neuma,permuted_subjectwise,eegnet,1,S08,0.4933700454235077,83,0,0.06198436492191031,0.05013623978201631,0.5353302611367128,0.33994039418792593,0.576036866359447,0.476890756302521,0.6190476190476191,0.45161290322580644,0.23861581338457316,0.4939759036144578
neuma,permuted_subjectwise,eegnet,1,S09,0.5120592617988586,120,0,-0.13726732872941855,-0.13571428571428568,0.42624223602484473,0.23161854341354832,0.4079968944099379,0.42964756524078557,0.17857142857142858,0.6739130434782609,0.2653109249969323,0.5583333333333333
neuma,permuted_subjectwise,eegnet,1,S10,0.4963500916957855,273,0,0.04553208464047432,0.033530571992110514,0.5288461538461539,0.19191856979220212,0.519926905673512,0.4499769744416302,0.5961538461538461,0.46153846153846156,0.30550434486769934,0.48717948717948717
neuma,permuted_subjectwise,eegnet,1,S12,0.4963500916957855,103,0,0.027251804777456583,0.02718267680258002,0.5140476190476191,0.33608889623264737,0.490952380952381,0.5130865905684308,0.32142857142857145,0.7066666666666667,0.19738164139025421,0.6019417475728155
neuma,permuted_subjectwise,eegnet,1,S13,0.4744245243072509,315,0,-0.1167086295913162,-0.07073486565231457,0.44140205964385326,0.22600455627575053,0.42523063720231713,0.333326614528743,0.6582278481012658,0.2245762711864407,0.2599154205549331,0.3333333333333333
neuma,permuted_subjectwise,eegnet,1,S14,0.4933700454235077,55,0,0.05621809954278311,0.03943661971830992,0.5291666666666667,0.3346524228527311,0.51,0.43561734524991724,0.7333333333333333,0.325,0.2644743767651644,0.43636363636363634
neuma,permuted_subjectwise,eegnet,1,S15,0.4744245243072509,215,0,0.08663361748820488,0.07880366294211538,0.5458724569640062,0.438077531851295,0.5901799687010955,0.5179796026024266,0.6056338028169014,0.4861111111111111,0.14962752101033236,0.5255813953488372
neuma,permuted_subjectwise,eegnet,1,S16,0.4933700454235077,224,0,0.021359526034830677,0.010565271891601613,0.5113709366568161,0.1757954146048117,0.4811769240652705,0.3384418901660281,0.7906976744186046,0.23204419889502761,0.32608208499316654,0.3392857142857143
neuma,permuted_subjectwise,eegnet,1,S17,0.4744245243072509,90,0,-0.04000800240080028,-0.0323886639676112,0.47883597883597884,0.27687918054259697,0.45796590241034685,0.42988448639920507,0.5925925925925926,0.36507936507936506,0.19931000139978194,0.43333333333333335
neuma,permuted_subjectwise,eegnet,1,S18,0.5120592617988586,56,0,0.1246595986677943,0.10638297872340419,0.5512820512820513,0.5724386864725428,0.5935897435897436,0.5220483641536273,0.2692307692307692,0.8333333333333334,0.11750488834721705,0.5714285714285714
neuma,permuted_subjectwise,eegnet,1,S19,0.4963500916957855,118,0,-0.025132335670020198,-0.015934207144692847,0.48277777777777775,0.14345345679222282,0.4477777777777778,0.39011031397053153,0.5555555555555556,0.41,0.3513613080574295,0.4322033898305085
neuma,permuted_subjectwise,eegnet,1,S20,0.4744245243072509,56,0,0.22703733036390011,0.17553793884484703,0.6168929110105581,0.4144833080251074,0.5671191553544496,0.5351213282247764,0.8235294117647058,0.41025641025641024,0.18865832952516418,0.5357142857142857
neuma,permuted_subjectwise,eegnet,1,S21,0.4963500916957855,135,0,-0.12270724348285503,-0.10716238381629295,0.43000000000000005,0.24749772847794524,0.46228571428571424,0.41137143189349457,0.4,0.46,0.23737757757857997,0.4444444444444444
neuma,permuted_subjectwise,eegnet,1,S22,0.4963500916957855,79,0,-0.031028113379428613,-0.030544066178810114,0.4844155844155844,0.5185915454119686,0.5590909090909091,0.4806798140131473,0.5142857142857142,0.45454545454545453,0.06222420591342298,0.4810126582278481
neuma,permuted_subjectwise,eegnet,1,S23,0.4963500916957855,70,0,0.1156355330872034,0.10898965791567217,0.5590008613264428,0.4352955442583255,0.5383290267011197,0.5413595413595413,0.6296296296296297,0.4883720930232558,0.11369715673582895,0.5428571428571428
neuma,permuted_subjectwise,eegnet,1,S24,0.4966062247753143,221,0,-0.06273883760157538,-0.04329519840088447,0.45290525536639525,0.15276596339632031,0.4463360473723168,0.40309511643185636,0.39285714285714285,0.5129533678756477,0.3682523487110483,0.497737556561086
neuma,permuted_subjectwise,eegnet,1,S25,0.4933700454235077,42,0,-0.04843594796964828,-0.029038112522685955,0.47653958944281527,0.36651959151959157,0.4780058651026393,0.3567782189449802,0.7272727272727273,0.22580645161290322,0.25015215575695043,0.35714285714285715
neuma,permuted_subjectwise,eegnet,1,S26,0.4966062247753143,269,0,-0.11085237733161912,-0.10372065760459992,0.44021879021879023,0.2998984422788695,0.4714929214929215,0.43058535531715747,0.40476190476190477,0.4756756756756757,0.18851706518559652,0.45353159851301117
neuma,permuted_subjectwise,eegnet,1,S27,0.4933700454235077,49,0,0.09128709291752769,0.08695652173913049,0.55,0.45869992924706116,0.5714285714285714,0.5333333333333333,0.5,0.6,0.2273078694635508,0.5714285714285714
neuma,permuted_subjectwise,eegnet,1,S28,0.4933700454235077,152,0,-0.039161391967615373,-0.03249495134936664,0.4751892346509672,0.19684768348274745,0.5001401738155313,0.44283732910639984,0.41379310344827586,0.5365853658536586,0.29508704809766056,0.5131578947368421
neuma,permuted_subjectwise,eegnet,1,S29,0.4933700454235077,109,0,-0.07055452021499338,-0.038366175127234836,0.4615987460815047,0.22001338538863535,0.4911180773249739,0.32823976361333895,0.6818181818181818,0.2413793103448276,0.3115068537379624,0.3302752293577982
neuma,permuted_subjectwise,eegnet,1,S30,0.4933700454235077,53,0,-0.0046939218642500944,-0.004059539918809252,0.49782608695652175,0.43583926123105277,0.4405797101449275,0.4623188405797102,0.6956521739130435,0.3,0.09085653525478435,0.4716981132075472
neuma,permuted_subjectwise,eegnet,1,S31,0.4963500916957855,99,0,0.019418390934515434,0.017857142857142794,0.5101809954751131,0.3861283198953856,0.502262443438914,0.48863636363636365,0.5588235294117647,0.46153846153846156,0.1549625715824089,0.494949494949495
neuma,permuted_subjectwise,eegnet,1,S32,0.4963500916957855,101,0,-0.021876326279561212,-0.01855586930213815,0.4867663981588032,0.2767969534757488,0.5420023014959724,0.45346320346320346,0.45454545454545453,0.5189873417721519,0.2792686932157762,0.504950495049505
neuma,permuted_subjectwise,eegnet,1,S33,0.4966062247753143,97,0,-0.07259615384615385,-0.07259615384615392,0.4637019230769231,0.3593519101570254,0.4947115384615384,0.4637019230769231,0.28125,0.6461538461538462,0.15321121756563483,0.5257731958762887
neuma,permuted_subjectwise,eegnet,1,S34,0.5120592617988586,235,0,-0.07480434578038382,-0.07072107765451663,0.45511692230324363,0.16143532451053788,0.4238119185315565,0.454040404040404,0.21951219512195122,0.6907216494845361,0.30706730028416246,0.6085106382978723
neuma,permuted_subjectwise,eegnet,1,S35,0.4933700454235077,101,0,0.1895219615434995,0.1610971605176743,0.6097368421052631,0.2755736185659645,0.5747368421052632,0.5487792207792208,0.68,0.5394736842105263,0.2477122256071261,0.5742574257425742
neuma,permuted_subjectwise,eegnet,1,S36,0.5120592617988586,51,0,0.027277236279499045,0.027247956403269824,0.5138888888888888,0.29862777047860883,0.47407407407407404,0.5134029986369831,0.3333333333333333,0.6944444444444444,0.22031497926104304,0.5882352941176471
neuma,permuted_subjectwise,eegnet,1,S37,0.4966062247753143,66,0,0.06329621044272916,0.060975609756097615,0.5288461538461539,0.4088561159828965,0.5115384615384615,0.5227272727272727,0.3076923076923077,0.75,0.08294400347001626,0.5757575757575758
neuma,permuted_subjectwise,eegnet,1,S38,0.5120592617988586,181,0,0.07933942896874392,0.07483617300131062,0.5441403834260977,0.3462044457733055,0.5584415584415585,0.5252219531880549,0.4897959183673469,0.5984848484848485,0.2270060498576138,0.569060773480663
neuma,permuted_subjectwise,eegnet,1,S39,0.4966062247753143,39,0,0.07299963950884314,0.0714285714285714,0.5375,0.3782312778197556,0.4916666666666667,0.5307486631016043,0.5333333333333333,0.5416666666666666,0.10182010668974656,0.5384615384615384
neuma,permuted_subjectwise,eegnet,1,S40,0.4744245243072509,65,0,0.12909944487358058,0.11764705882352944,0.5641025641025641,0.4033839086188259,0.5216962524654832,0.5383522727272727,0.6923076923076923,0.4358974358974359,0.09359193123303929,0.5384615384615384
neuma,permuted_subjectwise,eegnet,1,S41,0.5120592617988586,48,0,0.13997929453512303,0.134020618556701,0.5722222222222222,0.4539810901109263,0.562962962962963,0.5577007459412022,0.6111111111111112,0.5333333333333333,0.13594376482069492,0.5625
neuma,permuted_subjectwise,eegnet,1,S42,0.4933700454235077,63,0,-0.19758125888702568,-0.1527904849039341,0.41210526315789475,0.38884591287705156,0.4210526315789473,0.35185185185185186,0.64,0.18421052631578946,0.1374667372022356,0.36507936507936506
neuma,permuted_subjectwise,eegnet,1,S43,0.5120592617988586,86,0,-0.0884922527604577,-0.08517350157728698,0.45054945054945056,0.24712360192214325,0.5003663003663004,0.4487179487179487,0.2857142857142857,0.6153846153846154,0.2567471321239028,0.5348837209302325
neuma,permuted_subjectwise,eegnet,1,S44,0.4744245243072509,82,0,0.12452283549039565,0.0627521290900942,0.5662878787878788,0.2372695102042954,0.5833333333333333,0.37721518987341773,0.875,0.25757575757575757,0.30385873557590853,0.3780487804878049
neuma,permuted_subjectwise,eegnet,2,S01,0.4944227480888367,69,0,-0.0813852245294127,-0.058361391694724984,0.45185185185185184,0.20609654221297247,0.4666666666666667,0.387264457439896,0.5333333333333333,0.37037037037037035,0.2848641462084176,0.4057971014492754
neuma,permuted_subjectwise,eegnet,2,S02,0.513181118965149,63,0,0.0,0.0,0.5,0.3911009507111669,0.463718820861678,0.49444444444444446,0.23809523809523808,0.7619047619047619,0.15463523306543864,0.5873015873015873
neuma,permuted_subjectwise,eegnet,2,S03,0.497003738284111,65,0,-0.007767122075015001,-0.006191950464396356,0.4955357142857143,0.21673126883855515,0.4196428571428572,0.44253859348198965,0.5625,0.42857142857142855,0.27800941238036525,0.46153846153846156
neuma,permuted_subjectwise,eegnet,2,S05,0.4944227480888367,85,0,-0.15434539314472714,-0.10109220218440451,0.39369658119658124,0.13379707767559898,0.342948717948718,0.3480222589863137,0.38461538461538464,0.4027777777777778,0.34638368557481203,0.4
neuma,permuted_subjectwise,eegnet,2,S06,0.497003738284111,139,0,0.08615246614141363,0.07576062865202493,0.5474747474747474,0.3430393111522776,0.5643939393939393,0.5093068035943518,0.6,0.494949494949495,0.21615686004968,0.5251798561151079
neuma,permuted_subjectwise,eegnet,2,S07,0.5193158304691314,86,0,-0.05894309986049276,-0.05283505154639179,0.46339285714285716,0.17671316076122312,0.42053571428571423,0.4509408602150538,0.3125,0.6142857142857143,0.32555352740509563,0.5581395348837209
neuma,permuted_subjectwise,eegnet,2,S08,0.497003738284111,83,0,0.17307328965180538,0.14774671990872779,0.5994623655913978,0.3042139869285452,0.5806451612903225,0.5422794117647058,0.6666666666666666,0.532258064516129,0.26846639075911194,0.5662650602409639
neuma,permuted_subjectwise,eegnet,2,S09,0.5193158304691314,120,0,-0.14817173480607498,-0.143048128342246,0.4169254658385093,0.22668619649878094,0.4479813664596273,0.42028985507246375,0.21428571428571427,0.6195652173913043,0.2622157268226147,0.525
neuma,permuted_subjectwise,eegnet,2,S10,0.4964181125164032,273,0,0.024319705972809177,0.020979020979021046,0.5152714932126696,0.1943316412990133,0.5185346327880265,0.4806594800253646,0.4423076923076923,0.5882352941176471,0.3056906026143294,0.5604395604395604
neuma,permuted_subjectwise,eegnet,2,S12,0.4964181125164032,103,0,0.08961296449444917,0.07716218687145737,0.5502380952380952,0.30303258574041425,0.5366666666666667,0.5056322852385151,0.6071428571428571,0.49333333333333335,0.23532044858608428,0.5242718446601942
neuma,permuted_subjectwise,eegnet,2,S13,0.513181118965149,315,0,-0.09250173844373441,-0.08905492261642345,0.44853572194807984,0.2304380428716336,0.47184080669384254,0.446684350132626,0.2911392405063291,0.6059322033898306,0.2466699344771249,0.526984126984127
neuma,permuted_subjectwise,eegnet,2,S14,0.4964181125164032,55,0,-0.16666666666666666,-0.1333333333333333,0.4083333333333333,0.34459562134398003,0.4683333333333333,0.37163978494623656,0.4666666666666667,0.35,0.22846398678692897,0.38181818181818183
neuma,permuted_subjectwise,eegnet,2,S15,0.513181118965149,215,0,0.004102117505797001,0.004072283023670131,0.5019561815336463,0.3280359559314512,0.49168622848200316,0.5004978426817126,0.28169014084507044,0.7222222222222222,0.1527015918909117,0.5767441860465117
neuma,permuted_subjectwise,eegnet,2,S16,0.497003738284111,224,0,0.02272263770406905,0.019146561346269353,0.5143260953359887,0.2046850246935903,0.5402800976487215,0.4741784037558685,0.46511627906976744,0.56353591160221,0.303995837457478,0.5446428571428571
neuma,permuted_subjectwise,eegnet,2,S17,0.513181118965149,90,0,-0.05003011978679597,-0.04972375690607733,0.47619047619047616,0.272751668782659,0.44209288653733103,0.47384615384615386,0.2222222222222222,0.7301587301587301,0.18024708363744946,0.5777777777777777
neuma,permuted_subjectwise,eegnet,2,S18,0.5193158304691314,56,0,-0.17541160386140583,-0.12903225806451624,0.43846153846153846,0.4483389181042061,0.48205128205128206,0.36651583710407243,0.07692307692307693,0.8,0.02509534518633575,0.4642857142857143
neuma,permuted_subjectwise,eegnet,2,S19,0.4964181125164032,118,0,-0.008160478779542544,-0.006691201070592179,0.49444444444444446,0.13791390422104902,0.42666666666666664,0.4585695006747638,0.3888888888888889,0.6,0.34118851690979324,0.5677966101694916
neuma,permuted_subjectwise,eegnet,2,S20,0.497003738284111,56,0,0.14017924887031563,0.1306597671410089,0.5761689291101055,0.3492741653547762,0.5128205128205128,0.5508021390374331,0.5882352941176471,0.5641025641025641,0.19258897112948553,0.5714285714285714
neuma,permuted_subjectwise,eegnet,2,S21,0.4964181125164032,135,0,0.09647638212377321,0.0830188679245284,0.5549999999999999,0.34652493775323934,0.5854285714285714,0.509090909090909,0.6,0.51,0.2382802248001099,0.5333333333333333
neuma,permuted_subjectwise,eegnet,2,S22,0.497003738284111,79,0,0.05939415941051855,0.05922111361441906,0.5298701298701298,0.4483021288966197,0.5116883116883117,0.528928283642224,0.5142857142857142,0.5454545454545454,0.052908670298660865,0.5316455696202531
neuma,permuted_subjectwise,eegnet,2,S23,0.4964181125164032,70,0,-0.06247458419641967,-0.06244579358196001,0.46899224806201545,0.37578622272105616,0.4840654608096468,0.4686618954673607,0.3333333333333333,0.6046511627906976,0.09942963761942727,0.5
neuma,permuted_subjectwise,eegnet,2,S24,0.4944227480888367,221,0,0.10070261359624183,0.06949347169650844,0.5755921539600296,0.16498064887068645,0.5949296817172465,0.4676253741148989,0.6071428571428571,0.5440414507772021,0.36911488793014946,0.5520361990950227
neuma,permuted_subjectwise,eegnet,2,S25,0.513181118965149,42,0,0.281068465842299,0.2668329177057357,0.656891495601173,0.33602820008016476,0.6099706744868034,0.625,0.6363636363636364,0.6774193548387096,0.24465473705813998,0.6666666666666666
neuma,permuted_subjectwise,eegnet,2,S26,0.4944227480888367,269,0,0.170074920449096,0.1555889177016514,0.5916988416988418,0.40091362451568197,0.6179536679536679,0.5596127838280305,0.6428571428571429,0.5405405405405406,0.18004604647815448,0.5724907063197026
neuma,permuted_subjectwise,eegnet,2,S27,0.4964181125164032,49,0,0.2100902925755561,0.20253164556962033,0.6142857142857143,0.3822751308083965,0.5938775510204082,0.5946691176470589,0.5714285714285714,0.6571428571428571,0.20485117970680708,0.6326530612244898
neuma,permuted_subjectwise,eegnet,2,S28,0.497003738284111,152,0,-0.19702566541160935,-0.15229982964224864,0.3746846089150547,0.14852232880697652,0.37538547799271094,0.35822382465961383,0.3103448275862069,0.43902439024390244,0.31872543339666565,0.4144736842105263
neuma,permuted_subjectwise,eegnet,2,S29,0.497003738284111,109,0,-0.09668489871183562,-0.08529024985910194,0.44070010449320796,0.1970433098457378,0.4822361546499478,0.4289809231985766,0.3181818181818182,0.5632183908045977,0.29406241648787756,0.5137614678899083
neuma,permuted_subjectwise,eegnet,2,S30,0.513181118965149,53,0,0.07983166980296909,0.07441154138192851,0.5355072463768116,0.5013628241867382,0.5231884057971015,0.5225225225225225,0.30434782608695654,0.7666666666666667,0.07848988220376787,0.5660377358490566
neuma,permuted_subjectwise,eegnet,2,S31,0.4944227480888367,99,0,0.009970190533179412,0.009789316875930987,0.5052036199095022,0.36222719113285623,0.5217194570135746,0.500590318772137,0.4411764705882353,0.5692307692307692,0.15232582284946633,0.5252525252525253
neuma,permuted_subjectwise,eegnet,2,S32,0.4964181125164032,101,0,0.014082449375272069,0.012883163038649448,0.5083429228998849,0.2949917931982379,0.5782508630609897,0.4880184331797235,0.4090909090909091,0.6075949367088608,0.2664913520364478,0.5643564356435643
neuma,permuted_subjectwise,eegnet,2,S33,0.5193158304691314,97,0,0.06636782393510882,0.06621272599201689,0.5338942307692307,0.48931706170571204,0.5918269230769231,0.532612527911623,0.40625,0.6615384615384615,0.17329292905699342,0.5773195876288659
neuma,permuted_subjectwise,eegnet,2,S34,0.5193158304691314,235,0,-0.13866922094183803,-0.11636688456697364,0.4099195373397033,0.13629064878029282,0.37603721398038725,0.4023995305266361,0.2682926829268293,0.5515463917525774,0.33877603487765534,0.502127659574468
neuma,permuted_subjectwise,eegnet,2,S35,0.513181118965149,101,0,0.14796870223836278,0.14308644806237103,0.5821052631578947,0.33015497895709073,0.5973684210526315,0.5655156377165446,0.48,0.6842105263157895,0.2500997890930365,0.6336633663366337
neuma,permuted_subjectwise,eegnet,2,S36,0.5193158304691314,51,0,-0.18257418583505536,-0.18181818181818188,0.40555555555555556,0.3431142417114134,0.43888888888888883,0.4080357142857143,0.2,0.6111111111111112,0.2035217740956475,0.49019607843137253
neuma,permuted_subjectwise,eegnet,2,S37,0.497003738284111,66,0,-0.30993553769042387,-0.3097773475314618,0.34615384615384615,0.3293058893987347,0.38749999999999996,0.34495279593318806,0.19230769230769232,0.5,0.1453775908007766,0.3787878787878788
neuma,permuted_subjectwise,eegnet,2,S38,0.5193158304691314,181,0,-0.020479457708905177,-0.018425771347307274,0.48848175633889923,0.2729471213063672,0.4967532467532468,0.46566098945660983,0.46938775510204084,0.5075757575757576,0.2626701456736465,0.4972375690607735
neuma,permuted_subjectwise,eegnet,2,S39,0.4944227480888367,39,0,0.17844356324383878,0.17460317460317454,0.5916666666666667,0.425038190181379,0.5055555555555555,0.5828877005347594,0.6,0.5833333333333334,0.10970631088965979,0.5897435897435898
neuma,permuted_subjectwise,eegnet,2,S40,0.4944227480888367,65,0,-0.13608276348795434,-0.1333333333333333,0.4358974358974359,0.37116215708521116,0.4467455621301775,0.42805383022774324,0.23076923076923078,0.6410256410256411,0.08729168176651003,0.47692307692307695
neuma,permuted_subjectwise,eegnet,2,S41,0.4964181125164032,48,0,0.1079583792718826,0.10204081632653061,0.5555555555555556,0.48761378166537506,0.5851851851851853,0.5384615384615384,0.6111111111111112,0.5,0.12092059602340062,0.5416666666666666
neuma,permuted_subjectwise,eegnet,2,S42,0.5193158304691314,63,0,0.3658637387110722,0.3656597774244833,0.6815789473684211,0.6066284388547916,0.6968421052631578,0.6827458256029685,0.6,0.7631578947368421,0.1253220755902548,0.6984126984126984
neuma,permuted_subjectwise,eegnet,2,S43,0.5193158304691314,86,0,0.052592563358384324,0.05126541207008439,0.528937728937729,0.24001953066556844,0.4901098901098901,0.520655737704918,0.38095238095238093,0.676923076923077,0.2668504448131073,0.6046511627906976
neuma,permuted_subjectwise,eegnet,2,S44,0.4944227480888367,82,0,-0.04826595414577784,-0.035934868051656466,0.4696969696969697,0.266229617810673,0.4990530303030303,0.412700939041859,0.5,0.4393939393939394,0.3075349716151633,0.45121951219512196
neuma,permuted_subjectwise,eegnet,3,S01,0.4857610842585563,69,0,-0.1875143092182998,-0.1286804798255181,0.3907407407407407,0.19267999658538296,0.39876543209876547,0.3338339412143317,0.4666666666666667,0.3148148148148148,0.28039122880368994,0.34782608695652173
neuma,permuted_subjectwise,eegnet,3,S02,0.4861742115020752,63,0,0.08980265101338744,0.0842105263157894,0.5476190476190477,0.368374235239018,0.5544217687074829,0.5277849573533213,0.5714285714285714,0.5238095238095238,0.16937309172418386,0.5396825396825397
neuma,permuted_subjectwise,eegnet,3,S03,0.4952602422237396,65,0,0.012924051150995463,0.00882825040128421,0.5070153061224489,0.3952657000178018,0.5994897959183674,0.4119047619047619,0.6875,0.32653061224489793,0.28399951503827026,0.4153846153846154
neuma,permuted_subjectwise,eegnet,3,S05,0.4857610842585563,85,0,-0.12326671027227314,-0.08510638297872353,0.4145299145299145,0.2336624286809239,0.46260683760683774,0.37192118226600984,0.38461538461538464,0.4444444444444444,0.33472618110039654,0.43529411764705883
neuma,permuted_subjectwise,eegnet,3,S06,0.5041762828826905,139,0,0.11422499063185991,0.10668380462724936,0.562878787878788,0.36843374338428214,0.5681818181818182,0.5391246684350133,0.55,0.5757575757575758,0.21501671324530955,0.5683453237410072
neuma,permuted_subjectwise,eegnet,3,S07,0.4952602422237396,86,0,0.06436746403319897,0.04637096774193539,0.5410714285714285,0.21863146535450417,0.43660714285714286,0.4525462962962963,0.625,0.45714285714285713,0.3130982168192087,0.4883720930232558
neuma,permuted_subjectwise,eegnet,3,S08,0.5041762828826905,83,0,-0.14543073081672575,-0.13147531051196593,0.41666666666666663,0.25489126132008666,0.46543778801843316,0.40836369396483446,0.3333333333333333,0.5,0.2536448940455195,0.4578313253012048
neuma,permuted_subjectwise,eegnet,3,S09,0.4952602422237396,120,0,-0.04212627318711346,-0.03686635944700467,0.47515527950310554,0.22243216408539054,0.44798136645962733,0.45054945054945056,0.42857142857142855,0.5217391304347826,0.2598597603539626,0.5
neuma,permuted_subjectwise,eegnet,3,S10,0.5023501753807068,273,0,0.043546352656925955,0.033653846153846034,0.5277149321266968,0.20802214278677672,0.5519491820396798,0.4617761299435028,0.5576923076923077,0.497737556561086,0.31196384781446207,0.5091575091575091
neuma,permuted_subjectwise,eegnet,3,S12,0.5023501753807068,103,0,0.04162118730073942,0.038132295719844334,0.5233333333333333,0.24458363665505523,0.4638095238095238,0.49959514170040487,0.5,0.5466666666666666,0.21695752658890288,0.5339805825242718
neuma,permuted_subjectwise,eegnet,3,S13,0.4861742115020752,315,0,0.012755884350784693,0.009558546094830755,0.5071336623042266,0.23953736927370461,0.4628835013945505,0.4353393085787452,0.6329113924050633,0.3813559322033898,0.2546409377029964,0.4444444444444444
neuma,permuted_subjectwise,eegnet,3,S14,0.5023501753807068,55,0,-0.022572347453581727,-0.021428571428571574,0.4875,0.26056119378061054,0.44166666666666665,0.4773391812865497,0.4,0.575,0.2249329393560236,0.5272727272727272
neuma,permuted_subjectwise,eegnet,3,S15,0.4861742115020752,215,0,-0.013343402595857071,-0.012647187091147094,0.4929088419405321,0.36966065347809474,0.5242566510172144,0.48058339298496777,0.4788732394366197,0.5069444444444444,0.15691849339840025,0.49767441860465117
neuma,permuted_subjectwise,eegnet,3,S16,0.5041762828826905,224,0,0.038494365666132076,0.035932339105194666,0.5230630862135424,0.24020417719546686,0.5068739560580753,0.5052901900359528,0.37209302325581395,0.6740331491712708,0.2986299584486655,0.6160714285714286
neuma,permuted_subjectwise,eegnet,3,S17,0.4861742115020752,90,0,-0.11197684329709237,-0.10599078341013835,0.43915343915343913,0.2884471370561066,0.4250440917107584,0.4327731092436975,0.37037037037037035,0.5079365079365079,0.19612852732340494,0.4666666666666667
neuma,permuted_subjectwise,eegnet,3,S18,0.5041762828826905,56,0,-0.12216861891218454,-0.12144702842377253,0.43974358974358974,0.4224160427820405,0.4346153846153846,0.43764172335600904,0.34615384615384615,0.5333333333333333,0.05442882914628301,0.44642857142857145
neuma,permuted_subjectwise,eegnet,3,S19,0.5023501753807068,118,0,-0.01545175115501844,-0.012541254125412626,0.48944444444444446,0.24785216696431314,0.4727777777777778,0.45311942959001783,0.3888888888888889,0.59,0.3425063642404847,0.559322033898305
neuma,permuted_subjectwise,eegnet,3,S20,0.4952602422237396,56,0,0.05013806979968224,0.04950495049504955,0.526395173453997,0.35315615916128507,0.55052790346908,0.5220483641536273,0.4117647058823529,0.6410256410256411,0.1810705007186958,0.5714285714285714
neuma,permuted_subjectwise,eegnet,3,S21,0.5023501753807068,135,0,-0.0777211966942379,-0.0734939759036144,0.4564285714285714,0.24386437702979236,0.4574285714285714,0.44999999999999996,0.34285714285714286,0.57,0.23757878475719024,0.5111111111111111
neuma,permuted_subjectwise,eegnet,3,S22,0.4857610842585563,79,0,0.038314765118498934,0.036284016265248686,0.5188311688311689,0.5865051685258061,0.5896103896103897,0.5050602409638554,0.6285714285714286,0.4090909090909091,0.08344658530211145,0.5063291139240507
neuma,permuted_subjectwise,eegnet,3,S23,0.4857610842585563,70,0,-0.08472142796255815,-0.07905138339920947,0.45693367786391037,0.3548628802671416,0.4444444444444444,0.4418319362093641,0.5185185185185185,0.3953488372093023,0.11026294359139033,0.44285714285714284
neuma,permuted_subjectwise,eegnet,3,S24,0.4857610842585563,221,0,-0.06027994714210034,-0.03142732431252737,0.4566987416728349,0.10525387899752581,0.4219096965210955,0.3371096868863426,0.5714285714285714,0.34196891191709844,0.37056249150863063,0.37104072398190047
neuma,permuted_subjectwise,eegnet,3,S25,0.4861742115020752,42,0,0.10494455393423793,0.07784431137724535,0.5571847507331378,0.2786608715800558,0.533724340175953,0.47139588100686497,0.7272727272727273,0.3870967741935484,0.24174260170686807,0.47619047619047616
neuma,permuted_subjectwise,eegnet,3,S26,0.4857610842585563,269,0,-0.06202341918643954,-0.05473427647962703,0.46676319176319175,0.289715919905778,0.44227799227799225,0.44033963112910485,0.5119047619047619,0.42162162162162165,0.18141507664799245,0.44981412639405205
neuma,permuted_subjectwise,eegnet,3,S27,0.5041762828826905,49,0,-0.16782927833565472,-0.15294117647058836,0.40714285714285714,0.251203869079033,0.3979591836734694,0.39824561403508774,0.35714285714285715,0.45714285714285713,0.21579488868616067,0.42857142857142855
neuma,permuted_subjectwise,eegnet,3,S28,0.5041762828826905,152,0,-0.046519300650210274,-0.03193951550686647,0.47098402018502944,0.17328360387059358,0.45388281469021585,0.39420289855072466,0.5517241379310345,0.3902439024390244,0.3199526993067642,0.42105263157894735
neuma,permuted_subjectwise,eegnet,3,S29,0.5041762828826905,109,0,-0.08761931988055013,-0.07797641688855084,0.4464472309299895,0.16664847359556018,0.39655172413793105,0.43500797448165873,0.3181818181818182,0.5747126436781609,0.2963111952904168,0.5229357798165137
neuma,permuted_subjectwise,eegnet,3,S30,0.4861742115020752,53,0,0.15217391304347827,0.1469559132260322,0.5760869565217391,0.501620405223569,0.6072463768115942,0.5660377358490566,0.6521739130434783,0.5,0.06701295049685353,0.5660377358490566
neuma,permuted_subjectwise,eegnet,3,S31,0.4857610842585563,99,0,-0.06782134347456104,-0.060783167738164945,0.4647058823529412,0.30649804947183157,0.4420814479638009,0.44079285200780527,0.5294117647058824,0.4,0.15159184463096387,0.4444444444444444
neuma,permuted_subjectwise,eegnet,3,S32,0.5023501753807068,101,0,-0.07136521827628328,-0.06826923076923075,0.45914844649021863,0.24883089319840107,0.5212888377445339,0.45645792563600784,0.2727272727272727,0.6455696202531646,0.2667176634958475,0.5643564356435643
neuma,permuted_subjectwise,eegnet,3,S33,0.5041762828826905,97,0,0.05233040326625067,0.052271617000488546,0.5257211538461539,0.42762431215232277,0.5076923076923077,0.5259042033235581,0.34375,0.7076923076923077,0.1597492851547359,0.5876288659793815
neuma,permuted_subjectwise,eegnet,3,S34,0.4952602422237396,235,0,0.16623460003534318,0.1258261403445412,0.6095046517475484,0.22499108929237238,0.6074930852401307,0.5105057736253513,0.6829268292682927,0.5360824742268041,0.3164213398669628,0.5617021276595745
neuma,permuted_subjectwise,eegnet,3,S35,0.4861742115020752,101,0,0.039995042244191745,0.035031847133757954,0.523157894736842,0.2687833111775756,0.5352631578947369,0.48817567567567566,0.52,0.5263157894736842,0.2380744434229218,0.5247524752475248
neuma,permuted_subjectwise,eegnet,3,S36,0.5023501753807068,51,0,-0.2540531652089542,-0.2481012658227848,0.36388888888888893,0.20771375486700103,0.2425925925925926,0.3692963752665245,0.2,0.5277777777777778,0.1965342596465466,0.43137254901960786
neuma,permuted_subjectwise,eegnet,3,S37,0.5023501753807068,66,0,-0.11108373367862184,-0.10698096101541266,0.44326923076923075,0.37057466277088025,0.4288461538461539,0.4361579311937197,0.46153846153846156,0.425,0.10365418954329057,0.4393939393939394
neuma,permuted_subjectwise,eegnet,3,S38,0.4952602422237396,181,0,0.04821674756233218,0.040654668297513075,0.5269789734075448,0.2860295751938972,0.5216450216450217,0.4810158490090431,0.5918367346938775,0.4621212121212121,0.2313605991516324,0.4972375690607735
neuma,permuted_subjectwise,eegnet,3,S39,0.4952602422237396,39,0,0.09066481509192072,0.09053497942386834,0.5458333333333334,0.414837841186946,0.525,0.544955387783116,0.4666666666666667,0.625,0.13506152308904207,0.5641025641025641
neuma,permuted_subjectwise,eegnet,3,S40,0.5041762828826905,65,0,-0.10107973914385378,-0.10062893081761026,0.4487179487179487,0.4247133799368117,0.4467455621301775,0.4484848484848485,0.38461538461538464,0.5128205128205128,0.10168123566187345,0.46153846153846156
neuma,permuted_subjectwise,eegnet,3,S41,0.5023501753807068,48,0,-0.13997929453512303,-0.13684210526315788,0.4277777777777778,0.3121275371899014,0.3685185185185185,0.42527716186252773,0.3888888888888889,0.4666666666666667,0.13095472690959772,0.4375
neuma,permuted_subjectwise,eegnet,3,S42,0.4952602422237396,63,0,-0.21426226729188558,-0.21031344792719908,0.39052631578947367,0.3550022773075135,0.3936842105263158,0.3892857142857143,0.36,0.42105263157894735,0.09973871660610983,0.3968253968253968
neuma,permuted_subjectwise,eegnet,3,S43,0.4952602422237396,86,0,0.08119979429411502,0.06976744186046513,0.5472527472527473,0.29144592303177486,0.5318681318681319,0.5023148148148149,0.5714285714285714,0.5230769230769231,0.24986138212126355,0.5348837209302325
neuma,permuted_subjectwise,eegnet,3,S44,0.4857610842585563,82,0,0.06049616738671898,0.05141388174807204,0.5378787878787878,0.20188005834495582,0.4895833333333333,0.49313186813186816,0.5,0.5757575757575758,0.2869557360323464,0.5609756097560976
neuma,permuted_subjectwise,eegnet,4,S01,0.5084600377082825,69,0,-0.03698001308168194,-0.03265306122448974,0.4777777777777778,0.199933579275734,0.43703703703703706,0.4559139784946237,0.4,0.5555555555555556,0.2802564082802206,0.5217391304347826
neuma,permuted_subjectwise,eegnet,4,S02,0.5213985288143158,63,0,0.10798984943120779,0.10389610389610382,0.5476190476190477,0.4075627453229692,0.4580498866213151,0.5450549450549451,0.2857142857142857,0.8095238095238095,0.1613743598498995,0.6349206349206349
neuma,permuted_subjectwise,eegnet,4,S03,0.5363429141044617,65,0,0.12567641732786622,0.054709141274238204,0.5503826530612245,0.24483554136233532,0.4885204081632653,0.34626436781609193,0.9375,0.16326530612244897,0.3916822791099549,0.35384615384615387
neuma,permuted_subjectwise,eegnet,4,S05,0.5084600377082825,85,0,-0.05032976449751694,-0.042944785276073594,0.46634615384615385,0.13563948274147516,0.4326923076923077,0.44805194805194803,0.3076923076923077,0.625,0.3445724578464733,0.5764705882352941
neuma,permuted_subjectwise,eegnet,4,S06,0.4964331078529358,139,0,0.01773907269054957,0.01515449714623096,0.5097222222222222,0.33069132356279074,0.5255050505050506,0.4699152542372882,0.575,0.4444444444444444,0.22153731666022927,0.48201438848920863
neuma,permuted_subjectwise,eegnet,4,S07,0.5213985288143158,86,0,0.019738550848793068,0.019543973941368087,0.5107142857142857,0.2082531832510027,0.5571428571428572,0.5081699346405228,0.25,0.7714285714285715,0.3129027839316878,0.6744186046511628
neuma,permuted_subjectwise,eegnet,4,S08,0.4964331078529358,83,0,0.020703302520297198,0.01789321789321785,0.5119047619047619,0.3080630030847744,0.4923195084485408,0.47557404838958234,0.5238095238095238,0.5,0.27138814617352314,0.5060240963855421
neuma,permuted_subjectwise,eegnet,4,S09,0.5213985288143158,120,0,0.1128715084239174,0.1124260355029586,0.5590062111801243,0.26012701229560214,0.5399844720496894,0.5555555555555556,0.35714285714285715,0.7608695652173914,0.2615847535431385,0.6666666666666666
neuma,permuted_subjectwise,eegnet,4,S10,0.4964331078529358,273,0,0.03742405942825599,0.03076923076923077,0.5237556561085973,0.18705365775371702,0.5095718760877131,0.474871763556424,0.5,0.5475113122171946,0.3135991241141554,0.5384615384615384
neuma,permuted_subjectwise,eegnet,4,S12,0.4999592560529709,103,0,0.04957805152763984,0.04430978981253553,0.5278571428571428,0.33693515171069444,0.5057142857142858,0.49696003189474736,0.5357142857142857,0.52,0.21608512971586397,0.5242718446601942
neuma,permuted_subjectwise,eegnet,4,S13,0.5363429141044617,315,0,-0.05604665073584874,-0.05516027286730729,0.4697489809053851,0.24497961291729037,0.4742544518343703,0.4689857141099312,0.27848101265822783,0.6610169491525424,0.2925763087613242,0.5650793650793651
neuma,permuted_subjectwise,eegnet,4,S14,0.4964331078529358,55,0,-0.27500954910846337,-0.21492537313432836,0.35,0.2337457867675932,0.36333333333333334,0.3191702910672466,0.4,0.3,0.23571659543297502,0.32727272727272727
neuma,permuted_subjectwise,eegnet,4,S15,0.5363429141044617,215,0,0.03935488895661428,0.03930235910248392,0.5200019561815337,0.3455009045425423,0.5386345852895148,0.5193625153241509,0.38028169014084506,0.6597222222222222,0.18602558776389724,0.5674418604651162
neuma,permuted_subjectwise,eegnet,4,S16,0.4999592560529709,224,0,-0.05389852650683683,-0.03763286411950584,0.46633688808942564,0.18327588709229342,0.44571501991519985,0.39516483516483514,0.5348837209302325,0.39779005524861877,0.3116313481171216,0.42410714285714285
neuma,permuted_subjectwise,eegnet,4,S17,0.5363429141044617,90,0,-0.09027022782217275,-0.08938547486033532,0.4576719576719577,0.3460147436204366,0.5049970605526162,0.4531858544944695,0.18518518518518517,0.7301587301587301,0.21486712826622859,0.5666666666666667
neuma,permuted_subjectwise,eegnet,4,S18,0.4964331078529358,56,0,-0.12403473458920847,-0.11111111111111116,0.4461538461538461,0.38641022486186977,0.36153846153846153,0.4166666666666667,0.19230769230769232,0.7,0.07144802702324728,0.4642857142857143
neuma,permuted_subjectwise,eegnet,4,S19,0.4964331078529358,118,0,-0.027393203480046372,-0.02336283185840715,0.4816666666666667,0.15515815904204788,0.4955555555555556,0.4583606557377049,0.3333333333333333,0.63,0.3390550168894105,0.5847457627118644
neuma,permuted_subjectwise,eegnet,4,S20,0.5084600377082825,56,0,-0.2049246827140568,-0.20474777448071202,0.3959276018099548,0.32347053956013494,0.4962292609351433,0.3974025974025974,0.17647058823529413,0.6153846153846154,0.19188183013881951,0.48214285714285715
neuma,permuted_subjectwise,eegnet,4,S21,0.4999592560529709,135,0,0.02258769757263128,0.020408163265306034,0.5128571428571429,0.28731358026779386,0.5354285714285714,0.48742287612719504,0.4857142857142857,0.54,0.2388115006464499,0.5259259259259259
neuma,permuted_subjectwise,eegnet,4,S22,0.5084600377082825,79,0,0.04270995148427228,0.042581067802161754,0.5211038961038961,0.4854706249391267,0.5084415584415585,0.5205838937182221,0.42857142857142855,0.6136363636363636,0.051622610303420066,0.5316455696202531
neuma,permuted_subjectwise,eegnet,4,S23,0.4964331078529358,70,0,0.15249857033260467,0.14229249011857714,0.5775193798449612,0.3797252500053368,0.5219638242894056,0.5563279492946227,0.6666666666666666,0.4883720930232558,0.1169143970523562,0.5571428571428572
neuma,permuted_subjectwise,eegnet,4,S24,0.5084600377082825,221,0,-0.04912381561122368,-0.036594993730553194,0.4635455218356773,0.12838690175368242,0.4692820133234641,0.42532375582503024,0.35714285714285715,0.5699481865284974,0.37326308154412524,0.5429864253393665
neuma,permuted_subjectwise,eegnet,4,S25,0.5363429141044617,42,0,-0.13699754905014835,-0.1367521367521367,0.4296187683284457,0.21202281511629356,0.3167155425219942,0.43121881682109764,0.18181818181818182,0.6774193548387096,0.28320720153195517,0.5476190476190477
neuma,permuted_subjectwise,eegnet,4,S26,0.5084600377082825,269,0,-0.007838371096092698,-0.007734138972809612,0.49588159588159586,0.3111024405360977,0.5195624195624196,0.4930699088145897,0.38095238095238093,0.6108108108108108,0.17781559674270092,0.5390334572490706
neuma,permuted_subjectwise,eegnet,4,S27,0.4964331078529358,49,0,-0.02626128657194451,-0.021621621621621623,0.4857142857142857,0.2672740730323479,0.436734693877551,0.4405919661733615,0.5714285714285714,0.4,0.21562304606243055,0.4489795918367347
neuma,permuted_subjectwise,eegnet,4,S28,0.4999592560529709,152,0,0.13560375187864737,0.1212981744421906,0.5838239416876927,0.22420491558603586,0.5337818895430334,0.5410773875734944,0.5172413793103449,0.6504065040650406,0.2933364604648791,0.625
neuma,permuted_subjectwise,eegnet,4,S29,0.4964331078529358,109,0,0.03311878878095391,0.02895322939866385,0.5203761755485893,0.2129539738678787,0.47387669801462906,0.48705882352941177,0.45454545454545453,0.5862068965517241,0.28862220978518144,0.5596330275229358
neuma,permuted_subjectwise,eegnet,4,S30,0.5363429141044617,53,0,-0.018879286991786832,-0.016884113584036742,0.4920289855072464,0.39943776412751486,0.4405797101449276,0.46680080482897385,0.21739130434782608,0.7666666666666667,0.08373321620923167,0.5283018867924528
neuma,permuted_subjectwise,eegnet,4,S31,0.4999592560529709,99,0,-0.09037378388935388,-0.08837209302325588,0.45271493212669683,0.3677074763259859,0.47149321266968325,0.44999999999999996,0.38235294117647056,0.5230769230769231,0.16744956916028803,0.47474747474747475
neuma,permuted_subjectwise,eegnet,4,S32,0.4999592560529709,101,0,0.12341486908266328,0.11383577052868399,0.5727848101265822,0.2631850514463669,0.5443037974683544,0.5420299965120335,0.5,0.6455696202531646,0.2632953778351888,0.6138613861386139
neuma,permuted_subjectwise,eegnet,4,S33,0.5213985288143158,97,0,-0.057517977177240866,-0.05112531258682962,0.4778846153846154,0.31272913105683603,0.45288461538461544,0.45245332175423364,0.125,0.8307692307692308,0.1640169924681949,0.5979381443298969
neuma,permuted_subjectwise,eegnet,4,S34,0.5213985288143158,235,0,-0.21244131217223797,-0.20280747985607883,0.37421423183304,0.12834935967633945,0.34825245159668095,0.3889189258772946,0.07317073170731707,0.6752577319587629,0.3228068937646582,0.5702127659574469
neuma,permuted_subjectwise,eegnet,4,S35,0.5363429141044617,101,0,-0.05471884544454155,-0.05416078984485195,0.4747368421052632,0.264443881264039,0.5457894736842106,0.47105449398443033,0.16,0.7894736842105263,0.25541964851983706,0.6336633663366337
neuma,permuted_subjectwise,eegnet,4,S36,0.5084600377082825,51,0,-0.053708615552957466,-0.053097345132743445,0.475,0.28489744421772617,0.40370370370370373,0.4711111111111111,0.2,0.75,0.18661423407348932,0.5882352941176471
neuma,permuted_subjectwise,eegnet,4,S37,0.4999592560529709,66,0,-0.14907119849998599,-0.13793103448275867,0.425,0.34208052401780387,0.4144230769230769,0.408955223880597,0.5,0.35,0.12788946339578344,0.4090909090909091
neuma,permuted_subjectwise,eegnet,4,S38,0.5213985288143158,181,0,0.07638869546219824,0.07605237848635049,0.5397340754483612,0.3118028776071691,0.5235003092145949,0.5371873262923846,0.3673469387755102,0.7121212121212122,0.23498285178980122,0.6187845303867403
neuma,permuted_subjectwise,eegnet,4,S39,0.4999592560529709,39,0,0.12363383876171007,0.11363636363636354,0.5625,0.3949084303271946,0.5055555555555555,0.5381578947368422,0.6666666666666666,0.4583333333333333,0.12198420747732508,0.5384615384615384
neuma,permuted_subjectwise,eegnet,4,S40,0.5213985288143158,65,0,-0.17951965741648493,-0.1744966442953022,0.4166666666666667,0.3925259233085998,0.4605522682445759,0.40522875816993464,0.19230769230769232,0.6410256410256411,0.09927835097679726,0.46153846153846156
neuma,permuted_subjectwise,eegnet,4,S41,0.4964331078529358,48,0,-0.09759000729485331,-0.09090909090909083,0.45,0.459909398088625,0.5333333333333333,0.43529411764705883,0.5,0.4,0.12002098436156909,0.4375
neuma,permuted_subjectwise,eegnet,4,S42,0.5084600377082825,63,0,-0.17511819922894495,-0.17076845806127583,0.4105263157894737,0.3785555811051639,0.46631578947368424,0.4073226544622426,0.4,0.42105263157894735,0.10623524207917472,0.4126984126984127
neuma,permuted_subjectwise,eegnet,4,S43,0.5213985288143158,86,0,-0.02308247241524471,-0.023071377072819033,0.4882783882783883,0.31089633115964793,0.4542124542124542,0.4883720930232558,0.23809523809523808,0.7384615384615385,0.2531824306000111,0.6162790697674418
neuma,permuted_subjectwise,eegnet,4,S44,0.5084600377082825,82,0,0.08634233559289742,0.07965242577842135,0.5520833333333333,0.26646163001096307,0.5255681818181818,0.5253034547152194,0.4375,0.6666666666666666,0.30302494182819273,0.6219512195121951
neuma,permuted_subjectwise,logreg,0,S01,0.5456529259681702,69,0,-0.016037507477489603,-0.01522070015220689,0.4907407407407407,0.3705506785407379,0.5320987654320988,0.48174048174048173,0.3333333333333333,0.6481481481481481,0.30422972710144924,0.5797101449275363
neuma,permuted_subjectwise,logreg,0,S02,0.511119282245636,63,0,0.051571062312939675,0.050632911392405,0.5238095238095237,0.3523684282697017,0.42517006802721086,0.521712723959915,0.2857142857142857,0.7619047619047619,0.20651743634920633,0.6031746031746031
neuma,permuted_subjectwise,logreg,0,S03,0.511119282245636,65,0,0.07142857142857142,0.01015228426395931,0.5102040816326531,0.22705569962828642,0.40816326530612246,0.22,1.0,0.02040816326530612,0.36082610153846145,0.26153846153846155
neuma,permuted_subjectwise,logreg,0,S05,0.5456529259681702,85,0,-0.027217119136765878,-0.025801081980857177,0.483440170940171,0.20460920775712074,0.5395299145299146,0.47830687830687835,0.23076923076923078,0.7361111111111112,0.3559980171764706,0.6588235294117647
neuma,permuted_subjectwise,logreg,0,S06,0.4916504865884781,139,0,-0.038112585453632955,-0.03612385321100908,0.4840909090909091,0.2805382376928063,0.4224747474747475,0.47225467289719625,0.15,0.8181818181818182,0.16971229935251797,0.6258992805755396
neuma,permuted_subjectwise,logreg,0,S07,0.4643399733304977,86,0,-0.07602431514970857,-0.03847728203029055,0.45803571428571427,0.21234942600505016,0.5080357142857143,0.31162664495997827,0.6875,0.22857142857142856,0.328643706627907,0.313953488372093
neuma,permuted_subjectwise,logreg,0,S08,0.4916504865884781,83,0,-0.21121351766513058,-0.21121351766513063,0.39439324116743474,0.20939249036480073,0.40015360983102916,0.39439324116743474,0.09523809523809523,0.6935483870967742,0.19782256951807237,0.5421686746987951
neuma,permuted_subjectwise,logreg,0,S09,0.4643399733304977,120,0,0.03021509573837391,0.025330396475770844,0.5178571428571428,0.32244517320631105,0.531055900621118,0.47317508743210057,0.5357142857142857,0.5,0.24355982675,0.5083333333333333
neuma,permuted_subjectwise,logreg,0,S10,0.4916504865884781,273,0,-0.05906811894663556,-0.04284323271665036,0.4626696832579186,0.23780174412604393,0.5012182387747999,0.4024890923396037,0.5,0.4253393665158371,0.3052882101098901,0.43956043956043955
neuma,permuted_subjectwise,logreg,0,S12,0.511119282245636,103,0,-0.038087744195668155,-0.030355294929286014,0.47904761904761906,0.26416539539837486,0.4704761904761905,0.4277777777777778,0.5714285714285714,0.38666666666666666,0.24666669883495146,0.4368932038834951
neuma,permuted_subjectwise,logreg,0,S13,0.5091327333450317,315,0,0.049857172888150246,0.04523198880858015,0.5286151040549238,0.2792636607728463,0.5275155546020167,0.5016539623184237,0.4936708860759494,0.5635593220338984,0.24764434771428573,0.546031746031746
neuma,permuted_subjectwise,logreg,0,S14,0.5456529259681702,55,0,-0.04367853486341327,-0.026666666666666616,0.47916666666666663,0.2360644115787608,0.39166666666666666,0.36279377689506787,0.7333333333333333,0.225,0.3185195976363636,0.36363636363636365
neuma,permuted_subjectwise,logreg,0,S15,0.5091327333450317,215,0,0.001609925407192446,0.0013614158725074876,0.5008313771517996,0.39395783374022625,0.5151604068857589,0.459049106368211,0.6197183098591549,0.3819444444444444,0.20063998283720932,0.4604651162790698
neuma,permuted_subjectwise,logreg,0,S16,0.511119282245636,224,0,-0.1156403634777398,-0.11299687360428767,0.4349865090582038,0.18758050810918775,0.45856353591160226,0.43897565780216685,0.16279069767441862,0.7071823204419889,0.29333038808035716,0.6026785714285714
neuma,permuted_subjectwise,logreg,0,S17,0.5091327333450317,90,0,-0.03631821340367838,-0.03626943005181338,0.48148148148148145,0.31219376989087827,0.4420928865373309,0.48156682027649766,0.2962962962962963,0.6666666666666666,0.19530135077777777,0.5555555555555556
neuma,permuted_subjectwise,logreg,0,S18,0.4643399733304977,56,0,0.1259541481785924,0.12041884816753923,0.558974358974359,0.5409565569283272,0.5423076923076923,0.5508021390374331,0.38461538461538464,0.7333333333333333,0.1521640173214286,0.5714285714285714
neuma,permuted_subjectwise,logreg,0,S19,0.4916504865884781,118,0,-0.07280232971182676,-0.054198927933293506,0.4494444444444444,0.14666304705716487,0.46777777777777774,0.4094094094094094,0.3888888888888889,0.51,0.3316361465254237,0.4915254237288136
neuma,permuted_subjectwise,logreg,0,S20,0.5456529259681702,56,0,-0.15965649400644927,-0.1595092024539877,0.4215686274509804,0.2921580049904784,0.45550527903469085,0.42002301495972383,0.17647058823529413,0.6666666666666666,0.20627348125000003,0.5178571428571429
neuma,permuted_subjectwise,logreg,0,S21,0.511119282245636,135,0,-0.11748103904775226,-0.11535463756819953,0.4471428571428572,0.23449338014158677,0.4488571428571429,0.43877951211859756,0.11428571428571428,0.78,0.19887408192592593,0.6074074074074074
neuma,permuted_subjectwise,logreg,0,S22,0.5091327333450317,79,0,-0.0424563723009283,-0.039824502193722466,0.48084415584415585,0.4481490476008212,0.5168831168831169,0.4648254299114122,0.2571428571428571,0.7045454545454546,0.06487323607594936,0.5063291139240507
neuma,permuted_subjectwise,logreg,0,S23,0.5456529259681702,70,0,0.07051769926970795,0.06997342781222327,0.5340223944875108,0.4878827184535617,0.6063738156761412,0.5333333333333333,0.37037037037037035,0.6976744186046512,0.12132619928571423,0.5714285714285714
neuma,permuted_subjectwise,logreg,0,S24,0.5456529259681702,221,0,-0.10985036392413942,-0.094121663916235,0.42348260547742417,0.1134938950166415,0.4326424870466321,0.4254594352308382,0.17857142857142858,0.6683937823834197,0.3836390604977376,0.6063348416289592
neuma,permuted_subjectwise,logreg,0,S25,0.4916504865884781,42,0,0.09027241525272583,0.08695652173913049,0.5498533724340176,0.2985624190679572,0.4897360703812317,0.5360623781676412,0.45454545454545453,0.6451612903225806,0.2133743883333334,0.5952380952380952
neuma,permuted_subjectwise,logreg,0,S26,0.5456529259681702,269,0,0.0039406049113800395,0.003809120727965243,0.5017374517374518,0.3403157575577801,0.5048906048906049,0.49541776086607003,0.21428571428571427,0.7891891891891892,0.16317795996282522,0.6096654275092936
neuma,permuted_subjectwise,logreg,0,S27,0.4643399733304977,49,0,-0.12810252304406972,-0.07441860465116279,0.44285714285714284,0.25733119350914274,0.4142857142857143,0.32201257861635224,0.7142857142857143,0.17142857142857143,0.2465815230612244,0.32653061224489793
neuma,permuted_subjectwise,logreg,0,S28,0.511119282245636,152,0,0.06730536175819095,0.05827686350435635,0.5421923184749089,0.24695021211271273,0.5716288197364733,0.5012305168170632,0.4827586206896552,0.6016260162601627,0.3136212843421053,0.5789473684210527
neuma,permuted_subjectwise,logreg,0,S29,0.4916504865884781,109,0,-0.0010023683873969336,-0.0007344840249725593,0.49973876698014624,0.19435629321798448,0.4362591431556949,0.4715920108590266,0.045454545454545456,0.9540229885057471,0.21949326825688076,0.7706422018348624
neuma,permuted_subjectwise,logreg,0,S30,0.511119282245636,53,0,0.050782453958119485,0.049327354260089606,0.5239130434782608,0.49950311635422007,0.5217391304347826,0.5181818181818182,0.34782608695652173,0.7,0.07266417981132083,0.5471698113207547
neuma,permuted_subjectwise,logreg,0,S31,0.4916504865884781,99,0,-0.10407239819004525,-0.08548596915071549,0.4479638009049774,0.2951677466072586,0.40542986425339367,0.40404040404040403,0.5882352941176471,0.3076923076923077,0.17001931575757578,0.40404040404040403
neuma,permuted_subjectwise,logreg,0,S32,0.511119282245636,101,0,0.11688831663994922,0.11381298571070442,0.5653049482163406,0.30602093578155504,0.6162255466052934,0.5523616563251867,0.4090909090909091,0.7215189873417721,0.2739021342574257,0.6534653465346535
neuma,permuted_subjectwise,logreg,0,S33,0.4643399733304977,97,0,-0.15130688316720062,-0.11082379017362398,0.4278846153846154,0.311822163957009,0.43365384615384617,0.3591219096334186,0.625,0.23076923076923078,0.16439450577319584,0.36082474226804123
neuma,permuted_subjectwise,logreg,0,S34,0.4643399733304977,235,0,0.026100977007658878,0.014949435732082628,0.5160296706059844,0.23209682842189877,0.5445059089766155,0.3784793504595979,0.7073170731707317,0.3247422680412371,0.32092348472340426,0.39148936170212767
neuma,permuted_subjectwise,logreg,0,S35,0.5091327333450317,101,0,0.03791490919337893,0.021528525296017342,0.518421052631579,0.31514605194383455,0.4694736842105264,0.3759929390997352,0.8,0.23684210526315788,0.3169623641584158,0.37623762376237624
neuma,permuted_subjectwise,logreg,0,S36,0.5091327333450317,51,0,-0.06810052246069989,-0.05517241379310356,0.47777777777777775,0.2738736001733668,0.4407407407407407,0.4402439024390244,0.06666666666666667,0.8888888888888888,0.16784716137254907,0.6470588235294118
neuma,permuted_subjectwise,logreg,0,S37,0.511119282245636,66,0,-0.013179426029666997,-0.01302325581395336,0.4932692307692308,0.4140514182897852,0.5125000000000001,0.4905263157894737,0.46153846153846156,0.525,0.10479601303030307,0.5
neuma,permuted_subjectwise,logreg,0,S38,0.4643399733304977,181,0,-0.12478576215317232,-0.03598994016130441,0.4679189857761286,0.28927872810579447,0.43846629560915273,0.23521126760563382,0.8979591836734694,0.03787878787878788,0.292056657679558,0.27071823204419887
neuma,permuted_subjectwise,logreg,0,S39,0.5456529259681702,39,0,0.19166666666666668,0.17228464419475664,0.5958333333333333,0.45591803932281133,0.5277777777777778,0.5641025641025641,0.7333333333333333,0.4583333333333333,0.1831850669230769,0.5641025641025641
neuma,permuted_subjectwise,logreg,0,S40,0.4916504865884781,65,0,-0.10206207261596575,-0.030534351145037997,0.48717948717948717,0.39950080366037977,0.4832347140039448,0.36893203883495146,0.0,0.9743589743589743,0.08335214046153842,0.5846153846153846
neuma,permuted_subjectwise,logreg,0,S41,0.5091327333450317,48,0,-0.05623660146842564,-0.04854368932038833,0.4722222222222222,0.4313151435335686,0.48703703703703705,0.43725575336517586,0.6111111111111112,0.3333333333333333,0.20813728500000003,0.4375
neuma,permuted_subjectwise,logreg,0,S42,0.4643399733304977,63,0,0.12373764497794919,0.11976047904191622,0.5631578947368421,0.44040894416390536,0.5326315789473685,0.552738336713996,0.6,0.5263157894736842,0.06593557904761907,0.5555555555555556
neuma,permuted_subjectwise,logreg,0,S43,0.4643399733304977,86,0,0.14715076164718502,0.088273474686283,0.5747252747252747,0.3304044158101554,0.5641025641025641,0.43015551048005407,0.8571428571428571,0.2923076923076923,0.25684715790697676,0.43023255813953487
neuma,permuted_subjectwise,logreg,0,S44,0.5456529259681702,82,0,-0.04238623747287692,-0.03910209992758884,0.4744318181818182,0.1933482477391651,0.45833333333333326,0.46405228758169936,0.3125,0.6363636363636364,0.33016880097560963,0.573170731707317
neuma,permuted_subjectwise,logreg,1,S01,0.4528470993041992,69,0,0.2383416092273349,0.19499999999999995,0.6444444444444444,0.4148006418836299,0.674074074074074,0.5609090909090909,0.7333333333333333,0.5555555555555556,0.2478710833333333,0.5942028985507246
neuma,permuted_subjectwise,logreg,1,S02,0.5029675245285035,63,0,-0.20225995873897262,-0.19354838709677424,0.39285714285714285,0.26917308198611584,0.3594104308390022,0.3905882352941177,0.3333333333333333,0.4523809523809524,0.18681384428571426,0.4126984126984127
neuma,permuted_subjectwise,logreg,1,S03,0.5029675245285035,65,0,0.017857142857142856,0.009433962264151052,0.5082908163265306,0.282078355256663,0.5191326530612246,0.3524667931688804,0.8125,0.20408163265306123,0.2855755503076923,0.35384615384615387
neuma,permuted_subjectwise,logreg,1,S05,0.4822282040119171,85,0,0.023440361546924773,0.01479654747225645,0.5160256410256411,0.16399027390351398,0.483974358974359,0.4073579587598279,0.6153846153846154,0.4166666666666667,0.345436106,0.4470588235294118
neuma,permuted_subjectwise,logreg,1,S06,0.4528470993041992,139,0,0.028989771813842113,0.018545299872394616,0.5137626262626263,0.44175620340843774,0.6101010101010101,0.40176302826030597,0.775,0.25252525252525254,0.20861061942446046,0.4028776978417266
neuma,permuted_subjectwise,logreg,1,S07,0.5029675245285035,86,0,0.06226229108117848,0.02610364683301336,0.5303571428571429,0.27036951210050497,0.5285714285714286,0.31386071670047333,0.875,0.18571428571428572,0.36149755965116276,0.313953488372093
neuma,permuted_subjectwise,logreg,1,S08,0.4822282040119171,83,0,0.06355894164301777,0.04502251125562795,0.5345622119815668,0.32467053685474834,0.5929339477726574,0.441812865497076,0.7142857142857143,0.3548387096774194,0.24731334975903616,0.4457831325301205
neuma,permuted_subjectwise,logreg,1,S09,0.5029675245285035,120,0,0.1830545022022988,0.16871921182266025,0.6063664596273292,0.35188700864892214,0.595885093167702,0.5697553979762568,0.5714285714285714,0.6413043478260869,0.2556352983333333,0.625
neuma,permuted_subjectwise,logreg,1,S10,0.4707878082990646,273,0,0.13522025234858553,0.12462397937258263,0.5820135746606335,0.2577603988553646,0.5515140967629655,0.5485141424991049,0.4807692307692308,0.6832579185520362,0.24732140736263739,0.6446886446886447
neuma,permuted_subjectwise,logreg,1,S12,0.4707878082990646,103,0,0.08011691867063407,0.056261051277929686,0.5416666666666666,0.40622304793548947,0.5666666666666668,0.44576607193429624,0.75,0.3333333333333333,0.2584417374757281,0.44660194174757284
neuma,permuted_subjectwise,logreg,1,S13,0.4940148335695267,315,0,0.024113488996732855,0.01798831834306802,0.5134627762282772,0.2506887147131762,0.506114567689337,0.43901989683124537,0.6455696202531646,0.3813559322033898,0.26358860428571423,0.44761904761904764
neuma,permuted_subjectwise,logreg,1,S14,0.4822282040119171,55,0,-0.0374177712555781,-0.03125,0.47916666666666663,0.32276327127552057,0.4916666666666666,0.43953804347826086,0.5333333333333333,0.425,0.22561055345454548,0.45454545454545453
neuma,permuted_subjectwise,logreg,1,S15,0.4940148335695267,215,0,-0.040709661184308826,-0.03968002892393918,0.47853090766823164,0.3352315399100392,0.48415492957746475,0.4738707833047455,0.4084507042253521,0.5486111111111112,0.15334852520930237,0.5023255813953489
neuma,permuted_subjectwise,logreg,1,S16,0.4822282040119171,224,0,-0.023331657373734625,-0.013607188703465889,0.48638057304381344,0.19722411071206045,0.4986509058203778,0.36259611309559847,0.6744186046511628,0.2983425414364641,0.32378100593750003,0.3705357142857143
neuma,permuted_subjectwise,logreg,1,S17,0.4940148335695267,90,0,-0.06804138174397717,-0.06060606060606055,0.4629629629629629,0.3226999924786067,0.5138154027042916,0.44,0.48148148148148145,0.4444444444444444,0.20466052133333335,0.45555555555555555
neuma,permuted_subjectwise,logreg,1,S18,0.5029675245285035,56,0,-0.027381336560563567,-0.02617801047120416,0.48717948717948717,0.4566775281104097,0.46153846153846156,0.47593582887700536,0.3076923076923077,0.6666666666666666,0.07234231482142858,0.5
neuma,permuted_subjectwise,logreg,1,S19,0.4707878082990646,118,0,-0.03608439182435161,-0.024416711882799813,0.475,0.12473716942774077,0.38666666666666666,0.4019638897687678,0.5,0.45,0.3238028519491526,0.4576271186440678
neuma,permuted_subjectwise,logreg,1,S20,0.4940148335695267,56,0,-0.012281268769726867,-0.008733624454148492,0.4939668174962293,0.33987302059310176,0.4962292609351433,0.4105263157894737,0.7058823529411765,0.28205128205128205,0.24830736214285712,0.4107142857142857
neuma,permuted_subjectwise,logreg,1,S21,0.4707878082990646,135,0,0.012741179785940639,0.00806451612903214,0.5064285714285715,0.26105680768702155,0.4671428571428572,0.3925592625109745,0.7428571428571429,0.27,0.249898842962963,0.3925925925925926
neuma,permuted_subjectwise,logreg,1,S22,0.4707878082990646,79,0,-0.021578711772838887,-0.021213125621478257,0.4896103896103896,0.4757703593229919,0.5162337662337662,0.4852130325814536,0.34285714285714286,0.6363636363636364,0.02537966898734171,0.5063291139240507
neuma,permuted_subjectwise,logreg,1,S23,0.4707878082990646,70,0,-0.12780180527814922,-0.09295570079883819,0.44487510766580535,0.3864786466389058,0.43152454780361754,0.37016112157355097,0.7037037037037037,0.18604651162790697,0.13879183442857143,0.38571428571428573
neuma,permuted_subjectwise,logreg,1,S24,0.4528470993041992,221,0,0.004809471287330505,0.003059663437021909,0.5036084381939304,0.15919466399858573,0.5192450037009623,0.40984558225937534,0.5357142857142857,0.47150259067357514,0.33294369552036196,0.4796380090497738
neuma,permuted_subjectwise,logreg,1,S25,0.4822282040119171,42,0,-0.0848415022961257,-0.048128342245989275,0.46041055718475077,0.2689250832648646,0.4574780058651027,0.3318181818181818,0.7272727272727273,0.1935483870967742,0.2532787859523809,0.3333333333333333
neuma,permuted_subjectwise,logreg,1,S26,0.4528470993041992,269,0,0.03391330698757486,0.013405842923991274,0.5102316602316602,0.3176108274165146,0.49658944658944654,0.3180944055944056,0.9285714285714286,0.0918918918918919,0.2265643872490706,0.35315985130111527
neuma,permuted_subjectwise,logreg,1,S27,0.4822282040119171,49,0,-0.05298129428260175,-0.042553191489361764,0.4714285714285714,0.34332653845464406,0.5183673469387755,0.4225589225589226,0.5714285714285714,0.37142857142857144,0.23523751367346937,0.42857142857142855
neuma,permuted_subjectwise,logreg,1,S28,0.4822282040119171,152,0,0.11282177693656971,0.06211011662598309,0.5641996075133165,0.25938463332246653,0.5343425848051584,0.3969042947460214,0.8275862068965517,0.3008130081300813,0.3303998300657895,0.40131578947368424
neuma,permuted_subjectwise,logreg,1,S29,0.4822282040119171,109,0,0.11177425328852574,0.10435497124075599,0.5663531870428422,0.23489598289213443,0.5444096133751306,0.540084388185654,0.45454545454545453,0.6781609195402298,0.25670408779816517,0.6330275229357798
neuma,permuted_subjectwise,logreg,1,S30,0.4822282040119171,53,0,0.09770478002113132,0.09659090909090917,0.5492753623188406,0.4895600831775343,0.5884057971014494,0.5457142857142857,0.5652173913043478,0.5333333333333333,0.06053872396226416,0.5471698113207547
neuma,permuted_subjectwise,logreg,1,S31,0.4707878082990646,99,0,-0.04099600308453939,-0.0269709543568466,0.48235294117647054,0.40082802718403027,0.5226244343891403,0.38330564784053156,0.7647058823529411,0.2,0.17690102171717176,0.3939393939393939
neuma,permuted_subjectwise,logreg,1,S32,0.4707878082990646,101,0,0.04682824374274549,0.04386977603324871,0.5273302646720368,0.28262320029714405,0.5782508630609896,0.5091857295247126,0.4090909090909091,0.6455696202531646,0.21105266089108915,0.594059405940594
neuma,permuted_subjectwise,logreg,1,S33,0.4528470993041992,97,0,0.03872588204305026,0.03347947389398154,0.5201923076923077,0.3337971627813081,0.4980769230769231,0.48183760683760685,0.625,0.4153846153846154,0.13739704010309278,0.4845360824742268
neuma,permuted_subjectwise,logreg,1,S34,0.5029675245285035,235,0,0.08075481015968199,0.0739023598683296,0.5501005783253708,0.21878949762610886,0.5735479004274578,0.5217745217745218,0.4146341463414634,0.6855670103092784,0.3021990147659574,0.6382978723404256
neuma,permuted_subjectwise,logreg,1,S35,0.4822282040119171,101,0,-0.002849939866903206,-0.0015024038461537437,0.49868421052631584,0.28137325113170675,0.516842105263158,0.3449292452830189,0.8,0.19736842105263158,0.295740756039604,0.3465346534653465
neuma,permuted_subjectwise,logreg,1,S36,0.5029675245285035,51,0,-0.04599986370430946,-0.039301310043668325,0.475,0.27291833404566335,0.43148148148148147,0.44043887147335425,0.5333333333333333,0.4166666666666667,0.20729456137254904,0.45098039215686275
neuma,permuted_subjectwise,logreg,1,S37,0.4528470993041992,66,0,0.17541160386140583,0.15094339622641517,0.5846153846153846,0.5362455911648097,0.6096153846153847,0.543778801843318,0.7692307692307693,0.4,0.09122285500000002,0.5454545454545454
neuma,permuted_subjectwise,logreg,1,S38,0.5029675245285035,181,0,-0.07503804858102046,-0.06050704225352099,0.4584879406307978,0.30428278752291116,0.46722325293753864,0.4142394822006472,0.5306122448979592,0.38636363636363635,0.24857932950276243,0.425414364640884
neuma,permuted_subjectwise,logreg,1,S39,0.4528470993041992,39,0,-0.04392052305789416,-0.03623188405797095,0.47916666666666663,0.45549325015656283,0.47777777777777775,0.43253968253968256,0.6666666666666666,0.2916666666666667,0.1370010017948718,0.4358974358974359
neuma,permuted_subjectwise,logreg,1,S40,0.4940148335695267,65,0,-0.11785113019775792,-0.07407407407407418,0.46794871794871795,0.39894994907839754,0.5226824457593688,0.3857934180514826,0.038461538461538464,0.8974358974358975,0.045873177692307615,0.5538461538461539
neuma,permuted_subjectwise,logreg,1,S41,0.5029675245285035,48,0,0.26185110635499564,0.1711711711711712,0.6055555555555555,0.6897752099508131,0.7648148148148148,0.5033738191632928,0.9444444444444444,0.26666666666666666,0.18430175854166672,0.5208333333333334
neuma,permuted_subjectwise,logreg,1,S42,0.4822282040119171,63,0,-0.09862413826124555,-0.089337175792507,0.45105263157894737,0.46712530633783816,0.4978947368421052,0.42842741935483875,0.56,0.34210526315789475,0.14071087317460315,0.42857142857142855
neuma,permuted_subjectwise,logreg,1,S43,0.5029675245285035,86,0,-0.0032360019445167414,-0.0030693677102517913,0.4981684981684982,0.27910071374011225,0.558974358974359,0.48713119899560575,0.38095238095238093,0.6153846153846154,0.23810295569767445,0.5581395348837209
neuma,permuted_subjectwise,logreg,1,S44,0.4940148335695267,82,0,0.07443497479056684,0.02498992341797668,0.5293560606060606,0.18274469607266575,0.46117424242424243,0.2752059925093633,0.9375,0.12121212121212122,0.3756385993902439,0.2804878048780488
neuma,permuted_subjectwise,logreg,2,S01,0.5095822954177857,69,0,-0.06533217188282378,-0.04783599088838253,0.46111111111111114,0.20152428105177028,0.42592592592592593,0.3989547038327526,0.5333333333333333,0.3888888888888889,0.3010434208695652,0.42028985507246375
neuma,permuted_subjectwise,logreg,2,S02,0.5064580005407333,63,0,-0.05913123959890826,-0.05405405405405417,0.47619047619047616,0.35587875853056344,0.4659863945578231,0.4554521276595745,0.14285714285714285,0.8095238095238095,0.14205510555555556,0.5873015873015873
neuma,permuted_subjectwise,logreg,2,S03,0.487900510430336,65,0,0.07142857142857142,0.01015228426395931,0.5102040816326531,0.47062417171490845,0.6415816326530612,0.22,1.0,0.02040816326530612,0.38976779876923073,0.26153846153846155
neuma,permuted_subjectwise,logreg,2,S05,0.5095822954177857,85,0,-0.08439494725697222,-0.04305705059203446,0.4465811965811966,0.22706285294947523,0.4978632478632479,0.3157746081061997,0.6153846153846154,0.2777777777777778,0.3930473898823529,0.32941176470588235
neuma,permuted_subjectwise,logreg,2,S06,0.487900510430336,139,0,-0.09501908069062952,-0.07649755018176063,0.46944444444444444,0.32086510517106637,0.5328282828282829,0.4288469601677149,0.05,0.8888888888888888,0.11268229913669067,0.6474820143884892
neuma,permuted_subjectwise,logreg,2,S07,0.4965686500072479,86,0,0.018839442097022485,0.010046044370029317,0.5107142857142857,0.22131805049519543,0.45,0.3561998094460324,0.75,0.2714285714285714,0.3532233645348838,0.36046511627906974
neuma,permuted_subjectwise,logreg,2,S08,0.487900510430336,83,0,0.12667512109154397,0.08265257087938482,0.5660522273425499,0.3277743250410633,0.5883256528417818,0.4450581395348837,0.8095238095238095,0.3225806451612903,0.2634612213253012,0.4457831325301205
neuma,permuted_subjectwise,logreg,2,S09,0.4965686500072479,120,0,0.0013696432818393436,0.0009652509652509078,0.5007763975155279,0.29917225225390265,0.514751552795031,0.41587301587301584,0.6428571428571429,0.358695652173913,0.2914164411666667,0.425
neuma,permuted_subjectwise,logreg,2,S10,0.4921682059764862,273,0,-0.05796093368525799,-0.039862971037059935,0.4638009049773756,0.17445475760944146,0.4329098503306648,0.39005128925735966,0.5384615384615384,0.3891402714932127,0.3226020394871795,0.4175824175824176
neuma,permuted_subjectwise,logreg,2,S12,0.4921682059764862,103,0,-0.057998167000477545,-0.04733520336605901,0.46785714285714286,0.25495557369038435,0.45095238095238094,0.4246918335901386,0.5357142857142857,0.4,0.22837028533980577,0.4368932038834951
neuma,permuted_subjectwise,logreg,2,S13,0.5064580005407333,315,0,0.0008881288880230762,0.00046210720887240875,0.500402274190088,0.2541508721621842,0.47940356146749624,0.3436437934940929,0.810126582278481,0.1906779661016949,0.3287600543174603,0.346031746031746
neuma,permuted_subjectwise,logreg,2,S14,0.4921682059764862,55,0,-0.0374177712555781,-0.03125,0.47916666666666663,0.2790951606363566,0.5,0.43953804347826086,0.5333333333333333,0.425,0.23712678018181826,0.45454545454545453
neuma,permuted_subjectwise,logreg,2,S15,0.5064580005407333,215,0,0.029025355069082936,0.02428343949044598,0.5149158841940532,0.4180679542890485,0.5515453834115805,0.4688366851595007,0.647887323943662,0.3819444444444444,0.20466071851162793,0.4697674418604651
neuma,permuted_subjectwise,logreg,2,S16,0.487900510430336,224,0,0.05918244335660924,0.05544276120568492,0.5228061158936143,0.24673922707232412,0.6024669150713093,0.5202284626368396,0.13953488372093023,0.9060773480662984,0.22376242495535717,0.7589285714285714
neuma,permuted_subjectwise,logreg,2,S17,0.5064580005407333,90,0,-0.12569752716115998,-0.12565445026178002,0.4365079365079365,0.29361370545027726,0.4403292181069959,0.4370909090909091,0.2222222222222222,0.6507936507936508,0.21652207199999993,0.5222222222222223
neuma,permuted_subjectwise,logreg,2,S18,0.4965686500072479,56,0,0.10032206202542021,0.10025706940874035,0.55,0.4987199820636307,0.5384615384615384,0.5499839279974285,0.5,0.6,0.04088218142857139,0.5535714285714286
neuma,permuted_subjectwise,logreg,2,S19,0.4921682059764862,118,0,0.07607916351651386,0.05728067530901426,0.5527777777777778,0.1648974906004374,0.54,0.4744096142532986,0.5555555555555556,0.55,0.32414228915254234,0.5508474576271186
neuma,permuted_subjectwise,logreg,2,S20,0.487900510430336,56,0,0.0036215485829451527,0.0020366598778003286,0.5015082956259427,0.40487162292048545,0.6153846153846153,0.36507936507936506,0.8235294117647058,0.1794871794871795,0.23980314571428563,0.375
neuma,permuted_subjectwise,logreg,2,S21,0.4921682059764862,135,0,0.01511857892036909,0.013913043478260834,0.5085714285714286,0.2541839191592693,0.4968571428571428,0.488421052631579,0.45714285714285713,0.56,0.22382954548148146,0.5333333333333333
neuma,permuted_subjectwise,logreg,2,S22,0.487900510430336,79,0,-0.14698336700300055,-0.12037357315807684,0.4435064935064935,0.40997811422546104,0.42922077922077917,0.39355925856581164,0.11428571428571428,0.7727272727272727,0.10781614291139238,0.4810126582278481
neuma,permuted_subjectwise,logreg,2,S23,0.4921682059764862,70,0,0.09560723514211886,0.09560723514211888,0.5478036175710594,0.4193709018572517,0.5064599483204134,0.5478036175710594,0.4444444444444444,0.6511627906976745,0.10797423871428578,0.5714285714285714
neuma,permuted_subjectwise,logreg,2,S24,0.5095822954177857,221,0,0.061093070176394926,0.04551154042632233,0.5453367875647668,0.1453580807467032,0.5394152479644708,0.4708426662547308,0.5,0.5906735751295337,0.36746492791855206,0.579185520361991
neuma,permuted_subjectwise,logreg,2,S25,0.5064580005407333,42,0,0.1645523720271895,0.11324376199616126,0.5865102639296188,0.26430400159419676,0.501466275659824,0.475,0.8181818181818182,0.3548387096774194,0.279450535,0.47619047619047616
neuma,permuted_subjectwise,logreg,2,S26,0.5095822954177857,269,0,0.08272402751822996,0.07677830058123447,0.5446267696267697,0.3588484679814824,0.5563063063063062,0.5218463302752294,0.5595238095238095,0.5297297297297298,0.18675254747211895,0.5390334572490706
neuma,permuted_subjectwise,logreg,2,S27,0.4921682059764862,49,0,-0.029235267310234306,-0.01941747572815533,0.4857142857142857,0.4199934988261621,0.5816326530612246,0.3875,0.7142857142857143,0.2571428571428571,0.2443120804081633,0.3877551020408163
neuma,permuted_subjectwise,logreg,2,S28,0.487900510430336,152,0,0.07537874179604875,0.041497152156224404,0.5428931875525652,0.1887730471880797,0.5110737314269693,0.38364944408109874,0.7931034482758621,0.2926829268292683,0.33521408315789475,0.3881578947368421
neuma,permuted_subjectwise,logreg,2,S29,0.487900510430336,109,0,0.19135349909568317,0.07064555420219232,0.5227272727272727,0.2875107082999537,0.5214211076280042,0.4896321070234114,0.045454545454545456,1.0,0.20162613678899083,0.8073394495412844
neuma,permuted_subjectwise,logreg,2,S30,0.5064580005407333,53,0,0.12121325700253838,0.12112472963229992,0.5608695652173913,0.5377601620341841,0.5608695652173913,0.5604038946988821,0.5217391304347826,0.6,0.09199564245283019,0.5660377358490566
neuma,permuted_subjectwise,logreg,2,S31,0.5095822954177857,99,0,-0.05545741815640259,-0.03809856693463831,0.47533936651583714,0.33722463225845944,0.4904977375565611,0.38636363636363635,0.7352941176470589,0.2153846153846154,0.21020155454545458,0.3939393939393939
neuma,permuted_subjectwise,logreg,2,S32,0.4921682059764862,101,0,-0.0684931887113204,-0.052275635167245316,0.4588607594936709,0.21208150086788213,0.45224395857307254,0.4075331892559432,0.5,0.4177215189873418,0.2779851438613862,0.43564356435643564
neuma,permuted_subjectwise,logreg,2,S33,0.4965686500072479,97,0,-0.06603698809798952,-0.06272824919441478,0.46490384615384617,0.31473912706655505,0.47019230769230763,0.4554760594386351,0.4375,0.49230769230769234,0.18877340391752578,0.4742268041237113
neuma,permuted_subjectwise,logreg,2,S34,0.4965686500072479,235,0,0.055539974430445144,0.05365828147063434,0.5322479255720393,0.23738159960330457,0.5428715111893387,0.5213089600804212,0.3170731707317073,0.7474226804123711,0.290537538212766,0.6723404255319149
neuma,permuted_subjectwise,logreg,2,S35,0.5064580005407333,101,0,-0.053216972367644534,-0.03606882859033744,0.47131578947368424,0.2280631764630981,0.44684210526315793,0.38317572892040974,0.64,0.3026315789473684,0.3100286230693069,0.38613861386138615
neuma,permuted_subjectwise,logreg,2,S36,0.4965686500072479,51,0,0.036649716975523355,0.03608247422680411,0.5194444444444444,0.3166309111573337,0.55,0.5147058823529412,0.4,0.6388888888888888,0.19131092921568627,0.5686274509803921
neuma,permuted_subjectwise,logreg,2,S37,0.487900510430336,66,0,0.003944075100322278,0.003451251078516071,0.5019230769230769,0.4267847065002324,0.5230769230769231,0.4685990338164251,0.6538461538461539,0.35,0.14020964196969696,0.4696969696969697
neuma,permuted_subjectwise,logreg,2,S38,0.4965686500072479,181,0,-0.11566123847988989,-0.0963368906835882,0.43545145330859614,0.23898048902583363,0.4188311688311688,0.4035027149179247,0.46938775510204084,0.4015151515151515,0.24982802359116021,0.4198895027624309
neuma,permuted_subjectwise,logreg,2,S39,0.5095822954177857,39,0,-0.19166666666666668,-0.19166666666666687,0.4041666666666667,0.33679678992148143,0.3861111111111111,0.4041666666666667,0.26666666666666666,0.5416666666666666,0.1616729212820513,0.4358974358974359
neuma,permuted_subjectwise,logreg,2,S40,0.5095822954177857,65,0,-0.08703882797784891,-0.0714285714285714,0.46794871794871795,0.41255365590008686,0.5276134122287968,0.4237588652482269,0.11538461538461539,0.8205128205128205,0.07198636784615389,0.5384615384615384
neuma,permuted_subjectwise,logreg,2,S41,0.4921682059764862,48,0,-0.11834526708278773,-0.11627906976744184,0.4444444444444444,0.3443516387608021,0.40925925925925927,0.4375,0.2222222222222222,0.6666666666666666,0.19247310895833333,0.5
neuma,permuted_subjectwise,logreg,2,S42,0.4965686500072479,63,0,0.03203033152014646,0.03176229508196715,0.5163157894736843,0.47490162436576916,0.5273684210526315,0.5138888888888888,0.48,0.5526315789473685,0.1610586261904762,0.5238095238095238
neuma,permuted_subjectwise,logreg,2,S43,0.4965686500072479,86,0,0.09537986662013051,0.09326845093268465,0.5421245421245421,0.3016361371871845,0.5794871794871795,0.5433006535947713,0.23809523809523808,0.8461538461538461,0.19595451500000002,0.6976744186046512
neuma,permuted_subjectwise,logreg,2,S44,0.5095822954177857,82,0,0.012012499502607453,0.009661835748792313,0.5075757575757576,0.20801320510852572,0.4981060606060606,0.4576719576719577,0.5,0.5151515151515151,0.33051522231707314,0.5121951219512195
neuma,permuted_subjectwise,logreg,3,S01,0.5049583685398102,69,0,0.11305948130014605,0.09402795425667099,0.5685185185185185,0.24504872317372028,0.5444444444444445,0.5095161660169686,0.6,0.5370370370370371,0.27066583434782615,0.5507246376811594
neuma,permuted_subjectwise,logreg,3,S02,0.5038562130928039,63,0,0.1535737792084878,0.13698630136986312,0.5595238095238095,0.4459917300476574,0.5600907029478458,0.5507640067911714,0.23809523809523808,0.8809523809523809,0.18052660380952373,0.6666666666666666
neuma,permuted_subjectwise,logreg,3,S03,0.4635246777534486,65,0,0.058843978953695544,0.02075661198526957,0.5197704081632653,0.36181083711957807,0.5790816326530612,0.2909090909090909,0.9375,0.10204081632653061,0.3101397301538461,0.3076923076923077
neuma,permuted_subjectwise,logreg,3,S05,0.5049583685398102,85,0,-0.017575473316593218,-0.010254020041948309,0.4882478632478633,0.2975645003223751,0.5117521367521367,0.3718301695406463,0.6153846153846154,0.3611111111111111,0.38351809600000003,0.4
neuma,permuted_subjectwise,logreg,3,S06,0.4748966097831726,139,0,0.06285170403685726,0.06284187762371196,0.5311868686868687,0.32757779541389087,0.4863636363636364,0.5313911328795877,0.325,0.7373737373737373,0.18102793561151082,0.6187050359712231
neuma,permuted_subjectwise,logreg,3,S07,0.4635246777534486,86,0,0.142313613392964,0.03970223325062039,0.55,0.2620786472751576,0.6017857142857143,0.25933014354066986,1.0,0.1,0.36347510511627906,0.26744186046511625
neuma,permuted_subjectwise,logreg,3,S08,0.4748966097831726,83,0,-0.0787616849755911,-0.061833688699360456,0.4554531490015361,0.2681771834669191,0.4715821812596006,0.40714285714285714,0.5238095238095238,0.3870967741935484,0.22815350843373494,0.42168674698795183
neuma,permuted_subjectwise,logreg,3,S09,0.4635246777534486,120,0,-0.12199204220078959,-0.0814606741573034,0.4324534161490683,0.2598069549077359,0.4549689440993789,0.3528958610546957,0.5714285714285714,0.29347826086956524,0.2779800903333334,0.35833333333333334
neuma,permuted_subjectwise,logreg,3,S10,0.4979590475559234,273,0,-0.0772796549081664,-0.06615384615384623,0.4513574660633484,0.1662770443660874,0.44848590323703447,0.43253968253968256,0.34615384615384615,0.5565610859728507,0.30139126564102564,0.5164835164835165
neuma,permuted_subjectwise,logreg,3,S12,0.4979590475559234,103,0,-0.03437260576151962,-0.0102109364503562,0.490952380952381,0.3385625351328276,0.5047619047619047,0.2573827160493827,0.9285714285714286,0.05333333333333334,0.3123309304854369,0.2912621359223301
neuma,permuted_subjectwise,logreg,3,S13,0.5038562130928039,315,0,0.06804103212205949,0.055131563959448626,0.5389401416005148,0.2583547729680306,0.5285882857755847,0.4801763034759358,0.620253164556962,0.4576271186440678,0.27054540488888884,0.4984126984126984
neuma,permuted_subjectwise,logreg,3,S14,0.4979590475559234,55,0,0.12257258446136501,0.08333333333333337,0.5625,0.3409110846534561,0.5583333333333332,0.45436507936507936,0.8,0.325,0.25706677072727263,0.45454545454545453
neuma,permuted_subjectwise,logreg,3,S15,0.5038562130928039,215,0,0.04568075705519305,0.04461775641606969,0.5240610328638498,0.3963656178401893,0.5575117370892019,0.5170089858793325,0.4647887323943662,0.5833333333333334,0.16834696855813952,0.5441860465116279
neuma,permuted_subjectwise,logreg,3,S16,0.4748966097831726,224,0,0.10138576015941124,0.10137544574630675,0.5511370936656816,0.28156233672393305,0.537067968649621,0.5506734167542268,0.27906976744186046,0.8232044198895028,0.21735827392857138,0.71875
neuma,permuted_subjectwise,logreg,3,S17,0.5038562130928039,90,0,0.17407765595569785,0.1707317073170732,0.5925925925925926,0.40727949146408204,0.5978835978835979,0.5817386550027337,0.5185185185185185,0.6666666666666666,0.1857248381111111,0.6222222222222222
neuma,permuted_subjectwise,logreg,3,S18,0.4748966097831726,56,0,0.12216861891218454,0.11838790931989918,0.5602564102564103,0.4928186464490426,0.5217948717948717,0.5522865366165655,0.6538461538461539,0.4666666666666667,0.04821757357142858,0.5535714285714286
neuma,permuted_subjectwise,logreg,3,S19,0.4979590475559234,118,0,-0.15315819641002573,-0.11660561660561641,0.3938888888888889,0.11743576445473972,0.34444444444444444,0.38042005420054203,0.2777777777777778,0.51,0.3385290619491526,0.4745762711864407
neuma,permuted_subjectwise,logreg,3,S20,0.4635246777534486,56,0,-0.2735536028918337,-0.11890838206627685,0.4079939668174962,0.2424195307530744,0.301659125188537,0.23847429519071311,0.7647058823529411,0.05128205128205128,0.33495806571428577,0.26785714285714285
neuma,permuted_subjectwise,logreg,3,S21,0.4979590475559234,135,0,0.07421765299749607,0.06789413118527032,0.542142857142857,0.320454797000818,0.5517142857142857,0.5150862068965517,0.5142857142857142,0.57,0.2377703096296297,0.5555555555555556
neuma,permuted_subjectwise,logreg,3,S22,0.5049583685398102,79,0,0.21358642639506417,0.19277929155313345,0.5918831168831169,0.5968564153931818,0.6785714285714286,0.5779914529914529,0.34285714285714286,0.8409090909090909,0.08385056544303793,0.620253164556962
neuma,permuted_subjectwise,logreg,3,S23,0.5049583685398102,70,0,0.07051769926970795,0.06997342781222327,0.5340223944875108,0.39093095697542984,0.4883720930232558,0.5333333333333333,0.37037037037037035,0.6976744186046512,0.12693346899999997,0.5714285714285714
neuma,permuted_subjectwise,logreg,3,S24,0.5049583685398102,221,0,0.025024914362984572,0.014810448366061268,0.5185973353071798,0.1698319058384192,0.5094374537379718,0.3988760256266157,0.6071428571428571,0.43005181347150256,0.3957106042533937,0.45248868778280543
neuma,permuted_subjectwise,logreg,3,S25,0.5038562130928039,42,0,-0.07658395810674835,-0.07547169811320753,0.45894428152492667,0.2502447645390229,0.4750733137829912,0.4589830508474576,0.2727272727272727,0.6451612903225806,0.21676870785714278,0.5476190476190477
neuma,permuted_subjectwise,logreg,3,S26,0.5049583685398102,269,0,0.14016236689590578,0.13879318230325932,0.5732303732303732,0.36481235969236897,0.5814028314028313,0.567491003751627,0.47619047619047616,0.6702702702702703,0.16613574784386623,0.6096654275092936
neuma,permuted_subjectwise,logreg,3,S27,0.4748966097831726,49,0,0.12909944487358055,0.0625,0.55,0.38007528186099615,0.6,0.375,0.9285714285714286,0.17142857142857143,0.2553118557142857,0.3877551020408163
neuma,permuted_subjectwise,logreg,3,S28,0.4748966097831726,152,0,0.011934006195063563,0.008913832948167832,0.507569386038688,0.21204211138452989,0.5049060835435941,0.439480931708911,0.5517241379310345,0.4634146341463415,0.28188679769736835,0.48026315789473684
neuma,permuted_subjectwise,logreg,3,S29,0.4748966097831726,109,0,-0.07178138246695873,-0.07175126229072548,0.4647335423197492,0.20220710246372786,0.4555903866248694,0.4640531561461794,0.13636363636363635,0.7931034482758621,0.2051646779816514,0.6605504587155964
neuma,permuted_subjectwise,logreg,3,S30,0.5038562130928039,53,0,0.0014492753623188406,0.0014492753623187582,0.5007246376811594,0.515166597130495,0.5420289855072463,0.5007246376811594,0.43478260869565216,0.5666666666666667,0.0944682803773585,0.5094339622641509
neuma,permuted_subjectwise,logreg,3,S31,0.5049583685398102,99,0,0.09224672650858957,0.04807692307692302,0.5328054298642534,0.40169940876954985,0.5457013574660634,0.38653846153846155,0.9117647058823529,0.15384615384615385,0.26362736141414145,0.41414141414141414
neuma,permuted_subjectwise,logreg,3,S32,0.4979590475559234,101,0,0.09125718961807108,0.051716176696937066,0.5483314154200231,0.3230710024167013,0.5529344073647872,0.3950908198330879,0.8181818181818182,0.27848101265822783,0.31783544960396054,0.39603960396039606
neuma,permuted_subjectwise,logreg,3,S33,0.4748966097831726,97,0,0.1423516819343125,0.12437311935807427,0.5745192307692308,0.4885428460022892,0.645673076923077,0.5329052969502408,0.6875,0.46153846153846156,0.16484122340206184,0.5360824742268041
neuma,permuted_subjectwise,logreg,3,S34,0.4635246777534486,235,0,0.05300242139895344,0.046143986327707665,0.5339451848126728,0.21993363472527946,0.5663816947447825,0.4972865860523768,0.43902439024390244,0.6288659793814433,0.27996154357446823,0.5957446808510638
neuma,permuted_subjectwise,logreg,3,S35,0.5038562130928039,101,0,-0.028359485742660936,-0.019858633456748542,0.48447368421052633,0.30069407820047445,0.5226315789473683,0.40118577075098816,0.64,0.32894736842105265,0.29564327049504946,0.40594059405940597
neuma,permuted_subjectwise,logreg,3,S36,0.4979590475559234,51,0,-0.08131842079168766,-0.08092485549132955,0.46111111111111114,0.30044130464035634,0.5185185185185186,0.4584942084942085,0.2,0.7222222222222222,0.16271493666666664,0.5686274509803921
neuma,permuted_subjectwise,logreg,3,S37,0.4979590475559234,66,0,-0.2192645048267573,-0.19108280254777066,0.41346153846153844,0.36675669963119933,0.46442307692307694,0.3717805151175812,0.07692307692307693,0.75,0.06600918439393937,0.48484848484848486
neuma,permuted_subjectwise,logreg,3,S38,0.4635246777534486,181,0,0.04278232229967776,0.0388579996251639,0.5240414347557205,0.3864506062640542,0.5434446505875078,0.49796051558166093,0.5102040816326531,0.5378787878787878,0.1879144497790055,0.5303867403314917
neuma,permuted_subjectwise,logreg,3,S39,0.4635246777534486,39,0,0.09354143466934853,0.046666666666666856,0.5291666666666667,0.4180480604854737,0.4388888888888889,0.3871428571428572,0.9333333333333333,0.125,0.2001196082051281,0.4358974358974359
neuma,permuted_subjectwise,logreg,3,S40,0.4748966097831726,65,0,0.06280742930213278,0.05594405594405594,0.5256410256410257,0.4056139631121258,0.45857988165680474,0.5054945054945055,0.23076923076923078,0.8205128205128205,0.07996565061538466,0.5846153846153846
neuma,permuted_subjectwise,logreg,3,S41,0.4979590475559234,48,0,0.11844401845279641,0.11578947368421055,0.5611111111111111,0.44812851208573956,0.5796296296296296,0.5529933481152993,0.5555555555555556,0.5666666666666667,0.12968496437500007,0.5625
neuma,permuted_subjectwise,logreg,3,S42,0.4635246777534486,63,0,-0.26754242162397546,-0.18230563002680955,0.39263157894736844,0.3418920100706012,0.3494736842105263,0.3036842105263158,0.68,0.10526315789473684,0.20447147015873016,0.3333333333333333
neuma,permuted_subjectwise,logreg,3,S43,0.4635246777534486,86,0,0.037308730773659295,0.01475728155339806,0.5139194139194139,0.31191812408172065,0.5648351648351648,0.30254295532646047,0.9047619047619048,0.12307692307692308,0.29223195604651164,0.313953488372093
neuma,permuted_subjectwise,logreg,3,S44,0.5049583685398102,82,0,0.17267968034998213,0.13481828839390386,0.6089015151515151,0.3404991242615998,0.6136363636363635,0.5198438516590761,0.6875,0.5303030303030303,0.31052894780487805,0.5609756097560976
neuma,permuted_subjectwise,logreg,4,S01,0.4793915793299675,69,0,0.062604018868779,0.04489337822671158,0.537037037037037,0.28907007412516195,0.5123456790123457,0.447043534762833,0.6666666666666666,0.4074074074074074,0.2839421771014492,0.463768115942029
neuma,permuted_subjectwise,logreg,4,S02,0.4690516418218612,63,0,-0.2080125735844609,-0.17647058823529416,0.39285714285714285,0.32231986608411584,0.39229024943310653,0.36363636363636365,0.47619047619047616,0.30952380952380953,0.1748931639682539,0.36507936507936506
neuma,permuted_subjectwise,logreg,4,S03,0.4845240783691406,65,0,-0.002286372855944571,-0.0006550933508027157,0.49936224489795916,0.2711608770134074,0.5561224489795918,0.25140896839010046,0.9375,0.061224489795918366,0.33447839015384623,0.27692307692307694
neuma,permuted_subjectwise,logreg,4,S05,0.4793915793299675,85,0,-0.08439494725697222,-0.04305705059203446,0.4465811965811966,0.31230363565811303,0.5512820512820513,0.3157746081061997,0.6153846153846154,0.2777777777777778,0.3778758656470587,0.32941176470588235
neuma,permuted_subjectwise,logreg,4,S06,0.4721275407075882,139,0,0.029872957031169267,0.029538131041890403,0.5138888888888888,0.3025574257535706,0.505050505050505,0.5126752966558792,0.25,0.7777777777777778,0.15064115021582733,0.6258992805755396
neuma,permuted_subjectwise,logreg,4,S07,0.4690516418218612,86,0,-0.019897929586013583,-0.01743462017434627,0.4875,0.19220911712552807,0.45803571428571427,0.4642622950819672,0.375,0.6,0.28408717337209294,0.5581395348837209
neuma,permuted_subjectwise,logreg,4,S08,0.4721275407075882,83,0,0.12667512109154397,0.08265257087938482,0.5660522273425499,0.25359917759637185,0.5,0.4450581395348837,0.8095238095238095,0.3225806451612903,0.24558135626506028,0.4457831325301205
neuma,permuted_subjectwise,logreg,4,S09,0.4690516418218612,120,0,0.013931955314383822,0.009433962264151052,0.5077639751552795,0.27307684447547304,0.5593944099378881,0.4107744107744108,0.6785714285714286,0.33695652173913043,0.26475032024999995,0.4166666666666667
neuma,permuted_subjectwise,logreg,4,S10,0.4721275407075882,273,0,0.09004944764221337,0.06697612732095493,0.5571266968325792,0.2027704829834554,0.5405499477897668,0.4713583815028902,0.6346153846153846,0.4796380090497738,0.28638546351648353,0.5091575091575091
neuma,permuted_subjectwise,logreg,4,S12,0.5078663468360901,103,0,-0.08536590456580229,-0.07350521119034559,0.4521428571428572,0.3224123852810102,0.4876190476190477,0.4249191889509257,0.4642857142857143,0.44,0.2733891449514562,0.44660194174757284
neuma,permuted_subjectwise,logreg,4,S13,0.4845240783691406,315,0,-0.06413888718482713,-0.05498185877756079,0.46301759279124655,0.2523632706717592,0.4833726668096975,0.4346153846153846,0.45569620253164556,0.4703389830508475,0.25472211631746033,0.4666666666666667
neuma,permuted_subjectwise,logreg,4,S14,0.4721275407075882,55,0,0.14456082739572798,0.10140845070422533,0.575,0.4243140976925278,0.5983333333333333,0.47202912942734193,0.8,0.35,0.2215328443636364,0.4727272727272727
neuma,permuted_subjectwise,logreg,4,S15,0.4845240783691406,215,0,-0.0031036610796768434,-0.0018496780848717975,0.4987284820031299,0.31877652803373846,0.490414710485133,0.3768943164974226,0.8169014084507042,0.18055555555555555,0.20769267032558136,0.39069767441860465
neuma,permuted_subjectwise,logreg,4,S16,0.5078663468360901,224,0,-0.057985506625796567,-0.0574766906644637,0.4687138635487601,0.18631322168896208,0.5028909160991905,0.46969696969696967,0.18604651162790697,0.7513812154696132,0.2818983354017857,0.6428571428571429
neuma,permuted_subjectwise,logreg,4,S17,0.4845240783691406,90,0,0.3007300233769254,0.2731277533039649,0.664021164021164,0.4677120610272634,0.6772486772486771,0.6197669952630904,0.7407407407407407,0.5873015873015873,0.1881519727777778,0.6333333333333333
neuma,permuted_subjectwise,logreg,4,S18,0.4721275407075882,56,0,-0.08119979429411502,-0.05084745762711873,0.47307692307692306,0.5077855761440769,0.5166666666666666,0.3744144144144144,0.8461538461538461,0.1,0.08658173142857137,0.44642857142857145
neuma,permuted_subjectwise,logreg,4,S19,0.4721275407075882,118,0,-0.1615915904534118,-0.08705665591893119,0.395,0.14305968979748715,0.3983333333333333,0.3019816622301094,0.5,0.29,0.3422424933898305,0.3220338983050847
neuma,permuted_subjectwise,logreg,4,S20,0.4793915793299675,56,0,0.005789445619098958,0.004587155963302836,0.5030165912518854,0.36387617840906805,0.5294117647058824,0.4448353054045411,0.6470588235294118,0.358974358974359,0.2008140975,0.44642857142857145
neuma,permuted_subjectwise,logreg,4,S21,0.5078663468360901,135,0,0.01511857892036909,0.013913043478260834,0.5085714285714286,0.2797529298982464,0.5325714285714285,0.488421052631579,0.45714285714285713,0.56,0.2494979451851852,0.5333333333333333
neuma,permuted_subjectwise,logreg,4,S22,0.4793915793299675,79,0,0.12295936256473113,0.12279555845852375,0.561038961038961,0.5338707998266593,0.561038961038961,0.5611111111111111,0.4857142857142857,0.6363636363636364,0.04882331354430384,0.569620253164557
neuma,permuted_subjectwise,logreg,4,S23,0.4721275407075882,70,0,0.06863814270269304,0.025797691785471866,0.516365202411714,0.5043018454172493,0.5693367786391043,0.3433996797071608,0.9629629629629629,0.06976744186046512,0.17649833971428575,0.4142857142857143
neuma,permuted_subjectwise,logreg,4,S24,0.4793915793299675,221,0,0.010759559708834653,0.005037307559109583,0.5074019245003701,0.1739958275087275,0.5079570688378978,0.33322784142456274,0.7142857142857143,0.3005181347150259,0.37909805850678735,0.35294117647058826
neuma,permuted_subjectwise,logreg,4,S25,0.4845240783691406,42,0,-0.025816447011230217,-0.023201856148491684,0.48533724340175954,0.3021387517711047,0.39002932551319647,0.46317711503347536,0.45454545454545453,0.5161290322580645,0.25478802095238096,0.5
neuma,permuted_subjectwise,logreg,4,S26,0.4793915793299675,269,0,0.05403341513230448,0.039011146041726286,0.5263513513513514,0.40144253566845556,0.5698198198198198,0.44200132758048455,0.75,0.3027027027027027,0.20738263141263938,0.4423791821561338
neuma,permuted_subjectwise,logreg,4,S27,0.4721275407075882,49,0,0.0,0.0,0.5,0.3391716531253075,0.5489795918367347,0.40816326530612246,0.7142857142857143,0.2857142857142857,0.2110658432653062,0.40816326530612246
neuma,permuted_subjectwise,logreg,4,S28,0.5078663468360901,152,0,-0.10567115112951452,-0.09452332657200824,0.4346790019624334,0.1967697220852609,0.48107653490328006,0.4283595529424228,0.27586206896551724,0.5934959349593496,0.29679918822368423,0.5328947368421053
neuma,permuted_subjectwise,logreg,4,S29,0.4721275407075882,109,0,0.12755234595286982,0.12371594461813307,0.5723615464994776,0.3078282111434679,0.5700104493207941,0.556910569105691,0.4090909090909091,0.735632183908046,0.24187462770642204,0.6697247706422018
neuma,permuted_subjectwise,logreg,4,S30,0.4845240783691406,53,0,0.0928654118116171,0.07640750670241292,0.5413043478260869,0.5590239671970204,0.5623188405797102,0.49486803519061584,0.782608695652174,0.3,0.14274298018867923,0.5094339622641509
neuma,permuted_subjectwise,logreg,4,S31,0.5078663468360901,99,0,0.0034896986465079867,0.0030983733539892144,0.5018099547511312,0.3522590819998258,0.5054298642533935,0.4721082854799016,0.5882352941176471,0.4153846153846154,0.17315079717171725,0.47474747474747475
neuma,permuted_subjectwise,logreg,4,S32,0.5078663468360901,101,0,0.024427733322613967,0.023906408952187208,0.5135212888377445,0.23670911431381875,0.5362485615650172,0.507948717948718,0.3181818181818182,0.7088607594936709,0.266177424059406,0.6237623762376238
neuma,permuted_subjectwise,logreg,4,S33,0.4690516418218612,97,0,0.2486708129174153,0.21263116214610966,0.6290865384615385,0.4120289977209581,0.6230769230769231,0.5756961485116825,0.78125,0.47692307692307695,0.16231454185567007,0.5773195876288659
neuma,permuted_subjectwise,logreg,4,S34,0.4690516418218612,235,0,-0.10747679390225806,-0.04407108569094076,0.4457505657530802,0.24911972894117196,0.4984913251194368,0.259561060408518,0.7317073170731707,0.15979381443298968,0.3559520445957446,0.25957446808510637
neuma,permuted_subjectwise,logreg,4,S35,0.4845240783691406,101,0,-0.19379619998975692,-0.12457640793932545,0.39842105263157895,0.25802640638465624,0.3821052631578947,0.3157584683357879,0.56,0.23684210526315788,0.2794944560396039,0.31683168316831684
neuma,permuted_subjectwise,logreg,4,S36,0.4793915793299675,51,0,0.036649716975523355,0.03608247422680411,0.5194444444444444,0.2991466434646703,0.49259259259259264,0.5147058823529412,0.4,0.6388888888888888,0.1660966894117647,0.5686274509803921
neuma,permuted_subjectwise,logreg,4,S37,0.5078663468360901,66,0,0.03516054232038716,0.03508771929824572,0.5173076923076924,0.41940281580047134,0.4778846153846154,0.5170731707317073,0.38461538461538464,0.65,0.09831036121212126,0.5454545454545454
neuma,permuted_subjectwise,logreg,4,S38,0.4690516418218612,181,0,0.058321686426130885,0.02136146073391232,0.5186301793444651,0.28408976699775235,0.47077922077922074,0.30279110886587524,0.9387755102040817,0.09848484848484848,0.32440756425414363,0.3259668508287293
neuma,permuted_subjectwise,logreg,4,S39,0.5078663468360901,39,0,-0.11385500851066221,-0.10852713178294571,0.44166666666666665,0.40434796365830844,0.4722222222222222,0.43253968253968256,0.4666666666666667,0.4166666666666667,0.13313652846153845,0.4358974358974359
neuma,permuted_subjectwise,logreg,4,S40,0.4690516418218612,65,0,0.012745318548364543,0.01273885350318471,0.5064102564102564,0.380843490262915,0.4003944773175543,0.5062484685126194,0.4230769230769231,0.5897435897435898,0.1303525944615385,0.5230769230769231
neuma,permuted_subjectwise,logreg,4,S41,0.4721275407075882,48,0,0.15086730182827146,0.12380952380952381,0.5722222222222222,0.3909327821202926,0.5203703703703704,0.5189542483660131,0.7777777777777778,0.36666666666666664,0.17248551520833338,0.5208333333333334
neuma,permuted_subjectwise,logreg,4,S42,0.4793915793299675,63,0,-0.10229563179740238,-0.06970509383378021,0.45894736842105266,0.48823220313384014,0.5305263157894737,0.37,0.76,0.15789473684210525,0.17700485095238094,0.3968253968253968
neuma,permuted_subjectwise,logreg,4,S43,0.4690516418218612,86,0,-0.0104179384652999,-0.00765184122429452,0.49413919413919416,0.2745714297745755,0.5413919413919414,0.4207560137457045,0.6190476190476191,0.36923076923076925,0.2540701795348837,0.43023255813953487
neuma,permuted_subjectwise,logreg,4,S44,0.4793915793299675,82,0,0.006878337206139198,0.003668042182484954,0.5037878787878788,0.24165317274710849,0.5331439393939393,0.3512464546947306,0.75,0.25757575757575757,0.32280519548780484,0.35365853658536583
neuma,permuted_subjectwise,svm_rbf,0,S01,0.3339737223296142,69,0,0.0,0.0,0.5,0.2949317084130275,0.48148148148148145,0.43902439024390244,0.0,1.0,0.0628470984802959,0.782608695652174
neuma,permuted_subjectwise,svm_rbf,0,S02,0.2885071203252178,63,0,0.0,0.0,0.5,0.3844190308764876,0.4342403628117914,0.4,0.0,1.0,0.08429418970390992,0.6666666666666666
neuma,permuted_subjectwise,svm_rbf,0,S03,0.2885071203252178,65,0,0.0,0.0,0.5,0.36672421689111023,0.5548469387755102,0.4298245614035088,0.0,1.0,0.052427679083244735,0.7538461538461538
neuma,permuted_subjectwise,svm_rbf,0,S05,0.3339737223296142,85,0,0.0,0.0,0.5,0.13425565701508144,0.4209401709401709,0.4585987261146497,0.0,1.0,0.11063148842296479,0.8470588235294118
neuma,permuted_subjectwise,svm_rbf,0,S06,0.338396122057066,139,0,0.06902114351624686,0.050731707317072994,0.5196969696969698,0.3220298993499686,0.5535353535353535,0.48789473684210527,0.1,0.9393939393939394,0.011419918604783239,0.697841726618705
neuma,permuted_subjectwise,svm_rbf,0,S07,0.2632536231328063,86,0,-0.05185629788417315,-0.02237762237762242,0.4928571428571429,0.19684425004396228,0.43660714285714286,0.44516129032258067,0.0,0.9857142857142858,0.07306461605559555,0.8023255813953488
neuma,permuted_subjectwise,svm_rbf,0,S08,0.338396122057066,83,0,-0.06426978934295066,-0.02354260089686111,0.49193548387096775,0.3115699005992283,0.5913978494623656,0.4236111111111111,0.0,0.9838709677419355,0.035149645238500685,0.7349397590361446
neuma,permuted_subjectwise,svm_rbf,0,S09,0.2632536231328063,120,0,-0.11503266569846046,-0.07608695652173925,0.47282608695652173,0.22172193591997122,0.48641304347826086,0.42028985507246375,0.0,0.9456521739130435,0.02609065941644867,0.725
neuma,permuted_subjectwise,svm_rbf,0,S10,0.338396122057066,273,0,0.06771568135368523,0.023255813953488413,0.5073529411764706,0.19787303735711592,0.4293421510616081,0.4656729900632339,0.019230769230769232,0.995475113122172,0.08892486956023143,0.8095238095238095
neuma,permuted_subjectwise,svm_rbf,0,S12,0.2885071203252178,103,0,0.0,0.0,0.5,0.2827124898501942,0.5385714285714286,0.42134831460674155,0.0,1.0,0.033864767219037,0.7281553398058253
neuma,permuted_subjectwise,svm_rbf,0,S13,0.3607329500009586,315,0,0.01867184060047559,0.006152389966871952,0.5020918257884575,0.25559556133953887,0.49983909032396484,0.4392024212212925,0.012658227848101266,0.9915254237288136,0.03722497632614097,0.746031746031746
neuma,permuted_subjectwise,svm_rbf,0,S14,0.3339737223296142,55,0,0.0,0.0,0.5,0.3412119337346197,0.5483333333333333,0.42105263157894735,0.0,1.0,0.03699278394825709,0.7272727272727273
neuma,permuted_subjectwise,svm_rbf,0,S15,0.3607329500009586,215,0,-0.06804138174397717,-0.018428395302056977,0.4930555555555556,0.3395236664992677,0.4937402190923318,0.39775910364145656,0.0,0.9861111111111112,0.10627581496644553,0.6604651162790698
neuma,permuted_subjectwise,svm_rbf,0,S16,0.2885071203252178,224,0,-0.06572242744002035,-0.033778476040848604,0.4889502762430939,0.18344614278755397,0.49261210330206856,0.44139650872817954,0.0,0.9779005524861878,0.05285575597417951,0.7901785714285714
neuma,permuted_subjectwise,svm_rbf,0,S17,0.3607329500009586,90,0,-0.1411862416005035,-0.08391608391608396,0.46825396825396826,0.31001564783251356,0.4955908289241623,0.3959731543624161,0.0,0.9365079365079365,0.05111278343470148,0.6555555555555556
neuma,permuted_subjectwise,svm_rbf,0,S18,0.2632536231328063,56,0,0.20672455764868078,0.08196721311475419,0.5384615384615384,0.5377658548685584,0.5256410256410257,0.4285714285714286,0.07692307692307693,1.0,0.2032631038839291,0.5714285714285714
neuma,permuted_subjectwise,svm_rbf,0,S19,0.338396122057066,118,0,-0.0685248288864193,-0.0455696202531648,0.485,0.17408255376840912,0.5377777777777778,0.4511627906976744,0.0,0.97,0.13041461320859582,0.8220338983050848
neuma,permuted_subjectwise,svm_rbf,0,S20,0.3339737223296142,56,0,0.20423327335800123,0.0800821355236141,0.5294117647058824,0.35666394543239566,0.5067873303167421,0.47044917257683216,0.058823529411764705,1.0,0.05908791997773697,0.7142857142857143
neuma,permuted_subjectwise,svm_rbf,0,S21,0.2885071203252178,135,0,-0.02651974176527183,-0.015841584158415856,0.4942857142857143,0.2484880975703338,0.4848571428571428,0.4423913043478261,0.02857142857142857,0.96,0.030239749208133188,0.7185185185185186
neuma,permuted_subjectwise,svm_rbf,0,S22,0.3607329500009586,79,0,0.018480843468516504,0.0064678404599352035,0.5029220779220779,0.5071043727167145,0.5272727272727273,0.3823989278534733,0.02857142857142857,0.9772727272727273,0.1749884401741282,0.5569620253164557
neuma,permuted_subjectwise,svm_rbf,0,S23,0.3339737223296142,70,0,-0.13589647625005566,-0.05619146722164414,0.47674418604651164,0.29781249197208703,0.31352282515073215,0.36936936936936937,0.0,0.9534883720930233,0.14859227060416516,0.5857142857142857
neuma,permuted_subjectwise,svm_rbf,0,S24,0.3339737223296142,221,0,-0.05171309012673961,-0.032710280373831946,0.4896373056994819,0.13728946508860276,0.5309030347890451,0.4609756097560976,0.0,0.9792746113989638,0.14502930907301284,0.8552036199095022
neuma,permuted_subjectwise,svm_rbf,0,S25,0.338396122057066,42,0,-0.13319885691653277,-0.08764940239043817,0.46774193548387094,0.24983117840437832,0.3841642228739003,0.4084507042253521,0.0,0.9354838709677419,0.08008842663662091,0.6904761904761905
neuma,permuted_subjectwise,svm_rbf,0,S26,0.3339737223296142,269,0,-0.04116104402196103,-0.007401859276556344,0.4972972972972973,0.31739710842213364,0.4973616473616474,0.40618101545253865,0.0,0.9945945945945946,0.05145292880644704,0.6840148698884758
neuma,permuted_subjectwise,svm_rbf,0,S27,0.2632536231328063,49,0,0.0,0.0,0.5,0.4535606146097657,0.4938775510204082,0.4166666666666667,0.0,1.0,0.026554701249654256,0.7142857142857143
neuma,permuted_subjectwise,svm_rbf,0,S28,0.2885071203252178,152,0,-0.08955148211940178,-0.05945059450594492,0.4796747967479675,0.1927135503152598,0.48808522567984297,0.43703703703703706,0.0,0.959349593495935,0.050524760135609866,0.7763157894736842
neuma,permuted_subjectwise,svm_rbf,0,S29,0.338396122057066,109,0,0.011908493220291473,0.011487303506650504,0.5049634273772206,0.22455105755282456,0.5151515151515151,0.5009157509157509,0.13636363636363635,0.8735632183908046,0.09786354351947664,0.7247706422018348
neuma,permuted_subjectwise,svm_rbf,0,S30,0.2885071203252178,53,0,-0.17339365466222856,-0.07461476074614781,0.4666666666666667,0.36479528009947615,0.3884057971014493,0.345679012345679,0.0,0.9333333333333333,0.1945256927049604,0.5283018867924528
neuma,permuted_subjectwise,svm_rbf,0,S31,0.338396122057066,99,0,0.0,0.0,0.5,0.44134088224288126,0.5723981900452488,0.39634146341463417,0.0,1.0,0.07670660653051742,0.6565656565656566
neuma,permuted_subjectwise,svm_rbf,0,S32,0.2885071203252178,101,0,-0.05277130021690084,-0.01930671347082047,0.4936708860759494,0.26410786236511063,0.520138089758343,0.43575418994413406,0.0,0.9873417721518988,0.033650299673026435,0.7722772277227723
neuma,permuted_subjectwise,svm_rbf,0,S33,0.2632536231328063,97,0,-0.10180556207612444,-0.0403785488958992,0.4846153846153846,0.4137380477180366,0.5908653846153846,0.39375,0.0,0.9692307692307692,0.06982895205767503,0.6494845360824743
neuma,permuted_subjectwise,svm_rbf,0,S34,0.2632536231328063,235,0,-0.0522766438649124,-0.0243709134139094,0.49226804123711343,0.20034404336738257,0.5280362081971335,0.44835680751173707,0.0,0.9845360824742269,0.0844605149403648,0.8127659574468085
neuma,permuted_subjectwise,svm_rbf,0,S35,0.3607329500009586,101,0,0.0,0.0,0.5,0.31025298245266,0.5468421052631579,0.4293785310734463,0.0,1.0,0.02935279446612191,0.7524752475247525
neuma,permuted_subjectwise,svm_rbf,0,S36,0.3607329500009586,51,0,0.07661308776828737,0.06206896551724139,0.525,0.29589629059597095,0.45740740740740743,0.5024390243902439,0.13333333333333333,0.9166666666666666,0.0724548108414638,0.6862745098039216
neuma,permuted_subjectwise,svm_rbf,0,S37,0.2885071203252178,66,0,-0.1,-0.03005780346820819,0.4875,0.36812908864451666,0.44711538461538464,0.37142857142857144,0.0,0.975,0.15481747773725474,0.5909090909090909
neuma,permuted_subjectwise,svm_rbf,0,S38,0.2632536231328063,181,0,0.0,0.0,0.5,0.3364267685655147,0.5494743351886209,0.4217252396166134,0.0,1.0,0.012922876287788432,0.7292817679558011
neuma,permuted_subjectwise,svm_rbf,0,S39,0.3339737223296142,39,0,0.0,0.0,0.5,0.47080225268089737,0.45555555555555555,0.38095238095238093,0.0,1.0,0.13190663711957512,0.6153846153846154
neuma,permuted_subjectwise,svm_rbf,0,S40,0.338396122057066,65,0,0.036369648372665396,0.015151515151515138,0.5064102564102564,0.4737424361173861,0.6193293885601577,0.40826330532212884,0.038461538461538464,0.9743589743589743,0.10774209626685222,0.6
neuma,permuted_subjectwise,svm_rbf,0,S41,0.3607329500009586,48,0,0.0,0.0,0.5,0.4417393856324837,0.5037037037037037,0.38461538461538464,0.0,1.0,0.1495130397908073,0.625
neuma,permuted_subjectwise,svm_rbf,0,S42,0.2632536231328063,63,0,0.038185777203993035,0.016239850093691333,0.5068421052631579,0.4154772252514856,0.4347368421052632,0.4107744107744108,0.04,0.9736842105263158,0.13690122603184107,0.6031746031746031
neuma,permuted_subjectwise,svm_rbf,0,S43,0.2632536231328063,86,0,0.0029890057336209126,0.0020181634712410634,0.5007326007326007,0.29004825214921437,0.5296703296703297,0.4617687074829932,0.047619047619047616,0.9538461538461539,0.015942938884441316,0.7325581395348837
neuma,permuted_subjectwise,svm_rbf,0,S44,0.3339737223296142,82,0,0.0,0.0,0.5,0.41030509073946275,0.6534090909090909,0.44594594594594594,0.0,1.0,0.09061914388993651,0.8048780487804879
neuma,permuted_subjectwise,svm_rbf,1,S01,0.3649305235350289,69,0,-0.011785113019775792,-0.009756097560975618,0.4962962962962963,0.2395313714684785,0.4740740740740741,0.473728813559322,0.06666666666666667,0.9259259259259259,0.12115316701274786,0.7391304347826086
neuma,permuted_subjectwise,svm_rbf,1,S02,0.3550907866642233,63,0,0.0,0.0,0.5,0.42952587210911775,0.5691609977324262,0.4338235294117647,0.047619047619047616,0.9523809523809523,0.059476333038249,0.6507936507936508
neuma,permuted_subjectwise,svm_rbf,1,S03,0.3550907866642233,65,0,-0.07142857142857142,-0.029822926374650338,0.4897959183673469,0.3020446642344046,0.4719387755102041,0.4247787610619469,0.0,0.9795918367346939,0.03954073190193354,0.7384615384615385
neuma,permuted_subjectwise,svm_rbf,1,S05,0.271552363817051,85,0,0.046362386688682235,0.004289721168124205,0.5069444444444444,0.21429350588980053,0.42628205128205127,0.14771924869368733,1.0,0.013888888888888888,0.14658450548032634,0.16470588235294117
neuma,permuted_subjectwise,svm_rbf,1,S06,0.3649305235350289,139,0,-0.10941465864829575,-0.055210489993098744,0.4797979797979798,0.2519615015494373,0.4398989898989899,0.405982905982906,0.0,0.9595959595959596,0.09233828963513255,0.6834532374100719
neuma,permuted_subjectwise,svm_rbf,1,S07,0.3550907866642233,86,0,0.0,0.0,0.5,0.24428295183790463,0.5991071428571428,0.44871794871794873,0.0,1.0,0.05696174361972266,0.813953488372093
neuma,permuted_subjectwise,svm_rbf,1,S08,0.271552363817051,83,0,-0.08927314963459566,-0.016192733017377448,0.4842549923195084,0.21712423640748324,0.41781874039938555,0.21170343137254902,0.9523809523809523,0.016129032258064516,0.031153228156287315,0.25301204819277107
neuma,permuted_subjectwise,svm_rbf,1,S09,0.3550907866642233,120,0,-0.05057217374241737,-0.016355140186915973,0.4945652173913043,0.20647582317961108,0.42934782608695654,0.4312796208530806,0.0,0.9891304347826086,0.05808000235507761,0.7583333333333333
neuma,permuted_subjectwise,svm_rbf,1,S10,0.28390595824944,273,0,-0.05850573384288867,-0.04326923076923084,0.4847285067873303,0.22109664705513174,0.5682213713887923,0.45130964730290457,0.019230769230769232,0.9502262443438914,0.07036505146620364,0.7728937728937729
neuma,permuted_subjectwise,svm_rbf,1,S12,0.28390595824944,103,0,0.0,0.0,0.5,0.24723326088597652,0.43,0.42134831460674155,0.0,1.0,0.015088214297727331,0.7281553398058253
neuma,permuted_subjectwise,svm_rbf,1,S13,0.239914472259116,315,0,0.012888270002844945,0.011364335678680448,0.5074286633769578,0.2934727780410559,0.5536365586783952,0.47710184552289814,0.4936708860759494,0.5211864406779662,0.011261784514843914,0.5142857142857142
neuma,permuted_subjectwise,svm_rbf,1,S14,0.271552363817051,55,0,0.08333333333333333,0.01379310344827589,0.5125,0.3182021023725829,0.5383333333333332,0.2417815482502651,1.0,0.025,0.009831196650392837,0.2909090909090909
neuma,permuted_subjectwise,svm_rbf,1,S15,0.239914472259116,215,0,0.011800754764749755,0.011778224648089752,0.5060152582159625,0.35264784545562655,0.48043818466353677,0.5054629097182288,0.36619718309859156,0.6458333333333334,0.09261598795532044,0.5534883720930233
neuma,permuted_subjectwise,svm_rbf,1,S16,0.271552363817051,224,0,-0.13738921057339018,-0.008959065485323991,0.4883720930232558,0.2203773285108016,0.5093151740973918,0.15789473684210525,0.9767441860465116,0.0,0.0912032186064349,0.1875
neuma,permuted_subjectwise,svm_rbf,1,S17,0.239914472259116,90,0,-0.04528334128517262,-0.04477611940298498,0.47619047619047616,0.2808776126903424,0.4609053497942387,0.475,0.3333333333333333,0.6190476190476191,0.06216827129456601,0.5333333333333333
neuma,permuted_subjectwise,svm_rbf,1,S18,0.3550907866642233,56,0,0.14484136487558028,0.041095890410958846,0.5192307692307693,0.5003408487798726,0.4846153846153846,0.3899782135076253,0.038461538461538464,1.0,0.22185844443462227,0.5535714285714286
neuma,permuted_subjectwise,svm_rbf,1,S19,0.28390595824944,118,0,-0.0685248288864193,-0.0455696202531648,0.485,0.21588758902264515,0.56,0.4511627906976744,0.0,0.97,0.10662415933516459,0.8220338983050848
neuma,permuted_subjectwise,svm_rbf,1,S20,0.239914472259116,56,0,-0.03208634291174221,-0.028151774785801553,0.48265460030165913,0.3421554765395969,0.4509803921568628,0.453125,0.5294117647058824,0.4358974358974359,0.06302883276260385,0.4642857142857143
neuma,permuted_subjectwise,svm_rbf,1,S21,0.28390595824944,135,0,0.0,0.0,0.5,0.30129457837961343,0.5285714285714285,0.425531914893617,0.0,1.0,0.0037726848918578915,0.7407407407407407
neuma,permuted_subjectwise,svm_rbf,1,S22,0.28390595824944,79,0,-0.2395969955234479,-0.1658468025298665,0.4233766233766234,0.4062606591748017,0.4636363636363636,0.3385167464114832,0.02857142857142857,0.8181818181818182,0.17897353781323982,0.46835443037974683
neuma,permuted_subjectwise,svm_rbf,1,S23,0.28390595824944,70,0,0.0,0.0,0.5,0.47879513040586347,0.5271317829457364,0.3805309734513274,0.0,1.0,0.13340740418636982,0.6142857142857143
neuma,permuted_subjectwise,svm_rbf,1,S24,0.3649305235350289,221,0,-0.09126785445006846,-0.0822722820763957,0.4689119170984456,0.09629271311658394,0.3506661732050333,0.4502487562189055,0.0,0.9378238341968912,0.14238463949015082,0.8190045248868778
neuma,permuted_subjectwise,svm_rbf,1,S25,0.271552363817051,42,0,0.0,0.0,0.5,0.24844262021295516,0.4457478005865103,0.20754716981132076,1.0,0.0,0.019367372544079442,0.2619047619047619
neuma,permuted_subjectwise,svm_rbf,1,S26,0.3649305235350289,269,0,-0.01650807232119289,-0.005826086956521648,0.49784427284427285,0.3252848399802807,0.4877734877734878,0.4158080808080808,0.011904761904761904,0.9837837837837838,0.06627989627838579,0.6802973977695167
neuma,permuted_subjectwise,svm_rbf,1,S27,0.271552363817051,49,0,0.0,0.0,0.5,0.37594552228794975,0.4714285714285714,0.2222222222222222,1.0,0.0,0.0015799881013030537,0.2857142857142857
neuma,permuted_subjectwise,svm_rbf,1,S28,0.271552363817051,152,0,-0.11050202178970245,-0.024966562639322287,0.46860106532099804,0.17138288353373385,0.4580880291561536,0.1884569562723382,0.896551724137931,0.04065040650406504,0.09150999236830473,0.20394736842105263
neuma,permuted_subjectwise,svm_rbf,1,S29,0.271552363817051,109,0,0.0,0.0,0.5,0.2811045764383603,0.5950888192267503,0.16793893129770993,1.0,0.0,0.08531589563024294,0.2018348623853211
neuma,permuted_subjectwise,svm_rbf,1,S30,0.271552363817051,53,0,0.0,0.0,0.5,0.3961510012213252,0.42318840579710143,0.3026315789473684,1.0,0.0,0.14935607487469754,0.4339622641509434
neuma,permuted_subjectwise,svm_rbf,1,S31,0.28390595824944,99,0,-0.07305833027953698,-0.020017662643509126,0.49230769230769234,0.30310079282102287,0.4411764705882353,0.39263803680981596,0.0,0.9846153846153847,0.09015428259845548,0.6464646464646465
neuma,permuted_subjectwise,svm_rbf,1,S32,0.28390595824944,101,0,-0.09233054185330736,-0.05516088591725854,0.4810126582278481,0.19332363313823514,0.4136939010356732,0.4293785310734463,0.0,0.9620253164556962,0.04233085393328509,0.7524752475247525
neuma,permuted_subjectwise,svm_rbf,1,S33,0.3649305235350289,97,0,0.07503101095853006,0.040791100123609425,0.5158653846153847,0.4086679988015598,0.5855769230769231,0.45428973277074547,0.0625,0.9692307692307692,0.054394838221772324,0.6701030927835051
neuma,permuted_subjectwise,svm_rbf,1,S34,0.3550907866642233,235,0,-0.11570681639459131,-0.09747813534856076,0.4639175257731959,0.1437839413173282,0.4067136032185064,0.43373493975903615,0.0,0.9278350515463918,0.10993308810304324,0.7659574468085106
neuma,permuted_subjectwise,svm_rbf,1,S35,0.271552363817051,101,0,-0.11447752261247901,-0.0349774559366034,0.46631578947368424,0.24800788096244258,0.47263157894736846,0.23306672066416928,0.88,0.05263157894736842,0.03288915578250462,0.25742574257425743
neuma,permuted_subjectwise,svm_rbf,1,S36,0.3550907866642233,51,0,0.21908902300206645,0.09160305343511443,0.5333333333333333,0.3830438751763835,0.5296296296296297,0.4811046511627907,0.06666666666666667,1.0,0.09148489385890322,0.7254901960784313
neuma,permuted_subjectwise,svm_rbf,1,S37,0.3649305235350289,66,0,-0.1,-0.03005780346820819,0.4875,0.37651626584278014,0.47211538461538466,0.37142857142857144,0.0,0.975,0.1432989952436522,0.5909090909090909
neuma,permuted_subjectwise,svm_rbf,1,S38,0.3550907866642233,181,0,0.0545445764150019,0.018372993912562197,0.5064162028447743,0.28989314149857914,0.4955163883735313,0.4408297080890234,0.02040816326530612,0.9924242424242424,0.03244492788251728,0.7292817679558011
neuma,permuted_subjectwise,svm_rbf,1,S39,0.3649305235350289,39,0,0.2940858488375231,0.15920398009950243,0.5666666666666667,0.4562654836996942,0.41666666666666663,0.5110896817743491,0.13333333333333333,1.0,0.13489968886060494,0.6666666666666666
neuma,permuted_subjectwise,svm_rbf,1,S40,0.239914472259116,65,0,-0.0784062560233975,-0.044776119402985204,0.4807692307692308,0.4955727573749797,0.6025641025641025,0.3933333333333333,0.038461538461538464,0.9230769230769231,0.16890991160586794,0.5692307692307692
neuma,permuted_subjectwise,svm_rbf,1,S41,0.3550907866642233,48,0,0.0,0.0,0.5,0.3261468813433962,0.40555555555555556,0.38461538461538464,0.0,1.0,0.16400465675361697,0.625
neuma,permuted_subjectwise,svm_rbf,1,S42,0.271552363817051,63,0,-0.0019051939705278706,-0.0008587376556463688,0.49947368421052635,0.42878455340833577,0.5263157894736843,0.3468758755954049,0.92,0.07894736842105263,0.11598996120276633,0.4126984126984127
neuma,permuted_subjectwise,svm_rbf,1,S43,0.3550907866642233,86,0,-0.070210318582501,-0.057710501419110605,0.4776556776556776,0.2445765023294765,0.5135531135531135,0.4454365079365079,0.047619047619047616,0.9076923076923077,0.05378356700037348,0.6976744186046512
neuma,permuted_subjectwise,svm_rbf,1,S44,0.239914472259116,82,0,-0.2956289691428893,-0.2201010668163954,0.3143939393939394,0.2518420963841741,0.36458333333333337,0.30829221709374505,0.25,0.3787878787878788,0.04515765894429713,0.35365853658536583
neuma,permuted_subjectwise,svm_rbf,2,S01,0.230333430379148,69,0,0.0,0.0,0.5,0.2551283004948366,0.5345679012345679,0.17857142857142858,1.0,0.0,0.03901088940975464,0.21739130434782608
neuma,permuted_subjectwise,svm_rbf,2,S02,0.243070488746262,63,0,-0.2773500981126146,-0.26315789473684204,0.38095238095238093,0.22989483190985263,0.22448979591836732,0.3554987212276215,0.047619047619047616,0.7142857142857143,0.10070788661579225,0.49206349206349204
neuma,permuted_subjectwise,svm_rbf,2,S03,0.2868592442592688,65,0,0.0,0.0,0.5,0.24942027951468848,0.45663265306122447,0.4298245614035088,0.0,1.0,0.0072012455231419414,0.7538461538461538
neuma,permuted_subjectwise,svm_rbf,2,S05,0.230333430379148,85,0,0.06596011126769816,0.008663778740420014,0.5138888888888888,0.16577519515692585,0.5117521367521367,0.16244369369369369,1.0,0.027777777777777776,0.1000834535448602,0.17647058823529413
neuma,permuted_subjectwise,svm_rbf,2,S06,0.2868592442592688,139,0,-0.021632082978752777,-0.019458164945367562,0.4917929292929293,0.2796479005756688,0.4454545454545454,0.4728736165931429,0.125,0.8585858585858586,0.021449102936522222,0.6474820143884892
neuma,permuted_subjectwise,svm_rbf,2,S07,0.2321609591610246,86,0,0.09089344255870231,0.01638784568111984,0.5214285714285715,0.23532482385855047,0.6017857142857144,0.20271205202712053,1.0,0.04285714285714286,0.06446532884481804,0.22093023255813954
neuma,permuted_subjectwise,svm_rbf,2,S08,0.2868592442592688,83,0,-0.03087343024518298,-0.022587268993839782,0.4915514592933947,0.28140193507737365,0.5138248847926268,0.4527472527472528,0.047619047619047616,0.9354838709677419,0.001957443287295191,0.7108433734939759
neuma,permuted_subjectwise,svm_rbf,2,S09,0.2321609591610246,120,0,-0.23598744169812338,-0.03372434017595305,0.4642857142857143,0.24511030959055088,0.45263975155279496,0.1780821917808219,0.9285714285714286,0.0,0.014837423461527777,0.21666666666666667
neuma,permuted_subjectwise,svm_rbf,2,S10,0.2408703649191337,273,0,-0.039344473768231684,-0.006153846153846176,0.49208144796380093,0.2624171582248068,0.5690045248868778,0.1791625289639192,0.9615384615384616,0.02262443438914027,0.08412403532017806,0.20146520146520147
neuma,permuted_subjectwise,svm_rbf,2,S12,0.2408703649191337,103,0,0.0,0.0,0.5,0.34667902205353857,0.5804761904761905,0.21374045801526717,1.0,0.0,0.019856116265459335,0.27184466019417475
neuma,permuted_subjectwise,svm_rbf,2,S13,0.243070488746262,315,0,-0.03901966122210314,-0.03149665915844846,0.47768719158978756,0.2432479106107554,0.45730529929199737,0.43152063925892703,0.5316455696202531,0.423728813559322,0.005873738148227864,0.4507936507936508
neuma,permuted_subjectwise,svm_rbf,2,S14,0.2408703649191337,55,0,-0.09913144821476802,-0.023255813953488413,0.4791666666666667,0.2456836570296735,0.4116666666666666,0.22969187675070027,0.9333333333333333,0.025,0.015933963789570262,0.2727272727272727
neuma,permuted_subjectwise,svm_rbf,2,S15,0.243070488746262,215,0,0.15816295987118043,0.15200531797030803,0.5838712832550861,0.37072863061054273,0.5496870109546166,0.5679514100566732,0.5774647887323944,0.5902777777777778,0.08902145711688805,0.586046511627907
neuma,permuted_subjectwise,svm_rbf,2,S16,0.2868592442592688,224,0,0.0556955910462272,0.053941908713692976,0.5233842991134524,0.20938016780725072,0.4368495438776821,0.5229947323196473,0.16279069767441862,0.8839779005524862,0.07661586853239521,0.7455357142857143
neuma,permuted_subjectwise,svm_rbf,2,S17,0.243070488746262,90,0,-0.164021164021164,-0.16402116402116418,0.417989417989418,0.29424161360263246,0.47442680776014107,0.417989417989418,0.18518518518518517,0.6507936507936508,0.06353803649333811,0.5111111111111111
neuma,permuted_subjectwise,svm_rbf,2,S18,0.2321609591610246,56,0,0.0,0.0,0.5,0.4863523279994876,0.5153846153846154,0.3170731707317073,1.0,0.0,0.2055554476402966,0.4642857142857143
neuma,permuted_subjectwise,svm_rbf,2,S19,0.2408703649191337,118,0,0.03922322702763681,0.003072196620583778,0.505,0.1488339611564472,0.4544444444444445,0.14323432343234324,1.0,0.01,0.12790126332246282,0.16101694915254236
neuma,permuted_subjectwise,svm_rbf,2,S20,0.2868592442592688,56,0,-0.15707781437166546,-0.10019646365422386,0.46153846153846156,0.28805134587756714,0.48567119155354455,0.391304347826087,0.0,0.9230769230769231,0.04969349328859318,0.6428571428571429
neuma,permuted_subjectwise,svm_rbf,2,S21,0.2408703649191337,135,0,-0.20727892860286048,-0.029917726252804755,0.4714285714285714,0.2996004404392058,0.4925714285714286,0.19642857142857142,0.9428571428571428,0.0,0.012083484902359417,0.24444444444444444
neuma,permuted_subjectwise,svm_rbf,2,S22,0.2868592442592688,79,0,0.196929660469406,0.14220665499124352,0.5659090909090909,0.5733824918955376,0.624025974025974,0.5183874139626352,0.2,0.9318181818181818,0.17746505927445794,0.6075949367088608
neuma,permuted_subjectwise,svm_rbf,2,S23,0.2408703649191337,70,0,-0.15192449462334673,-0.02872411489645965,0.48148148148148145,0.4680598780704241,0.5099052540913006,0.2708333333333333,0.9629629629629629,0.0,0.09402194473948523,0.37142857142857144
neuma,permuted_subjectwise,svm_rbf,2,S24,0.230333430379148,221,0,0.03639932261490915,0.0026463152423031877,0.5051813471502591,0.10734431644047016,0.42616580310880825,0.12361673414304994,1.0,0.010362694300518135,0.13039853529190293,0.13574660633484162
neuma,permuted_subjectwise,svm_rbf,2,S25,0.243070488746262,42,0,0.03829197905337418,0.037735849056603876,0.5205278592375366,0.39848952222203204,0.5718475073313783,0.5159322033898305,0.36363636363636365,0.6774193548387096,0.02418152352590225,0.5952380952380952
neuma,permuted_subjectwise,svm_rbf,2,S26,0.230333430379148,269,0,0.033339913940348756,0.006130734876167332,0.5048584298584299,0.341843253087579,0.5232947232947233,0.2595583787053841,0.9880952380952381,0.021621621621621623,0.05312517782444737,0.32342007434944237
neuma,permuted_subjectwise,svm_rbf,2,S27,0.2408703649191337,49,0,-0.08730378697119727,-0.045248868778280604,0.4642857142857143,0.45436701645282684,0.5285714285714286,0.31627906976744186,0.7857142857142857,0.14285714285714285,0.06069425350140807,0.32653061224489793
neuma,permuted_subjectwise,svm_rbf,2,S28,0.2868592442592688,152,0,0.0,0.0,0.5,0.3300035297138109,0.5873282870759742,0.44727272727272727,0.0,1.0,0.04914643734661911,0.8092105263157895
neuma,permuted_subjectwise,svm_rbf,2,S29,0.2868592442592688,109,0,-0.11055056684347353,-0.11010184420589053,0.4477533960292581,0.19763179814330817,0.46760710553814006,0.4442607137935786,0.09090909090909091,0.8045977011494253,0.06713200570447964,0.6605504587155964
neuma,permuted_subjectwise,svm_rbf,2,S30,0.243070488746262,53,0,0.06902218064991947,0.06881405563689613,0.5340579710144927,0.5299776339191141,0.5492753623188406,0.533724340175953,0.43478260869565216,0.6333333333333333,0.1941908667921175,0.5471698113207547
neuma,permuted_subjectwise,svm_rbf,2,S31,0.230333430379148,99,0,0.05264497328966635,0.02527075812274371,0.517420814479638,0.37727579100585934,0.5298642533936652,0.35936151855047455,0.9117647058823529,0.12307692307692308,0.09830756972631113,0.3939393939393939
neuma,permuted_subjectwise,svm_rbf,2,S32,0.2408703649191337,101,0,0.07500586006173492,0.01118881118881132,0.5126582278481012,0.24156343737840094,0.4994246260069045,0.20650953984287318,1.0,0.02531645569620253,0.05867694835672025,0.2376237623762376
neuma,permuted_subjectwise,svm_rbf,2,S33,0.2321609591610246,97,0,0.0,0.0,0.5,0.3738533943320663,0.5326923076923077,0.24806201550387597,1.0,0.0,0.07297548155165923,0.32989690721649484
neuma,permuted_subjectwise,svm_rbf,2,S34,0.2321609591610246,235,0,0.0,0.0,0.5,0.19471737164549838,0.4538596932361077,0.14855072463768115,1.0,0.0,0.08146182376968328,0.17446808510638298
neuma,permuted_subjectwise,svm_rbf,2,S35,0.243070488746262,101,0,-0.0046443857764751585,-0.0035486160397444344,0.49736842105263157,0.24607969396947432,0.5121052631578946,0.43303929430633525,0.6,0.39473684210526316,0.00048474774531936937,0.44554455445544555
neuma,permuted_subjectwise,svm_rbf,2,S36,0.2321609591610246,51,0,0.13041013273932525,0.03344481605351157,0.5277777777777778,0.24148950314153433,0.3685185185185185,0.2870065789473684,1.0,0.05555555555555555,0.03741118461413667,0.3333333333333333
neuma,permuted_subjectwise,svm_rbf,2,S37,0.2868592442592688,66,0,0.0,0.0,0.5,0.4240991790775761,0.4980769230769231,0.37735849056603776,0.0,1.0,0.14715762979966004,0.6060606060606061
neuma,permuted_subjectwise,svm_rbf,2,S38,0.2321609591610246,181,0,0.024966439275565484,0.006826528407863353,0.5061069882498453,0.3439364973745332,0.5513296227581941,0.2623150733288405,0.9591836734693877,0.05303030303030303,0.02061742338318434,0.2983425414364641
neuma,permuted_subjectwise,svm_rbf,2,S39,0.230333430379148,39,0,-0.20519567041703082,-0.05177993527508096,0.4666666666666667,0.4134298693406852,0.48611111111111105,0.2641509433962264,0.9333333333333333,0.0,0.12387953484760528,0.358974358974359
neuma,permuted_subjectwise,svm_rbf,2,S40,0.230333430379148,65,0,0.0,0.0,0.5,0.47231161111483044,0.5650887573964498,0.2857142857142857,1.0,0.0,0.12339488159902227,0.4
neuma,permuted_subjectwise,svm_rbf,2,S41,0.2408703649191337,48,0,0.0,0.0,0.5,0.3780486343053373,0.5037037037037037,0.2727272727272727,1.0,0.0,0.08190256162710467,0.375
neuma,permuted_subjectwise,svm_rbf,2,S42,0.2321609591610246,63,0,-0.06842105263157895,-0.03367875647668406,0.47947368421052633,0.4003861347676808,0.491578947368421,0.33647450110864746,0.88,0.07894736842105263,0.14702180627443867,0.3968253968253968
neuma,permuted_subjectwise,svm_rbf,2,S43,0.2321609591610246,86,0,0.0,0.0,0.5,0.32962200362235683,0.5714285714285714,0.19626168224299065,1.0,0.0,0.019930442817580385,0.2441860465116279
neuma,permuted_subjectwise,svm_rbf,2,S44,0.230333430379148,82,0,0.0778498944161523,0.012048192771084376,0.5151515151515151,0.4295233517854591,0.6609848484848484,0.19607843137254902,1.0,0.030303030303030304,0.05765437808471835,0.21951219512195122
neuma,permuted_subjectwise,svm_rbf,3,S01,0.2458865148398247,69,0,0.0639137490706142,0.00813669650122062,0.5092592592592593,0.17887628977266462,0.36790123456790125,0.19890470974808325,1.0,0.018518518518518517,0.030242323737566468,0.2318840579710145
neuma,permuted_subjectwise,svm_rbf,3,S02,0.2802222565136516,63,0,-0.21500329089188291,-0.1917808219178081,0.41666666666666663,0.3001154450161198,0.43424036281179135,0.37962648556876066,0.047619047619047616,0.7857142857142857,0.08393629220972523,0.5396825396825397
neuma,permuted_subjectwise,svm_rbf,3,S03,0.2665956699187113,65,0,0.0,0.0,0.5,0.43566483193632743,0.582908163265306,0.4298245614035088,0.0,1.0,0.01831068964800303,0.7538461538461538
neuma,permuted_subjectwise,svm_rbf,3,S05,0.2458865148398247,85,0,-0.05992437462555623,-0.011216859279401747,0.4823717948717949,0.23363191195571176,0.4882478632478633,0.1671332586786114,0.9230769230769231,0.041666666666666664,0.09430550347554306,0.17647058823529413
neuma,permuted_subjectwise,svm_rbf,3,S06,0.2472825765552564,139,0,0.10261115017222841,0.09867493656611215,0.5441919191919191,0.3366959763099275,0.5462121212121211,0.5430245854774157,0.25,0.8383838383838383,0.04084513411367349,0.6690647482014388
neuma,permuted_subjectwise,svm_rbf,3,S07,0.2665956699187113,86,0,0.0,0.0,0.5,0.14973705138120064,0.36517857142857146,0.44871794871794873,0.0,1.0,0.07725045552520038,0.813953488372093
neuma,permuted_subjectwise,svm_rbf,3,S08,0.2472825765552564,83,0,-0.1602463746625647,-0.14915040906230348,0.40898617511520735,0.21319644048883662,0.3832565284178187,0.40714285714285714,0.2857142857142857,0.532258064516129,0.00582228013173039,0.46987951807228917
neuma,permuted_subjectwise,svm_rbf,3,S09,0.2665956699187113,120,0,0.29025692799498215,0.15540540540540548,0.5535714285714286,0.36564747145566995,0.5496894409937888,0.5369655811081957,0.10714285714285714,1.0,0.030961879062025965,0.7916666666666666
neuma,permuted_subjectwise,svm_rbf,3,S10,0.2063684846043705,273,0,0.06625568373916033,0.008741258741258862,0.5113122171945701,0.1752418464093881,0.44735468151757746,0.18462389380530975,1.0,0.02262443438914027,0.10160610680534263,0.2087912087912088
neuma,permuted_subjectwise,svm_rbf,3,S12,0.2063684846043705,103,0,-0.008417937871268422,-0.0027041644131964304,0.4976190476190476,0.4632193478134086,0.5866666666666667,0.27065302911093625,0.9285714285714286,0.06666666666666667,0.034945228282844625,0.30097087378640774
neuma,permuted_subjectwise,svm_rbf,3,S13,0.2802222565136516,315,0,0.04371519963770167,0.018309310479158625,0.5063022956447114,0.2710303233330537,0.47693627976829,0.4505494505494505,0.02531645569620253,0.9872881355932204,0.00571017316475067,0.746031746031746
neuma,permuted_subjectwise,svm_rbf,3,S14,0.2063684846043705,55,0,0.11895773785772162,0.027906976744186074,0.525,0.22456420448326045,0.3616666666666667,0.26820728291316526,1.0,0.05,0.08387944330308059,0.3090909090909091
neuma,permuted_subjectwise,svm_rbf,3,S15,0.2802222565136516,215,0,-0.06804138174397717,-0.018428395302056977,0.4930555555555556,0.2836699942087062,0.4172535211267605,0.39775910364145656,0.0,0.9861111111111112,0.08291864155106826,0.6604651162790698
neuma,permuted_subjectwise,svm_rbf,3,S16,0.2472825765552564,224,0,0.002488260317744063,0.00241917747965692,0.5014133367596043,0.23979567489280784,0.5111139663368881,0.49620991253644314,0.27906976744186046,0.7237569060773481,0.055053365383280845,0.6383928571428571
neuma,permuted_subjectwise,svm_rbf,3,S17,0.2802222565136516,90,0,0.09412416106700233,0.05594405594405594,0.5211640211640212,0.33766253511309274,0.38977072310405647,0.4739121021866205,0.07407407407407407,0.9682539682539683,0.05700464134388469,0.7
neuma,permuted_subjectwise,svm_rbf,3,S18,0.2472825765552564,56,0,0.005128205128205128,0.005076142131979822,0.5025641025641026,0.5629231150372263,0.5320512820512822,0.5,0.5384615384615384,0.4666666666666667,0.21690479395084228,0.5
neuma,permuted_subjectwise,svm_rbf,3,S19,0.2063684846043705,118,0,-0.08121461201353397,-0.011078414401938685,0.4822222222222222,0.2809740460186022,0.6144444444444443,0.14723702460033578,0.9444444444444444,0.02,0.1285929696464661,0.16101694915254236
neuma,permuted_subjectwise,svm_rbf,3,S20,0.2665956699187113,56,0,0.0,0.0,0.5,0.4817599198806502,0.6621417797888386,0.4105263157894737,0.0,1.0,0.040088667041101866,0.6964285714285714
neuma,permuted_subjectwise,svm_rbf,3,S21,0.2063684846043705,135,0,-0.19567989572806993,-0.040030211480362565,0.46214285714285713,0.23340564285417997,0.42514285714285716,0.20238646895273402,0.9142857142857143,0.01,0.07000584034931753,0.24444444444444444
neuma,permuted_subjectwise,svm_rbf,3,S22,0.2458865148398247,79,0,0.0,0.0,0.5,0.34659600430265414,0.3123376623376623,0.30701754385964913,1.0,0.0,0.19507186533768278,0.4430379746835443
neuma,permuted_subjectwise,svm_rbf,3,S23,0.2458865148398247,70,0,0.0,0.0,0.5,0.4035200166663945,0.4857881136950904,0.27835051546391754,1.0,0.0,0.13831078617426135,0.38571428571428573
neuma,permuted_subjectwise,svm_rbf,3,S24,0.2458865148398247,221,0,0.0446820141463343,0.003985008776507537,0.5077720207253886,0.1507165576885082,0.5142487046632125,0.1291272606603617,1.0,0.015544041450777202,0.12058957385897523,0.14027149321266968
neuma,permuted_subjectwise,svm_rbf,3,S25,0.2802222565136516,42,0,0.0,0.0,0.5,0.38274188476834137,0.5865102639296188,0.4246575342465753,0.0,1.0,0.013762381703749132,0.7380952380952381
neuma,permuted_subjectwise,svm_rbf,3,S26,0.2458865148398247,269,0,0.04116104402196103,0.003382731958763041,0.5027027027027027,0.2624906009249889,0.41576576576576574,0.24401270772238515,1.0,0.005405405405405406,0.0647682028175551,0.3159851301115242
neuma,permuted_subjectwise,svm_rbf,3,S27,0.2472825765552564,49,0,0.09128709291752769,0.07692307692307687,0.55,0.522426654090715,0.653061224489796,0.5,0.6428571428571429,0.45714285714285713,0.038416068721051355,0.5102040816326531
neuma,permuted_subjectwise,svm_rbf,3,S28,0.2472825765552564,152,0,0.17961593770982232,0.1792177466433159,0.5860667227361929,0.23030396314168258,0.5318194561255957,0.5893391748813436,0.3103448275862069,0.8617886178861789,0.05618901787388689,0.756578947368421
neuma,permuted_subjectwise,svm_rbf,3,S29,0.2472825765552564,109,0,-0.056408652096117506,-0.054413542926239344,0.47648902821316613,0.22335839509118935,0.5543364681295715,0.46764346764346765,0.09090909090909091,0.8620689655172413,0.04496922240643075,0.7064220183486238
neuma,permuted_subjectwise,svm_rbf,3,S30,0.2802222565136516,53,0,0.15837806678998761,0.048939641109298604,0.5217391304347826,0.4366910313236424,0.47826086956521735,0.40752032520325204,0.043478260869565216,1.0,0.18629849006556032,0.5849056603773585
neuma,permuted_subjectwise,svm_rbf,3,S31,0.2458865148398247,99,0,-0.1412612867392256,-0.06140350877192979,0.4572398190045249,0.3621860412175434,0.46696832579185515,0.28792502179598956,0.8529411764705882,0.06153846153846154,0.09652466204976667,0.3333333333333333
neuma,permuted_subjectwise,svm_rbf,3,S32,0.2063684846043705,101,0,-0.04896316613432966,-0.008965163934426146,0.48993095512082857,0.23521925519299589,0.49482163406214036,0.199390243902439,0.9545454545454546,0.02531645569620253,0.05299148934843126,0.22772277227722773
neuma,permuted_subjectwise,svm_rbf,3,S33,0.2472825765552564,97,0,0.23046593781941677,0.22939424031777556,0.6110576923076922,0.5243087958811421,0.6466346153846154,0.6139303482587064,0.4375,0.7846153846153846,0.08284717844843104,0.6701030927835051
neuma,permuted_subjectwise,svm_rbf,3,S34,0.2665956699187113,235,0,-0.02446990217443025,-0.017128649046873612,0.49415388483781747,0.15474754982492178,0.4375157153633392,0.4645886858306268,0.024390243902439025,0.9639175257731959,0.09019975927913745,0.8
neuma,permuted_subjectwise,svm_rbf,3,S35,0.2802222565136516,101,0,-0.10034847981232436,-0.05601194921583286,0.48026315789473684,0.27883546208429366,0.5289473684210526,0.41954022988505746,0.0,0.9605263157894737,0.003292016448793511,0.7227722772277227
neuma,permuted_subjectwise,svm_rbf,3,S36,0.2063684846043705,51,0,0.09128709291752768,0.016528925619834878,0.5138888888888888,0.3481654781292685,0.5407407407407407,0.2577962577962578,1.0,0.027777777777777776,0.025118445325317068,0.3137254901960784
neuma,permuted_subjectwise,svm_rbf,3,S37,0.2063684846043705,66,0,0.1,0.01980198019801971,0.5125,0.36091952763797375,0.4634615384615385,0.31010452961672474,1.0,0.025,0.10170408563139567,0.4090909090909091
neuma,permuted_subjectwise,svm_rbf,3,S38,0.2665956699187113,181,0,0.07757226163600636,0.03608303445277683,0.5128324056895486,0.32484400633118476,0.4775819418676561,0.4584478231666361,0.04081632653061224,0.9848484848484849,0.006322505038274195,0.7292817679558011
neuma,permuted_subjectwise,svm_rbf,3,S39,0.2665956699187113,39,0,0.0,0.0,0.5,0.3111081471893485,0.325,0.38095238095238093,0.0,1.0,0.12089052810934231,0.6153846153846154
neuma,permuted_subjectwise,svm_rbf,3,S40,0.2472825765552564,65,0,0.0502518907629606,0.042553191489361764,0.5192307692307693,0.4725121010610873,0.5157790927021696,0.4899738448125545,0.19230769230769232,0.8461538461538461,0.15306672455551393,0.5846153846153846
neuma,permuted_subjectwise,svm_rbf,3,S41,0.2063684846043705,48,0,0.11298653657320641,0.025210084033613467,0.5166666666666667,0.3771415605483624,0.4351851851851851,0.30918114143920594,1.0,0.03333333333333333,0.08783998187765506,0.3958333333333333
neuma,permuted_subjectwise,svm_rbf,3,S42,0.2665956699187113,63,0,0.0,0.0,0.5,0.6782931580651532,0.6968421052631578,0.37623762376237624,0.0,1.0,0.1327135248129921,0.6031746031746031
neuma,permuted_subjectwise,svm_rbf,3,S43,0.2665956699187113,86,0,-0.061651479928510756,-0.022702702702702915,0.49230769230769234,0.20305687716874166,0.39120879120879115,0.4266666666666667,0.0,0.9846153846153847,0.01956930718981953,0.7441860465116279
neuma,permuted_subjectwise,svm_rbf,3,S44,0.2458865148398247,82,0,0.0778498944161523,0.012048192771084376,0.5151515151515151,0.30187879826110164,0.5236742424242424,0.19607843137254902,1.0,0.030303030303030304,0.052025716040729086,0.21951219512195122
neuma,permuted_subjectwise,svm_rbf,4,S01,0.2195378247816807,69,0,-0.23222439707067227,-0.05153782211138824,0.4425925925925926,0.22520016730378317,0.4654320987654321,0.17803768680961662,0.8666666666666667,0.018518518518518517,0.03231355775757014,0.2028985507246377
neuma,permuted_subjectwise,svm_rbf,4,S02,0.2677052509417283,63,0,-0.11259433727776125,-0.10869565217391308,0.44047619047619047,0.2920821408265302,0.4024943310657596,0.4363157894736842,0.38095238095238093,0.5,0.06543267675604808,0.4603174603174603
neuma,permuted_subjectwise,svm_rbf,4,S03,0.1449717143258313,65,0,-0.04451787420291082,-0.011017498379779722,0.48915816326530615,0.27598188264714757,0.43877551020408156,0.23076923076923078,0.9375,0.04081632653061224,0.07252874714176609,0.26153846153846155
neuma,permuted_subjectwise,svm_rbf,4,S05,0.2195378247816807,85,0,-0.03268602252303067,-0.006866952789699621,0.48931623931623935,0.21563859179611344,0.4668803418803419,0.1809803100125681,0.9230769230769231,0.05555555555555555,0.13163766483783423,0.18823529411764706
neuma,permuted_subjectwise,svm_rbf,4,S06,0.212419500443395,139,0,0.0,0.0,0.5,0.34614225490714207,0.5477272727272727,0.22346368715083798,1.0,0.0,0.025181652563197304,0.28776978417266186
neuma,permuted_subjectwise,svm_rbf,4,S07,0.2677052509417283,86,0,-0.11953243770208849,-0.11366906474820149,0.4294642857142857,0.2479726231641937,0.47232142857142856,0.432967032967033,0.1875,0.6714285714285714,0.08068018893716355,0.5813953488372093
neuma,permuted_subjectwise,svm_rbf,4,S08,0.212419500443395,83,0,0.0,0.0,0.5,0.24393114472745334,0.38632872503840243,0.20192307692307693,1.0,0.0,0.008246733200492764,0.25301204819277107
neuma,permuted_subjectwise,svm_rbf,4,S09,0.2677052509417283,120,0,-0.12111303541295121,-0.10599078341013835,0.4285714285714286,0.3187578135240635,0.47476708074534163,0.4139194139194139,0.35714285714285715,0.5,0.033884558213450544,0.4666666666666667
neuma,permuted_subjectwise,svm_rbf,4,S10,0.212419500443395,273,0,-0.018484572559257284,-0.002179123992155141,0.4971719457013574,0.17301951433313387,0.47363383223111727,0.17221183800623052,0.9807692307692307,0.013574660633484163,0.056560726341304185,0.1978021978021978
neuma,permuted_subjectwise,svm_rbf,4,S12,0.2830696614662705,103,0,0.07216265873954622,0.03156480859637345,0.5111904761904762,0.33154401353967905,0.5366666666666666,0.4537878787878788,0.03571428571428571,0.9866666666666667,0.012135871183002078,0.7281553398058253
neuma,permuted_subjectwise,svm_rbf,4,S13,0.1449717143258313,315,0,0.0462487898269695,0.00426877043201046,0.5042372881355932,0.25277771390483367,0.5125509547307445,0.20993397358943577,1.0,0.00847457627118644,0.044988868558813955,0.2571428571428571
neuma,permuted_subjectwise,svm_rbf,4,S14,0.212419500443395,55,0,0.08333333333333333,0.01379310344827589,0.5125,0.26039451903119976,0.3966666666666666,0.2417815482502651,1.0,0.025,0.030233301518872647,0.2909090909090909
neuma,permuted_subjectwise,svm_rbf,4,S15,0.1449717143258313,215,0,-0.032764527407996034,-0.009923916639100305,0.49266431924882625,0.3202938024782323,0.48884976525821594,0.28171466214944474,0.9436619718309859,0.041666666666666664,0.11475255892058407,0.3395348837209302
neuma,permuted_subjectwise,svm_rbf,4,S16,0.2830696614662705,224,0,-0.07364747897390574,-0.04165859329587307,0.4861878453038674,0.2340842060645025,0.5682898625208789,0.44,0.0,0.9723756906077348,0.0683618915562351,0.7857142857142857
neuma,permuted_subjectwise,svm_rbf,4,S17,0.1449717143258313,90,0,0.0,0.0,0.5,0.2829490991368485,0.483833039388595,0.23076923076923078,1.0,0.0,0.11263801274914943,0.3
neuma,permuted_subjectwise,svm_rbf,4,S18,0.212419500443395,56,0,0.0,0.0,0.5,0.509810920011936,0.4948717948717949,0.3170731707317073,1.0,0.0,0.21930200147223036,0.4642857142857143
neuma,permuted_subjectwise,svm_rbf,4,S19,0.212419500443395,118,0,0.0,0.0,0.5,0.12463300383988254,0.3933333333333333,0.1323529411764706,1.0,0.0,0.09420962621875961,0.15254237288135594
neuma,permuted_subjectwise,svm_rbf,4,S20,0.2195378247816807,56,0,0.0,0.0,0.5,0.3364503775973005,0.46907993966817496,0.2328767123287671,1.0,0.0,0.058826927371659225,0.30357142857142855
neuma,permuted_subjectwise,svm_rbf,4,S21,0.2830696614662705,135,0,-0.02651974176527183,-0.015841584158415856,0.4942857142857143,0.24123748143315366,0.44542857142857145,0.4423913043478261,0.02857142857142857,0.96,0.0014807954567942483,0.7185185185185186
neuma,permuted_subjectwise,svm_rbf,4,S22,0.2195378247816807,79,0,0.0,0.0,0.5,0.48918721339933563,0.48571428571428565,0.30701754385964913,1.0,0.0,0.17734993310289632,0.4430379746835443
neuma,permuted_subjectwise,svm_rbf,4,S23,0.212419500443395,70,0,-0.12209657262637609,-0.05119453924914663,0.4677002583979328,0.3991408851914538,0.49095607235142114,0.302536231884058,0.8888888888888888,0.046511627906976744,0.1520840542529049,0.37142857142857144
neuma,permuted_subjectwise,svm_rbf,4,S24,0.2195378247816807,221,0,0.06888782841675004,0.00944623837293379,0.5181347150259067,0.1564493513913286,0.5203552923760177,0.15070247933884298,1.0,0.03626943005181347,0.12418401473942631,0.1583710407239819
neuma,permuted_subjectwise,svm_rbf,4,S25,0.1449717143258313,42,0,0.0,0.0,0.5,0.3631928454477224,0.5395894428152493,0.20754716981132076,1.0,0.0,0.03521809882004002,0.2619047619047619
neuma,permuted_subjectwise,svm_rbf,4,S26,0.2195378247816807,269,0,-0.026053707582524194,-0.004790905399918666,0.49620334620334616,0.36902208218882127,0.5362934362934363,0.2514216575922565,0.9761904761904762,0.016216216216216217,0.06129183509275398,0.3159851301115242
neuma,permuted_subjectwise,svm_rbf,4,S27,0.212419500443395,49,0,0.09128709291752769,0.016528925619834656,0.5142857142857142,0.3650405701870897,0.5959183673469387,0.253584229390681,1.0,0.02857142857142857,0.04277482165721544,0.30612244897959184
neuma,permuted_subjectwise,svm_rbf,4,S28,0.2830696614662705,152,0,-0.0984341148938798,-0.06999195494770727,0.47560975609756095,0.1682581600605856,0.431735351836277,0.4349442379182156,0.0,0.9512195121951219,0.07085077440597606,0.7697368421052632
neuma,permuted_subjectwise,svm_rbf,4,S29,0.212419500443395,109,0,0.0,0.0,0.5,0.2023597816169364,0.4540229885057472,0.16793893129770993,1.0,0.0,0.06922185171696531,0.2018348623853211
neuma,permuted_subjectwise,svm_rbf,4,S30,0.1449717143258313,53,0,0.17339365466222856,0.05837563451776662,0.5333333333333333,0.4709054925255995,0.5739130434782609,0.3733108108108108,1.0,0.06666666666666667,0.23012683049340227,0.4716981132075472
neuma,permuted_subjectwise,svm_rbf,4,S31,0.2830696614662705,99,0,-0.07305833027953698,-0.020017662643509126,0.49230769230769234,0.3631821953278111,0.5312217194570136,0.39263803680981596,0.0,0.9846153846153847,0.08640228151255458,0.6464646464646465
neuma,permuted_subjectwise,svm_rbf,4,S32,0.2830696614662705,101,0,0.04896316613432966,0.029251984956122135,0.5100690448791715,0.28006353058616024,0.5362485615650172,0.4750282485875706,0.045454545454545456,0.9746835443037974,0.03934456380750059,0.7722772277227723
neuma,permuted_subjectwise,svm_rbf,4,S33,0.2677052509417283,97,0,0.1472098260106678,0.14704445530043964,0.5723557692307693,0.46744870127134236,0.6033653846153847,0.5733137829912024,0.40625,0.7384615384615385,0.06393288828096966,0.6288659793814433
neuma,permuted_subjectwise,svm_rbf,4,S34,0.2677052509417283,235,0,-0.13218230568581865,-0.09272862052698971,0.413502640181041,0.15009161756956796,0.42393764143827006,0.36729358514125177,0.4146341463414634,0.41237113402061853,0.0932794920667128,0.4127659574468085
neuma,permuted_subjectwise,svm_rbf,4,S35,0.1449717143258313,101,0,-0.03478747300160578,-0.006912136115911238,0.4931578947368421,0.3209301454613496,0.5447368421052632,0.22043840691571473,0.96,0.02631578947368421,0.021437527411971007,0.25742574257425743
neuma,permuted_subjectwise,svm_rbf,4,S36,0.2195378247816807,51,0,0.0,0.0,0.5,0.36541205587365355,0.49444444444444446,0.22727272727272727,1.0,0.0,0.03168489193196122,0.29411764705882354
neuma,permuted_subjectwise,svm_rbf,4,S37,0.2830696614662705,66,0,0.0,0.0,0.5,0.46508233096719653,0.5644230769230769,0.37735849056603776,0.0,1.0,0.13742901859356038,0.6060606060606061
neuma,permuted_subjectwise,svm_rbf,4,S38,0.2677052509417283,181,0,-0.013235310777182794,-0.011292124919132007,0.49257884972170685,0.26374747223852246,0.5089672232529375,0.4559405157411802,0.5306122448979592,0.45454545454545453,0.0028490141453293427,0.47513812154696133
neuma,permuted_subjectwise,svm_rbf,4,S39,0.2830696614662705,39,0,0.20519567041703082,0.08080808080808077,0.5333333333333333,0.42668108738237026,0.3805555555555556,0.4495967741935484,0.06666666666666667,1.0,0.12482156174085685,0.6410256410256411
neuma,permuted_subjectwise,svm_rbf,4,S40,0.2677052509417283,65,0,-0.019117977822546813,-0.014492753623188248,0.4935897435897436,0.3758417213363644,0.4329388560157791,0.44240196078431376,0.11538461538461539,0.8717948717948718,0.13508167806744031,0.5692307692307692
neuma,permuted_subjectwise,svm_rbf,4,S41,0.212419500443395,48,0,0.0,0.0,0.5,0.58908265266776,0.6388888888888888,0.2727272727272727,1.0,0.0,0.12281018447460679,0.375
neuma,permuted_subjectwise,svm_rbf,4,S42,0.2195378247816807,63,0,-0.038185777203993035,-0.010979729729729826,0.4931578947368421,0.33043017215157267,0.3610526315789474,0.3040697674418605,0.96,0.02631578947368421,0.1462619435397856,0.3968253968253968
neuma,permuted_subjectwise,svm_rbf,4,S43,0.2677052509417283,86,0,0.03830072783459915,0.03710812539987196,0.5212454212454212,0.32133426808059107,0.5443223443223444,0.5122346459244855,0.38095238095238093,0.6615384615384615,0.021987686757645397,0.5930232558139535
neuma,permuted_subjectwise,svm_rbf,4,S44,0.2195378247816807,82,0,-0.0313590753752659,-0.0069071373752878085,0.4914772727272727,0.15143723616445764,0.34185606060606066,0.20243161094224926,0.9375,0.045454545454545456,0.05711351787826352,0.21951219512195122
neuma,subjectwise,deepconvnet,0,S01,0.5418841421604157,69,0,0.2383416092273349,0.19499999999999995,0.6444444444444444,0.275888075587619,0.582716049382716,0.5609090909090909,0.7333333333333333,0.5555555555555556,0.3106758382873259,0.5942028985507246
neuma,subjectwise,deepconvnet,0,S02,0.6032335186004639,63,0,-0.022798037629377658,-0.020000000000000018,0.4880952380952381,0.3559264339591498,0.5136054421768708,0.4568965517241379,0.5714285714285714,0.40476190476190477,0.26091659258282374,0.4603174603174603
neuma,subjectwise,deepconvnet,0,S03,0.6032335186004639,65,0,-0.027554169636087842,-0.02463054187192104,0.4840561224489796,0.260511024157542,0.5267857142857143,0.4616977225672878,0.4375,0.5306122448979592,0.3455082615980736,0.5076923076923077
neuma,subjectwise,deepconvnet,0,S05,0.5418841421604157,85,0,0.04343387947791317,0.028448056896113738,0.5299145299145299,0.18993006685775687,0.5555555555555556,0.42472552263498276,0.6153846153846154,0.4444444444444444,0.3918935933533837,0.47058823529411764
neuma,subjectwise,deepconvnet,0,S06,0.5237962228059768,139,0,0.019292395005782708,0.018603608651798775,0.5104797979797979,0.3502313265256111,0.5224747474747475,0.5012245827874922,0.425,0.5959595959595959,0.24131666091706258,0.5467625899280576
neuma,subjectwise,deepconvnet,0,S07,0.5091301500797272,86,0,0.004197878089121672,0.003024193548387011,0.5026785714285714,0.275368061884284,0.5571428571428572,0.42766203703703703,0.5625,0.44285714285714284,0.3232933567013851,0.46511627906976744
neuma,subjectwise,deepconvnet,0,S08,0.5237962228059768,83,0,-0.0060636878727955736,-0.005591798695246952,0.4965437788018433,0.3003578896441528,0.5184331797235023,0.47899565427329793,0.42857142857142855,0.5645161290322581,0.24850183191149725,0.5301204819277109
neuma,subjectwise,deepconvnet,0,S09,0.5091301500797272,120,0,0.05178899987630061,0.03696498054474706,0.5295031055900621,0.23184911217814236,0.5062111801242236,0.44004524886877827,0.6785714285714286,0.3804347826086957,0.29129760190844534,0.45
neuma,subjectwise,deepconvnet,0,S10,0.5237962228059768,273,0,0.07736891941101705,0.066486277541554,0.5486425339366516,0.2573079522316768,0.5989383919248172,0.5039735831766546,0.5,0.5972850678733032,0.297826552613478,0.5787545787545788
neuma,subjectwise,deepconvnet,0,S12,0.6032335186004639,103,0,-0.06015371351835394,-0.05867237687366167,0.46738095238095234,0.27378076533790724,0.4714285714285714,0.4649350649350649,0.32142857142857145,0.6133333333333333,0.2930917155395434,0.5339805825242718
neuma,subjectwise,deepconvnet,0,S13,0.527308418750763,315,0,0.04940815747819605,0.041651127642451935,0.5284541943788886,0.2638834976559975,0.4988736322677537,0.4823747680890538,0.569620253164557,0.4872881355932203,0.28483947695247713,0.5079365079365079
neuma,subjectwise,deepconvnet,0,S14,0.5418841421604157,55,0,-0.12344267996967352,-0.12075471698113205,0.43333333333333335,0.2500634844146719,0.43666666666666665,0.4342857142857143,0.26666666666666666,0.6,0.24379718845540826,0.509090909090909
neuma,subjectwise,deepconvnet,0,S15,0.527308418750763,215,0,0.12633243314133888,0.1247224278312361,0.565923317683881,0.36991840180125113,0.5479264475743348,0.5597542814594192,0.49295774647887325,0.6388888888888888,0.1861287249382152,0.5906976744186047
neuma,subjectwise,deepconvnet,0,S16,0.6032335186004639,224,0,0.04967929481755775,0.021470991320237443,0.5241552100732365,0.25228518707908637,0.5526146730052679,0.31684174855981023,0.8604651162790697,0.1878453038674033,0.4331485056983573,0.3169642857142857
neuma,subjectwise,deepconvnet,0,S17,0.527308418750763,90,0,-0.11002200660220078,-0.10837438423645307,0.4417989417989418,0.3130666824611453,0.4409171075837742,0.44207191073150576,0.2962962962962963,0.5873015873015873,0.2218145234717263,0.5
neuma,subjectwise,deepconvnet,0,S18,0.5091301500797272,56,0,0.043730129600824195,0.04303797468354431,0.5217948717948717,0.5148772809252335,0.5192307692307693,0.5177033492822967,0.5769230769230769,0.4666666666666667,0.04840094063963209,0.5178571428571429
neuma,subjectwise,deepconvnet,0,S19,0.5237962228059768,118,0,0.06343350474165466,0.03967446592065116,0.5433333333333333,0.20951352594881759,0.5944444444444444,0.4201474201474201,0.6666666666666666,0.42,0.3766139871993308,0.4576271186440678
neuma,subjectwise,deepconvnet,0,S20,0.5418841421604157,56,0,-0.15929450376496404,-0.13468414779499405,0.4147812971342383,0.23280345986218387,0.29864253393665163,0.3858064516129032,0.47058823529411764,0.358974358974359,0.24767266958951953,0.39285714285714285
neuma,subjectwise,deepconvnet,0,S21,0.6032335186004639,135,0,-0.028817620634373816,-0.025698324022346508,0.48357142857142854,0.24706407256164908,0.48914285714285716,0.45999999999999996,0.45714285714285713,0.51,0.33777500170248526,0.4962962962962963
neuma,subjectwise,deepconvnet,0,S22,0.527308418750763,79,0,0.07129026872104091,0.07119529719137807,0.5353896103896104,0.5191019030086638,0.4954545454545455,0.5352941176470588,0.45714285714285713,0.6136363636363636,0.12348647038393387,0.5443037974683544
neuma,subjectwise,deepconvnet,0,S23,0.5418841421604157,70,0,-0.2626364266839302,-0.24505928853754932,0.3664944013781223,0.3155170514897533,0.3479758828596038,0.3559599263954202,0.4074074074074074,0.32558139534883723,0.24006528641496383,0.35714285714285715
neuma,subjectwise,deepconvnet,0,S24,0.5418841421604157,221,0,-0.09959844453306636,-0.057188073229507586,0.42644337527757215,0.10420668071463762,0.40192450037009625,0.3467786741338311,0.4642857142857143,0.38860103626943004,0.4220459372884008,0.39819004524886875
neuma,subjectwise,deepconvnet,0,S25,0.5237962228059768,42,0,0.0826126304359367,0.07424593967517412,0.5469208211143695,0.564068985241234,0.6217008797653959,0.5143031040779062,0.5454545454545454,0.5483870967741935,0.27078443552766523,0.5476190476190477
neuma,subjectwise,deepconvnet,0,S26,0.5418841421604157,269,0,-0.0833482338766272,-0.08293075684380025,0.4569176319176319,0.30987272305585545,0.4603603603603603,0.457324643078833,0.2976190476190476,0.6162162162162163,0.1919768604979639,0.516728624535316
neuma,subjectwise,deepconvnet,0,S27,0.5091301500797272,49,0,0.0259499648053841,0.022346368715083775,0.5142857142857142,0.36397343167614943,0.573469387755102,0.4758237056054771,0.5714285714285714,0.45714285714285713,0.21286009769050446,0.4897959183673469
neuma,subjectwise,deepconvnet,0,S28,0.6032335186004639,152,0,0.00732176053886121,0.006164767420138273,0.5046257359125316,0.2602803342046305,0.5079899074852818,0.4671474358974359,0.4482758620689655,0.5609756097560976,0.3672323361235229,0.5394736842105263
neuma,subjectwise,deepconvnet,0,S29,0.5237962228059768,109,0,-0.196687065799711,-0.16383686329424108,0.377742946708464,0.16113803196218518,0.3510971786833855,0.37184695323571093,0.2727272727272727,0.4827586206896552,0.31473891259333403,0.44036697247706424
neuma,subjectwise,deepconvnet,0,S30,0.6032335186004639,53,0,0.1318844199274015,0.12275862068965526,0.5644927536231884,0.5499207815137758,0.5753623188405798,0.5457142857142857,0.6956521739130435,0.43333333333333335,0.18224559696215498,0.5471698113207547
neuma,subjectwise,deepconvnet,0,S31,0.5237962228059768,99,0,-0.09050190039895431,-0.09040844424047734,0.4554298642533937,0.3542584351126406,0.4633484162895927,0.45454545454545453,0.2647058823529412,0.6461538461538462,0.15214999878045282,0.5151515151515151
neuma,subjectwise,deepconvnet,0,S32,0.6032335186004639,101,0,0.026156477073388407,0.022186365469947456,0.5158227848101266,0.23570854567530208,0.4965477560414269,0.4753246753246753,0.5,0.5316455696202531,0.36253993913973914,0.5247524752475248
neuma,subjectwise,deepconvnet,0,S33,0.5091301500797272,97,0,-0.020838336277995695,-0.017818253811126672,0.4891826923076923,0.3281399664797824,0.49038461538461536,0.4515096553931506,0.59375,0.38461538461538464,0.2010534178350389,0.4536082474226804
neuma,subjectwise,deepconvnet,0,S34,0.5091301500797272,235,0,0.0199530082425285,0.01485007815830608,0.5131380437515716,0.17071451297836757,0.5147095800854916,0.4442440275773609,0.5365853658536586,0.4896907216494845,0.33819824684649075,0.4978723404255319
neuma,subjectwise,deepconvnet,0,S35,0.527308418750763,101,0,0.01653779010832944,0.015260703688003252,0.5094736842105263,0.2905838061605235,0.5731578947368421,0.49012291483757686,0.44,0.5789473684210527,0.26852507225357664,0.5445544554455446
neuma,subjectwise,deepconvnet,0,S36,0.527308418750763,51,0,-0.1800622174673084,-0.17919075144508678,0.41388888888888886,0.30611116531686594,0.3962962962962963,0.4092664092664092,0.13333333333333333,0.6944444444444444,0.22807523462117887,0.5294117647058824
neuma,subjectwise,deepconvnet,0,S37,0.6032335186004639,66,0,0.05929490945794098,0.04915254237288136,0.5278846153846154,0.39410320956758077,0.49807692307692303,0.48055555555555557,0.7307692307692307,0.325,0.22364053536545148,0.48484848484848486
neuma,subjectwise,deepconvnet,0,S38,0.5091301500797272,181,0,-0.08368828896390261,-0.07013679573382792,0.4532312925170068,0.23722474895813844,0.4429499072356215,0.419433962264151,0.4897959183673469,0.4166666666666667,0.25603103201362964,0.43646408839779005
neuma,subjectwise,deepconvnet,0,S39,0.5418841421604157,39,0,0.09759000729485333,0.09302325581395354,0.55,0.5102303121714886,0.5833333333333333,0.5357142857142857,0.6,0.5,0.1579566513880705,0.5384615384615384
neuma,subjectwise,deepconvnet,0,S40,0.5237962228059768,65,0,0.05254069374927337,0.05228758169934644,0.5256410256410257,0.43720219513128966,0.49506903353057197,0.5250692869740489,0.38461538461538464,0.6666666666666666,0.112412841961934,0.5538461538461539
neuma,subjectwise,deepconvnet,0,S41,0.527308418750763,48,0,-0.13093073414159542,-0.13043478260869557,0.43333333333333335,0.36924869830586093,0.462962962962963,0.4337568058076225,0.3333333333333333,0.5333333333333333,0.16504744564493498,0.4583333333333333
neuma,subjectwise,deepconvnet,0,S42,0.5091301500797272,63,0,-0.24268260395682942,-0.22568093385214016,0.3778947368421053,0.4035237396056572,0.39684210526315794,0.3649193548387097,0.44,0.3157894736842105,0.16704371609976368,0.36507936507936506
neuma,subjectwise,deepconvnet,0,S43,0.5091301500797272,86,0,-0.1224107769672738,-0.08990913438546144,0.43113553113553116,0.22784412503340037,0.44688644688644685,0.3734707903780069,0.5238095238095238,0.3384615384615385,0.29307174197463104,0.38372093023255816
neuma,subjectwise,deepconvnet,0,S44,0.5418841421604157,82,0,0.03961058964021958,0.028017241379310276,0.5246212121212122,0.3499948972947309,0.5691287878787878,0.43625,0.625,0.42424242424242425,0.36189370911295815,0.4634146341463415
neuma,subjectwise,deepconvnet,1,S01,0.4746274560689926,69,0,-0.006958047678723884,-0.003968253968254176,0.49629629629629624,0.2797604197080613,0.508641975308642,0.3611111111111111,0.7333333333333333,0.25925925925925924,0.2874508344608804,0.36231884057971014
neuma,subjectwise,deepconvnet,1,S02,0.469590213894844,63,0,0.15811388300841897,0.1428571428571428,0.5833333333333333,0.3702205425762087,0.5850340136054422,0.55,0.6666666666666666,0.5,0.13181631243418135,0.5555555555555556
neuma,subjectwise,deepconvnet,1,S03,0.469590213894844,65,0,0.0778061224489796,0.045916447120813,0.5389030612244898,0.31274752558033814,0.5408163265306123,0.4,0.8125,0.2653061224489796,0.2836004885343405,0.4
neuma,subjectwise,deepconvnet,1,S05,0.4181723368167877,85,0,-0.007704169392017071,-0.005772005772005651,0.4946581196581197,0.16733691800734893,0.47756410256410253,0.43799387195613615,0.46153846153846156,0.5277777777777778,0.2611600108006421,0.5176470588235295
neuma,subjectwise,deepconvnet,1,S06,0.4746274560689926,139,0,-0.021517995648201,-0.015502494654312082,0.4890151515151515,0.34446708567120454,0.5232323232323232,0.4097970173985087,0.675,0.30303030303030304,0.22328765047111102,0.41007194244604317
neuma,subjectwise,deepconvnet,1,S07,0.469590213894844,86,0,-0.02647071509732926,-0.02149321266968318,0.4830357142857143,0.2613079694875322,0.5669642857142857,0.44396551724137934,0.4375,0.5285714285714286,0.2808449102002521,0.5116279069767442
neuma,subjectwise,deepconvnet,1,S08,0.4181723368167877,83,0,0.006682366395822602,0.0057045065601823985,0.5038402457757296,0.260951205476602,0.4539170506912442,0.46599264705882354,0.5238095238095238,0.4838709677419355,0.17107172112867058,0.4939759036144578
neuma,subjectwise,deepconvnet,1,S09,0.469590213894844,120,0,-0.14844807906244575,-0.12668161434977576,0.41226708074534163,0.19537200376014902,0.391304347826087,0.3959882803696191,0.35714285714285715,0.4673913043478261,0.2375723920762539,0.44166666666666665
neuma,subjectwise,deepconvnet,1,S10,0.5310767114162445,273,0,0.036454368584409404,0.02791014295439065,0.5231900452488688,0.2009078094925901,0.5165332405151409,0.456302717900656,0.5576923076923077,0.48868778280542985,0.33218488722166295,0.5018315018315018
neuma,subjectwise,deepconvnet,1,S12,0.5310767114162445,103,0,-0.08536590456580229,-0.07350521119034559,0.4521428571428572,0.2462935898993943,0.4338095238095238,0.4249191889509257,0.4642857142857143,0.44,0.2791551045567086,0.44660194174757284
neuma,subjectwise,deepconvnet,1,S13,0.6188118577003479,315,0,0.0833523065464131,0.0654552197292787,0.5473342630336837,0.2639975520922542,0.5189873417721519,0.47839046199701935,0.6582278481012658,0.4364406779661017,0.373028089035125,0.49206349206349204
neuma,subjectwise,deepconvnet,1,S14,0.4181723368167877,55,0,0.0,0.0,0.5,0.4639042627288561,0.5633333333333332,0.44556451612903225,0.6,0.4,0.15216667597944086,0.45454545454545453
neuma,subjectwise,deepconvnet,1,S15,0.6188118577003479,215,0,0.0294539163640502,0.02423142191878125,0.5150136932707355,0.34714701927365144,0.5339397496087637,0.4646993873000065,0.6619718309859155,0.3680555555555556,0.3003970588362494,0.46511627906976744
neuma,subjectwise,deepconvnet,1,S16,0.4181723368167877,224,0,0.014797399678308948,0.012036273701566236,0.5093794166773737,0.18903694008922184,0.49839393550044975,0.46200983142914864,0.4883720930232558,0.5303867403314917,0.22728515975177285,0.5223214285714286
neuma,subjectwise,deepconvnet,1,S17,0.6188118577003479,90,0,-0.015564948601576447,-0.011673151750972721,0.49206349206349204,0.27593910883084294,0.45737801293356845,0.42193675889328064,0.6666666666666666,0.31746031746031744,0.33894789814949033,0.4222222222222222
neuma,subjectwise,deepconvnet,1,S18,0.469590213894844,56,0,-0.021350420507344953,-0.02083333333333326,0.4897435897435897,0.4288873370437105,0.4346153846153847,0.4835309617918314,0.34615384615384615,0.6333333333333333,0.06047930036272322,0.5
neuma,subjectwise,deepconvnet,1,S19,0.5310767114162445,118,0,0.13433060477063563,0.07118412046543476,0.5866666666666667,0.23165551037463705,0.5816666666666667,0.39969033399690335,0.8333333333333334,0.34,0.39002565054570226,0.4152542372881356
neuma,subjectwise,deepconvnet,1,S20,0.6188118577003479,56,0,0.136246366955428,0.09385113268608403,0.5656108597285068,0.28145465202709213,0.4600301659125189,0.46360153256704983,0.8235294117647058,0.3076923076923077,0.34304869600704735,0.4642857142857143
neuma,subjectwise,deepconvnet,1,S21,0.5310767114162445,135,0,-0.08890014578859906,-0.0776380535811918,0.4492857142857143,0.2530409230444105,0.448,0.42706819370966803,0.42857142857142855,0.47,0.2659289170194555,0.45925925925925926
neuma,subjectwise,deepconvnet,1,S22,0.5310767114162445,79,0,0.08774376159572655,0.08729139922978169,0.5441558441558441,0.5172782955132714,0.5532467532467533,0.5424710424710424,0.5428571428571428,0.5454545454545454,0.12102769220931621,0.5443037974683544
neuma,subjectwise,deepconvnet,1,S23,0.5310767114162445,70,0,-0.21619293712316967,-0.19472459270752518,0.39190353143841516,0.30713763470404076,0.34022394487510765,0.37142857142857144,0.48148148148148145,0.3023255813953488,0.17070839617933545,0.37142857142857144
neuma,subjectwise,deepconvnet,1,S24,0.4746274560689926,221,0,0.027745686788790414,0.010438353820266477,0.5169319022945966,0.13371551712223326,0.50740192450037,0.2848486097656492,0.8214285714285714,0.21243523316062177,0.3863663105673381,0.2895927601809955
neuma,subjectwise,deepconvnet,1,S25,0.4181723368167877,42,0,0.40644850966246954,0.3312101910828026,0.7287390029325513,0.470029033387157,0.7624633431085044,0.6326530612244898,0.9090909090909091,0.5483870967741935,0.16294679045677182,0.6428571428571429
neuma,subjectwise,deepconvnet,1,S26,0.4746274560689926,269,0,0.02090494699104077,0.018043387567793112,0.5111325611325611,0.3181098848585203,0.5169240669240669,0.473434004474273,0.5952380952380952,0.42702702702702705,0.1809274753569504,0.4795539033457249
neuma,subjectwise,deepconvnet,1,S27,0.4181723368167877,49,0,-0.03879454500839038,-0.03409090909090895,0.47857142857142854,0.32191923127482136,0.5428571428571428,0.4508620689655172,0.5,0.45714285714285713,0.13900274889809744,0.46938775510204084
neuma,subjectwise,deepconvnet,1,S28,0.4181723368167877,152,0,0.1772501749535746,0.15953307392996108,0.6091954022988506,0.25237313790561045,0.5988225399495374,0.5621933006187327,0.5517241379310345,0.6666666666666666,0.21119371610448545,0.6447368421052632
neuma,subjectwise,deepconvnet,1,S29,0.4181723368167877,109,0,0.013845575904106254,0.011295567345541713,0.5086206896551724,0.2068590641383813,0.5214211076280042,0.46135198135198136,0.5,0.5172413793103449,0.21840382633952923,0.5137614678899083
neuma,subjectwise,deepconvnet,1,S30,0.4181723368167877,53,0,-0.0251914060535486,-0.02344827586206888,0.4876811594202899,0.41768260549806635,0.4202898550724638,0.47,0.6086956521739131,0.36666666666666664,0.058540688933066624,0.4716981132075472
neuma,subjectwise,deepconvnet,1,S31,0.5310767114162445,99,0,0.15390227942304235,0.15167095115681228,0.5800904977375565,0.41888565207897077,0.5452488687782805,0.5729076790336497,0.5294117647058824,0.6307692307692307,0.1769201583934553,0.5959595959595959
neuma,subjectwise,deepconvnet,1,S32,0.5310767114162445,101,0,-0.03231352337346632,-0.027118644067796405,0.4804372842347526,0.270769365534629,0.4643268124280783,0.4461885818729169,0.45454545454545453,0.5063291139240507,0.2931231196490255,0.49504950495049505
neuma,subjectwise,deepconvnet,1,S33,0.4746274560689926,97,0,0.057517977177240866,0.03166953528399297,0.5221153846153846,0.3099262127914883,0.4605769230769231,0.3831140350877193,0.875,0.16923076923076924,0.18124192615145265,0.4020618556701031
neuma,subjectwise,deepconvnet,1,S34,0.469590213894844,235,0,-0.005606311325497435,-0.005586592178770999,0.4970455116922303,0.17383563894140253,0.5035202413879809,0.4966682532127559,0.1951219512195122,0.7989690721649485,0.24787792728302324,0.6936170212765957
neuma,subjectwise,deepconvnet,1,S35,0.4181723368167877,101,0,-0.016229163166039944,-0.011543031743337151,0.4910526315789474,0.24159550294352458,0.4857894736842105,0.41005841005841004,0.64,0.34210526315789475,0.18525065083314876,0.4158415841584158
neuma,subjectwise,deepconvnet,1,S36,0.469590213894844,51,0,-0.22777777777777777,-0.22777777777777786,0.38611111111111107,0.27118372357083265,0.2777777777777778,0.38611111111111107,0.13333333333333333,0.6388888888888888,0.22831141831828097,0.49019607843137253
neuma,subjectwise,deepconvnet,1,S37,0.4746274560689926,66,0,-0.0685175322622484,-0.04719283970707866,0.4721153846153846,0.38490285455290096,0.44038461538461543,0.3852400286601385,0.7692307692307693,0.175,0.12019114218878023,0.4090909090909091
neuma,subjectwise,deepconvnet,1,S38,0.469590213894844,181,0,0.009068114163131849,0.008037997807818775,0.5051020408163265,0.29939868883717224,0.49938157081014223,0.47586872586872586,0.5102040816326531,0.5,0.19953139233325726,0.5027624309392266
neuma,subjectwise,deepconvnet,1,S39,0.4746274560689926,39,0,0.010040241611281236,0.00694444444444442,0.5041666666666667,0.41542273870597046,0.4722222222222222,0.4171195652173913,0.8,0.20833333333333334,0.14915376825210377,0.4358974358974359
neuma,subjectwise,deepconvnet,1,S40,0.6188118577003479,65,0,-0.10059909096557136,-0.09756097560975618,0.44871794871794873,0.3569452885020259,0.4378698224852071,0.44285714285714284,0.46153846153846156,0.4358974358974359,0.22541911602020262,0.4461538461538462
neuma,subjectwise,deepconvnet,1,S41,0.469590213894844,48,0,-0.022222222222222223,-0.019607843137254832,0.48888888888888893,0.3452114476172614,0.45000000000000007,0.4583333333333333,0.6111111111111112,0.36666666666666664,0.10503138415515424,0.4583333333333333
neuma,subjectwise,deepconvnet,1,S42,0.4181723368167877,63,0,0.12333096251870199,0.12274368231046928,0.5626315789473684,0.4943109264996907,0.5684210526315789,0.5603515120186094,0.52,0.6052631578947368,0.03914508294491541,0.5714285714285714
neuma,subjectwise,deepconvnet,1,S43,0.469590213894844,86,0,-0.015210115047844064,-0.013801035077630752,0.49120879120879124,0.24279853018124903,0.5106227106227106,0.4711264436778161,0.42857142857142855,0.5538461538461539,0.2211444949687913,0.5232558139534884
neuma,subjectwise,deepconvnet,1,S44,0.6188118577003479,82,0,-0.2443578191948293,-0.15066469719350084,0.35511363636363635,0.20610293343185732,0.40151515151515155,0.2921399363925488,0.4375,0.2727272727272727,0.4561958182148818,0.3048780487804878
neuma,subjectwise,deepconvnet,2,S01,0.5952380228042603,69,0,0.19878512425892622,0.16795865633074936,0.6203703703703703,0.46133858474093636,0.7,0.5527777777777778,0.6666666666666666,0.5740740740740741,0.3640844325224559,0.5942028985507246
neuma,subjectwise,deepconvnet,2,S02,0.5566068071126938,63,0,-0.045596075258755316,-0.04494382022471921,0.47619047619047616,0.3859618434561756,0.47619047619047616,0.47401023431187717,0.38095238095238093,0.5714285714285714,0.19691090735178146,0.5079365079365079
neuma,subjectwise,deepconvnet,2,S03,0.6255435490608215,65,0,0.06626325397632546,0.06620861961274205,0.5338010204081632,0.3412864165288734,0.6020408163265306,0.5329584504842236,0.3125,0.7551020408163265,0.3152655090277012,0.6461538461538462
neuma,subjectwise,deepconvnet,2,S05,0.5952380228042603,85,0,0.07929347112667368,0.04241219350563297,0.5512820512820513,0.19300382604652605,0.5801282051282051,0.3832693128467777,0.7692307692307693,0.3333333333333333,0.4491952016073115,0.4
neuma,subjectwise,deepconvnet,2,S06,0.6255435490608215,139,0,0.1115597293086216,0.11154279984960513,0.5561868686868687,0.3673893152312123,0.5866161616161616,0.555743560819703,0.375,0.7373737373737373,0.29480875224518255,0.6330935251798561
neuma,subjectwise,deepconvnet,2,S07,0.5431638598442078,86,0,0.008573878601083133,0.005663048607833732,0.5053571428571428,0.26762538438693095,0.5482142857142858,0.4070634585619811,0.625,0.38571428571428573,0.36376584096010345,0.43023255813953487
neuma,subjectwise,deepconvnet,2,S08,0.6255435490608215,83,0,-0.0196505301165903,-0.019508670520231197,0.48963133640552997,0.3376677823230798,0.5138248847926267,0.48876811594202896,0.2857142857142857,0.6935483870967742,0.3288935950721603,0.5903614457831325
neuma,subjectwise,deepconvnet,2,S09,0.5431638598442078,120,0,0.03670808134719497,0.024163568773234223,0.5201863354037267,0.21075042117016377,0.4561335403726708,0.4125874125874126,0.7142857142857143,0.32608695652173914,0.3432994020481904,0.4166666666666667
neuma,subjectwise,deepconvnet,2,S10,0.4516581892967224,273,0,0.15339299776947407,0.1367521367521367,0.5950226244343891,0.2756218348317175,0.5967629655412461,0.5485238976307042,0.5384615384615384,0.6515837104072398,0.24714114743492976,0.63003663003663
neuma,subjectwise,deepconvnet,2,S12,0.4516581892967224,103,0,-0.08994091537703952,-0.07424429909846197,0.45,0.2662425592899803,0.4842857142857143,0.41302038056601953,0.5,0.4,0.20444440689769763,0.42718446601941745
neuma,subjectwise,deepconvnet,2,S13,0.5566068071126938,315,0,-0.11167329088525739,-0.0978741617919816,0.43560931130658653,0.23302979256885245,0.46476078094829437,0.4176819710057188,0.3924050632911392,0.4788135593220339,0.30638719683601745,0.45714285714285713
neuma,subjectwise,deepconvnet,2,S14,0.4516581892967224,55,0,0.1336306209562122,0.12,0.575,0.41913789009944713,0.5716666666666667,0.5378151260504201,0.6,0.55,0.18583461046218874,0.5636363636363636
neuma,subjectwise,deepconvnet,2,S15,0.5566068071126938,215,0,-0.09354738201033681,-0.09078256184618128,0.45055751173708924,0.29164691480473126,0.43877151799687014,0.4468477493681838,0.38028169014084506,0.5208333333333334,0.2232688210731329,0.4744186046511628
neuma,subjectwise,deepconvnet,2,S16,0.6255435490608215,224,0,0.010637445067858202,0.009706871696299912,0.5064885005781832,0.20639941146249963,0.47770782474624174,0.4870569494225408,0.37209302325581395,0.6408839779005525,0.42494329277958187,0.5892857142857143
neuma,subjectwise,deepconvnet,2,S17,0.5566068071126938,90,0,-0.07460470969529907,-0.07317073170731714,0.46031746031746035,0.28023555414573087,0.4656084656084656,0.458720612356479,0.3333333333333333,0.5873015873015873,0.23090428279505837,0.5111111111111111
neuma,subjectwise,deepconvnet,2,S18,0.5431638598442078,56,0,0.021350420507344953,0.019999999999999907,0.5102564102564102,0.4222366948518932,0.43205128205128207,0.4941935483870967,0.6538461538461539,0.36666666666666664,0.10736999767167227,0.5
neuma,subjectwise,deepconvnet,2,S19,0.4516581892967224,118,0,-0.16320522265068857,-0.1132075471698113,0.38666666666666666,0.14962649048033735,0.42388888888888887,0.35705128205128206,0.3333333333333333,0.44,0.3144944658723928,0.423728813559322
neuma,subjectwise,deepconvnet,2,S20,0.6255435490608215,56,0,-0.10090091909944687,-0.09729729729729719,0.4457013574660633,0.30224981177874377,0.3996983408748115,0.44211611130195805,0.35294117647058826,0.5384615384615384,0.31313962702240267,0.48214285714285715
neuma,subjectwise,deepconvnet,2,S21,0.4516581892967224,135,0,0.20664429184963534,0.1791530944625408,0.6178571428571429,0.3287983504301024,0.6214285714285714,0.56209453197405,0.6857142857142857,0.55,0.18651542475929966,0.5851851851851851
neuma,subjectwise,deepconvnet,2,S22,0.6255435490608215,79,0,0.13454609643135776,0.1307102367455818,0.5636363636363637,0.5561825907689342,0.5889610389610389,0.5594051039378063,0.4,0.7272727272727273,0.13999132642263099,0.5822784810126582
neuma,subjectwise,deepconvnet,2,S23,0.4516581892967224,70,0,-0.27648578811369506,-0.2490302560124127,0.36175710594315247,0.3066328860557421,0.3359173126614987,0.34285714285714286,0.4444444444444444,0.27906976744186046,0.07992730821881977,0.34285714285714286
neuma,subjectwise,deepconvnet,2,S24,0.5952380228042603,221,0,-0.0038370974945417862,-0.001864771886956218,0.49731680236861586,0.16501271061228434,0.5024056254626202,0.33808441489474694,0.6785714285714286,0.3160621761658031,0.4794075447240027,0.36199095022624433
neuma,subjectwise,deepconvnet,2,S25,0.5566068071126938,42,0,0.17074252597896666,0.16209476309226933,0.595307917888563,0.3794365356865357,0.6129032258064516,0.5714285714285714,0.5454545454545454,0.6451612903225806,0.2909239040953773,0.6190476190476191
neuma,subjectwise,deepconvnet,2,S26,0.5952380228042603,269,0,-0.03696221278410536,-0.03664056765353574,0.48072715572715574,0.3139126311527636,0.5115830115830116,0.4796425939572586,0.34523809523809523,0.6162162162162163,0.24387532212255617,0.5315985130111525
neuma,subjectwise,deepconvnet,2,S27,0.4516581892967224,49,0,0.09128709291752769,0.07692307692307687,0.55,0.27130737846366393,0.4510204081632653,0.5,0.6428571428571429,0.45714285714285713,0.21164478331196063,0.5102040816326531
neuma,subjectwise,deepconvnet,2,S28,0.6255435490608215,152,0,0.1333751828630115,0.13156269302038304,0.5597140454163162,0.33892621996725425,0.639753294084665,0.5641323723165155,0.2413793103448276,0.8780487804878049,0.34764907989454896,0.756578947368421
neuma,subjectwise,deepconvnet,2,S29,0.6255435490608215,109,0,-0.0708568604714257,-0.06662502602540066,0.45820271682340646,0.20936042354321382,0.45141065830721,0.4538961731158725,0.2727272727272727,0.6436781609195402,0.40223732809407997,0.5688073394495413
neuma,subjectwise,deepconvnet,2,S30,0.5566068071126938,53,0,-0.16403302197465194,-0.16113074204946987,0.4173913043478261,0.38323111386309444,0.4188405797101449,0.4142602495543672,0.43478260869565216,0.4,0.12989374714077642,0.41509433962264153
neuma,subjectwise,deepconvnet,2,S31,0.5952380228042603,99,0,0.03805211953235953,0.037209302325581395,0.5199095022624434,0.33607012930217284,0.485972850678733,0.5134615384615384,0.47058823529411764,0.5692307692307692,0.24065836902820698,0.5353535353535354
neuma,subjectwise,deepconvnet,2,S32,0.4516581892967224,101,0,-0.0009537726157331992,-0.0008257638315440907,0.4994246260069045,0.23684399567914227,0.48619102416570775,0.4679543459174714,0.45454545454545453,0.5443037974683544,0.23029892801279478,0.5247524752475248
neuma,subjectwise,deepconvnet,2,S33,0.5431638598442078,97,0,0.0559037069321334,0.04553347482153203,0.5283653846153846,0.4548148568713819,0.5716346153846154,0.4740031897926635,0.6875,0.36923076923076925,0.22503662293719262,0.4742268041237113
neuma,subjectwise,deepconvnet,2,S34,0.5431638598442078,235,0,0.14700023957810768,0.1365653480937158,0.5899547397535831,0.26467682314235175,0.5919034448076439,0.5567666870789957,0.4634146341463415,0.7164948453608248,0.29121056040550797,0.6723404255319149
neuma,subjectwise,deepconvnet,2,S35,0.5566068071126938,101,0,-0.15598722963844408,-0.14042291110654892,0.41000000000000003,0.23115899508991472,0.45210526315789473,0.40275239221589076,0.32,0.5,0.28920590744750335,0.45544554455445546
neuma,subjectwise,deepconvnet,2,S36,0.5431638598442078,51,0,-0.14136319404844724,-0.1391752577319587,0.42500000000000004,0.3086750279692842,0.40740740740740744,0.42647058823529416,0.26666666666666666,0.5833333333333334,0.2790603174590597,0.49019607843137253
neuma,subjectwise,deepconvnet,2,S37,0.6255435490608215,66,0,0.008178608201095307,0.008016032064128265,0.5038461538461538,0.3890780878198097,0.4826923076923077,0.4994944388270981,0.3076923076923077,0.7,0.21478131323149707,0.5454545454545454
neuma,subjectwise,deepconvnet,2,S38,0.5431638598442078,181,0,0.004398272796543394,0.003957212638347807,0.5024737167594311,0.30085007215366005,0.49582560296846007,0.47740470397404705,0.4897959183673469,0.5151515151515151,0.266623360346694,0.5082872928176796
neuma,subjectwise,deepconvnet,2,S39,0.5952380228042603,39,0,-0.025,-0.022471910112359383,0.4875,0.4609054407995727,0.49722222222222223,0.46153846153846156,0.6,0.375,0.2404086047258133,0.46153846153846156
neuma,subjectwise,deepconvnet,2,S40,0.5952380228042603,65,0,0.11415291512216423,0.11392405063291144,0.5576923076923077,0.47416255049138023,0.5374753451676528,0.5565302144249512,0.5,0.6153846153846154,0.18891450120852543,0.5692307692307692
neuma,subjectwise,deepconvnet,2,S41,0.4516581892967224,48,0,-0.021591675854376522,-0.02127659574468077,0.4888888888888889,0.354977829801578,0.475925925925926,0.4857142857142857,0.4444444444444444,0.5333333333333333,0.1007390208542347,0.5
neuma,subjectwise,deepconvnet,2,S42,0.5431638598442078,63,0,-0.08446877845160874,-0.08291203235591493,0.4568421052631579,0.42075541438471215,0.46842105263157896,0.4535714285714285,0.44,0.47368421052631576,0.18006444615977155,0.4603174603174603
neuma,subjectwise,deepconvnet,2,S43,0.5431638598442078,86,0,0.04164555923406266,0.034464751958224626,0.5241758241758242,0.26961243266933865,0.4769230769230769,0.47434257285003556,0.5714285714285714,0.47692307692307695,0.2992212623357773,0.5
neuma,subjectwise,deepconvnet,2,S44,0.5952380228042603,82,0,-0.16460972155281037,-0.10368893320039896,0.4015151515151515,0.17665913165571145,0.3607954545454546,0.3270516717325228,0.5,0.30303030303030304,0.40707282794684896,0.34146341463414637
neuma,subjectwise,deepconvnet,3,S01,0.5978996586799622,69,0,0.1879007365000867,0.1872791519434629,0.5981481481481481,0.28255239502491264,0.6148148148148148,0.5931603773584906,0.4,0.7962962962962963,0.33748196691706556,0.7101449275362319
neuma,subjectwise,deepconvnet,3,S02,0.4972243702411651,63,0,-0.13608276348795434,-0.1212121212121211,0.42857142857142855,0.26134899334330697,0.35147392290249435,0.4073226544622426,0.47619047619047616,0.38095238095238093,0.1698413197956388,0.4126984126984127
neuma,subjectwise,deepconvnet,3,S03,0.4915469866991043,65,0,0.034380708208626445,0.021613276727132313,0.5178571428571428,0.2800627987399813,0.5025510204081632,0.3994314143567875,0.75,0.2857142857142857,0.2801295881087963,0.4
neuma,subjectwise,deepconvnet,3,S05,0.5978996586799622,85,0,-0.04343387947791317,-0.03406326034063256,0.4700854700854701,0.2920975822383932,0.4903846153846154,0.43333333333333335,0.38461538461538464,0.5555555555555556,0.4304137559498058,0.5294117647058824
neuma,subjectwise,deepconvnet,3,S06,0.5566813135147095,139,0,-0.04062336584761901,-0.03868131868131863,0.4777777777777778,0.36320460360216006,0.5207070707070707,0.46898876404494383,0.4,0.5555555555555556,0.2639909181073844,0.5107913669064749
neuma,subjectwise,deepconvnet,3,S07,0.4915469866991043,86,0,0.10843378150821213,0.08315565031982941,0.5696428571428571,0.2375382615737912,0.5687499999999999,0.48809523809523814,0.625,0.5142857142857142,0.30773135950399,0.5348837209302325
neuma,subjectwise,deepconvnet,3,S08,0.5566813135147095,83,0,0.1315661482741467,0.11370851370851365,0.575652841781874,0.31006737645513455,0.5499231950844854,0.5267375558637695,0.6190476190476191,0.532258064516129,0.28301490272162344,0.5542168674698795
neuma,subjectwise,deepconvnet,3,S09,0.4915469866991043,120,0,-0.09725432863545883,-0.0807860262008735,0.44254658385093165,0.21594766678040017,0.46777950310559,0.41333333333333333,0.42857142857142855,0.45652173913043476,0.25788284117976823,0.45
neuma,subjectwise,deepconvnet,3,S10,0.4753386378288269,273,0,-0.03241018617760822,-0.0295857988165682,0.4802036199095022,0.17894508440958623,0.47058823529411764,0.4668686868686869,0.3269230769230769,0.6334841628959276,0.269613742009624,0.575091575091575
neuma,subjectwise,deepconvnet,3,S12,0.4753386378288269,103,0,-0.03374404878368926,-0.028163992869875143,0.48119047619047617,0.3024309368231539,0.5457142857142858,0.4410852713178295,0.5357142857142857,0.4266666666666667,0.226654345838769,0.4563106796116505
neuma,subjectwise,deepconvnet,3,S13,0.4972243702411651,315,0,0.027438750764010044,0.02231658320162977,0.5157155116927699,0.2686410315242656,0.5077773010083674,0.46305882352941174,0.5822784810126582,0.4491525423728814,0.24560591460220402,0.48253968253968255
neuma,subjectwise,deepconvnet,3,S14,0.4753386378288269,55,0,-0.014907119849998597,-0.012698412698412875,0.4916666666666667,0.4884699050128736,0.5683333333333334,0.45470085470085475,0.5333333333333333,0.45,0.20230640010400253,0.4727272727272727
neuma,subjectwise,deepconvnet,3,S15,0.4972243702411651,215,0,-0.039655247807698205,-0.03747337303829923,0.4789221439749609,0.2893264995632755,0.43397887323943657,0.46707308903329536,0.4647887323943662,0.4930555555555556,0.1765684326027715,0.48372093023255813
neuma,subjectwise,deepconvnet,3,S16,0.5566813135147095,224,0,-0.10500527458073888,-0.06790165497514145,0.43595014775793395,0.1737712419158129,0.42605679044070405,0.35648034145941065,0.5348837209302325,0.3370165745856354,0.37372896234904024,0.375
neuma,subjectwise,deepconvnet,3,S17,0.4972243702411651,90,0,-0.21384434262392824,-0.19047619047619047,0.3835978835978836,0.28277590698681276,0.3838918283362728,0.37142857142857144,0.37037037037037035,0.3968253968253968,0.20251531137360468,0.3888888888888889
neuma,subjectwise,deepconvnet,3,S18,0.5566813135147095,56,0,-0.1665863757796103,-0.1351351351351353,0.42948717948717946,0.5015071687252475,0.4987179487179487,0.37714863498483314,0.6923076923076923,0.16666666666666666,0.10897842581783022,0.4107142857142857
neuma,subjectwise,deepconvnet,3,S19,0.4753386378288269,118,0,-0.09878801100114164,-0.07604327666151467,0.43166666666666664,0.130808527904505,0.40722222222222226,0.40571916346564235,0.3333333333333333,0.53,0.3211358750270585,0.5
neuma,subjectwise,deepconvnet,3,S20,0.4915469866991043,56,0,0.15631503171567185,0.15517241379310343,0.5814479638009049,0.4326777955195871,0.5927601809954751,0.5762162162162162,0.47058823529411764,0.6923076923076923,0.17965134765420643,0.625
neuma,subjectwise,deepconvnet,3,S21,0.4753386378288269,135,0,-0.08013534268268084,-0.07048458149779746,0.4542857142857143,0.23653256644335896,0.4405714285714286,0.4327731092436975,0.42857142857142855,0.48,0.21349015180711392,0.4666666666666667
neuma,subjectwise,deepconvnet,3,S22,0.5978996586799622,79,0,-0.022467338257198557,-0.017403411068569463,0.4918831168831169,0.49503808851435677,0.5811688311688311,0.43971631205673756,0.14285714285714285,0.8409090909090909,0.10862844578827481,0.5316455696202531
neuma,subjectwise,deepconvnet,3,S23,0.5978996586799622,70,0,-0.12321376327627213,-0.12315698178664358,0.4388458225667528,0.3455263212458172,0.34108527131782945,0.4382997180654955,0.2962962962962963,0.5813953488372093,0.22507963946887424,0.4714285714285714
neuma,subjectwise,deepconvnet,3,S24,0.5978996586799622,221,0,0.0389338686728906,0.0251162421014981,0.5292376017764618,0.13509767167511344,0.5466321243523315,0.4262693827911219,0.5714285714285714,0.48704663212435234,0.4609697488098663,0.497737556561086
neuma,subjectwise,deepconvnet,3,S25,0.4972243702411651,42,0,0.1875916198442167,0.15286624203821664,0.6055718475073314,0.3436091055409237,0.6392961876832844,0.5346938775510204,0.7272727272727273,0.4838709677419355,0.24352083816414788,0.5476190476190477
neuma,subjectwise,deepconvnet,3,S26,0.5978996586799622,269,0,-0.0009258087052739908,-0.0009041276906491813,0.49958172458172456,0.3506460379458919,0.5731660231660232,0.4949021672369922,0.2261904761904762,0.772972972972973,0.21824552855527096,0.6022304832713755
neuma,subjectwise,deepconvnet,3,S27,0.5566813135147095,49,0,0.18257418583505539,0.15384615384615385,0.6,0.35476673218012067,0.5387755102040817,0.5416666666666666,0.7142857142857143,0.4857142857142857,0.27384331579111065,0.5510204081632653
neuma,subjectwise,deepconvnet,3,S28,0.5566813135147095,152,0,0.0043231749988676725,0.0038910505836575737,0.5026633024950939,0.20074139646460618,0.5250911129800953,0.48111798591849797,0.3793103448275862,0.6260162601626016,0.31670589303891916,0.5789473684210527
neuma,subjectwise,deepconvnet,3,S29,0.5566813135147095,109,0,-0.031886780870062886,-0.026014033886702093,0.4801462904911181,0.2000838291385096,0.5020898641588297,0.441025641025641,0.45454545454545453,0.5057471264367817,0.35286341293142476,0.4954128440366973
neuma,subjectwise,deepconvnet,3,S30,0.4972243702411651,53,0,0.16447838793172298,0.15523215523215517,0.5811594202898551,0.4966911553860943,0.5797101449275363,0.5654188948306595,0.6956521739130435,0.4666666666666667,0.0741242732641832,0.5660377358490566
neuma,subjectwise,deepconvnet,3,S31,0.5978996586799622,99,0,0.05993677100662795,0.05619668840943304,0.5253393665158371,0.3623394372802822,0.46606334841628955,0.5162037037037037,0.23529411764705882,0.8153846153846154,0.20887044222667966,0.6161616161616161
neuma,subjectwise,deepconvnet,3,S32,0.4753386378288269,101,0,-0.050026676894706884,-0.04844290657439432,0.4718066743383199,0.28052248393955376,0.4718066743383199,0.4692192192192192,0.2727272727272727,0.6708860759493671,0.23364467763959773,0.5841584158415841
neuma,subjectwise,deepconvnet,3,S33,0.5566813135147095,97,0,0.0873117042414844,0.07016871165644156,0.5439903846153846,0.3500577625393664,0.5139423076923076,0.4844812925170068,0.71875,0.36923076923076925,0.24293277343523872,0.4845360824742268
neuma,subjectwise,deepconvnet,3,S34,0.4915469866991043,235,0,0.06774519682222947,0.058453882164396176,0.5435629871762635,0.17626501773315978,0.5267789791299975,0.5019075879610004,0.4634146341463415,0.6237113402061856,0.329981353244883,0.5957446808510638
neuma,subjectwise,deepconvnet,3,S35,0.4972243702411651,101,0,0.12840132034308072,0.09132575114581565,0.5707894736842105,0.26111436680916034,0.5410526315789473,0.4700524700524701,0.76,0.3815789473684211,0.2658108183653048,0.4752475247524752
neuma,subjectwise,deepconvnet,3,S36,0.4753386378288269,51,0,-0.34219405926104035,-0.3341772151898734,0.31666666666666665,0.2873116076194041,0.3277777777777777,0.3257995735607676,0.13333333333333333,0.5,0.1825922889744534,0.39215686274509803
neuma,subjectwise,deepconvnet,3,S37,0.4753386378288269,66,0,-0.08741892047252382,-0.07797681770284504,0.46442307692307694,0.3645581650899167,0.4461538461538461,0.4358974358974359,0.15384615384615385,0.775,0.08468355735143025,0.5303030303030303
neuma,subjectwise,deepconvnet,3,S38,0.4915469866991043,181,0,0.020479457708905177,0.01796479382686289,0.5115182436611008,0.2608448384880052,0.45129870129870125,0.4785531370038413,0.5306122448979592,0.49242424242424243,0.22401494561637963,0.5027624309392266
neuma,subjectwise,deepconvnet,3,S39,0.4915469866991043,39,0,0.008132500607904443,0.008032128514056214,0.5041666666666667,0.47346572747047816,0.48888888888888893,0.501010101010101,0.4666666666666667,0.5416666666666666,0.1231529116630554,0.5128205128205128
neuma,subjectwise,deepconvnet,3,S40,0.5566813135147095,65,0,-0.08844477175087206,-0.0843373493975903,0.4551282051282051,0.37406603365516033,0.4329388560157791,0.4449715370018975,0.5,0.41025641025641024,0.17339745989212624,0.4461538461538462
neuma,subjectwise,deepconvnet,3,S41,0.4753386378288269,48,0,0.11518599423459984,0.08256880733944949,0.55,0.4332770078552414,0.46851851851851856,0.4678492239467849,0.8333333333333334,0.26666666666666666,0.16600578216214973,0.4791666666666667
neuma,subjectwise,deepconvnet,3,S42,0.4915469866991043,63,0,0.10323403107745346,0.10098792535675072,0.5484210526315789,0.5081948607506275,0.5736842105263158,0.5460088691796009,0.36,0.7368421052631579,0.09326974154701308,0.5873015873015873
neuma,subjectwise,deepconvnet,3,S43,0.4915469866991043,86,0,-0.2304431357587475,-0.20032840722495893,0.36593406593406597,0.24398857001194377,0.37216117216117217,0.3612931411096549,0.2857142857142857,0.4461538461538462,0.24675188022990563,0.4069767441860465
neuma,subjectwise,deepconvnet,3,S44,0.5978996586799622,82,0,-0.23424374030084533,-0.18840579710144922,0.3522727272727273,0.15320015274798543,0.33712121212121215,0.3492063492063492,0.25,0.45454545454545453,0.38847236262588974,0.4146341463414634
neuma,subjectwise,deepconvnet,4,S01,0.5554922407865525,69,0,-0.0472877992410959,-0.04392386530014636,0.4722222222222222,0.2311849482577487,0.4345679012345679,0.46215740507920544,0.3333333333333333,0.6111111111111112,0.326767670503561,0.5507246376811594
neuma,subjectwise,deepconvnet,4,S02,0.4962523180246353,63,0,0.18070158058105024,0.17582417582417587,0.5952380952380952,0.468838258286402,0.6349206349206349,0.5825602968460111,0.5714285714285714,0.6190476190476191,0.20352970513086466,0.6031746031746031
neuma,subjectwise,deepconvnet,4,S03,0.6156726002693176,65,0,-0.0817943751494157,-0.07411116675012508,0.4528061224489796,0.29274112780265715,0.5612244897959184,0.4392156862745098,0.375,0.5306122448979592,0.3440126249423394,0.49230769230769234
neuma,subjectwise,deepconvnet,4,S05,0.5554922407865525,85,0,-0.003156192076393147,-0.002621231979030192,0.49786324786324787,0.2366643695714955,0.5341880341880342,0.4635343618513324,0.38461538461538464,0.6111111111111112,0.39464200910399944,0.5764705882352941
neuma,subjectwise,deepconvnet,4,S06,0.5523994433879852,139,0,0.10092697197825493,0.08281533900736349,0.5546717171717173,0.30841350566200715,0.5396464646464647,0.4969315499606609,0.675,0.43434343434343436,0.2810027835716446,0.5035971223021583
neuma,subjectwise,deepconvnet,4,S07,0.4962523180246353,86,0,0.28567741762776644,0.2503113325031133,0.6794642857142856,0.27293224039550634,0.6366071428571428,0.6052459016393442,0.6875,0.6714285714285714,0.29580002884532136,0.6744186046511628
neuma,subjectwise,deepconvnet,4,S08,0.5523994433879852,83,0,-0.06626485045330265,-0.049548387096774116,0.4631336405529954,0.28256970567921413,0.5238095238095237,0.40094270142878186,0.5714285714285714,0.3548387096774194,0.3128460531127079,0.40963855421686746
neuma,subjectwise,deepconvnet,4,S09,0.4962523180246353,120,0,-0.13762491771413704,-0.1268472906403939,0.4200310559006211,0.21498075276096215,0.42274844720496896,0.416779539478926,0.2857142857142857,0.5543478260869565,0.2508174940943718,0.49166666666666664
neuma,subjectwise,deepconvnet,4,S10,0.5523994433879852,273,0,0.1999040690647504,0.15592515592515588,0.627262443438914,0.2759833092551923,0.6339192481726418,0.5318154937906564,0.7115384615384616,0.5429864253393665,0.33188002851310666,0.575091575091575
neuma,subjectwise,deepconvnet,4,S12,0.5389232540130615,103,0,0.1556557277029462,0.15496809480401097,0.5809523809523809,0.3413802769253974,0.5790476190476191,0.5767123287671233,0.42857142857142855,0.7333333333333333,0.24871425345106035,0.6504854368932039
neuma,subjectwise,deepconvnet,4,S13,0.6156726002693176,315,0,0.04613761654766573,0.04174412709143149,0.5264964599871272,0.2845455901201681,0.5091718515340056,0.4992050874403816,0.4936708860759494,0.559322033898305,0.35962772046526276,0.5428571428571428
neuma,subjectwise,deepconvnet,4,S14,0.5523994433879852,55,0,-0.007909649964604158,-0.005714285714285561,0.49583333333333335,0.25471402285961564,0.45333333333333337,0.41644562334217505,0.6666666666666666,0.325,0.2997499631209807,0.41818181818181815
neuma,subjectwise,deepconvnet,4,S15,0.6156726002693176,215,0,0.007204074801791025,0.006552969839536127,0.5038145539906104,0.3284647315675456,0.5043035993740219,0.480174081237911,0.5492957746478874,0.4583333333333333,0.28953751630561303,0.4883720930232558
neuma,subjectwise,deepconvnet,4,S16,0.5389232540130615,224,0,-0.06252042937059304,-0.04013015184381774,0.4619683926506489,0.18919554093060545,0.44699987151484005,0.371237732292499,0.5813953488372093,0.3425414364640884,0.35456292357827934,0.38839285714285715
neuma,subjectwise,deepconvnet,4,S17,0.6156726002693176,90,0,-0.04368674677985593,-0.040723981900452344,0.47619047619047616,0.3339494523839701,0.44914756025867136,0.4623376623376623,0.4444444444444444,0.5079365079365079,0.31044038699732884,0.4888888888888889
neuma,subjectwise,deepconvnet,4,S18,0.5523994433879852,56,0,-0.08520522057286624,-0.04578313253012034,0.4756410256410256,0.445147092199202,0.41666666666666663,0.35584415584415585,0.8846153846153846,0.06666666666666667,0.12670625533376423,0.44642857142857145
neuma,subjectwise,deepconvnet,4,S19,0.5523994433879852,118,0,-0.010754121768232575,-0.004512820512820648,0.4938888888888889,0.13149821534741546,0.41944444444444445,0.2941261261261261,0.7777777777777778,0.21,0.43813248635348623,0.2966101694915254
neuma,subjectwise,deepconvnet,4,S20,0.5554922407865525,56,0,0.08035209481949514,0.07818930041152261,0.5429864253393666,0.3795205871839894,0.48567119155354455,0.5333333333333333,0.47058823529411764,0.6153846153846154,0.2810763237731797,0.5714285714285714
neuma,subjectwise,deepconvnet,4,S21,0.5389232540130615,135,0,-0.15566129331488396,-0.14929056138186292,0.41357142857142853,0.21547223094476844,0.39028571428571424,0.41492368569813454,0.2571428571428571,0.57,0.2700023662160944,0.4888888888888889
neuma,subjectwise,deepconvnet,4,S22,0.5554922407865525,79,0,0.1539633603695869,0.1389645776566757,0.5662337662337662,0.5932597323300652,0.6538961038961039,0.5498575498575499,0.3142857142857143,0.8181818181818182,0.08629134221921995,0.5949367088607594
neuma,subjectwise,deepconvnet,4,S23,0.5523994433879852,70,0,-0.1695901335330382,-0.14623000761614624,0.41731266149870805,0.3028425202280467,0.33936261843238585,0.3845839296667348,0.5555555555555556,0.27906976744186046,0.2101458868810109,0.38571428571428573
neuma,subjectwise,deepconvnet,4,S24,0.5554922407865525,221,0,-0.08316538653221217,-0.05814605529914152,0.4376387860843819,0.11723007655977868,0.463360473723168,0.39787928622272406,0.35714285714285715,0.5181347150259067,0.424614446330394,0.497737556561086
neuma,subjectwise,deepconvnet,4,S25,0.6156726002693176,42,0,0.3471242937824793,0.3385826771653543,0.6891495601173021,0.3980510077550383,0.6950146627565983,0.6657824933687002,0.6363636363636364,0.7419354838709677,0.33255918465909506,0.7142857142857143
neuma,subjectwise,deepconvnet,4,S26,0.5554922407865525,269,0,-0.04868289330969456,-0.04855972515856233,0.47635135135135137,0.32477362739359894,0.5409266409266409,0.47516534391534393,0.25,0.7027027027027027,0.2103376782959722,0.5613382899628253
neuma,subjectwise,deepconvnet,4,S27,0.5523994433879852,49,0,0.10709591052033317,0.08376963350785338,0.5571428571428572,0.4585107900462303,0.6306122448979592,0.4863731656184486,0.7142857142857143,0.4,0.28512375512901617,0.4897959183673469
neuma,subjectwise,deepconvnet,4,S28,0.5389232540130615,152,0,0.09459822310306337,0.08135072908672303,0.5594336977852538,0.27670129104325913,0.5531258760863471,0.5120012230545788,0.5172413793103449,0.6016260162601627,0.3358135121433359,0.5855263157894737
neuma,subjectwise,deepconvnet,4,S29,0.5523994433879852,109,0,0.07321596753251372,0.04295555855734157,0.5415360501567398,0.20403860263237888,0.5229885057471264,0.3986079280196927,0.7727272727272727,0.3103448275862069,0.3688552558695505,0.4036697247706422
neuma,subjectwise,deepconvnet,4,S30,0.6156726002693176,53,0,-0.19769305011128283,-0.19268635724331928,0.4007246376811594,0.40984249749980084,0.39710144927536234,0.396011396011396,0.43478260869565216,0.36666666666666664,0.18469083084250393,0.39622641509433965
neuma,subjectwise,deepconvnet,4,S31,0.5389232540130615,99,0,-0.06031264860167887,-0.0600558659217878,0.47081447963800904,0.3277449219544944,0.4855203619909503,0.4689832089552239,0.2647058823529412,0.676923076923077,0.17287922146344428,0.5353535353535354
neuma,subjectwise,deepconvnet,4,S32,0.5389232540130615,101,0,-0.19515714540326326,-0.1900225620456255,0.39096662830840045,0.1790910808659196,0.3912543153049482,0.3988856527795365,0.13636363636363635,0.6455696202531646,0.2883754996675076,0.5346534653465347
neuma,subjectwise,deepconvnet,4,S33,0.4962523180246353,97,0,-0.054447470345526855,-0.05410404624277443,0.471875,0.3010201884628318,0.4475961538461538,0.47142028985507245,0.34375,0.6,0.16894147783210595,0.5154639175257731
neuma,subjectwise,deepconvnet,4,S34,0.4962523180246353,235,0,-0.020177738290117198,-0.01748875116733184,0.48705054060849884,0.1670809795412751,0.506034699522253,0.4627487896718666,0.36585365853658536,0.6082474226804123,0.30906669706740275,0.5659574468085107
neuma,subjectwise,deepconvnet,4,S35,0.6156726002693176,101,0,0.07450697946957777,0.06463054187192108,0.5431578947368421,0.3055300731180997,0.5563157894736842,0.5016272965879265,0.56,0.5263157894736842,0.36061628354657993,0.5346534653465347
neuma,subjectwise,deepconvnet,4,S36,0.5554922407865525,51,0,0.2231518495721684,0.2153846153846154,0.5972222222222222,0.45687667304627916,0.5907407407407407,0.6025974025974026,0.3333333333333333,0.8611111111111112,0.23729640187001694,0.7058823529411765
neuma,subjectwise,deepconvnet,4,S37,0.5389232540130615,66,0,0.05423871909582417,0.0489082969432314,0.5269230769230769,0.3952969546325576,0.4740384615384615,0.49988518943742827,0.6538461538461539,0.4,0.16724616198828723,0.5
neuma,subjectwise,deepconvnet,4,S38,0.4962523180246353,181,0,-0.016461002292073406,-0.015345928170739542,0.4908008658008658,0.26875829975005955,0.4925788497217069,0.47609541870446154,0.42857142857142855,0.553030303030303,0.2410332830571338,0.5193370165745856
neuma,subjectwise,deepconvnet,4,S39,0.5389232540130615,39,0,0.34877605543113943,0.33725490196078434,0.6791666666666667,0.48308116487083824,0.638888888888889,0.6631229235880398,0.7333333333333333,0.625,0.16225889554390538,0.6666666666666666
neuma,subjectwise,deepconvnet,4,S40,0.4962523180246353,65,0,-0.21377306830183915,-0.21118012422360244,0.391025641025641,0.31088314829394736,0.3254437869822485,0.39077144917087236,0.34615384615384615,0.4358974358974359,0.1628351280322442,0.4
neuma,subjectwise,deepconvnet,4,S41,0.5523994433879852,48,0,-0.09759000729485331,-0.09090909090909083,0.45,0.33502091739439577,0.40740740740740744,0.43529411764705883,0.5,0.4,0.1921130921691656,0.4375
neuma,subjectwise,deepconvnet,4,S42,0.5554922407865525,63,0,-0.1349735909614838,-0.13297002724795637,0.4357894736842105,0.4114083328315705,0.40421052631578946,0.4296296296296296,0.24,0.631578947368421,0.1971096656625233,0.47619047619047616
neuma,subjectwise,deepconvnet,4,S43,0.4962523180246353,86,0,-0.06971302730261862,-0.063254744105808,0.4597069597069597,0.20884405770939682,0.41538461538461535,0.44532773361331934,0.38095238095238093,0.5384615384615384,0.25599259553953657,0.5
neuma,subjectwise,deepconvnet,4,S44,0.5554922407865525,82,0,0.13712555853457373,0.12517780938833567,0.5833333333333333,0.3103392544001303,0.5615530303030303,0.5467943994104643,0.5,0.6666666666666666,0.3483245685333159,0.6341463414634146
neuma,subjectwise,eegnet,0,S01,0.4924129471182823,69,0,-0.01842711517991869,-0.014302741358760418,0.4888888888888889,0.24306954949812093,0.49753086419753084,0.43329633740288565,0.5333333333333333,0.4444444444444444,0.27830955947654834,0.463768115942029
neuma,subjectwise,eegnet,0,S02,0.5153034424781799,63,0,-0.08980265101338744,-0.0851063829787233,0.45238095238095233,0.2965226253340849,0.4036281179138322,0.44334719334719336,0.42857142857142855,0.47619047619047616,0.17883696347948103,0.4603174603174603
neuma,subjectwise,eegnet,0,S03,0.5153034424781799,65,0,0.2287957637295766,0.22860712054965648,0.6167091836734694,0.3952687464555301,0.6007653061224489,0.6141830677913153,0.4375,0.7959183673469388,0.2395177852648956,0.7076923076923077
neuma,subjectwise,eegnet,0,S05,0.4924129471182823,85,0,0.1848499124872225,0.12325941206807633,0.6276709401709402,0.2963417167411101,0.638888888888889,0.48484848484848486,0.7692307692307693,0.4861111111111111,0.3556108025943531,0.5294117647058824
neuma,subjectwise,eegnet,0,S06,0.5168506932258606,139,0,-0.1251071262963002,-0.12481608631682195,0.43573232323232325,0.3065894044077957,0.4585858585858586,0.437039764359352,0.225,0.6464646464646465,0.22171456565102227,0.5251798561151079
neuma,subjectwise,eegnet,0,S07,0.5223933279514312,86,0,0.10225003239326608,0.09880239520958078,0.5589285714285714,0.28140259440716814,0.6294642857142857,0.543939393939394,0.375,0.7428571428571429,0.3180300887933997,0.6744186046511628
neuma,subjectwise,eegnet,0,S08,0.5168506932258606,83,0,0.04075665505663174,0.040462427745664775,0.521505376344086,0.30513149204826445,0.5683563748079877,0.518840579710145,0.3333333333333333,0.7096774193548387,0.2407809919621571,0.6144578313253012
neuma,subjectwise,eegnet,0,S09,0.5223933279514312,120,0,0.051330545887055656,0.048223350253807085,0.5295031055900621,0.2782187048415319,0.5372670807453416,0.511559752523608,0.42857142857142855,0.6304347826086957,0.2759308348099391,0.5833333333333334
neuma,subjectwise,eegnet,0,S10,0.5168506932258606,273,0,-0.014512103038967604,-0.012754085292945305,0.4909502262443439,0.21417450509794847,0.5397667942916812,0.4670807453416149,0.38461538461538464,0.5972850678733032,0.3136568402414357,0.5567765567765568
neuma,subjectwise,eegnet,0,S12,0.5153034424781799,103,0,-0.14023214908405093,-0.13469133236333408,0.4228571428571429,0.22861831337781463,0.40761904761904766,0.4225113720512007,0.2857142857142857,0.56,0.22092982374348685,0.4854368932038835
neuma,subjectwise,eegnet,0,S13,0.5014655089378357,315,0,-0.013396492346341184,-0.010434333751198288,0.4924104269470071,0.2296060541618532,0.4816562969319888,0.43392134181607867,0.5822784810126582,0.4025423728813559,0.2528505197744669,0.44761904761904764
neuma,subjectwise,eegnet,0,S14,0.4924129471182823,55,0,0.04490132550669373,0.03750000000000009,0.525,0.25583387329087365,0.42166666666666663,0.47690217391304346,0.6,0.45,0.28647479306567797,0.4909090909090909
neuma,subjectwise,eegnet,0,S15,0.5014655089378357,215,0,0.11942917378027909,0.10946745562130167,0.5633313771517996,0.4069477696806249,0.5664123630672927,0.5357394676537988,0.6197183098591549,0.5069444444444444,0.17356128138165142,0.5441860465116279
neuma,subjectwise,eegnet,0,S16,0.5153034424781799,224,0,0.12033934082605931,0.09426781891699032,0.5763844275986123,0.20675218258433603,0.5389952460490813,0.49841938883034775,0.627906976744186,0.5248618784530387,0.3176037927291223,0.5446428571428571
neuma,subjectwise,eegnet,0,S17,0.5014655089378357,90,0,-0.06419407387663693,-0.04562737642585568,0.46825396825396826,0.326213717779854,0.4997060552616108,0.38881343375725397,0.6666666666666666,0.2698412698412698,0.2210642092757755,0.3888888888888889
neuma,subjectwise,eegnet,0,S18,0.5223933279514312,56,0,-0.08268982305947231,-0.08247422680412364,0.458974358974359,0.5144620928543586,0.46538461538461534,0.45806451612903226,0.38461538461538464,0.5333333333333333,0.13085029327443665,0.4642857142857143
neuma,subjectwise,eegnet,0,S19,0.5168506932258606,118,0,-0.11848152792281626,-0.10201149425287359,0.4211111111111111,0.15521274892395098,0.375,0.41893939393939394,0.2222222222222222,0.62,0.3546995477656187,0.559322033898305
neuma,subjectwise,eegnet,0,S20,0.4924129471182823,56,0,0.005789445619098958,0.004587155963302836,0.5030165912518854,0.3376782241182136,0.5082956259426847,0.4448353054045411,0.6470588235294118,0.358974358974359,0.19781569338270594,0.44642857142857145
neuma,subjectwise,eegnet,0,S21,0.5153034424781799,135,0,0.09349469900084571,0.09228740936058022,0.55,0.3190073439797616,0.5677142857142857,0.5437073364702764,0.4,0.7,0.23875943974212363,0.6222222222222222
neuma,subjectwise,eegnet,0,S22,0.5014655089378357,79,0,-0.21286311989329623,-0.20811170212765973,0.3983766233766234,0.39949331701719093,0.38376623376623376,0.3894489247311828,0.22857142857142856,0.5681818181818182,0.1618639264680162,0.4177215189873418
neuma,subjectwise,eegnet,0,S23,0.4924129471182823,70,0,-0.038714614072241395,-0.03682946357085681,0.4801894918173988,0.386273447909284,0.46856158484065463,0.46871794871794875,0.5185185185185185,0.4418604651162791,0.10324227724756516,0.4714285714285714
neuma,subjectwise,eegnet,0,S24,0.4924129471182823,221,0,0.021747216985727326,0.013544712944435822,0.5162842339008142,0.15467738938149453,0.515358993338268,0.41082919654348227,0.5714285714285714,0.46113989637305697,0.3728923699165361,0.4751131221719457
neuma,subjectwise,eegnet,0,S25,0.5168506932258606,42,0,0.1531679162134967,0.15094339622641517,0.5821114369501467,0.31692174890858904,0.5571847507331378,0.5728813559322035,0.45454545454545453,0.7096774193548387,0.22622676406587872,0.6428571428571429
neuma,subjectwise,eegnet,0,S26,0.4924129471182823,269,0,-0.002504981366810136,-0.002318456570340466,0.49864864864864866,0.31935100052150933,0.5135135135135135,0.4801820758363035,0.5,0.4972972972972973,0.17274377608609467,0.49814126394052044
neuma,subjectwise,eegnet,0,S27,0.5223933279514312,49,0,0.12810252304406972,0.125,0.5571428571428572,0.35401705360273455,0.5591836734693878,0.5585585585585585,0.2857142857142857,0.8285714285714286,0.21113982127637282,0.673469387755102
neuma,subjectwise,eegnet,0,S28,0.5153034424781799,152,0,0.0475599101289014,0.04033169996230679,0.5299971965236894,0.25267310382137553,0.5668629100084104,0.48708133971291867,0.4827586206896552,0.5772357723577236,0.3150019310414791,0.5592105263157895
neuma,subjectwise,eegnet,0,S29,0.5168506932258606,109,0,0.1110454832067105,0.10926920382909167,0.561128526645768,0.25140457587961207,0.48693834900731453,0.5520723259363626,0.36363636363636365,0.7586206896551724,0.2965447995640816,0.6788990825688074
neuma,subjectwise,eegnet,0,S30,0.5153034424781799,53,0,-0.011511089261379084,-0.011307420494699683,0.49420289855072463,0.4836589463404695,0.5391304347826087,0.48983957219251334,0.5217391304347826,0.4666666666666667,0.07807397617484038,0.49056603773584906
neuma,subjectwise,eegnet,0,S31,0.5168506932258606,99,0,0.03473667371459375,0.03426124197002134,0.516289592760181,0.4115820818516203,0.5570135746606335,0.5142993897331578,0.29411764705882354,0.7384615384615385,0.1435045723361198,0.5858585858585859
neuma,subjectwise,eegnet,0,S32,0.5153034424781799,101,0,-0.042148886999099425,-0.03977538605521769,0.4755466052934407,0.2218649610118077,0.5069044879171462,0.467911877394636,0.3181818181818182,0.6329113924050633,0.2623324096202851,0.5643564356435643
neuma,subjectwise,eegnet,0,S33,0.5223933279514312,97,0,0.06863247767442451,0.06845604530903715,0.5334134615384616,0.40136549892535617,0.5735576923076924,0.5337113274990756,0.34375,0.7230769230769231,0.17285571485450588,0.5979381443298969
neuma,subjectwise,eegnet,0,S34,0.5223933279514312,235,0,0.055539974430445144,0.05365828147063434,0.5322479255720393,0.20944386889465127,0.5687704299723408,0.5213089600804212,0.3170731707317073,0.7474226804123711,0.31506481975951095,0.6723404255319149
neuma,subjectwise,eegnet,0,S35,0.5014655089378357,101,0,0.06658087079221801,0.04949459742070417,0.5373684210526316,0.34762666925147806,0.5710526315789474,0.45633971291866027,0.68,0.39473684210526316,0.2676197358287207,0.46534653465346537
neuma,subjectwise,eegnet,0,S36,0.5014655089378357,51,0,-0.17750268067297048,-0.16548463356973997,0.4027777777777778,0.31204584467606183,0.3907407407407408,0.398046398046398,0.3333333333333333,0.4722222222222222,0.24863505772515837,0.43137254901960786
neuma,subjectwise,eegnet,0,S37,0.5153034424781799,66,0,-0.04013455344230392,-0.04011461318051568,0.47980769230769227,0.43835197294160844,0.451923076923077,0.479818485789348,0.38461538461538464,0.575,0.15216671111005722,0.5
neuma,subjectwise,eegnet,0,S38,0.5223933279514312,181,0,-0.08434665065591462,-0.08433828678129607,0.4581014223871367,0.2538321512533035,0.4645949288806432,0.4578097646372301,0.20408163265306123,0.7121212121212122,0.22258828481587256,0.574585635359116
neuma,subjectwise,eegnet,0,S39,0.4924129471182823,39,0,0.03244428422615251,0.031372549019607954,0.5166666666666666,0.4644436334717664,0.5833333333333333,0.507641196013289,0.5333333333333333,0.5,0.11097251451932469,0.5128205128205128
neuma,subjectwise,eegnet,0,S40,0.5168506932258606,65,0,0.1895438491439364,0.17808219178082196,0.5833333333333333,0.5260725932275704,0.5759368836291913,0.577922077922078,0.34615384615384615,0.8205128205128205,0.09255983050052934,0.6307692307692307
neuma,subjectwise,eegnet,0,S41,0.5014655089378357,48,0,0.16499463776140771,0.1648351648351648,0.5833333333333333,0.4649166386512793,0.5666666666666667,0.5822262940907008,0.5,0.6666666666666666,0.1370500704894463,0.6041666666666666
neuma,subjectwise,eegnet,0,S42,0.5223933279514312,63,0,0.1835325870964494,0.18181818181818188,0.588421052631579,0.4898833012384057,0.5957894736842105,0.5891304347826087,0.44,0.7368421052631579,0.12102225990522474,0.6190476190476191
neuma,subjectwise,eegnet,0,S43,0.5223933279514312,86,0,0.1355870140678612,0.13551749813849578,0.5666666666666667,0.28884980941844773,0.5172161172161172,0.5676782722025694,0.3333333333333333,0.8,0.2552073161269343,0.686046511627907
neuma,subjectwise,eegnet,0,S44,0.4924129471182823,82,0,-0.0991917245091103,-0.08093194359288769,0.4375,0.17474273879047247,0.36837121212121215,0.41184320266889074,0.375,0.5,0.3108671107670157,0.47560975609756095
neuma,subjectwise,eegnet,1,S01,0.5314010679721832,69,0,0.10635890745287926,0.10600706713780927,0.5555555555555556,0.2859787277912304,0.6358024691358025,0.5524764150943396,0.3333333333333333,0.7777777777777778,0.28914667342020123,0.6811594202898551
neuma,subjectwise,eegnet,1,S02,0.5043959963321686,63,0,0.090075469822209,0.08695652173913038,0.5476190476190477,0.42808139673725654,0.564625850340136,0.5357894736842105,0.5238095238095238,0.5714285714285714,0.18809157988381764,0.5555555555555556
neuma,subjectwise,eegnet,1,S03,0.5043959963321686,65,0,0.05315436433149373,0.03440187646598891,0.528061224489796,0.3526878595095058,0.5714285714285714,0.41413662239089183,0.75,0.30612244897959184,0.3399350778414653,0.4153846153846154
neuma,subjectwise,eegnet,1,S05,0.4752979838848114,85,0,0.1272937693043289,0.031890660592255315,0.5486111111111112,0.19334017137184167,0.5619658119658121,0.2314647377938517,1.0,0.09722222222222222,0.36926707204650433,0.23529411764705882
neuma,subjectwise,eegnet,1,S06,0.5314010679721832,139,0,0.01717171717171717,0.01717171717171717,0.5085858585858586,0.34673846877626335,0.5143939393939394,0.5085858585858586,0.3,0.7171717171717171,0.21022223804494458,0.5971223021582733
neuma,subjectwise,eegnet,1,S07,0.5043959963321686,86,0,0.11952286093343936,0.09302325581395354,0.5767857142857142,0.33342804790351827,0.5991071428571428,0.4969251537423129,0.625,0.5285714285714286,0.33078309651031057,0.5465116279069767
neuma,subjectwise,eegnet,1,S08,0.4752979838848114,83,0,-0.03684226275752157,-0.028473503822831425,0.4792626728110599,0.28273806620462266,0.5023041474654377,0.4216456634544107,0.5714285714285714,0.3870967741935484,0.21994385590036228,0.43373493975903615
neuma,subjectwise,eegnet,1,S09,0.5043959963321686,120,0,0.04860689314434064,0.041479820627802755,0.5287267080745341,0.2774264066580773,0.5493012422360248,0.4861392832995267,0.5357142857142857,0.5217391304347826,0.2689327535529932,0.525
neuma,subjectwise,eegnet,1,S10,0.5055845761299134,273,0,0.19548274334719498,0.15525758645024712,0.6244343891402715,0.24325367966213293,0.5995475113122173,0.5352150537634408,0.6923076923076923,0.5565610859728507,0.3079981070844245,0.5824175824175825
neuma,subjectwise,eegnet,1,S12,0.5055845761299134,103,0,-0.053594220075787236,-0.045685279187817285,0.47,0.2975923804104754,0.47333333333333333,0.43715846994535523,0.5,0.44,0.24176450117120468,0.4563106796116505
neuma,subjectwise,eegnet,1,S13,0.5081180334091187,315,0,0.020058736096002578,0.016435837020860822,0.5115050418365158,0.2342332948314222,0.4894335979403561,0.4616852412954362,0.569620253164557,0.4533898305084746,0.2581331613517943,0.48253968253968255
neuma,subjectwise,eegnet,1,S14,0.4752979838848114,55,0,-0.047619047619047616,-0.01951219512195146,0.48333333333333334,0.3515437426874553,0.5433333333333333,0.29008152173913043,0.8666666666666667,0.1,0.2396377774802121,0.3090909090909091
neuma,subjectwise,eegnet,1,S15,0.5081180334091187,215,0,0.19772419382539083,0.1868451941051168,0.6050958528951487,0.43012372422729606,0.6026017214397497,0.5823005292423126,0.6338028169014085,0.5763888888888888,0.17169319668481517,0.5953488372093023
neuma,subjectwise,eegnet,1,S16,0.4752979838848114,224,0,0.06572242744002035,0.008601720344068808,0.511049723756906,0.23822281601026873,0.6023384299113452,0.18511972048093722,1.0,0.022099447513812154,0.333128887627806,0.20982142857142858
neuma,subjectwise,eegnet,1,S17,0.5081180334091187,90,0,-0.18013666095619207,-0.15879828326180268,0.4021164021164021,0.25042603387735823,0.3815402704291593,0.3851214574898786,0.4074074074074074,0.3968253968253968,0.24017393655247152,0.4
neuma,subjectwise,eegnet,1,S18,0.5043959963321686,56,0,-0.08902476018169285,-0.08808290155440401,0.4564102564102564,0.44091904807077587,0.44871794871794873,0.453125,0.34615384615384615,0.5666666666666667,0.08349875413945747,0.4642857142857143
neuma,subjectwise,eegnet,1,S19,0.5055845761299134,118,0,0.04714045207910317,0.03389830508474578,0.5327777777777778,0.22835975191468683,0.5775,0.4506248468512619,0.5555555555555556,0.51,0.3544793474977299,0.5169491525423728
neuma,subjectwise,eegnet,1,S20,0.5081180334091187,56,0,0.038608998192503456,0.02908277404921711,0.5196078431372549,0.3125895500381511,0.5037707390648567,0.4462519936204147,0.7058823529411765,0.3333333333333333,0.217319665742772,0.44642857142857145
neuma,subjectwise,eegnet,1,S21,0.5055845761299134,135,0,0.1194417826690948,0.1123729826658697,0.5671428571428572,0.33309048281611875,0.6271428571428571,0.5441709128859967,0.5142857142857142,0.62,0.23808616223158657,0.5925925925925926
neuma,subjectwise,eegnet,1,S22,0.5055845761299134,79,0,0.2226219973264507,0.22141918528252302,0.6094155844155844,0.5723000928655733,0.6214285714285714,0.6096837944664031,0.5142857142857142,0.7045454545454546,0.08731971888602535,0.620253164556962
neuma,subjectwise,eegnet,1,S23,0.5055845761299134,70,0,0.06161601398077261,0.06119027661357934,0.5314384151593454,0.4022553956479504,0.49009474590869945,0.5290159798149705,0.48148148148148145,0.5813953488372093,0.11917502539498466,0.5428571428571428
neuma,subjectwise,eegnet,1,S24,0.5314010679721832,221,0,-0.037729847488162695,-0.036909602752580595,0.4781643227239082,0.14209394432669953,0.5049962990377499,0.4786096256684492,0.14285714285714285,0.8134715025906736,0.37830676387877493,0.7285067873303167
neuma,subjectwise,eegnet,1,S25,0.4752979838848114,42,0,-0.04843594796964828,-0.029038112522685955,0.47653958944281527,0.4319104743715299,0.6217008797653959,0.3567782189449802,0.7272727272727273,0.22580645161290322,0.23475209942885805,0.35714285714285715
neuma,subjectwise,eegnet,1,S26,0.5314010679721832,269,0,-0.10984421322198301,-0.10850389946531336,0.44874517374517375,0.2852532369116868,0.4543758043758043,0.4430069989903657,0.17857142857142858,0.7189189189189189,0.1785206735189519,0.550185873605948
neuma,subjectwise,eegnet,1,S27,0.4752979838848114,49,0,0.1,0.06896551724137934,0.55,0.47672697867025593,0.6469387755102041,0.4489795918367347,0.7857142857142857,0.3142857142857143,0.22686161496201337,0.4489795918367347
neuma,subjectwise,eegnet,1,S28,0.4752979838848114,152,0,0.0630305819996871,0.05033438929954237,0.54008971124194,0.20576445849187067,0.5466778805719092,0.47872289040235716,0.5517241379310345,0.5284552845528455,0.2721953422419335,0.5328947368421053
neuma,subjectwise,eegnet,1,S29,0.4752979838848114,109,0,-0.022590824197703474,-0.009623481294358305,0.48955067920585166,0.17310836205801314,0.4043887147335423,0.2926253687315634,0.8181818181818182,0.16091954022988506,0.30632603359878613,0.29357798165137616
neuma,subjectwise,eegnet,1,S30,0.4752979838848114,53,0,-0.21234930330463941,-0.14538310412573674,0.4195652173913043,0.4407236057813265,0.4014492753623189,0.330654420206659,0.7391304347826086,0.1,0.15717297567511507,0.37735849056603776
neuma,subjectwise,eegnet,1,S31,0.5055845761299134,99,0,0.04985156654368405,0.04749232343909915,0.5262443438914027,0.4358835022475199,0.5588235294117647,0.5125196437925615,0.5294117647058824,0.5230769230769231,0.16423901223173049,0.5252525252525253
neuma,subjectwise,eegnet,1,S32,0.5055845761299134,101,0,-0.07365867680427729,-0.06794150731158588,0.45655926352128884,0.2285123572138693,0.49654775604142687,0.44808743169398907,0.3181818181818182,0.5949367088607594,0.27356689238902365,0.5346534653465347
neuma,subjectwise,eegnet,1,S33,0.5314010679721832,97,0,0.15662910630096588,0.1534907597535934,0.571875,0.3929991087347535,0.5471153846153846,0.57324016563147,0.34375,0.8,0.18244658303015016,0.6494845360824743
neuma,subjectwise,eegnet,1,S34,0.5043959963321686,235,0,-0.05087166800858496,-0.049792983220745324,0.47127231581594164,0.19955908180399073,0.5360824742268042,0.4714175992977836,0.1951219512195122,0.7474226804123711,0.26610869311905927,0.6510638297872341
neuma,subjectwise,eegnet,1,S35,0.4752979838848114,101,0,0.13969814830363295,0.05634201585503984,0.5523684210526316,0.2744956228371951,0.5457894736842106,0.3355263157894737,0.96,0.14473684210526316,0.2653079850248771,0.3465346534653465
neuma,subjectwise,eegnet,1,S36,0.5043959963321686,51,0,-0.07304174834821295,-0.0691823899371069,0.46944444444444444,0.25410465376805647,0.38518518518518513,0.4551282051282051,0.13333333333333333,0.8055555555555556,0.2220021483360552,0.6078431372549019
neuma,subjectwise,eegnet,1,S37,0.5314010679721832,66,0,-0.03320531306762042,-0.03229061553985879,0.48461538461538456,0.45472816434560415,0.5269230769230769,0.47739463601532567,0.2692307692307692,0.7,0.12781520278164835,0.5303030303030303
neuma,subjectwise,eegnet,1,S38,0.5043959963321686,181,0,0.03476762977060163,0.0289587539659647,0.5194032158317873,0.31361799612100466,0.531230674087817,0.47167383321301903,0.5918367346938775,0.44696969696969696,0.24874542809981665,0.4861878453038674
neuma,subjectwise,eegnet,1,S39,0.5314010679721832,39,0,-0.18446619684315546,-0.18181818181818166,0.4125,0.35616789168192453,0.3666666666666667,0.40522875816993464,0.2,0.625,0.16754655578197572,0.46153846153846156
neuma,subjectwise,eegnet,1,S40,0.5081180334091187,65,0,0.1691882420459899,0.1520467836257311,0.5833333333333333,0.4061831189970436,0.5216962524654831,0.5534233593935086,0.7307692307692307,0.4358974358974359,0.1270616169159229,0.5538461538461539
neuma,subjectwise,eegnet,1,S41,0.5043959963321686,48,0,-0.06477502756312957,-0.061224489795918435,0.4666666666666667,0.33450338855262873,0.44814814814814813,0.4545454545454546,0.5,0.43333333333333335,0.1764746457338333,0.4583333333333333
neuma,subjectwise,eegnet,1,S42,0.4752979838848114,63,0,0.052981294282601746,0.03162055335968372,0.5189473684210526,0.3401534309681517,0.41052631578947374,0.40614058712631296,0.88,0.15789473684210525,0.1170574256352016,0.4444444444444444
neuma,subjectwise,eegnet,1,S43,0.5043959963321686,86,0,-0.0720958998312623,-0.06783767413688668,0.458974358974359,0.22659506439880922,0.48424908424908425,0.45205905205905206,0.3333333333333333,0.5846153846153846,0.24744986552138662,0.5232558139534884
neuma,subjectwise,eegnet,1,S44,0.5081180334091187,82,0,-0.04826595414577784,-0.035934868051656466,0.4696969696969697,0.2212238811851494,0.43844696969696967,0.412700939041859,0.5,0.4393939393939394,0.32012265702573267,0.45121951219512196
neuma,subjectwise,eegnet,2,S01,0.4902714681625366,69,0,0.07305950062660078,0.04166666666666652,0.538888888888889,0.2399102351871936,0.5024691358024691,0.39015151515151514,0.8,0.2777777777777778,0.2943606311860292,0.391304347826087
neuma,subjectwise,eegnet,2,S02,0.5071013009548188,63,0,-0.04662524041201569,-0.046511627906976605,0.47619047619047616,0.29244489498729226,0.38888888888888884,0.47616407982261644,0.3333333333333333,0.6190476190476191,0.1627558985399821,0.5238095238095238
neuma,subjectwise,eegnet,2,S03,0.4935302627086639,65,0,-0.11572751247156894,-0.0956719817767655,0.4330357142857143,0.3921877633659874,0.528061224489796,0.4030776867709109,0.4375,0.42857142857142855,0.2764783432850471,0.4307692307692308
neuma,subjectwise,eegnet,2,S05,0.4902714681625366,85,0,0.14622441296640046,0.041867954911433136,0.5625,0.3082397477759019,0.6997863247863247,0.25717852684144815,1.0,0.125,0.3696507839595571,0.25882352941176473
neuma,subjectwise,eegnet,2,S06,0.4935302627086639,139,0,-0.006251502945795442,-0.004757983347058348,0.4967171717171717,0.28728461484571666,0.4868686868686869,0.42976579944955084,0.65,0.3434343434343434,0.22162397495276634,0.4316546762589928
neuma,subjectwise,eegnet,2,S07,0.510246353149414,86,0,0.15721762906275683,0.11875985286389912,0.6008928571428571,0.28555541227345627,0.5544642857142857,0.5046521931767833,0.6875,0.5142857142857142,0.3247122622506563,0.5465116279069767
neuma,subjectwise,eegnet,2,S08,0.4935302627086639,83,0,-0.008113740489243782,-0.00646725949878757,0.49539170506912444,0.33644624986375044,0.5499231950844854,0.4419542805916629,0.5714285714285714,0.41935483870967744,0.23295510560274124,0.4578313253012048
neuma,subjectwise,eegnet,2,S09,0.510246353149414,120,0,-0.10288464722318984,-0.07793522267206487,0.44021739130434784,0.2267484315380084,0.4545807453416149,0.38964109176875134,0.5,0.3804347826086957,0.28552429998914397,0.4083333333333333
neuma,subjectwise,eegnet,2,S10,0.4760501563549042,273,0,0.07317715294684524,0.048647005168744095,0.5452488687782805,0.2062116239317869,0.5178384963452838,0.4336651583710407,0.6923076923076923,0.39819004524886875,0.29836641224749355,0.4542124542124542
neuma,subjectwise,eegnet,2,S12,0.4760501563549042,103,0,0.029695693545824936,0.0269905533063427,0.5166666666666666,0.2865647700197991,0.5242857142857144,0.4918957011980268,0.5,0.5333333333333333,0.2090272096175592,0.5242718446601942
neuma,subjectwise,eegnet,2,S13,0.5071013009548188,315,0,-0.01638173552386043,-0.0150961351298744,0.49064042051062007,0.23765313413462982,0.4777408281484659,0.4739702998038666,0.4177215189873418,0.5635593220338984,0.26533963609309424,0.526984126984127
neuma,subjectwise,eegnet,2,S14,0.4760501563549042,55,0,-0.20881008401605156,-0.14647887323943665,0.39166666666666666,0.26719098042208245,0.41000000000000003,0.3263819927176431,0.5333333333333333,0.25,0.2500269028273496,0.32727272727272727
neuma,subjectwise,eegnet,2,S15,0.5071013009548188,215,0,-0.08957192445450828,-0.08891389983117604,0.4536384976525822,0.3201014725289354,0.4688967136150234,0.4536984754376059,0.323943661971831,0.5833333333333334,0.17040608608445457,0.49767441860465117
neuma,subjectwise,eegnet,2,S16,0.4935302627086639,224,0,0.01963302014189545,0.010238907849829393,0.510792753436978,0.20103495978725178,0.5035333418990107,0.3504909312696223,0.7674418604651163,0.2541436464088398,0.3262639599187034,0.35267857142857145
neuma,subjectwise,eegnet,2,S17,0.5071013009548188,90,0,-0.11253841574251965,-0.09704641350210963,0.43915343915343913,0.2672053871221734,0.37624926513815404,0.4117647058823529,0.48148148148148145,0.3968253968253968,0.21122932069831424,0.4222222222222222
neuma,subjectwise,eegnet,2,S18,0.510246353149414,56,0,-0.07692307692307693,-0.07692307692307687,0.46153846153846156,0.5334060148556306,0.4833333333333334,0.46153846153846156,0.4230769230769231,0.5,0.06564817098634582,0.4642857142857143
neuma,subjectwise,eegnet,2,S19,0.4760501563549042,118,0,0.039032082717096885,0.01857852667962845,0.5238888888888888,0.20608494874792976,0.5466666666666666,0.33944020356234095,0.7777777777777778,0.27,0.3510751676256374,0.3474576271186441
neuma,subjectwise,eegnet,2,S20,0.4935302627086639,56,0,0.2286714428196424,0.13491246138002067,0.5987933634992458,0.44808179121954006,0.6244343891402715,0.45806451612903226,0.9411764705882353,0.2564102564102564,0.23271310808403145,0.4642857142857143
neuma,subjectwise,eegnet,2,S21,0.4760501563549042,135,0,0.14001286044039396,0.1008563273073263,0.5757142857142857,0.3096338171763504,0.5805714285714285,0.47801590808661065,0.7714285714285715,0.38,0.23465286118012887,0.48148148148148145
neuma,subjectwise,eegnet,2,S22,0.4935302627086639,79,0,-0.05375665708055008,-0.05266497461928932,0.47305194805194806,0.5075354289373699,0.4753246753246753,0.46826923076923077,0.5142857142857142,0.4318181818181818,0.08984239795539954,0.46835443037974683
neuma,subjectwise,eegnet,2,S23,0.4760501563549042,70,0,-0.14437485900899558,-0.12643678160919536,0.4289405684754522,0.36895698530711485,0.4168819982773471,0.39950980392156865,0.5555555555555556,0.3023255813953488,0.10582286545208523,0.4
neuma,subjectwise,eegnet,2,S24,0.4902714681625366,221,0,0.03173958412485483,0.01209238351768005,0.5195225758697262,0.1480707651843235,0.5481125092524056,0.28886138613861384,0.8214285714285714,0.21761658031088082,0.38837686545169187,0.29411764705882354
neuma,subjectwise,eegnet,2,S25,0.5071013009548188,42,0,0.03126526997403612,0.02919708029197088,0.5175953079178885,0.2956873803660638,0.4809384164222874,0.49968652037617556,0.45454545454545453,0.5806451612903226,0.2396554748217265,0.5476190476190477
neuma,subjectwise,eegnet,2,S26,0.4902714681625366,269,0,0.08675938426452777,0.0708937350308837,0.5452380952380953,0.3835640525157565,0.5928571428571429,0.48889813466472504,0.6904761904761905,0.4,0.19221676005306737,0.49070631970260226
neuma,subjectwise,eegnet,2,S27,0.4760501563549042,49,0,-0.02626128657194451,-0.021621621621621623,0.4857142857142857,0.3885309874839991,0.5693877551020408,0.4405919661733615,0.5714285714285714,0.4,0.21280542685061082,0.4489795918367347
neuma,subjectwise,eegnet,2,S28,0.4935302627086639,152,0,0.0008861644779429134,0.0007407407407407085,0.5005606952621251,0.21836879865829498,0.5410709279506588,0.4625230340156382,0.4482758620689655,0.5528455284552846,0.2785909726823631,0.5328947368421053
neuma,subjectwise,eegnet,2,S29,0.4935302627086639,109,0,0.0034806830570938444,0.0023245677756791316,0.5020898641588296,0.18599211798266702,0.4482758620689655,0.4058146577831617,0.6363636363636364,0.367816091954023,0.30799371961059924,0.42201834862385323
neuma,subjectwise,eegnet,2,S30,0.5071013009548188,53,0,-0.04473346389379392,-0.043600562587904346,0.47753623188405797,0.589864329788525,0.5260869565217391,0.47150997150997154,0.5217391304347826,0.43333333333333335,0.07532200161016213,0.4716981132075472
neuma,subjectwise,eegnet,2,S31,0.4902714681625366,99,0,-0.009970190533179412,-0.009016072128577024,0.49479638009049776,0.38707832035604656,0.49638009049773757,0.4703703703703703,0.5588235294117647,0.4307692307692308,0.17839692487861175,0.47474747474747475
neuma,subjectwise,eegnet,2,S32,0.4760501563549042,101,0,-0.06990912963251084,-0.059298104074223534,0.4577100115074799,0.261377975667681,0.451668584579977,0.4316017316017316,0.4090909090909091,0.5063291139240507,0.2647190740202913,0.48514851485148514
neuma,subjectwise,eegnet,2,S33,0.510246353149414,97,0,0.05160706730696842,0.04762899519532082,0.5274038461538462,0.38436516973323365,0.5298076923076922,0.5051557581678063,0.5625,0.49230769230769234,0.17974465409504992,0.5154639175257731
neuma,subjectwise,eegnet,2,S34,0.510246353149414,235,0,0.12649598584021193,0.11061414071907782,0.5808398290168468,0.1979974200195617,0.5810912748302741,0.5321266968325792,0.5121951219512195,0.6494845360824743,0.31546555668749704,0.625531914893617
neuma,subjectwise,eegnet,2,S35,0.5071013009548188,101,0,-0.1099208255639328,-0.09895298706631062,0.43657894736842107,0.2780347899944914,0.4842105263157894,0.4244704870444038,0.36,0.5131578947368421,0.264417944863291,0.4752475247524752
neuma,subjectwise,eegnet,2,S36,0.510246353149414,51,0,-0.18257418583505536,-0.18181818181818188,0.40555555555555556,0.2648138603267982,0.34074074074074073,0.4080357142857143,0.2,0.6111111111111112,0.21965013590513494,0.49019607843137253
neuma,subjectwise,eegnet,2,S37,0.4935302627086639,66,0,-0.07565212586013159,-0.06271186440677967,0.46442307692307694,0.3856090262940173,0.48269230769230775,0.4194444444444444,0.6538461538461539,0.275,0.11604171359177791,0.42424242424242425
neuma,subjectwise,eegnet,2,S38,0.510246353149414,181,0,-0.05880534639121866,-0.05238998714731613,0.4669140383426098,0.2467919828541943,0.4492888064316636,0.44526889699003125,0.4489795918367347,0.48484848484848486,0.24991586845553382,0.47513812154696133
neuma,subjectwise,eegnet,2,S39,0.4902714681625366,39,0,-0.10112997936948633,-0.061224489795918435,0.4625,0.5088485021062154,0.5527777777777777,0.35,0.8,0.125,0.13625368857995057,0.38461538461538464
neuma,subjectwise,eegnet,2,S40,0.4902714681625366,65,0,-0.11821656093586509,-0.10465116279069764,0.4423076923076923,0.4075780706840225,0.45956607495069035,0.41413662239089183,0.5769230769230769,0.3076923076923077,0.1121486645478468,0.4153846153846154
neuma,subjectwise,eegnet,2,S41,0.4760501563549042,48,0,0.03374196088105538,0.029126213592232997,0.5166666666666666,0.5859020365599312,0.6055555555555556,0.47894051237516283,0.6666666666666666,0.36666666666666664,0.11592230511208376,0.4791666666666667
neuma,subjectwise,eegnet,2,S42,0.510246353149414,63,0,-0.1936842105263158,-0.1936842105263159,0.4031578947368421,0.3581652037517105,0.38,0.4031578947368421,0.28,0.5263157894736842,0.17930251028802666,0.42857142857142855
neuma,subjectwise,eegnet,2,S43,0.510246353149414,86,0,-0.12115071777181864,-0.100261096605744,0.4296703296703297,0.20987306038891598,0.41538461538461535,0.4009950248756219,0.42857142857142855,0.4307692307692308,0.2627757212450338,0.43023255813953487
neuma,subjectwise,eegnet,2,S44,0.4902714681625366,82,0,-0.20755021558682002,-0.08483830323393526,0.4043560606060606,0.14866320642510364,0.2973484848484849,0.2306775874906925,0.6875,0.12121212121212122,0.3239054945183963,0.23170731707317074
neuma,subjectwise,eegnet,3,S01,0.5129491603374481,69,0,0.07352146220938077,0.06307490144546657,0.5444444444444445,0.26761775961512124,0.5469135802469136,0.49988309562777644,0.5333333333333333,0.5555555555555556,0.2890423575173253,0.5507246376811594
neuma,subjectwise,eegnet,3,S02,0.4910136568546295,63,0,-0.303064062678102,-0.2524271844660193,0.34523809523809523,0.30884053444441983,0.34920634920634924,0.3167717528373266,0.42857142857142855,0.2619047619047619,0.21648152669270837,0.31746031746031744
neuma,subjectwise,eegnet,3,S03,0.501202929019928,65,0,-0.027554169636087842,-0.02463054187192104,0.4840561224489796,0.41837443805711405,0.548469387755102,0.4616977225672878,0.4375,0.5306122448979592,0.2594826812927539,0.5076923076923077
neuma,subjectwise,eegnet,3,S05,0.5129491603374481,85,0,0.09883630620059274,0.07866212449674814,0.5678418803418803,0.20562658166287962,0.6185897435897436,0.4982290436835891,0.5384615384615384,0.5972222222222222,0.3517683569122763,0.5882352941176471
neuma,subjectwise,eegnet,3,S06,0.48773273229599,139,0,-0.011552131504766423,-0.008419167039856568,0.4940656565656566,0.29567681930181183,0.5070707070707071,0.4167832167832168,0.675,0.31313131313131315,0.21681509065113483,0.4172661870503597
neuma,subjectwise,eegnet,3,S07,0.501202929019928,86,0,0.010591481821704043,0.010071942446043036,0.50625,0.21872312425517185,0.5437500000000001,0.495970695970696,0.3125,0.7,0.296238812596299,0.627906976744186
neuma,subjectwise,eegnet,3,S08,0.48773273229599,83,0,0.11760964856647779,0.10039931545921266,0.5675883256528418,0.31786325436148166,0.575268817204301,0.5168504901960784,0.6190476190476191,0.5161290322580645,0.2351700423891286,0.5421686746987951
neuma,subjectwise,eegnet,3,S09,0.501202929019928,120,0,-0.036860489038724284,-0.030042918454935563,0.4782608695652174,0.21316898060375897,0.4309006211180124,0.43595769682726204,0.5,0.45652173913043476,0.26609743138154346,0.4666666666666667
neuma,subjectwise,eegnet,3,S10,0.5087236881256103,273,0,-0.004879686261093563,-0.004690431519699834,0.4971719457013575,0.24988171609512713,0.5528193525931082,0.4904479578392622,0.28846153846153844,0.7058823529411765,0.29067331440610333,0.6263736263736264
neuma,subjectwise,eegnet,3,S12,0.5087236881256103,103,0,-0.2405664109129778,-0.22972416632358983,0.36714285714285716,0.20075194288875095,0.3214285714285714,0.37247899159663866,0.21428571428571427,0.52,0.21316939592361453,0.4368932038834951
neuma,subjectwise,eegnet,3,S13,0.4910136568546295,315,0,-0.049462316414579724,-0.03431380976121301,0.47323535721948085,0.2263558254475715,0.4313988414503325,0.39011039138764714,0.6329113924050633,0.3135593220338983,0.2565636337749543,0.39365079365079364
neuma,subjectwise,eegnet,3,S14,0.5087236881256103,55,0,-0.10206207261596575,-0.10000000000000009,0.45416666666666666,0.2751888592048551,0.44833333333333336,0.445970695970696,0.13333333333333333,0.775,0.23527298298749055,0.6
neuma,subjectwise,eegnet,3,S15,0.4910136568546295,215,0,0.05271575549392818,0.049661986479459075,0.5280223004694835,0.37344392826836503,0.5240610328638496,0.5111021936864634,0.5352112676056338,0.5208333333333334,0.16069765534511832,0.5255813953488372
neuma,subjectwise,eegnet,3,S16,0.48773273229599,224,0,-0.11828792804036356,-0.06659939455095865,0.43215983553899523,0.19290458263245536,0.43543620711807784,0.31991555242786773,0.6046511627906976,0.2596685082872928,0.3093203652117933,0.32589285714285715
neuma,subjectwise,eegnet,3,S17,0.4910136568546295,90,0,-0.08730871646426866,-0.07929515418502198,0.45238095238095233,0.281091539684222,0.4403292181069959,0.43541159902701315,0.4444444444444444,0.4603174603174603,0.201805454492569,0.45555555555555555
neuma,subjectwise,eegnet,3,S18,0.48773273229599,56,0,-0.12455047375590554,-0.10891089108910901,0.44358974358974357,0.4225304914962945,0.41794871794871796,0.40974967061923584,0.6538461538461539,0.23333333333333334,0.1298966019281319,0.42857142857142855
neuma,subjectwise,eegnet,3,S19,0.5087236881256103,118,0,-0.14925529180129274,-0.14763092269326683,0.4177777777777778,0.17477576803516126,0.39444444444444443,0.42439024390243907,0.05555555555555555,0.78,0.3323168794987565,0.6694915254237288
neuma,subjectwise,eegnet,3,S20,0.501202929019928,56,0,0.046036926786412746,0.04039167686658518,0.5248868778280543,0.32351615672991363,0.4374057315233786,0.48958333333333337,0.5882352941176471,0.46153846153846156,0.19683140463062693,0.5
neuma,subjectwise,eegnet,3,S21,0.5087236881256103,135,0,0.11285714285714285,0.11285714285714288,0.5564285714285715,0.34557467611895326,0.5651428571428572,0.5564285714285715,0.34285714285714286,0.77,0.22525359193483985,0.6592592592592592
neuma,subjectwise,eegnet,3,S22,0.5129491603374481,79,0,-0.1441519697577995,-0.13010899182561309,0.43798701298701304,0.4082921289705583,0.48311688311688317,0.4091880341880342,0.17142857142857143,0.7045454545454546,0.09516952271702928,0.46835443037974683
neuma,subjectwise,eegnet,3,S23,0.5129491603374481,70,0,-0.12321376327627213,-0.12315698178664358,0.4388458225667528,0.3629804286989902,0.4444444444444445,0.4382997180654955,0.2962962962962963,0.5813953488372093,0.11236687004566191,0.4714285714285714
neuma,subjectwise,eegnet,3,S24,0.5129491603374481,221,0,0.08748312287440312,0.061961230473023265,0.5655070318282753,0.13903648299351157,0.5249814951887491,0.4690789310746217,0.5714285714285714,0.5595854922279793,0.3826093439063335,0.5610859728506787
neuma,subjectwise,eegnet,3,S25,0.4910136568546295,42,0,0.07870841545067846,0.047186932849364926,0.5381231671554252,0.3071161633422399,0.5513196480938416,0.40442427680090753,0.8181818181818182,0.25806451612903225,0.2535690913597743,0.40476190476190477
neuma,subjectwise,eegnet,3,S26,0.5129491603374481,269,0,0.10083953613154299,0.10033444816053516,0.5521235521235521,0.3683635850846097,0.5897039897039897,0.5491620111731843,0.42857142857142855,0.6756756756756757,0.17636000453650286,0.5985130111524164
neuma,subjectwise,eegnet,3,S27,0.48773273229599,49,0,-0.16803361008336118,-0.1200000000000001,0.41428571428571426,0.28912058716746447,0.3897959183673469,0.3466666666666667,0.5714285714285714,0.2571428571428571,0.23068183842970402,0.3469387755102041
neuma,subjectwise,eegnet,3,S28,0.48773273229599,152,0,0.03026222499207371,0.019943019943019946,0.5186431174656574,0.2111457551844489,0.5276142416596579,0.41433691756272406,0.6551724137931034,0.3821138211382114,0.30816805931298347,0.4342105263157895
neuma,subjectwise,eegnet,3,S29,0.48773273229599,109,0,-0.027168189210178047,-0.015939483992975845,0.4845872518286311,0.20115477709627705,0.48119122257053293,0.3615991851285969,0.6818181818181818,0.28735632183908044,0.3005972332363829,0.3669724770642202
neuma,subjectwise,eegnet,3,S30,0.4910136568546295,53,0,-0.0251914060535486,-0.02344827586206888,0.4876811594202899,0.46332556630074007,0.5072463768115942,0.47,0.6086956521739131,0.36666666666666664,0.13082517318005837,0.4716981132075472
neuma,subjectwise,eegnet,3,S31,0.5129491603374481,99,0,-0.23827341051346418,-0.23394055608820707,0.3895927601809955,0.295561708819573,0.42307692307692313,0.3782608695652174,0.11764705882352941,0.6615384615384615,0.14095805329505845,0.47474747474747475
neuma,subjectwise,eegnet,3,S32,0.5087236881256103,101,0,0.048280978196273215,0.047668936616029445,0.5261795166858458,0.3598245895088664,0.61795166858458,0.5215789473684211,0.3181818181818182,0.7341772151898734,0.269657032914681,0.6435643564356436
neuma,subjectwise,eegnet,3,S33,0.48773273229599,97,0,-0.08785793700068932,-0.06204379562043805,0.4591346153846154,0.32520106091635526,0.4552884615384616,0.3782051282051282,0.6875,0.23076923076923078,0.17307392715178813,0.38144329896907214
neuma,subjectwise,eegnet,3,S34,0.501202929019928,235,0,0.0125453757851099,0.010427110487266966,0.5081719889363842,0.2191391703551545,0.5737993462408851,0.46808510638297873,0.43902439024390244,0.5773195876288659,0.31435494245366846,0.5531914893617021
neuma,subjectwise,eegnet,3,S35,0.4910136568546295,101,0,0.018434549965446106,0.014456089627755686,0.5105263157894737,0.2916037268414723,0.5236842105263159,0.44975786924939465,0.6,0.42105263157894735,0.24721843328806437,0.46534653465346537
neuma,subjectwise,eegnet,3,S36,0.5087236881256103,51,0,-0.10201227409013414,-0.09846153846153838,0.45555555555555555,0.3669833502595424,0.4407407407407407,0.44363636363636366,0.13333333333333333,0.7777777777777778,0.17744074849521416,0.5882352941176471
neuma,subjectwise,eegnet,3,S37,0.5087236881256103,66,0,0.0685175322622484,0.0611169652265543,0.5278846153846154,0.43132195105338655,0.5826923076923076,0.5086848635235732,0.23076923076923078,0.825,0.09367576828508667,0.5909090909090909
neuma,subjectwise,eegnet,3,S38,0.501202929019928,181,0,-0.02613056812784139,-0.02491506228765572,0.48554421768707484,0.27139950787561296,0.47820037105751395,0.4766472769330204,0.3877551020408163,0.5833333333333334,0.21846352661676827,0.5303867403314917
neuma,subjectwise,eegnet,3,S39,0.501202929019928,39,0,-0.05723111976467626,-0.05691056910569103,0.4708333333333333,0.4094439280476432,0.5416666666666666,0.4701086956521739,0.4,0.5416666666666666,0.1102267266848148,0.48717948717948717
neuma,subjectwise,eegnet,3,S40,0.48773273229599,65,0,-0.09110136110168687,-0.08187134502923965,0.45512820512820507,0.3323902292221996,0.37376725838264296,0.43022980336413175,0.5769230769230769,0.3333333333333333,0.1447401280586536,0.4307692307692308
neuma,subjectwise,eegnet,3,S41,0.5087236881256103,48,0,0.12765694770084507,0.12643678160919536,0.5611111111111111,0.4499444933879442,0.5925925925925926,0.5613275613275613,0.3888888888888889,0.7333333333333333,0.11823863846560319,0.6041666666666666
neuma,subjectwise,eegnet,3,S42,0.501202929019928,63,0,-0.033063568020796345,-0.032786885245901676,0.4831578947368421,0.4913741343951336,0.5021052631578947,0.4814814814814815,0.44,0.5263157894736842,0.12507299345637127,0.49206349206349204
neuma,subjectwise,eegnet,3,S43,0.501202929019928,86,0,-0.06799961383045008,-0.059113300492610765,0.46043956043956047,0.27340496672376363,0.43003663003663,0.436435124508519,0.42857142857142855,0.49230769230769234,0.25661562833675117,0.47674418604651164
neuma,subjectwise,eegnet,3,S44,0.5129491603374481,82,0,-0.025587556897847436,-0.021170610211705965,0.48390151515151514,0.1613508729306087,0.3683712121212121,0.44781144781144777,0.4375,0.5303030303030303,0.31714071369752656,0.5121951219512195
neuma,subjectwise,eegnet,4,S01,0.5088703292608261,69,0,0.04277926319464986,0.03557814485387556,0.5259259259259259,0.26474311220450014,0.5728395061728395,0.47787204769548264,0.5333333333333333,0.5185185185185185,0.2887348217376764,0.5217391304347826
neuma,subjectwise,eegnet,4,S02,0.4940578597784043,63,0,-0.06804138174397717,-0.06060606060606055,0.4642857142857143,0.4534495148653978,0.526077097505669,0.4393592677345538,0.5238095238095238,0.40476190476190477,0.1683532444257585,0.4444444444444444
neuma,subjectwise,eegnet,4,S03,0.5117366909980774,65,0,0.08929344431596865,0.06099518459069031,0.548469387755102,0.33661971823526493,0.5931122448979591,0.44285714285714284,0.75,0.3469387755102041,0.30266294823243073,0.4461538461538462
neuma,subjectwise,eegnet,4,S05,0.5088703292608261,85,0,0.14678414098799653,0.09090909090909105,0.5998931623931625,0.22922320693445106,0.5331196581196581,0.44870283018867924,0.7692307692307693,0.4305555555555556,0.3669190764427186,0.4823529411764706
neuma,subjectwise,eegnet,4,S06,0.513384211063385,139,0,-0.07908798035688552,-0.07802585193889544,0.4580808080808081,0.2770050527773595,0.475,0.45780141843971633,0.3,0.6161616161616161,0.2055778938660519,0.5251798561151079
neuma,subjectwise,eegnet,4,S07,0.4940578597784043,86,0,0.08634744294468638,0.04604437002930095,0.5491071428571428,0.2890563647272669,0.6330357142857144,0.3796107254661767,0.8125,0.2857142857142857,0.3353356192278308,0.38372093023255816
neuma,subjectwise,eegnet,4,S08,0.513384211063385,83,0,0.05670921118633073,0.0564723138980564,0.5295698924731183,0.36318401453788207,0.5706605222734256,0.5274563820018365,0.3333333333333333,0.7258064516129032,0.2213387955905847,0.6265060240963856
neuma,subjectwise,eegnet,4,S09,0.4940578597784043,120,0,0.07938322063985218,0.058764940239043884,0.5458074534161491,0.2686833169017232,0.5194099378881988,0.4615001068452169,0.6785714285714286,0.41304347826086957,0.2773223107059796,0.475
neuma,subjectwise,eegnet,4,S10,0.513384211063385,273,0,0.04467002559421314,0.04203935599284436,0.5265837104072398,0.21141881280175556,0.5480334145492517,0.5100985221674876,0.36538461538461536,0.6877828054298643,0.29181727215702274,0.6263736263736264
neuma,subjectwise,eegnet,4,S12,0.5023163676261903,103,0,0.005652710447335089,0.005651047798446052,0.5028571428571429,0.2964129846257127,0.5385714285714286,0.5027669845755327,0.2857142857142857,0.72,0.18209105686655322,0.6019417475728155
neuma,subjectwise,eegnet,4,S13,0.5117366909980774,315,0,-0.039244463167989525,-0.037640229434935835,0.47808946577987554,0.23466532293945716,0.46513623685904315,0.4719288167782324,0.34177215189873417,0.614406779661017,0.2445227813744356,0.546031746031746
neuma,subjectwise,eegnet,4,S14,0.513384211063385,55,0,0.022917462425705283,0.022222222222222254,0.5125,0.2600271125961796,0.4466666666666667,0.5045045045045045,0.4,0.625,0.23036571090871635,0.5636363636363636
neuma,subjectwise,eegnet,4,S15,0.5117366909980774,215,0,0.025641652614621056,0.02518891687657432,0.5134487480438185,0.316476949153227,0.49990219092331767,0.5085317139624559,0.43661971830985913,0.5902777777777778,0.16639716389567355,0.5395348837209303
neuma,subjectwise,eegnet,4,S16,0.5023163676261903,224,0,-0.00047942489392600846,-0.0002397506593143639,0.49974302968007195,0.2223926989259349,0.5386097905691892,0.333745882822637,0.7674418604651163,0.23204419889502761,0.3333663609144943,0.33482142857142855
neuma,subjectwise,eegnet,4,S17,0.5117366909980774,90,0,-0.11664236870396086,-0.10389610389610393,0.4365079365079365,0.2927367996569531,0.42974720752498524,0.41714285714285715,0.4444444444444444,0.42857142857142855,0.21458182566695747,0.43333333333333335
neuma,subjectwise,eegnet,4,S18,0.513384211063385,56,0,-0.17080336405875962,-0.16666666666666652,0.4179487179487179,0.3893315028430697,0.3730769230769231,0.40974967061923584,0.2692307692307692,0.5666666666666667,0.08716843117560655,0.42857142857142855
neuma,subjectwise,eegnet,4,S19,0.513384211063385,118,0,-0.040184152123335204,-0.035877862595419696,0.4738888888888889,0.16631117507223014,0.46666666666666673,0.46150793650793653,0.2777777777777778,0.67,0.3466717722052235,0.6101694915254238
neuma,subjectwise,eegnet,4,S20,0.5088703292608261,56,0,-0.1277066863290499,-0.09619686800894844,0.43514328808446456,0.24521526556260062,0.3393665158371041,0.3748006379585327,0.5882352941176471,0.28205128205128205,0.22524723729916982,0.375
neuma,subjectwise,eegnet,4,S21,0.5023163676261903,135,0,0.005011760110325881,0.004469273743016644,0.5028571428571429,0.2579739299120986,0.5057142857142858,0.47588235294117653,0.4857142857142857,0.52,0.23883837704305294,0.5111111111111111
neuma,subjectwise,eegnet,4,S22,0.5088703292608261,79,0,0.09434029434410962,0.08514986376021794,0.5405844155844155,0.4752862778691446,0.4772727272727273,0.5217236467236468,0.2857142857142857,0.7954545454545454,0.06358130427100991,0.569620253164557
neuma,subjectwise,eegnet,4,S23,0.513384211063385,70,0,-0.19853447720923648,-0.19496855345911968,0.4065460809646856,0.3182101340612935,0.33462532299741604,0.39764492753623193,0.18518518518518517,0.627906976744186,0.15693403525011881,0.45714285714285713
neuma,subjectwise,eegnet,4,S24,0.5088703292608261,221,0,-0.04682332508138689,-0.023585060605065378,0.46678386380458914,0.10907443735425626,0.43153219837157664,0.3330979133226324,0.6071428571428571,0.32642487046632124,0.3944582898692308,0.36199095022624433
neuma,subjectwise,eegnet,4,S25,0.5117366909980774,42,0,0.25012215979228897,0.23357664233576647,0.6407624633431085,0.3673649592196001,0.6480938416422287,0.6050156739811913,0.6363636363636364,0.6451612903225806,0.22840739218961625,0.6428571428571429
neuma,subjectwise,eegnet,4,S26,0.5088703292608261,269,0,0.11819400679583737,0.11690680284515775,0.5618725868725869,0.34607211646859914,0.5792792792792792,0.5562683284457478,0.4642857142857143,0.6594594594594595,0.16647104378858904,0.5985130111524164
neuma,subjectwise,eegnet,4,S27,0.513384211063385,49,0,0.10846522890932808,0.10738255033557043,0.5571428571428572,0.4169323991184237,0.6285714285714286,0.5517573423206548,0.42857142857142855,0.6857142857142857,0.21527535392313585,0.6122448979591837
neuma,subjectwise,eegnet,4,S28,0.5023163676261903,152,0,0.03220022201800657,0.028803245436105462,0.5199046818054387,0.2443492600971795,0.6030277544154752,0.492769744160178,0.41379310344827586,0.6260162601626016,0.27459116701624897,0.5855263157894737
neuma,subjectwise,eegnet,4,S29,0.513384211063385,109,0,-0.023023889161167835,-0.02233139794551131,0.48693834900731453,0.22415581498462234,0.5041797283176593,0.4830623306233062,0.2727272727272727,0.7011494252873564,0.2942962747648221,0.6146788990825688
neuma,subjectwise,eegnet,4,S30,0.5117366909980774,53,0,-0.09770478002113132,-0.09707351891506066,0.45072463768115945,0.4709411220245232,0.48550724637681164,0.4496956677407805,0.43478260869565216,0.4666666666666667,0.0937484767077104,0.4528301886792453
neuma,subjectwise,eegnet,4,S31,0.5023163676261903,99,0,0.09808348311642495,0.09726443768996962,0.5506787330316743,0.4299321687287404,0.5502262443438914,0.5468613775065387,0.47058823529411764,0.6307692307692307,0.14844339935466497,0.5757575757575758
neuma,subjectwise,eegnet,4,S32,0.5023163676261903,101,0,-0.08034357812356135,-0.08006580751302428,0.4579976985040276,0.290207609859958,0.4689298043728423,0.4592999313658202,0.18181818181818182,0.7341772151898734,0.2536860849007522,0.6138613861386139
neuma,subjectwise,eegnet,4,S33,0.4940578597784043,97,0,-0.03600577734611982,-0.029326644800308665,0.48173076923076924,0.3280723099681365,0.4302884615384615,0.4327485380116959,0.625,0.3384615384615385,0.17695251936765058,0.4329896907216495
neuma,subjectwise,eegnet,4,S34,0.4940578597784043,235,0,-0.018002089098689215,-0.01481716255298915,0.48824490822227806,0.15509998798641658,0.46039728438521493,0.4522144522144522,0.4146341463414634,0.5618556701030928,0.3044581155193613,0.5361702127659574
neuma,subjectwise,eegnet,4,S35,0.5117366909980774,101,0,0.07548957885596548,0.07214877884830828,0.5423684210526316,0.26653103044347626,0.5468421052631579,0.5271211602146854,0.44,0.6447368421052632,0.24706618237023303,0.594059405940594
neuma,subjectwise,eegnet,4,S36,0.5088703292608261,51,0,-0.15820797042109447,-0.15803814713896447,0.4194444444444444,0.3003941736480272,0.4648148148148149,0.4207178555202181,0.2,0.6388888888888888,0.19798240474626128,0.5098039215686274
neuma,subjectwise,eegnet,4,S37,0.5023163676261903,66,0,0.075955452531275,0.06030150753768837,0.5346153846153846,0.4486609212760551,0.5778846153846154,0.4771668219944082,0.7692307692307693,0.3,0.12110953800606009,0.48484848484848486
neuma,subjectwise,eegnet,4,S38,0.4940578597784043,181,0,0.03602406624578946,0.032566811684276,0.5202535559678416,0.28700305886197497,0.5108225108225108,0.493558042686101,0.5102040816326531,0.5303030303030303,0.22225141953368222,0.5248618784530387
neuma,subjectwise,eegnet,4,S39,0.5023163676261903,39,0,0.223606797749979,0.19047619047619047,0.6083333333333334,0.5210294885638135,0.6111111111111112,0.5629531970995385,0.8,0.4166666666666667,0.1418922528242454,0.5641025641025641
neuma,subjectwise,eegnet,4,S40,0.4940578597784043,65,0,-0.19364916731037085,-0.17647058823529416,0.40384615384615385,0.3363835322348333,0.3796844181459566,0.38446969696969696,0.5,0.3076923076923077,0.11268679407926704,0.38461538461538464
neuma,subjectwise,eegnet,4,S41,0.513384211063385,48,0,0.13093073414159542,0.13043478260869568,0.5666666666666667,0.3934704657655498,0.48703703703703705,0.5644283121597096,0.5,0.6333333333333333,0.1300676384319862,0.5833333333333334
neuma,subjectwise,eegnet,4,S42,0.5088703292608261,63,0,-0.058038100008800934,-0.05517241379310356,0.4705263157894737,0.49048441590495556,0.531578947368421,0.4590909090909091,0.52,0.42105263157894735,0.13160546786255306,0.4603174603174603
neuma,subjectwise,eegnet,4,S43,0.4940578597784043,86,0,0.13207147529172122,0.09367681498829028,0.5732600732600732,0.23396066771250973,0.4849816849816849,0.4709501025290499,0.7619047619047619,0.38461538461538464,0.2602915032658466,0.47674418604651164
neuma,subjectwise,eegnet,4,S44,0.5088703292608261,82,0,-0.03520228564348613,-0.024455077086656063,0.47821969696969696,0.3138277752516768,0.5397727272727273,0.4010878010878011,0.5625,0.3939393939393939,0.3182137942895657,0.4268292682926829
neuma,subjectwise,logreg,0,S01,0.4771416395902634,69,0,0.07352146220938077,0.06307490144546657,0.5444444444444445,0.33402088131627955,0.6111111111111112,0.49988309562777644,0.5333333333333333,0.5555555555555556,0.25887112594202905,0.5507246376811594
neuma,subjectwise,logreg,0,S02,0.4992204689979553,63,0,-0.022798037629377658,-0.020000000000000018,0.4880952380952381,0.36162355570691485,0.4727891156462585,0.4568965517241379,0.5714285714285714,0.40476190476190477,0.21046038746031742,0.4603174603174603
neuma,subjectwise,logreg,0,S03,0.4992204689979553,65,0,0.10181380644282834,0.020519397242705906,0.5204081632653061,0.2812401711658069,0.4923469387755102,0.24174733184413005,1.0,0.04081632653061224,0.40666302123076925,0.27692307692307694
neuma,subjectwise,logreg,0,S05,0.4771416395902634,85,0,-0.017575473316593218,-0.010254020041948309,0.4882478632478633,0.2945674601956031,0.5512820512820513,0.3718301695406463,0.6153846153846154,0.3611111111111111,0.34358501176470596,0.4
neuma,subjectwise,logreg,0,S06,0.5179907095432281,139,0,-0.046288143027832365,-0.04265333137226057,0.48169191919191917,0.3305415538526614,0.49217171717171715,0.4644556923774269,0.125,0.8383838383838383,0.16466629748201436,0.6330935251798561
neuma,subjectwise,logreg,0,S07,0.4987420254945755,86,0,0.07485443124240125,0.038907284768211925,0.5419642857142857,0.1921357718109593,0.5116071428571428,0.3690217391304348,0.8125,0.2714285714285714,0.3576653173255814,0.37209302325581395
neuma,subjectwise,logreg,0,S08,0.5179907095432281,83,0,-0.08005771528981234,-0.07947976878612706,0.45775729646697383,0.2763229842039794,0.5268817204301075,0.458695652173913,0.23809523809523808,0.6774193548387096,0.23697030433734947,0.5662650602409639
neuma,subjectwise,logreg,0,S09,0.4987420254945755,120,0,0.08161965430003233,0.06652360515021472,0.5481366459627329,0.2671290111706567,0.5287267080745343,0.4888366627497062,0.6071428571428571,0.4891304347826087,0.28095772708333344,0.5166666666666667
neuma,subjectwise,logreg,0,S10,0.5179907095432281,273,0,0.006838096396695251,0.006837606837606813,0.503393665158371,0.21903122261033653,0.572920292377306,0.5034079204014991,0.19230769230769232,0.8144796380090498,0.2688216616849817,0.6959706959706959
neuma,subjectwise,logreg,0,S12,0.4992204689979553,103,0,0.16304893366851142,0.112635609444799,0.584047619047619,0.36434461574174654,0.6071428571428571,0.47528301886792457,0.8214285714285714,0.3466666666666667,0.28114696601941747,0.47572815533980584
neuma,subjectwise,logreg,0,S13,0.50114821434021,315,0,0.03111494631435242,0.01822105010788766,0.5152864192233426,0.26776061863589523,0.520220982621755,0.38085254362003446,0.7848101265822784,0.2457627118644068,0.3130002467301587,0.38095238095238093
neuma,subjectwise,logreg,0,S14,0.4771416395902634,55,0,-0.13977131156292244,-0.08533333333333326,0.43333333333333335,0.23094676632621566,0.3616666666666667,0.3263819927176431,0.6666666666666666,0.2,0.3077158376363636,0.32727272727272727
neuma,subjectwise,logreg,0,S15,0.50114821434021,215,0,0.015283419964279106,0.012855831037649201,0.5078736306729265,0.3403037223394081,0.4979460093896713,0.46395663956639566,0.6338028169014085,0.3819444444444444,0.1995381159069768,0.46511627906976744
neuma,subjectwise,logreg,0,S16,0.4992204689979553,224,0,0.010698999815817265,0.006346328195829587,0.5062957728382371,0.19999069337467737,0.5123988179365284,0.37937589742552635,0.6976744186046512,0.3149171270718232,0.33990684959821427,0.38839285714285715
neuma,subjectwise,logreg,0,S17,0.50114821434021,90,0,0.0242464322484436,0.019607843137254943,0.5079365079365079,0.325785676985354,0.5326278659611994,0.47916666666666663,0.1111111111111111,0.9047619047619048,0.13713679211111113,0.6666666666666666
neuma,subjectwise,logreg,0,S18,0.4987420254945755,56,0,0.07692307692307693,0.07614213197969555,0.5384615384615384,0.5782860122450381,0.5551282051282052,0.5357142857142857,0.5769230769230769,0.5,0.04643381785714288,0.5357142857142857
neuma,subjectwise,logreg,0,S19,0.5179907095432281,118,0,-0.06174654780291237,-0.05700325732899025,0.4611111111111111,0.1336557193630112,0.4127777777777778,0.4573578595317726,0.2222222222222222,0.7,0.33323405940677964,0.6271186440677966
neuma,subjectwise,logreg,0,S20,0.4771416395902634,56,0,-0.22310032643658012,-0.13749999999999996,0.4004524886877828,0.3045945666662454,0.42081447963800905,0.29797492767598843,0.6470588235294118,0.15384615384615385,0.2698387707142857,0.30357142857142855
neuma,subjectwise,logreg,0,S21,0.4992204689979553,135,0,0.07825189611486456,0.06414899120538031,0.5442857142857143,0.25378796255448194,0.5028571428571429,0.48750637429882715,0.6285714285714286,0.46,0.25334224185185183,0.5037037037037037
neuma,subjectwise,logreg,0,S22,0.50114821434021,79,0,0.04544244414214538,0.043068640646029666,0.5207792207792208,0.45616583858282955,0.4636363636363636,0.5096551724137931,0.3142857142857143,0.7272727272727273,0.04165139886075944,0.5443037974683544
neuma,subjectwise,logreg,0,S23,0.4771416395902634,70,0,0.2780059250116046,0.2667203867848509,0.6425495262704566,0.5372964627695003,0.6580534022394487,0.6258223684210527,0.7037037037037037,0.5813953488372093,0.09826880114285716,0.6285714285714286
neuma,subjectwise,logreg,0,S24,0.4771416395902634,221,0,0.0074090716743689935,0.003960666484567166,0.5053663952627683,0.15549142182483447,0.544041450777202,0.36626694473409804,0.6428571428571429,0.36787564766839376,0.3792890473303167,0.40271493212669685
neuma,subjectwise,logreg,0,S25,0.5179907095432281,42,0,-0.02124056829475902,-0.020460358056265893,0.48826979472140764,0.3089631764889725,0.501466275659824,0.48148148148148145,0.36363636363636365,0.6129032258064516,0.23839692261904755,0.5476190476190477
neuma,subjectwise,logreg,0,S26,0.4771416395902634,269,0,-0.023560055746799105,-0.021743917207970975,0.48729086229086227,0.3254405794728187,0.507979407979408,0.46938250428816464,0.4880952380952381,0.4864864864864865,0.17534731241635684,0.48698884758364314
neuma,subjectwise,logreg,0,S27,0.4987420254945755,49,0,0.13762047064079508,0.136986301369863,0.5714285714285714,0.4090340687171058,0.5795918367346938,0.5676470588235294,0.42857142857142855,0.7142857142857143,0.18297118326530615,0.6326530612244898
neuma,subjectwise,logreg,0,S28,0.4992204689979553,152,0,0.01532455312983649,0.01041666666666663,0.5095318194561256,0.30504723083779733,0.5326604990187833,0.4165198934200425,0.6206896551724138,0.3983739837398374,0.33405498118421056,0.4407894736842105
neuma,subjectwise,logreg,0,S29,0.5179907095432281,109,0,-0.03849394674679372,-0.03154574132492116,0.48824451410658304,0.2669992584580472,0.577324973876698,0.4630541871921182,0.045454545454545456,0.9310344827586207,0.22913216917431192,0.7522935779816514
neuma,subjectwise,logreg,0,S30,0.4992204689979553,53,0,-0.13929712218403822,-0.1276595744680853,0.43260869565217386,0.3570947430344391,0.36666666666666664,0.4117436448263516,0.5652173913043478,0.3,0.1437997403773585,0.41509433962264153
neuma,subjectwise,logreg,0,S31,0.5179907095432281,99,0,0.1620128962190948,0.14244465832531283,0.583710407239819,0.44207728445412336,0.6027149321266969,0.543778801843318,0.7058823529411765,0.46153846153846156,0.19222161636363633,0.5454545454545454
neuma,subjectwise,logreg,0,S32,0.4992204689979553,101,0,0.024878096139192993,0.022947131608549,0.5146720368239356,0.26560556841872496,0.543728423475259,0.4950587141030113,0.4090909090909091,0.620253164556962,0.2589779197029703,0.5742574257425742
neuma,subjectwise,logreg,0,S33,0.4987420254945755,97,0,-0.15333245866587977,-0.14261674379469902,0.4185096153846154,0.2662838125896172,0.3644230769230769,0.4085365853658537,0.40625,0.4307692307692308,0.21760579474226802,0.422680412371134
neuma,subjectwise,logreg,0,S34,0.4987420254945755,235,0,0.13956478148830503,0.12363444917299171,0.5885717877797334,0.257772140239932,0.5964294694493336,0.5414476251693028,0.5121951219512195,0.6649484536082474,0.2997757789787234,0.6382978723404256
neuma,subjectwise,logreg,0,S35,0.50114821434021,101,0,0.12113203887982572,0.10077666224663762,0.5700000000000001,0.3299523017093014,0.5521052631578949,0.5114747350005145,0.64,0.5,0.27001878118811884,0.5346534653465347
neuma,subjectwise,logreg,0,S36,0.50114821434021,51,0,0.1846372364689991,0.1807228915662651,0.5833333333333334,0.46162984207963925,0.587037037037037,0.5870445344129555,0.3333333333333333,0.8333333333333334,0.16020164470588236,0.6862745098039216
neuma,subjectwise,logreg,0,S37,0.4992204689979553,66,0,0.19012643809805077,0.17793594306049831,0.5961538461538461,0.5112220122420587,0.5923076923076923,0.5753676470588236,0.6923076923076923,0.5,0.11920599515151513,0.5757575757575758
neuma,subjectwise,logreg,0,S38,0.4987420254945755,181,0,-0.12907042833664606,-0.09591169694047053,0.4308132343846629,0.2551043459816502,0.43119975262832405,0.37193305696299706,0.5510204081632653,0.3106060606060606,0.25612328071823204,0.3756906077348066
neuma,subjectwise,logreg,0,S39,0.4771416395902634,39,0,0.32530002431617777,0.321285140562249,0.6666666666666666,0.5445381434158524,0.6222222222222221,0.6585858585858586,0.6666666666666666,0.6666666666666666,0.1706890692307692,0.6666666666666666
neuma,subjectwise,logreg,0,S40,0.5179907095432281,65,0,-0.08104408984731078,-0.05839416058394176,0.47435897435897434,0.4583914839650809,0.596646942800789,0.41112152452358636,0.07692307692307693,0.8717948717948718,0.05043968215384616,0.5538461538461539
neuma,subjectwise,logreg,0,S41,0.50114821434021,48,0,0.08606629658238706,0.08333333333333337,0.5444444444444445,0.43819921514569005,0.5444444444444444,0.5343915343915344,0.5555555555555556,0.5333333333333333,0.13220014041666672,0.5416666666666666
neuma,subjectwise,logreg,0,S42,0.4987420254945755,63,0,0.24268260395682942,0.2425509670674333,0.6221052631578947,0.6059191441524381,0.6452631578947369,0.6211764705882353,0.56,0.6842105263157895,0.10138549333333328,0.6349206349206349
neuma,subjectwise,logreg,0,S43,0.4987420254945755,86,0,0.1371867525391971,0.1120289106866289,0.5794871794871794,0.42876474925993213,0.6205128205128205,0.5135746606334841,0.6666666666666666,0.49230769230769234,0.27024058627906977,0.5348837209302325
neuma,subjectwise,logreg,0,S44,0.4771416395902634,82,0,0.06655804502738265,0.04453650958052813,0.540719696969697,0.2184356726648316,0.5,0.43222034159101397,0.6875,0.3939393939393939,0.3530718528048781,0.45121951219512196
neuma,subjectwise,logreg,1,S01,0.4744518309831619,69,0,0.15337984622850856,0.1408045977011494,0.5907407407407408,0.3372298377922219,0.6259259259259261,0.5550595238095237,0.5333333333333333,0.6481481481481481,0.24418988608695655,0.6231884057971014
neuma,subjectwise,logreg,1,S02,0.4747831881046295,63,0,0.0,0.0,0.5,0.3839483055517321,0.4977324263038549,0.4590909090909091,0.6190476190476191,0.38095238095238093,0.1820195912698412,0.4603174603174603
neuma,subjectwise,logreg,1,S03,0.4747831881046295,65,0,0.07142857142857142,0.01015228426395931,0.5102040816326531,0.2609507888918786,0.4770408163265306,0.22,1.0,0.02040816326530612,0.37739553246153856,0.26153846153846155
neuma,subjectwise,logreg,1,S05,0.4962739729881286,85,0,0.012374889538893557,0.009560800717060003,0.5085470085470085,0.2893078858021641,0.5352564102564104,0.45378151260504207,0.46153846153846156,0.5555555555555556,0.34172916294117645,0.5411764705882353
neuma,subjectwise,logreg,1,S06,0.4744518309831619,139,0,-0.0011813024732923265,-0.0009351912466100121,0.49936868686868685,0.3282212008482067,0.5098484848484848,0.44188350628356887,0.625,0.37373737373737376,0.214312957266187,0.4460431654676259
neuma,subjectwise,logreg,1,S07,0.4747831881046295,86,0,0.06308400618805604,0.03192795742939014,0.5348214285714286,0.1860358084788856,0.4732142857142857,0.35829602496269164,0.8125,0.2571428571428571,0.34634499069767444,0.36046511627906974
neuma,subjectwise,logreg,1,S08,0.4962739729881286,83,0,0.19830924082038576,0.11742949607027275,0.5975422427035331,0.3178422731872641,0.5683563748079876,0.4457026713124274,0.9047619047619048,0.2903225806451613,0.31480079168674696,0.4457831325301205
neuma,subjectwise,logreg,1,S09,0.4747831881046295,120,0,-0.02271479224408087,-0.0172064777327936,0.48680124223602483,0.35543408486303585,0.514751552795031,0.4240275091338921,0.5714285714285714,0.40217391304347827,0.2956980203333333,0.44166666666666665
neuma,subjectwise,logreg,1,S10,0.5161359596252442,273,0,0.08046006324823214,0.07883026064844234,0.5350678733031674,0.2258151730966639,0.5800556909154194,0.5368672092051238,0.19230769230769232,0.8778280542986425,0.2546201211355311,0.7472527472527473
neuma,subjectwise,logreg,1,S12,0.5161359596252442,103,0,0.16204736434326322,0.1259334691106585,0.5883333333333334,0.4444283710307947,0.6314285714285715,0.5089626239511823,0.75,0.4266666666666667,0.2737292544660194,0.5145631067961165
neuma,subjectwise,logreg,1,S13,0.5025301009416581,315,0,0.02202319660568916,0.013436541551044234,0.5111027676464278,0.2598558702920605,0.4938317957519846,0.3872768869493353,0.759493670886076,0.2627118644067797,0.3189405207936508,0.3873015873015873
neuma,subjectwise,logreg,1,S14,0.4962739729881286,55,0,-0.0949157995752499,-0.0685714285714285,0.44999999999999996,0.24147327157981985,0.375,0.37997347480106103,0.6,0.3,0.2744538176363637,0.38181818181818183
neuma,subjectwise,logreg,1,S15,0.5025301009416581,215,0,-0.09216377068310082,-0.08283038501560869,0.45133998435054773,0.33776509354816,0.4673317683881064,0.4301079979846218,0.49295774647887325,0.4097222222222222,0.19014513888372098,0.4372093023255814
neuma,subjectwise,logreg,1,S16,0.4962739729881286,224,0,0.08802771020037152,0.05734227453127139,0.5538352820249262,0.23275811148774506,0.5311576512912759,0.43372726338505807,0.7209302325581395,0.3867403314917127,0.3312821684375001,0.45089285714285715
neuma,subjectwise,logreg,1,S17,0.5025301009416581,90,0,0.2083513700705935,0.20765027322404372,0.6005291005291005,0.44327545598672446,0.5890652557319224,0.6032831737346102,0.4074074074074074,0.7936507936507936,0.17701230555555553,0.6777777777777778
neuma,subjectwise,logreg,1,S18,0.4747831881046295,56,0,-0.08177876629180869,-0.06633906633906639,0.4653846153846154,0.4826376091108407,0.48205128205128206,0.41489720256150997,0.7307692307692307,0.2,0.06158635750000001,0.44642857142857145
neuma,subjectwise,logreg,1,S19,0.5161359596252442,118,0,-0.07053268397715345,-0.05665906870726167,0.45166666666666666,0.1457643033337374,0.4522222222222222,0.42683034531484587,0.3333333333333333,0.57,0.3528386801694915,0.5338983050847458
neuma,subjectwise,logreg,1,S20,0.5025301009416581,56,0,-0.1277066863290499,-0.09619686800894844,0.43514328808446456,0.27208999501416403,0.41779788838612375,0.3748006379585327,0.5882352941176471,0.28205128205128205,0.27907825339285713,0.375
neuma,subjectwise,logreg,1,S21,0.5161359596252442,135,0,-0.03140644037758552,-0.026399155227032622,0.4821428571428571,0.28064600943210843,0.48085714285714287,0.4444444444444444,0.5142857142857142,0.45,0.25976428792592593,0.4666666666666667
neuma,subjectwise,logreg,1,S22,0.5161359596252442,79,0,-0.05219720470574678,-0.04163775156141569,0.48051948051948057,0.488959021756111,0.49220779220779215,0.43143939393939396,0.14285714285714285,0.8181818181818182,0.05409105620253159,0.5189873417721519
neuma,subjectwise,logreg,1,S23,0.5161359596252442,70,0,0.15895148836413125,0.1570026761819805,0.5757967269595177,0.5243948522134585,0.6821705426356589,0.576138147566719,0.4074074074074074,0.7441860465116279,0.10412677457142856,0.6142857142857143
neuma,subjectwise,logreg,1,S24,0.4744518309831619,221,0,0.0017235049439188782,0.001150464294519038,0.5012953367875648,0.2024651581887631,0.5468171724648409,0.4205282227307399,0.5,0.5025906735751295,0.34447985963800903,0.502262443438914
neuma,subjectwise,logreg,1,S25,0.4962739729881286,42,0,0.10621013203647137,0.08893709327548793,0.5601173020527859,0.3886167260968356,0.6011730205278593,0.5058823529411764,0.6363636363636364,0.4838709677419355,0.2459997252380952,0.5238095238095238
neuma,subjectwise,logreg,1,S26,0.4744518309831619,269,0,0.09696176672125935,0.06911590424271163,0.5469111969111969,0.33321351505232,0.5156370656370657,0.45664084117321524,0.7857142857142857,0.3081081081081081,0.21087687427509297,0.45724907063197023
neuma,subjectwise,logreg,1,S27,0.4962739729881286,49,0,-0.06666666666666667,-0.06400000000000006,0.4714285714285714,0.2911773910696325,0.5204081632653061,0.4602898550724638,0.14285714285714285,0.8,0.15113680489795914,0.6122448979591837
neuma,subjectwise,logreg,1,S28,0.4962739729881286,152,0,-0.05824265048790673,-0.04724409448818889,0.46299411269974766,0.20951418036855624,0.4681805438744043,0.4291567087743257,0.41379310344827586,0.5121951219512195,0.2934475834868421,0.4934210526315789
neuma,subjectwise,logreg,1,S29,0.4962739729881286,109,0,0.043943623595809785,0.040416166466586634,0.5263845350052246,0.22525880114307265,0.5600835945663531,0.5041356492969397,0.4090909090909091,0.6436781609195402,0.2748286346788992,0.5963302752293578
neuma,subjectwise,logreg,1,S30,0.4962739729881286,53,0,-0.050782453958119485,-0.04486743711760699,0.47608695652173916,0.41522959246656155,0.42898550724637685,0.44572664983772087,0.6521739130434783,0.3,0.1283470279245283,0.4528301886792453
neuma,subjectwise,logreg,1,S31,0.5161359596252442,99,0,0.13494303357514476,0.12855680655066526,0.5710407239819004,0.47919895533348816,0.614027149321267,0.5540073336825564,0.5882352941176471,0.5538461538461539,0.19408384767676767,0.5656565656565656
neuma,subjectwise,logreg,1,S32,0.5161359596252442,101,0,0.05287016184913512,0.05264750378214833,0.5250287686996548,0.2785816504435189,0.5581127733026467,0.5256779275867293,0.22727272727272727,0.8227848101265823,0.25072497524752474,0.693069306930693
neuma,subjectwise,logreg,1,S33,0.4744518309831619,97,0,-0.10991087745076338,-0.1044038668098819,0.4415865384615385,0.329619713854493,0.4341346153846154,0.4341221794166208,0.40625,0.47692307692307695,0.16514124134020616,0.4536082474226804
neuma,subjectwise,logreg,1,S34,0.4747831881046295,235,0,0.09106502428028963,0.07458454753091293,0.5595297963288912,0.2846722026403872,0.5946693487553432,0.49940354464894343,0.5365853658536586,0.5824742268041238,0.2890103808936171,0.574468085106383
neuma,subjectwise,logreg,1,S35,0.4962739729881286,101,0,-0.002488363008967197,-0.0011661807580174433,0.4989473684210526,0.31718088836779457,0.5747368421052631,0.3213438735177866,0.84,0.15789473684210525,0.31126968257425747,0.32673267326732675
neuma,subjectwise,logreg,1,S36,0.4747831881046295,51,0,-0.04088876773716396,-0.03911980440097795,0.4777777777777778,0.43661454667337024,0.5444444444444445,0.4698544698544699,0.4,0.5555555555555556,0.1862836796078431,0.5098039215686274
neuma,subjectwise,logreg,1,S37,0.4744518309831619,66,0,0.17550294029241234,0.16756756756756752,0.5894230769230769,0.4599968068812442,0.6086538461538462,0.5741935483870968,0.6538461538461539,0.525,0.1010786125757576,0.5757575757575758
neuma,subjectwise,logreg,1,S38,0.4747831881046295,181,0,-0.12413827469621662,-0.08185594164724952,0.43753865182436613,0.268435027408506,0.453308596165739,0.34804639804639803,0.6326530612244898,0.24242424242424243,0.2541204493370165,0.34806629834254144
neuma,subjectwise,logreg,1,S39,0.4744518309831619,39,0,0.223606797749979,0.19047619047619047,0.6083333333333334,0.4636331184664518,0.575,0.5629531970995385,0.8,0.4166666666666667,0.13310311974358974,0.5641025641025641
neuma,subjectwise,logreg,1,S40,0.5025301009416581,65,0,0.040291148201269014,0.039735099337748436,0.5192307692307692,0.4821981214296518,0.5325443786982249,0.5167905665214048,0.34615384615384615,0.6923076923076923,0.11496700200000001,0.5538461538461539
neuma,subjectwise,logreg,1,S41,0.4747831881046295,48,0,-0.16765098418171126,-0.09734513274336276,0.4388888888888889,0.36407282325357176,0.45925925925925926,0.3183692166743014,0.7777777777777778,0.1,0.16869884937500002,0.3541666666666667
neuma,subjectwise,logreg,1,S42,0.4962739729881286,63,0,0.17953744535209298,0.1490451793199814,0.5842105263157895,0.553312230751823,0.6052631578947368,0.5354691075514875,0.8,0.3684210526315789,0.14225683142857146,0.5396825396825397
neuma,subjectwise,logreg,1,S43,0.4747831881046295,86,0,0.22113621435382497,0.13586719091306254,0.613919413919414,0.46311060369678225,0.6827838827838828,0.4648268398268398,0.9047619047619048,0.3230769230769231,0.2720434570930232,0.46511627906976744
neuma,subjectwise,logreg,1,S44,0.5025301009416581,82,0,0.06154574548966637,0.04878048780487809,0.5388257575757576,0.23854949311970694,0.5236742424242423,0.4756517461878996,0.5625,0.5151515151515151,0.32285994182926825,0.524390243902439
neuma,subjectwise,logreg,2,S01,0.5099334645271302,69,0,0.057735026918962574,0.05479452054794531,0.5333333333333333,0.298862885501696,0.4666666666666667,0.5174825174825175,0.4,0.6666666666666666,0.27516353840579716,0.6086956521739131
neuma,subjectwise,logreg,2,S02,0.5017490124702454,63,0,0.0,0.0,0.5,0.4480968924222947,0.5068027210884354,0.49876543209876545,0.38095238095238093,0.6190476190476191,0.1639260123809524,0.5396825396825397
neuma,subjectwise,logreg,2,S03,0.5072085225582124,65,0,-0.031904464306208476,-0.012186865267433955,0.4885204081632653,0.4604517463769219,0.5484693877551021,0.2784749034749035,0.875,0.10204081632653061,0.34648587615384613,0.2923076923076923
neuma,subjectwise,logreg,2,S05,0.5099334645271302,85,0,0.03768766949531821,0.02735138152386274,0.5261752136752136,0.30281678049653243,0.5502136752136753,0.44901185770750984,0.5384615384615384,0.5138888888888888,0.35902272964705884,0.5176470588235295
neuma,subjectwise,logreg,2,S06,0.5072085225582124,139,0,0.10382057543535173,0.10149910603768386,0.5465909090909091,0.3709120944639695,0.5287878787878788,0.5469800984675126,0.275,0.8181818181818182,0.16867316338129504,0.6618705035971223
neuma,subjectwise,logreg,2,S07,0.500216156244278,86,0,0.075,0.032583397982932416,0.5375,0.22503757575671807,0.5205357142857143,0.32558139534883723,0.875,0.2,0.37242836825581394,0.32558139534883723
neuma,subjectwise,logreg,2,S08,0.5072085225582124,83,0,0.04800629789469238,0.038264618701158604,0.5272657450076805,0.34849560544985964,0.5391705069124424,0.4667563125653668,0.6190476190476191,0.43548387096774194,0.2587732420481928,0.4819277108433735
neuma,subjectwise,logreg,2,S09,0.500216156244278,120,0,0.12189825208370159,0.11649214659685869,0.5690993788819876,0.31089796823706495,0.5520186335403727,0.5499624968747395,0.4642857142857143,0.6739130434782609,0.24799346624999996,0.625
neuma,subjectwise,logreg,2,S10,0.5000229442119598,273,0,-0.07694416606577127,-0.07692307692307687,0.460972850678733,0.19412322556155628,0.5424643230073094,0.46149228130360204,0.1346153846153846,0.7873303167420814,0.25072204278388277,0.663003663003663
neuma,subjectwise,logreg,2,S12,0.5000229442119598,103,0,0.20703625525257888,0.16089613034623218,0.6128571428571429,0.43792541902247817,0.6238095238095238,0.528604118993135,0.7857142857142857,0.44,0.2618243631067961,0.5339805825242718
neuma,subjectwise,logreg,2,S13,0.5017490124702454,315,0,0.025780446513694405,0.016239850093691444,0.5132482299935636,0.2781159456156128,0.5221518987341771,0.3965273856578204,0.7468354430379747,0.2796610169491525,0.3092534066031745,0.3968253968253968
neuma,subjectwise,logreg,2,S14,0.5000229442119598,55,0,-0.2419513346586043,-0.179710144927536,0.37083333333333335,0.21984854563297787,0.35333333333333333,0.323695579926886,0.4666666666666667,0.275,0.30128040581818183,0.32727272727272727
neuma,subjectwise,logreg,2,S15,0.5017490124702454,215,0,-0.027324937036698232,-0.026576576576576638,0.4855731611893584,0.3453370604228686,0.49647887323943657,0.4799653158086893,0.4225352112676056,0.5486111111111112,0.16747962460465118,0.5069767441860465
neuma,subjectwise,logreg,2,S16,0.5072085225582124,224,0,0.013932652628060004,0.011624946966482752,0.5088012334575357,0.20641699796771346,0.5378388796094051,0.46783625730994155,0.46511627906976744,0.5524861878453039,0.3068250462053571,0.5357142857142857
neuma,subjectwise,logreg,2,S17,0.5017490124702454,90,0,0.043863446330651264,0.04371584699453557,0.5211640211640212,0.31559570996976494,0.5185185185185186,0.521203830369357,0.2962962962962963,0.746031746031746,0.16082842088888893,0.6111111111111112
neuma,subjectwise,logreg,2,S18,0.500216156244278,56,0,-0.08177876629180869,-0.06633906633906639,0.4653846153846154,0.5562700214077028,0.55,0.41489720256150997,0.7307692307692307,0.2,0.11037412696428567,0.44642857142857145
neuma,subjectwise,logreg,2,S19,0.5000229442119598,118,0,-0.06155766288689416,-0.04322200392927322,0.4572222222222222,0.14600764778653932,0.4316666666666667,0.40062888010965086,0.4444444444444444,0.47,0.3477995353389831,0.4661016949152542
neuma,subjectwise,logreg,2,S20,0.5072085225582124,56,0,-0.2105798931586654,-0.1707317073170731,0.3891402714932127,0.2811799214614362,0.39366515837104077,0.35384615384615387,0.47058823529411764,0.3076923076923077,0.24069224714285709,0.35714285714285715
neuma,subjectwise,logreg,2,S21,0.5000229442119598,135,0,-0.013613823851752966,-0.00922934933087216,0.4928571428571429,0.2852727186892732,0.5008571428571429,0.39881246907471546,0.6857142857142857,0.3,0.2715819561481482,0.4
neuma,subjectwise,logreg,2,S22,0.5072085225582124,79,0,-0.022467338257198557,-0.017403411068569463,0.4918831168831169,0.4831934756691256,0.5344155844155845,0.43971631205673756,0.14285714285714285,0.8409090909090909,0.03856827139240498,0.5316455696202531
neuma,subjectwise,logreg,2,S23,0.5000229442119598,70,0,0.16767147660511195,0.16737468139337297,0.5848406546080964,0.5127067507766985,0.6408268733850129,0.5833333333333333,0.5185185185185185,0.6511627906976745,0.10981912814285714,0.6
neuma,subjectwise,logreg,2,S24,0.5099334645271302,221,0,0.0814397730269648,0.05991858390888716,0.5606032568467801,0.17245010951531764,0.5969652109548482,0.47618319443382523,0.5357142857142857,0.5854922279792746,0.36768013660633486,0.579185520361991
neuma,subjectwise,logreg,2,S25,0.5017490124702454,42,0,0.28169134872451085,0.1938579654510557,0.6480938416422287,0.40494157530124414,0.6979472140762464,0.5227272727272727,0.9090909090909091,0.3870967741935484,0.2885590611904762,0.5238095238095238
neuma,subjectwise,logreg,2,S26,0.5099334645271302,269,0,-0.02560075118339024,-0.024016122711750576,0.4861969111969112,0.3354871769139443,0.5089446589446589,0.4723664474443291,0.4642857142857143,0.5081081081081081,0.20488551747211894,0.4944237918215613
neuma,subjectwise,logreg,2,S27,0.5000229442119598,49,0,-0.1,-0.10000000000000009,0.45,0.3003115894529304,0.4795918367346939,0.45,0.21428571428571427,0.6857142857142857,0.16256808020408164,0.5510204081632653
neuma,subjectwise,logreg,2,S28,0.5072085225582124,152,0,0.03989802041105914,0.0347792106291519,0.5249509391645641,0.24298012442436867,0.5099523409027193,0.4902749832327297,0.4482758620689655,0.6016260162601627,0.3081988703289474,0.5723684210526315
neuma,subjectwise,logreg,2,S29,0.5072085225582124,109,0,0.07019960994560569,0.06991467107074034,0.5331765935214211,0.2863338314074098,0.6687565308254964,0.5343805980432685,0.22727272727272727,0.8390804597701149,0.2403986824770643,0.7155963302752294
neuma,subjectwise,logreg,2,S30,0.5017490124702454,53,0,-0.33671165884303467,-0.30327868852459017,0.33913043478260874,0.41560843419075943,0.3579710144927536,0.3146551724137931,0.4782608695652174,0.2,0.215194458490566,0.32075471698113206
neuma,subjectwise,logreg,2,S31,0.5099334645271302,99,0,0.14738099639664223,0.1320864991233196,0.5766968325791856,0.45358865224236733,0.6090497737556559,0.542466878915477,0.6764705882352942,0.47692307692307695,0.18093220959595954,0.5454545454545454
neuma,subjectwise,logreg,2,S32,0.5000229442119598,101,0,-0.005305601999590463,-0.005238344683080154,0.4971231300345224,0.31897551405314833,0.5034522439585731,0.495,0.2727272727272727,0.7215189873417721,0.23521226772277226,0.6237623762376238
neuma,subjectwise,logreg,2,S33,0.500216156244278,97,0,-0.1898681017177347,-0.18867052023121378,0.40192307692307694,0.2626094211930706,0.3504807692307692,0.40394202898550724,0.25,0.5538461538461539,0.21992035896907214,0.4536082474226804
neuma,subjectwise,logreg,2,S34,0.500216156244278,235,0,0.10146671757786031,0.09774826190723251,0.559215489062107,0.2492595385930658,0.5866230827256727,0.5431378730559058,0.36585365853658536,0.7525773195876289,0.2679846767659574,0.6851063829787234
neuma,subjectwise,logreg,2,S35,0.5017490124702454,101,0,0.03348900507736883,0.022313371616078603,0.5178947368421052,0.29506987478238317,0.5631578947368421,0.41377274963108707,0.72,0.3157894736842105,0.28939061534653465,0.4158415841584158
neuma,subjectwise,logreg,2,S36,0.500216156244278,51,0,0.027277236279499045,0.027247956403269824,0.5138888888888888,0.38758668508263083,0.575925925925926,0.5134029986369831,0.3333333333333333,0.6944444444444444,0.15222232215686277,0.5882352941176471
neuma,subjectwise,logreg,2,S37,0.5072085225582124,66,0,0.03516054232038716,0.03508771929824572,0.5173076923076924,0.45903777955989655,0.5798076923076924,0.5170731707317073,0.38461538461538464,0.65,0.09773070075757573,0.5454545454545454
neuma,subjectwise,logreg,2,S38,0.500216156244278,181,0,-0.06832366595859066,-0.06262230919765166,0.4616573902288188,0.26276112500338794,0.45609152752009896,0.4473191712906721,0.40816326530612246,0.5151515151515151,0.2289415787845304,0.4861878453038674
neuma,subjectwise,logreg,2,S39,0.5099334645271302,39,0,0.16351748504193217,0.15325670498084287,0.5833333333333333,0.5993368374947322,0.6222222222222222,0.5629531970995385,0.6666666666666666,0.5,0.16025140230769236,0.5641025641025641
neuma,subjectwise,logreg,2,S40,0.5099334645271302,65,0,0.24216105241892633,0.22619047619047628,0.6217948717948718,0.524580904086174,0.5798816568047338,0.599905303030303,0.7307692307692307,0.5128205128205128,0.12930515076923074,0.6
neuma,subjectwise,logreg,2,S41,0.5000229442119598,48,0,0.2784046650276491,0.2149532710280374,0.6277777777777778,0.41662705722545984,0.55,0.5577007459412022,0.8888888888888888,0.36666666666666664,0.19799166187500006,0.5625
neuma,subjectwise,logreg,2,S42,0.500216156244278,63,0,0.13789473684210526,0.1378947368421053,0.5689473684210526,0.5598245419775324,0.651578947368421,0.5689473684210526,0.48,0.6578947368421053,0.10085239126984125,0.5873015873015873
neuma,subjectwise,logreg,2,S43,0.500216156244278,86,0,0.1371867525391971,0.1120289106866289,0.5794871794871794,0.44540730728279765,0.6461538461538462,0.5135746606334841,0.6666666666666666,0.49230769230769234,0.2704613252325582,0.5348837209302325
neuma,subjectwise,logreg,2,S44,0.5099334645271302,82,0,-0.03961058964021958,-0.03452855245683928,0.4753787878787879,0.2799545240723087,0.4962121212121212,0.4533333333333333,0.375,0.5757575757575758,0.3177459401219512,0.5365853658536586
neuma,subjectwise,logreg,3,S01,0.4815980935096741,69,0,0.14397953016003737,0.1235216819973719,0.587037037037037,0.3813416356480706,0.5987654320987654,0.5321487023614684,0.6,0.5740740740740741,0.26523250768115947,0.5797101449275363
neuma,subjectwise,logreg,3,S02,0.5089013385772705,63,0,0.18835264373920446,0.18823529411764706,0.5952380952380952,0.42732045036720073,0.5544217687074829,0.5940039226674139,0.47619047619047616,0.7142857142857143,0.16744837222222228,0.6349206349206349
neuma,subjectwise,logreg,3,S03,0.4846829509735107,65,0,0.12569752716115998,0.03110823071937774,0.5306122448979592,0.2992919716685852,0.5573979591836735,0.26282051282051283,1.0,0.061224489795918366,0.33557097661538465,0.2923076923076923
neuma,subjectwise,logreg,3,S05,0.4815980935096741,85,0,0.07022527369974753,0.0426551641504912,0.5475427350427351,0.28434095623753874,0.594017094017094,0.4146520146520147,0.6923076923076923,0.4027777777777778,0.35426602705882354,0.4470588235294118
neuma,subjectwise,logreg,3,S06,0.497720650434494,139,0,-0.019642705890112296,-0.01888920214265588,0.491540404040404,0.33469210187561693,0.5275252525252525,0.48341909662664384,0.175,0.8080808080808081,0.16092587086330942,0.6258992805755396
neuma,subjectwise,logreg,3,S07,0.4846829509735107,86,0,0.033037088823366645,0.009216589861751223,0.5116071428571428,0.20077361431921145,0.49375,0.23581681476418317,0.9375,0.08571428571428572,0.3669300320930232,0.2441860465116279
neuma,subjectwise,logreg,3,S08,0.497720650434494,83,0,-0.06288741158190322,-0.05300253735551186,0.4639016897081413,0.2955626972596409,0.49078341013824883,0.4310738766184311,0.47619047619047616,0.45161290322580644,0.2478242749397591,0.4578313253012048
neuma,subjectwise,logreg,3,S09,0.4846829509735107,120,0,0.03587081075327783,0.02777777777777779,0.5209627329192547,0.2503994844768833,0.531832298136646,0.4549780116790426,0.6071428571428571,0.43478260869565216,0.2690010795833333,0.475
neuma,subjectwise,logreg,3,S10,0.5260039448738099,273,0,-0.05758896796455113,-0.05755395683453224,0.47058823529411764,0.18835786503207985,0.521058127392969,0.47112170821535776,0.15384615384615385,0.7873303167420814,0.26700308549450547,0.6666666666666666
neuma,subjectwise,logreg,3,S12,0.5260039448738099,103,0,-0.05554074666403415,-0.04143875352229398,0.47023809523809523,0.2897689373691405,0.5038095238095237,0.4041725936462779,0.6071428571428571,0.3333333333333333,0.28839331708737864,0.4077669902912621
neuma,subjectwise,logreg,3,S13,0.5089013385772705,315,0,-0.00667942671228903,-0.0045119924008547585,0.4964331688478867,0.2598688401986605,0.5030572838446685,0.40099530668392946,0.6835443037974683,0.3093220338983051,0.3032106188571429,0.4031746031746032
neuma,subjectwise,logreg,3,S14,0.5260039448738099,55,0,-0.3278050340535929,-0.24347826086956514,0.325,0.22334924887572932,0.3533333333333333,0.28713858424725824,0.4,0.25,0.3067341727272727,0.2909090909090909
neuma,subjectwise,logreg,3,S15,0.5089013385772705,215,0,-0.0008345944206350328,-0.0008134857865955691,0.49955985915492956,0.33511626876142403,0.4954029733959311,0.4935391652372784,0.43661971830985913,0.5625,0.171829325255814,0.5209302325581395
neuma,subjectwise,logreg,3,S16,0.497720650434494,224,0,0.08136628152754147,0.07274418604651167,0.5502376975459334,0.21229790463900738,0.542721315688038,0.5155403270880416,0.46511627906976744,0.6353591160220995,0.2891883082142857,0.6026785714285714
neuma,subjectwise,logreg,3,S17,0.5089013385772705,90,0,0.02853069950072753,0.0251572327044024,0.5105820105820106,0.3011467510363054,0.48442092886537336,0.49263502454991814,0.14814814814814814,0.873015873015873,0.13406855511111107,0.6555555555555556
neuma,subjectwise,logreg,3,S18,0.497720650434494,56,0,-0.008343479146871391,-0.007444168734491274,0.49615384615384617,0.5245170207149991,0.5282051282051282,0.4684124386252046,0.6923076923076923,0.3,0.07692413535714288,0.48214285714285715
neuma,subjectwise,logreg,3,S19,0.5260039448738099,118,0,-0.08352608117148497,-0.07522295463357898,0.4461111111111111,0.12329312330938522,0.36333333333333334,0.4428930185836263,0.2222222222222222,0.67,0.3399681730508475,0.6016949152542372
neuma,subjectwise,logreg,3,S20,0.4846829509735107,56,0,-0.12845170309984916,-0.07916666666666661,0.442684766214178,0.34031455907212904,0.48265460030165913,0.33397621343619416,0.7058823529411765,0.1794871794871795,0.28344736946428567,0.3392857142857143
neuma,subjectwise,logreg,3,S21,0.5260039448738099,135,0,0.041437096508237244,0.02735978112175108,0.5214285714285715,0.3659447754290973,0.5622857142857143,0.4143006205722445,0.7428571428571429,0.3,0.3059463184444444,0.4148148148148148
neuma,subjectwise,logreg,3,S22,0.4815980935096741,79,0,-0.13538610665371992,-0.13520574787720463,0.4327922077922078,0.44968082312554014,0.4357142857142857,0.4320261437908497,0.34285714285714286,0.5227272727272727,0.09382913810126585,0.4430379746835443
neuma,subjectwise,logreg,3,S23,0.4815980935096741,70,0,0.3089581015617038,0.28515318146111557,0.6563307493540051,0.5452292585795138,0.673557278208441,0.6282679738562091,0.7777777777777778,0.5348837209302325,0.10606325928571422,0.6285714285714286
neuma,subjectwise,logreg,3,S24,0.4815980935096741,221,0,0.04622212986363609,0.031897248330710726,0.5346965210954848,0.1695681591372145,0.555699481865285,0.44611528822055135,0.5357142857142857,0.533678756476684,0.35449060194570137,0.5339366515837104
neuma,subjectwise,logreg,3,S25,0.5089013385772705,42,0,0.1914598952668709,0.13698630136986312,0.6026392961876833,0.3663057023034507,0.6392961876832846,0.49743589743589745,0.8181818181818182,0.3870967741935484,0.28740007095238096,0.5
neuma,subjectwise,logreg,3,S26,0.4815980935096741,269,0,0.019928541679043996,0.019637962711966495,0.5104890604890605,0.315636501133575,0.5236164736164737,0.5065417443640939,0.40476190476190477,0.6162162162162163,0.14932650040892193,0.550185873605948
neuma,subjectwise,logreg,3,S27,0.497720650434494,49,0,0.11677484162422845,0.10055865921787699,0.5642857142857143,0.47074147488452744,0.6183673469387756,0.517757809157039,0.6428571428571429,0.4857142857142857,0.20975787102040816,0.5306122448979592
neuma,subjectwise,logreg,3,S28,0.497720650434494,152,0,0.024397447539670082,0.02235343736819906,0.5148584244463135,0.24493812255065128,0.49257078777684327,0.4945210707081721,0.3793103448275862,0.6504065040650406,0.28007931513157897,0.5986842105263158
neuma,subjectwise,logreg,3,S29,0.497720650434494,109,0,0.04836064504904269,0.04737810487580507,0.526907001044932,0.26467380312958316,0.5867293625914315,0.5201575532900834,0.3181818181818182,0.735632183908046,0.25497478055045875,0.6513761467889908
neuma,subjectwise,logreg,3,S30,0.5089013385772705,53,0,-0.0046939218642500944,-0.004059539918809252,0.49782608695652175,0.3963924529357902,0.37246376811594206,0.4623188405797102,0.6956521739130435,0.3,0.11475983754716977,0.4716981132075472
neuma,subjectwise,logreg,3,S31,0.4815980935096741,99,0,0.09900270210916223,0.06362854686156505,0.5418552036199095,0.4662624848736442,0.5963800904977375,0.43310775637688703,0.8529411764705882,0.23076923076923078,0.20884989686868688,0.4444444444444444
neuma,subjectwise,logreg,3,S32,0.5260039448738099,101,0,-0.02439029033254215,-0.022497187851518552,0.4856156501726122,0.22918620878077806,0.47698504027617955,0.47157307289850015,0.36363636363636365,0.6075949367088608,0.28765866792079203,0.5544554455445545
neuma,subjectwise,logreg,3,S33,0.497720650434494,97,0,-0.14060336164934326,-0.13663497678531944,0.42572115384615383,0.31987951686511096,0.43846153846153846,0.4239775910364146,0.34375,0.5076923076923077,0.20757671762886598,0.4536082474226804
neuma,subjectwise,logreg,3,S34,0.4846829509735107,235,0,0.07011438921665228,0.06489815253434394,0.5430600955494091,0.24788301237515864,0.6100075433744029,0.5192869666861484,0.3902439024390244,0.6958762886597938,0.2635962859148936,0.6425531914893617
neuma,subjectwise,logreg,3,S35,0.5089013385772705,101,0,0.09996959202565056,0.05128969733114652,0.5452631578947369,0.2840185767847099,0.5810526315789474,0.37402852926709296,0.88,0.21052631578947367,0.35031891009900995,0.37623762376237624
neuma,subjectwise,logreg,3,S36,0.5260039448738099,51,0,-0.08131842079168766,-0.08092485549132955,0.46111111111111114,0.2904971486206593,0.4777777777777778,0.4584942084942085,0.2,0.7222222222222222,0.17246823862745103,0.5686274509803921
neuma,subjectwise,logreg,3,S37,0.5260039448738099,66,0,-0.13886751972361294,-0.12101910828025475,0.4451923076923077,0.3852772357843286,0.4721153846153846,0.4087346024636058,0.11538461538461539,0.775,0.10830340015151513,0.5151515151515151
neuma,subjectwise,logreg,3,S38,0.4846829509735107,181,0,-0.09752240563466513,-0.08072109312205744,0.4456555349412492,0.27646688621652604,0.44604205318491036,0.4102756892230576,0.4897959183673469,0.4015151515151515,0.23551762834254145,0.425414364640884
neuma,subjectwise,logreg,3,S39,0.4846829509735107,39,0,0.02702812388086677,0.02150537634408589,0.5125,0.5961072974245849,0.6194444444444445,0.4558139534883721,0.7333333333333333,0.2916666666666667,0.17425007,0.46153846153846156
neuma,subjectwise,logreg,3,S40,0.497720650434494,65,0,0.07453559924999299,0.06896551724137934,0.532051282051282,0.41338768919237645,0.5108481262327416,0.5190463140586462,0.2692307692307692,0.7948717948717948,0.06309200446153845,0.5846153846153846
neuma,subjectwise,logreg,3,S41,0.5260039448738099,48,0,0.28888888888888886,0.28888888888888886,0.6444444444444444,0.6159994346987248,0.6759259259259259,0.6444444444444444,0.5555555555555556,0.7333333333333333,0.1592795879166667,0.6666666666666666
neuma,subjectwise,logreg,3,S42,0.4846829509735107,63,0,0.061052631578947365,0.056065732237796095,0.5305263157894737,0.5407809921168422,0.5757894736842105,0.5079365079365079,0.64,0.42105263157894735,0.10234783952380952,0.5079365079365079
neuma,subjectwise,logreg,3,S43,0.4846829509735107,86,0,0.12745525148741013,0.09672691744015638,0.5725274725274725,0.48337343609363365,0.6754578754578755,0.4883077348830773,0.7142857142857143,0.4307692307692308,0.24840243104651172,0.5
neuma,subjectwise,logreg,3,S44,0.4815980935096741,82,0,-0.07357655945347065,-0.05744431418522855,0.45359848484848486,0.20654867878434482,0.48484848484848486,0.41314248536109305,0.4375,0.4696969696969697,0.3019419915853659,0.4634146341463415
neuma,subjectwise,logreg,4,S01,0.4854539567232132,69,0,0.11979575807744294,0.0840707964601769,0.5703703703703703,0.3815074278851967,0.591358024691358,0.4646551724137931,0.7333333333333333,0.4074074074074074,0.28679845115942026,0.4782608695652174
neuma,subjectwise,logreg,4,S02,0.4971737018227577,63,0,-0.06804138174397717,-0.06666666666666665,0.4642857142857143,0.4528774064412203,0.49433106575963714,0.46153846153846156,0.38095238095238093,0.5476190476190477,0.15763108238095236,0.49206349206349204
neuma,subjectwise,logreg,4,S03,0.4838195574283599,65,0,0.10181380644282834,0.020519397242705906,0.5204081632653061,0.2633113716204837,0.5255102040816326,0.24174733184413005,1.0,0.04081632653061224,0.4103615669230769,0.27692307692307694
neuma,subjectwise,logreg,4,S05,0.4854539567232132,85,0,0.007704169392017071,0.005319148936170248,0.5053418803418803,0.3101187374164906,0.530982905982906,0.42426108374384236,0.5384615384615384,0.4722222222222222,0.3508580385882353,0.4823529411764706
neuma,subjectwise,logreg,4,S06,0.5021812415122986,139,0,0.15746558431218763,0.15039090262970867,0.5667929292929292,0.3554090945554116,0.49873737373737376,0.568291802094619,0.275,0.8585858585858586,0.1596454869784173,0.6906474820143885
neuma,subjectwise,logreg,4,S07,0.4971737018227577,86,0,0.02647071509732926,0.01968911917098437,0.5169642857142858,0.20586425523151564,0.5053571428571428,0.44516129032258067,0.5625,0.4714285714285714,0.32153856232558137,0.4883720930232558
neuma,subjectwise,logreg,4,S08,0.5021812415122986,83,0,0.1611379571110397,0.10037700282752127,0.5817972350230415,0.3888344176879867,0.6198156682027649,0.4457026713124274,0.8571428571428571,0.3064516129032258,0.27065045746987965,0.4457831325301205
neuma,subjectwise,logreg,4,S09,0.4971737018227577,120,0,0.05129133069042426,0.04220779220779214,0.53027950310559,0.28619080747436987,0.5524068322981367,0.4778375986429678,0.5714285714285714,0.4891304347826087,0.27865969116666656,0.5083333333333333
neuma,subjectwise,logreg,4,S10,0.5021812415122986,273,0,0.03610967833209237,0.03470919324577859,0.5209276018099548,0.1992495947693832,0.5407239819004525,0.5104303908651735,0.3269230769230769,0.7149321266968326,0.27750300615384615,0.6410256410256411
neuma,subjectwise,logreg,4,S12,0.4823525953292847,103,0,0.06647843099684919,0.04275092936802982,0.5328571428571429,0.35636020152536574,0.5652380952380952,0.41742081447963797,0.7857142857142857,0.28,0.25106318563106794,0.4174757281553398
neuma,subjectwise,logreg,4,S13,0.4838195574283599,315,0,-0.0028725908616116297,-0.0018650192330107451,0.49849817635700494,0.2509722780086282,0.5008045483801759,0.3927695521845762,0.7088607594936709,0.288135593220339,0.29722073758730155,0.39365079365079364
neuma,subjectwise,logreg,4,S14,0.5021812415122986,55,0,0.0,0.0,0.5,0.24425234322978034,0.43,0.44556451612903225,0.6,0.4,0.24664828781818182,0.45454545454545453
neuma,subjectwise,logreg,4,S15,0.4838195574283599,215,0,0.05206634344137125,0.028580435011032912,0.5199530516431925,0.3246228484652429,0.48640453834115804,0.38065250887653246,0.8732394366197183,0.16666666666666666,0.23120380046511635,0.4
neuma,subjectwise,logreg,4,S16,0.4823525953292847,224,0,0.09816510070947726,0.05119453924914674,0.5539637671848902,0.245316407551509,0.5592959013233972,0.3773671685963965,0.8372093023255814,0.27071823204419887,0.3299432804910715,0.3794642857142857
neuma,subjectwise,logreg,4,S17,0.4838195574283599,90,0,0.140028008402801,0.13793103448275867,0.5740740740740741,0.36905293509438164,0.5802469135802469,0.5660559305689489,0.48148148148148145,0.6666666666666666,0.1789594487777778,0.6111111111111112
neuma,subjectwise,logreg,4,S18,0.5021812415122986,56,0,0.1149016990146055,0.08029197080291961,0.5423076923076923,0.5629165826601263,0.5794871794871795,0.46891464699683877,0.8846153846153846,0.2,0.09386926375,0.5178571428571429
neuma,subjectwise,logreg,4,S19,0.5021812415122986,118,0,-0.19578084810653187,-0.13912549687677456,0.36388888888888893,0.1262157440171882,0.3477777777777778,0.3489126906848426,0.2777777777777778,0.45,0.35113763974576273,0.423728813559322
neuma,subjectwise,logreg,4,S20,0.4854539567232132,56,0,-0.044548844068273225,-0.03355704697986561,0.47737556561085975,0.380236255372749,0.47662141779788836,0.4105263157894737,0.6470588235294118,0.3076923076923077,0.22948349535714285,0.4107142857142857
neuma,subjectwise,logreg,4,S21,0.4823525953292847,135,0,-0.025482359571881278,-0.016129032258064724,0.48714285714285716,0.3582364706777187,0.5657142857142856,0.37774363476733974,0.7142857142857143,0.26,0.2761873337037037,0.37777777777777777
neuma,subjectwise,logreg,4,S22,0.4854539567232132,79,0,-0.051685613776008034,-0.05053191489361719,0.4753246753246753,0.43701370003869017,0.4805194805194805,0.46908602150537637,0.3142857142857143,0.6363636363636364,0.041182138481012695,0.4936708860759494
neuma,subjectwise,logreg,4,S23,0.5021812415122986,70,0,0.23886756104874862,0.23721709974853322,0.6218776916451335,0.5317248400216144,0.6847545219638242,0.6173254835996635,0.5925925925925926,0.6511627906976745,0.13077143842857147,0.6285714285714286
neuma,subjectwise,logreg,4,S24,0.4854539567232132,221,0,0.08679789372164713,0.05832954122367939,0.5652294596595114,0.156475268936624,0.5508882309400444,0.4552351322244825,0.6071428571428571,0.5233160621761658,0.3544377540723982,0.5339366515837104
neuma,subjectwise,logreg,4,S25,0.4838195574283599,42,0,0.16023529361103026,0.12681912681912688,0.5894428152492669,0.4035138248847926,0.6627565982404692,0.5138888888888888,0.7272727272727273,0.45161290322580644,0.2401432054761905,0.5238095238095238
neuma,subjectwise,logreg,4,S26,0.4854539567232132,269,0,-0.016621990743908393,-0.01578603673944534,0.4910553410553411,0.338072395150522,0.5164736164736166,0.4796905222437137,0.4523809523809524,0.5297297297297298,0.17061528617100372,0.5055762081784386
neuma,subjectwise,logreg,4,S27,0.5021812415122986,49,0,0.09128709291752769,0.08695652173913049,0.55,0.4842765469173196,0.5979591836734695,0.5333333333333333,0.5,0.6,0.2169902553061224,0.5714285714285714
neuma,subjectwise,logreg,4,S28,0.4823525953292847,152,0,0.016743584773354764,0.013157894736842146,0.5106532099803757,0.1969839514036953,0.47434819175777965,0.4544149318018665,0.5172413793103449,0.5040650406504065,0.2904752968421054,0.506578947368421
neuma,subjectwise,logreg,4,S29,0.5021812415122986,109,0,0.11593986903922222,0.11573823688480267,0.5559038662486938,0.26786213680161824,0.6520376175548589,0.5576298701298701,0.2727272727272727,0.8390804597701149,0.2558240948623853,0.7247706422018348
neuma,subjectwise,logreg,4,S30,0.4838195574283599,53,0,-0.1705458277344201,-0.14749661705006778,0.42101449275362324,0.42274287920241094,0.4057971014492754,0.3855072463768116,0.6086956521739131,0.23333333333333334,0.17770749471698113,0.39622641509433965
neuma,subjectwise,logreg,4,S31,0.4823525953292847,99,0,0.04594946790741402,0.03956629256229793,0.5235294117647059,0.525163290371545,0.6004524886877829,0.48400613183444047,0.6470588235294118,0.4,0.17526524848484853,0.48484848484848486
neuma,subjectwise,logreg,4,S32,0.4823525953292847,101,0,0.08030860956052659,0.0651754724257616,0.5486191024165707,0.33322638509965097,0.5293440736478711,0.48817567567567566,0.5909090909090909,0.5063291139240507,0.2658899255445545,0.5247524752475248
neuma,subjectwise,logreg,4,S33,0.4971737018227577,97,0,-0.1826547787061613,-0.1711501800466002,0.4028846153846154,0.26921576458425,0.35625,0.39593575876761716,0.375,0.4307692307692308,0.2175936098969072,0.41237113402061853
neuma,subjectwise,logreg,4,S34,0.4971737018227577,235,0,0.06872957580793268,0.06772084706934123,0.5380940407342217,0.23676539924154608,0.5740507920543123,0.5316491228070175,0.2926829268292683,0.7835051546391752,0.26115130931914887,0.6978723404255319
neuma,subjectwise,logreg,4,S35,0.4838195574283599,101,0,0.11228763075598631,0.059194711538461564,0.5518421052631579,0.3241174124891891,0.5373684210526316,0.3846305031446541,0.88,0.2236842105263158,0.33513669346534647,0.38613861386138615
neuma,subjectwise,logreg,4,S36,0.4854539567232132,51,0,-0.024618298195866545,-0.02409638554216853,0.48888888888888893,0.29648074780085776,0.5,0.4838056680161943,0.2,0.7777777777777778,0.13962500392156857,0.6078431372549019
neuma,subjectwise,logreg,4,S37,0.4823525953292847,66,0,0.011322770341445958,0.011235955056179914,0.5057692307692307,0.4502342074191877,0.5865384615384616,0.5037593984962406,0.46153846153846156,0.55,0.08629671666666672,0.5151515151515151
neuma,subjectwise,logreg,4,S38,0.4971737018227577,181,0,-0.07241350745561195,-0.059937995177402614,0.45964749536178107,0.2681757541180386,0.4485157699443414,0.42161654135338344,0.5102040816326531,0.4090909090909091,0.23158507966850828,0.43646408839779005
neuma,subjectwise,logreg,4,S39,0.4823525953292847,39,0,0.08333333333333333,0.07490636704119857,0.5416666666666666,0.4954832259019901,0.5527777777777778,0.5128205128205128,0.6666666666666666,0.4166666666666667,0.13092765538461543,0.5128205128205128
neuma,subjectwise,logreg,4,S40,0.4971737018227577,65,0,0.12598815766974242,0.125,0.5641025641025641,0.44925561689519167,0.5650887573964498,0.5608108108108107,0.5384615384615384,0.5897435897435898,0.09903871415384619,0.5692307692307692
neuma,subjectwise,logreg,4,S41,0.5021812415122986,48,0,0.3333333333333333,0.2941176470588235,0.6666666666666667,0.49260100055231,0.5981481481481481,0.625,0.8333333333333334,0.5,0.13799439125000007,0.625
neuma,subjectwise,logreg,4,S42,0.4854539567232132,63,0,0.12373764497794919,0.11976047904191622,0.5631578947368421,0.5345072007853584,0.6326315789473684,0.552738336713996,0.6,0.5263157894736842,0.09279629253968251,0.5555555555555556
neuma,subjectwise,logreg,4,S43,0.4971737018227577,86,0,0.10742898608472079,0.09842748980780436,0.5619047619047619,0.3924165646297899,0.6095238095238096,0.5317604355716878,0.5238095238095238,0.6,0.2577381977906977,0.5813953488372093
neuma,subjectwise,logreg,4,S44,0.4854539567232132,82,0,0.13505326626463512,0.11626387981711306,0.584280303030303,0.2053728963062027,0.4962121212121212,0.5304528891202499,0.5625,0.6060606060606061,0.28902730036585367,0.5975609756097561
neuma,subjectwise,svm_rbf,0,S01,0.2959605840560667,69,0,0.2300894966542111,0.1005586592178771,0.5333333333333333,0.27426412055455524,0.4814814814814815,0.5051229508196722,0.06666666666666667,1.0,0.05428153705714031,0.7971014492753623
neuma,subjectwise,svm_rbf,0,S02,0.2257594232883982,63,0,-0.17960530202677488,-0.031999999999999806,0.47619047619047616,0.3841967804086632,0.5102040816326531,0.24096385542168675,0.9523809523809523,0.0,0.09208120584793486,0.31746031746031744
neuma,subjectwise,svm_rbf,0,S03,0.2257594232883982,65,0,0.0,0.0,0.5,0.4469957827801093,0.6836734693877551,0.19753086419753085,1.0,0.0,0.007223891354478179,0.24615384615384617
neuma,subjectwise,svm_rbf,0,S05,0.2959605840560667,85,0,0.14967871403054583,0.09648405560098106,0.531517094017094,0.21320976412496337,0.5235042735042735,0.524731182795699,0.07692307692307693,0.9861111111111112,0.11326831445299845,0.8470588235294118
neuma,subjectwise,svm_rbf,0,S06,0.290684411956774,139,0,-0.038095469344767464,-0.02692497126908555,0.48964646464646466,0.2783035988089635,0.4588383838383838,0.4425630514214419,0.05,0.9292929292929293,0.009010139747179735,0.6762589928057554
neuma,subjectwise,svm_rbf,0,S07,0.2774702536711196,86,0,0.00890870806374748,0.007290400972053468,0.5026785714285714,0.19894856918333592,0.5044642857142857,0.4847051403342794,0.0625,0.9428571428571428,0.0696400627001687,0.7790697674418605
neuma,subjectwise,svm_rbf,0,S08,0.290684411956774,83,0,0.0,0.0,0.5,0.31150162808069165,0.5015360983102919,0.42758620689655175,0.0,1.0,0.020988256559117957,0.7469879518072289
neuma,subjectwise,svm_rbf,0,S09,0.2774702536711196,120,0,0.11707874272593882,0.07079646017699115,0.5248447204968945,0.34007844482680993,0.5170807453416149,0.4951923076923077,0.07142857142857142,0.9782608695652174,0.0276933833397906,0.7666666666666667
neuma,subjectwise,svm_rbf,0,S10,0.290684411956774,273,0,-0.019672236884115842,-0.01183431952662728,0.49604072398190047,0.17349609871812785,0.4520536025060912,0.4584275919674242,0.019230769230769232,0.9728506787330317,0.08422181333106893,0.7912087912087912
neuma,subjectwise,svm_rbf,0,S12,0.2257594232883982,103,0,-0.0672825561040135,-0.023132398965845624,0.4797619047619048,0.31702811332965125,0.5366666666666666,0.26349299637574686,0.8928571428571429,0.06666666666666667,0.03260747644442136,0.2912621359223301
neuma,subjectwise,svm_rbf,0,S13,0.3299787178209342,315,0,-0.0462487898269695,-0.012540180165879766,0.4957627118644068,0.2573049785937913,0.4833726668096974,0.4262295081967213,0.0,0.9915254237288136,0.012392710122871234,0.7428571428571429
neuma,subjectwise,svm_rbf,0,S14,0.2959605840560667,55,0,-0.08333333333333333,-0.03529411764705892,0.4875,0.4241496282929034,0.6083333333333334,0.4148936170212766,0.0,0.975,0.008151049118867049,0.7090909090909091
neuma,subjectwise,svm_rbf,0,S15,0.3299787178209342,215,0,-0.023489157882197877,-0.008870604872404764,0.49662558685446007,0.33411336000445435,0.4809272300469484,0.41051643192488263,0.014084507042253521,0.9791666666666666,0.08789226013527078,0.6604651162790698
neuma,subjectwise,svm_rbf,0,S16,0.2257594232883982,224,0,-0.005466023271366267,-0.0014035452513385671,0.49826545034048564,0.1911136290200797,0.43350892971861754,0.2199546485260771,0.9302325581395349,0.06629834254143646,0.04819533705855639,0.23214285714285715
neuma,subjectwise,svm_rbf,0,S17,0.3299787178209342,90,0,0.14858083138673644,0.07801418439716323,0.5291005291005291,0.4320823267965294,0.5631981187536743,0.48,0.07407407407407407,0.9841269841269841,0.03489094809880201,0.7111111111111111
neuma,subjectwise,svm_rbf,0,S18,0.2774702536711196,56,0,0.0,0.0,0.5,0.48640369119032956,0.5333333333333334,0.3488372093023256,0.0,1.0,0.20573838617568835,0.5357142857142857
neuma,subjectwise,svm_rbf,0,S19,0.290684411956774,118,0,0.0,0.0,0.5,0.18301873099715477,0.5844444444444443,0.45871559633027525,0.0,1.0,0.12153266338081756,0.847457627118644
neuma,subjectwise,svm_rbf,0,S20,0.2959605840560667,56,0,0.0,0.0,0.5,0.5350228579195061,0.6108597285067874,0.4105263157894737,0.0,1.0,0.036959518145837755,0.6964285714285714
neuma,subjectwise,svm_rbf,0,S21,0.2257594232883982,135,0,0.0,0.0,0.5,0.32155004567583256,0.514,0.20588235294117646,1.0,0.0,0.015336469598592917,0.25925925925925924
neuma,subjectwise,svm_rbf,0,S22,0.3299787178209342,79,0,0.0,0.0,0.5,0.43964129151900927,0.4720779220779221,0.35772357723577236,0.0,1.0,0.17867581773350005,0.5569620253164557
neuma,subjectwise,svm_rbf,0,S23,0.2959605840560667,70,0,0.04026562259260908,0.01664932362122784,0.5068906115417743,0.34798123487369137,0.37381567614125755,0.41286113699906807,0.037037037037037035,0.9767441860465116,0.10935011488227636,0.6142857142857143
neuma,subjectwise,svm_rbf,0,S24,0.2959605840560667,221,0,0.05032791806977337,0.03183411214953258,0.5100851221317543,0.140613510101169,0.46669133974833465,0.4946646341463415,0.03571428571428571,0.9844559585492227,0.14219042978293867,0.8642533936651584
neuma,subjectwise,svm_rbf,0,S25,0.290684411956774,42,0,-0.0930301170323837,-0.045643153526971014,0.4838709677419355,0.3078195192434791,0.5190615835777126,0.4166666666666667,0.0,0.967741935483871,0.010943563158307745,0.7142857142857143
neuma,subjectwise,svm_rbf,0,S26,0.2959605840560667,269,0,0.061187628587933245,0.026118438065683813,0.5097490347490348,0.3576638813324836,0.5281853281853283,0.4395833333333333,0.03571428571428571,0.9837837837837838,0.03964691875876546,0.6877323420074349
neuma,subjectwise,svm_rbf,0,S27,0.2774702536711196,49,0,0.0,0.0,0.5,0.2995382181141981,0.5081632653061224,0.4166666666666667,0.0,1.0,0.02623569191034486,0.7142857142857143
neuma,subjectwise,svm_rbf,0,S28,0.2257594232883982,152,0,0.026803135402091772,0.00565472890564378,0.5071488645920942,0.19331746293502494,0.4751892346509672,0.2070733863837312,0.9655172413793104,0.04878048780487805,0.051948946774885624,0.2236842105263158
neuma,subjectwise,svm_rbf,0,S29,0.290684411956774,109,0,-0.08459786616109806,-0.050906286155032676,0.4827586206896552,0.17740947897585896,0.4090909090909091,0.43523316062176165,0.0,0.9655172413793104,0.07597466995212315,0.7706422018348624
neuma,subjectwise,svm_rbf,0,S30,0.2257594232883982,53,0,0.21447610589527216,0.08795411089866156,0.55,0.6373642605334212,0.6115942028985507,0.4059775840597758,1.0,0.1,0.19233847885614958,0.49056603773584906
neuma,subjectwise,svm_rbf,0,S31,0.290684411956774,99,0,-0.09455316327882023,-0.05912162162162171,0.47624434389140274,0.3268391344173219,0.40542986425339367,0.404746835443038,0.029411764705882353,0.9230769230769231,0.06703381339216413,0.6161616161616161
neuma,subjectwise,svm_rbf,0,S32,0.2257594232883982,101,0,0.0,0.0,0.5,0.20957839290800606,0.43383199079401613,0.17886178861788618,1.0,0.0,0.02800181174195196,0.21782178217821782
neuma,subjectwise,svm_rbf,0,S33,0.2774702536711196,97,0,0.18391962913260815,0.1187159297395518,0.5471153846153847,0.46742279764479433,0.6399038461538461,0.5091093117408907,0.125,0.9692307692307692,0.0666634251317258,0.6907216494845361
neuma,subjectwise,svm_rbf,0,S34,0.2774702536711196,235,0,-0.06778165170886508,-0.039423076923077005,0.48711340206185566,0.14436929405978075,0.4224289665577068,0.44575471698113206,0.0,0.9742268041237113,0.08494751205219533,0.8042553191489362
neuma,subjectwise,svm_rbf,0,S35,0.3299787178209342,101,0,0.0,0.0,0.5,0.2517394824235306,0.45526315789473687,0.4293785310734463,0.0,1.0,0.0026446291353584075,0.7524752475247525
neuma,subjectwise,svm_rbf,0,S36,0.3299787178209342,51,0,0.0,0.0,0.5,0.4494453777178499,0.5777777777777778,0.41379310344827586,0.0,1.0,0.05271743600022948,0.7058823529411765
neuma,subjectwise,svm_rbf,0,S37,0.2257594232883982,66,0,-0.15384615384615385,-0.03046458492003068,0.4807692307692308,0.33773058826840463,0.3730769230769231,0.27472527472527475,0.9615384615384616,0.0,0.1531212933150234,0.3787878787878788
neuma,subjectwise,svm_rbf,0,S38,0.2774702536711196,181,0,0.0,0.0,0.5,0.29560652083877803,0.5293753865182436,0.4217252396166134,0.0,1.0,0.014247938008119299,0.7292817679558011
neuma,subjectwise,svm_rbf,0,S39,0.2959605840560667,39,0,0.0,0.0,0.5,0.46787885153177156,0.45555555555555555,0.38095238095238093,0.0,1.0,0.1146233030053515,0.6153846153846154
neuma,subjectwise,svm_rbf,0,S40,0.290684411956774,65,0,0.0,0.0,0.5,0.32379889664184436,0.34812623274161736,0.375,0.0,1.0,0.12286618654968356,0.6
neuma,subjectwise,svm_rbf,0,S41,0.3299787178209342,48,0,-0.2,-0.1200000000000001,0.45,0.3117645379056835,0.3203703703703703,0.36,0.0,0.9,0.14029056200534765,0.5625
neuma,subjectwise,svm_rbf,0,S42,0.2774702536711196,63,0,-0.18136906252750293,-0.09293680297397766,0.4605263157894737,0.3317374511865605,0.3684210526315789,0.35714285714285715,0.0,0.9210526315789473,0.13677975520126806,0.5555555555555556
neuma,subjectwise,svm_rbf,0,S43,0.2774702536711196,86,0,-0.08770580193070292,-0.04435058078141485,0.4846153846153846,0.2501101332818335,0.5267399267399266,0.4228187919463087,0.0,0.9692307692307692,0.011885565290316202,0.7325581395348837
neuma,subjectwise,svm_rbf,0,S44,0.2959605840560667,82,0,-0.05470732932414788,-0.023494860499265746,0.49242424242424243,0.2818865932166005,0.65625,0.4421768707482993,0.0,0.9848484848484849,0.07431773635411948,0.7926829268292683
neuma,subjectwise,svm_rbf,1,S01,0.2688809500315473,69,0,0.1183776456867665,0.07008086253369272,0.5240740740740741,0.25177459983056744,0.3802469135802469,0.49684005833738454,0.06666666666666667,0.9814814814814815,0.04046198272412846,0.782608695652174
neuma,subjectwise,svm_rbf,1,S02,0.3233317042850309,63,0,0.17960530202677488,0.06250000000000011,0.5238095238095238,0.41799497622268394,0.46258503401360546,0.4493006993006993,0.047619047619047616,1.0,0.06732216424438227,0.6825396825396826
neuma,subjectwise,svm_rbf,1,S03,0.3233317042850309,65,0,0.0,0.0,0.5,0.3425070385224245,0.6619897959183674,0.4298245614035088,0.0,1.0,0.014647961262551745,0.7538461538461538
neuma,subjectwise,svm_rbf,1,S05,0.2714278667369467,85,0,-0.05992437462555623,-0.011216859279401747,0.4823717948717949,0.23920276075356237,0.4658119658119659,0.1671332586786114,0.9230769230769231,0.041666666666666664,0.12913708033665267,0.17647058823529413
neuma,subjectwise,svm_rbf,1,S06,0.2688809500315473,139,0,0.0,0.0,0.5,0.2823327893682852,0.4997474747474748,0.41596638655462187,0.0,1.0,0.032896285630870215,0.7122302158273381
neuma,subjectwise,svm_rbf,1,S07,0.3233317042850309,86,0,0.03629750281770625,0.027638190954773934,0.5098214285714286,0.17398728440023142,0.4160714285714286,0.4907894736842105,0.0625,0.9571428571428572,0.09017926991823651,0.7906976744186046
neuma,subjectwise,svm_rbf,1,S08,0.2714278667369467,83,0,0.0015590174152634452,0.0004014452027297777,0.5003840245775729,0.22422227639906117,0.4278033794162826,0.24545454545454548,0.9523809523809523,0.04838709677419355,0.027736698180724884,0.27710843373493976
neuma,subjectwise,svm_rbf,1,S09,0.3233317042850309,120,0,0.22684006403150647,0.13716814159292035,0.5481366459627329,0.3935469602924414,0.5197981366459627,0.53125,0.10714285714285714,0.9891304347826086,0.0916938352311654,0.7833333333333333
neuma,subjectwise,svm_rbf,1,S10,0.2675154615987994,273,0,-0.013001274187308594,-0.009615384615384581,0.49660633484162897,0.18966352680551685,0.42316394013226594,0.46900933609958506,0.038461538461538464,0.9547511312217195,0.06773550745632234,0.7802197802197802
neuma,subjectwise,svm_rbf,1,S12,0.2675154615987994,103,0,-0.060499014198202014,-0.01910610713067218,0.49333333333333335,0.2998445382252361,0.5228571428571429,0.4180790960451977,0.0,0.9866666666666667,0.019488592956196094,0.7184466019417476
neuma,subjectwise,svm_rbf,1,S13,0.2413092200762535,315,0,0.006148459345780489,0.00589712284904742,0.5034327397554172,0.2750464056516705,0.5380283201029821,0.4940856496406842,0.379746835443038,0.6271186440677966,0.010878531706680572,0.5650793650793651
neuma,subjectwise,svm_rbf,1,S14,0.2714278667369467,55,0,0.14708710135363803,0.042352941176470704,0.5375,0.42019670876452475,0.6000000000000001,0.2936480388753905,1.0,0.075,0.024237935314235567,0.32727272727272727
neuma,subjectwise,svm_rbf,1,S15,0.2413092200762535,215,0,-0.09236608541704894,-0.092321091595297,0.45334507042253525,0.31612735949427073,0.47055946791862285,0.4537205081669691,0.28169014084507044,0.625,0.09178540395740145,0.5116279069767442
neuma,subjectwise,svm_rbf,1,S16,0.2714278667369467,224,0,-0.12975465697626795,-0.020848020948735835,0.473403571887447,0.21547154642875846,0.45766413979185405,0.169299485729506,0.9302325581395349,0.016574585635359115,0.08962667594141768,0.19196428571428573
neuma,subjectwise,svm_rbf,1,S17,0.2413092200762535,90,0,0.051817744397510426,0.04458598726114649,0.5185185185185185,0.3606859550283047,0.49794238683127573,0.4996293550778354,0.14814814814814814,0.8888888888888888,0.06453520092355802,0.6666666666666666
neuma,subjectwise,svm_rbf,1,S18,0.3233317042850309,56,0,0.0,0.0,0.5,0.47745764661993056,0.5512820512820513,0.3488372093023256,0.0,1.0,0.2141926556262546,0.5357142857142857
neuma,subjectwise,svm_rbf,1,S19,0.2675154615987994,118,0,0.08121461201353397,0.05400843881856532,0.5177777777777778,0.18619094994183075,0.5238888888888888,0.5034330011074197,0.05555555555555555,0.98,0.1034878566752204,0.8389830508474576
neuma,subjectwise,svm_rbf,1,S20,0.2413092200762535,56,0,-0.09299019479515987,-0.08667529107373872,0.44947209653092,0.2570879611730994,0.4012066365007541,0.4385026737967914,0.4117647058823529,0.48717948717948717,0.06337870490493736,0.4642857142857143
neuma,subjectwise,svm_rbf,1,S21,0.2675154615987994,135,0,-0.051107145278399796,-0.014613778705636848,0.495,0.2910268067959493,0.5242857142857142,0.4230769230769231,0.0,0.99,0.0037223292444949485,0.7333333333333333
neuma,subjectwise,svm_rbf,1,S22,0.2675154615987994,79,0,-0.10098581681669559,-0.02523431867339565,0.48863636363636365,0.4217919702856549,0.4662337662337662,0.3524590163934426,0.0,0.9772727272727273,0.18399737845150183,0.5443037974683544
neuma,subjectwise,svm_rbf,1,S23,0.2675154615987994,70,0,-0.095394450112334,-0.02833158447009443,0.4883720930232558,0.3290488120406664,0.38070628768303183,0.375,0.0,0.9767441860465116,0.12763358650073664,0.6
neuma,subjectwise,svm_rbf,1,S24,0.2688809500315473,221,0,0.05106741419837699,0.04870865428183058,0.5198926720947447,0.14210766835791191,0.47705403404885266,0.5204431247144815,0.10714285714285714,0.9326424870466321,0.1300180502837157,0.8280542986425339
neuma,subjectwise,svm_rbf,1,S25,0.2714278667369467,42,0,-0.17569564951772032,-0.06546644844517191,0.4413489736070382,0.3003911777372188,0.4809384164222874,0.24081632653061225,0.8181818181818182,0.06451612903225806,0.018731660385229443,0.2619047619047619
neuma,subjectwise,svm_rbf,1,S26,0.2688809500315473,269,0,-0.09273353546322172,-0.03636206224838734,0.4864864864864865,0.2790165586237624,0.46750321750321744,0.40089086859688194,0.0,0.972972972972973,0.058978405136096534,0.6691449814126395
neuma,subjectwise,svm_rbf,1,S27,0.2714278667369467,49,0,0.0,0.0,0.5,0.3468444761641463,0.563265306122449,0.2222222222222222,1.0,0.0,0.00039116297633973174,0.2857142857142857
neuma,subjectwise,svm_rbf,1,S28,0.2714278667369467,152,0,0.05606809642135502,0.006267559974065362,0.508130081300813,0.2311868087117259,0.49341183067003086,0.17801117318435755,1.0,0.016260162601626018,0.0930787590087673,0.20394736842105263
neuma,subjectwise,svm_rbf,1,S29,0.2714278667369467,109,0,0.0687503356958181,0.009408745856944178,0.5114942528735632,0.2976771235228562,0.6415882967607105,0.19301454577127428,1.0,0.022988505747126436,0.08099251075349123,0.22018348623853212
neuma,subjectwise,svm_rbf,1,S30,0.2714278667369467,53,0,-0.02638599092686087,-0.008883248730964466,0.49492753623188407,0.5442009911806229,0.5289855072463768,0.3285472972972973,0.9565217391304348,0.03333333333333333,0.15335936536963823,0.4339622641509434
neuma,subjectwise,svm_rbf,1,S31,0.2675154615987994,99,0,0.0,0.0,0.5,0.32968625745500985,0.45384615384615384,0.39634146341463417,0.0,1.0,0.08696442660980419,0.6565656565656566
neuma,subjectwise,svm_rbf,1,S32,0.2675154615987994,101,0,-0.05277130021690084,-0.01930671347082047,0.4936708860759494,0.23749286341489623,0.4372842347525892,0.43575418994413406,0.0,0.9873417721518988,0.03871198748666363,0.7722772277227723
neuma,subjectwise,svm_rbf,1,S33,0.2688809500315473,97,0,-0.08294057203634066,-0.0707613925842061,0.4699519230769231,0.33381892288945003,0.5158653846153847,0.43579418344519016,0.09375,0.8461538461538461,0.07082997841771355,0.5979381443298969
neuma,subjectwise,svm_rbf,1,S34,0.3233317042850309,235,0,-0.0522766438649124,-0.0243709134139094,0.49226804123711343,0.1376470292736761,0.3906210711591652,0.44835680751173707,0.0,0.9845360824742269,0.0928417120173709,0.8127659574468085
neuma,subjectwise,svm_rbf,1,S35,0.2714278667369467,101,0,-0.14702026543559724,-0.041519674355495084,0.45973684210526317,0.2537403784547201,0.44684210526315793,0.21991869918699186,0.88,0.039473684210526314,0.03281112564219446,0.24752475247524752
neuma,subjectwise,svm_rbf,1,S36,0.3233317042850309,51,0,0.21908902300206645,0.09160305343511443,0.5333333333333333,0.36241444998555167,0.4981481481481481,0.4811046511627907,0.06666666666666667,1.0,0.024434953073232502,0.7254901960784313
neuma,subjectwise,svm_rbf,1,S37,0.2688809500315473,66,0,0.0,0.0,0.5,0.3482223013643252,0.44134615384615383,0.37735849056603776,0.0,1.0,0.13873621101956768,0.6060606060606061
neuma,subjectwise,svm_rbf,1,S38,0.3233317042850309,181,0,0.0,0.0,0.5,0.31708977858406107,0.5256648113790972,0.4217252396166134,0.0,1.0,0.02433625029509092,0.7292817679558011
neuma,subjectwise,svm_rbf,1,S39,0.2688809500315473,39,0,0.20519567041703082,0.08080808080808077,0.5333333333333333,0.5594604090215881,0.5722222222222222,0.4495967741935484,0.06666666666666667,1.0,0.13151980722520046,0.6410256410256411
neuma,subjectwise,svm_rbf,1,S40,0.2413092200762535,65,0,0.30151134457776363,0.25531914893617025,0.6153846153846154,0.6430713466812051,0.6765285996055226,0.6033129904097646,0.3076923076923077,0.9230769230769231,0.16229535224003408,0.676923076923077
neuma,subjectwise,svm_rbf,1,S41,0.3233317042850309,48,0,0.0,0.0,0.5,0.31769581863012974,0.3851851851851852,0.38461538461538464,0.0,1.0,0.17149715648665845,0.625
neuma,subjectwise,svm_rbf,1,S42,0.2714278667369467,63,0,0.10301070542879115,0.020999580008399965,0.5131578947368421,0.35958474800532453,0.4242105263157895,0.3129973474801061,1.0,0.02631578947368421,0.11543664651688174,0.4126984126984127
neuma,subjectwise,svm_rbf,1,S43,0.3233317042850309,86,0,0.0,0.0,0.5,0.2232036246888626,0.45128205128205123,0.4304635761589404,0.0,1.0,0.0355131115226401,0.7558139534883721
neuma,subjectwise,svm_rbf,1,S44,0.2413092200762535,82,0,-0.14900989016981744,-0.12328767123287676,0.40625,0.19466924730007473,0.40340909090909094,0.3925925925925926,0.3125,0.5,0.04525684505599478,0.4634146341463415
neuma,subjectwise,svm_rbf,2,S01,0.2597186042652504,69,0,-0.08906439003627367,-0.06912991656734202,0.4462962962962963,0.24107105616523197,0.4444444444444444,0.40266370699223086,0.4666666666666667,0.42592592592592593,0.04289634206794965,0.43478260869565216
neuma,subjectwise,svm_rbf,2,S02,0.2185541444863289,63,0,-0.17960530202677488,-0.031999999999999806,0.47619047619047616,0.4000065535864467,0.4773242630385487,0.24096385542168675,0.9523809523809523,0.0,0.08950419207239435,0.31746031746031744
neuma,subjectwise,svm_rbf,2,S03,0.2823696496535217,65,0,0.0,0.0,0.5,0.4442598342940631,0.5790816326530612,0.4298245614035088,0.0,1.0,0.005107463724731254,0.7538461538461538
neuma,subjectwise,svm_rbf,2,S05,0.2597186042652504,85,0,-0.017699933922154524,-0.013053348467650494,0.4877136752136752,0.15226544624597066,0.47435897435897434,0.43007662835249044,0.46153846153846156,0.5138888888888888,0.10586114972664873,0.5058823529411764
neuma,subjectwise,svm_rbf,2,S06,0.2823696496535217,139,0,-0.056816219808660196,-0.03415623943185686,0.48724747474747476,0.2816209863510148,0.425,0.426911544227886,0.025,0.9494949494949495,0.030976926192356313,0.6834532374100719
neuma,subjectwise,svm_rbf,2,S07,0.2630609544821845,86,0,-0.09089344255870231,-0.062418725617685133,0.4785714285714286,0.1683754822280032,0.40535714285714286,0.43790849673202614,0.0,0.9571428571428572,0.06794736651380334,0.7790697674418605
neuma,subjectwise,svm_rbf,2,S08,0.2823696496535217,83,0,-0.1127014325695366,-0.067524115755627,0.47580645161290325,0.2543689279374285,0.41013824884792627,0.4154929577464789,0.0,0.9516129032258065,0.00297068182976834,0.7108433734939759
neuma,subjectwise,svm_rbf,2,S09,0.2630609544821845,120,0,0.11489011838790002,0.08613445378151263,0.531832298136646,0.3373214302612763,0.500388198757764,0.5149825783972125,0.10714285714285714,0.9565217391304348,0.022568573328682617,0.7583333333333333
neuma,subjectwise,svm_rbf,2,S10,0.2568451893528937,273,0,0.05113099925649136,0.0052151238591917615,0.5067873303167421,0.18021735042082476,0.448746954403063,0.17488354037267081,1.0,0.013574660633484163,0.08853985279738312,0.20146520146520147
neuma,subjectwise,svm_rbf,2,S12,0.2568451893528937,103,0,0.060499014198202014,0.007293566032821053,0.5066666666666667,0.28647584370576407,0.4804761904761904,0.2285425101214575,1.0,0.013333333333333334,0.00421223572842333,0.2815533980582524
neuma,subjectwise,svm_rbf,2,S13,0.2185541444863289,315,0,-0.10998116501069449,-0.030707274100176374,0.47055352928556105,0.2483917901941267,0.48659086033040116,0.22819986597420006,0.8987341772151899,0.0423728813559322,0.013753245964161137,0.2571428571428571
neuma,subjectwise,svm_rbf,2,S14,0.2568451893528937,55,0,0.14708710135363803,0.042352941176470704,0.5375,0.47604998855816116,0.6733333333333333,0.2936480388753905,1.0,0.075,0.015922951578501827,0.32727272727272727
neuma,subjectwise,svm_rbf,2,S15,0.2185541444863289,215,0,-0.0011171225093474734,-0.00026210602188614374,0.4998043818466354,0.3515103648748207,0.5157472613458528,0.2730952380952381,0.971830985915493,0.027777777777777776,0.08993657054558746,0.3395348837209302
neuma,subjectwise,svm_rbf,2,S16,0.2823696496535217,224,0,0.07423591846868577,0.027856277755349268,0.5088654760375176,0.1933186668667551,0.4814338943851985,0.4688723462917011,0.023255813953488372,0.994475138121547,0.05763924108441931,0.8080357142857143
neuma,subjectwise,svm_rbf,2,S17,0.2185541444863289,90,0,0.0,0.0,0.5,0.45165287417387845,0.5761316872427984,0.23076923076923078,1.0,0.0,0.05592183447856913,0.3
neuma,subjectwise,svm_rbf,2,S18,0.2630609544821845,56,0,0.0,0.0,0.5,0.46957618575983595,0.5217948717948718,0.3488372093023256,0.0,1.0,0.2120295965308825,0.5357142857142857
neuma,subjectwise,svm_rbf,2,S19,0.2568451893528937,118,0,-0.05568791572157348,-0.013379135780148266,0.47944444444444445,0.19605603093940163,0.5538888888888889,0.19020443545474247,0.8888888888888888,0.07,0.12273735116037993,0.19491525423728814
neuma,subjectwise,svm_rbf,2,S20,0.2823696496535217,56,0,0.0,0.0,0.5,0.39843859524031355,0.6018099547511313,0.4105263157894737,0.0,1.0,0.056851249245059104,0.6964285714285714
neuma,subjectwise,svm_rbf,2,S21,0.2568451893528937,135,0,0.02651974176527183,0.0060721062618595,0.5057142857142857,0.309387396373245,0.5348571428571429,0.24415584415584415,0.9714285714285714,0.04,0.013952708703237227,0.2814814814814815
neuma,subjectwise,svm_rbf,2,S22,0.2823696496535217,79,0,-0.10098581681669559,-0.02523431867339565,0.48863636363636365,0.4096041068063878,0.4493506493506494,0.3524590163934426,0.0,0.9772727272727273,0.18769672456673941,0.5443037974683544
neuma,subjectwise,svm_rbf,2,S23,0.2568451893528937,70,0,-0.15192449462334673,-0.02872411489645965,0.48148148148148145,0.3023619431232746,0.33936261843238585,0.2708333333333333,0.9629629629629629,0.0,0.1401588020956806,0.37142857142857144
neuma,subjectwise,svm_rbf,2,S24,0.2597186042652504,221,0,0.12983811074579446,0.10335733847246165,0.5942820133234641,0.18688861712281596,0.6471132494448557,0.5158817086527929,0.5357142857142857,0.6528497409326425,0.13116121324721386,0.6380090497737556
neuma,subjectwise,svm_rbf,2,S25,0.2185541444863289,42,0,0.0930301170323837,0.01716068642745716,0.5161290322580645,0.2443134081343203,0.41055718475073316,0.24278846153846154,1.0,0.03225806451612903,0.02722561039065552,0.2857142857142857
neuma,subjectwise,svm_rbf,2,S26,0.2597186042652504,269,0,-0.05356126994424616,-0.05309517983851242,0.472072072072072,0.30645715684311736,0.5046332046332047,0.47138295259150087,0.3333333333333333,0.6108108108108108,0.054732372803193485,0.5241635687732342
neuma,subjectwise,svm_rbf,2,S27,0.2568451893528937,49,0,0.0,0.0,0.5,0.2861286564823794,0.46734693877551015,0.2222222222222222,1.0,0.0,0.029967340425366376,0.2857142857142857
neuma,subjectwise,svm_rbf,2,S28,0.2823696496535217,152,0,0.0,0.0,0.5,0.20703923317931489,0.48107653490328006,0.44727272727272727,0.0,1.0,0.06110466436960968,0.8092105263157895
neuma,subjectwise,svm_rbf,2,S29,0.2823696496535217,109,0,0.0,0.0,0.5,0.17197239267504805,0.40804597701149425,0.44387755102040816,0.0,1.0,0.054619395195526,0.7981651376146789
neuma,subjectwise,svm_rbf,2,S30,0.2185541444863289,53,0,0.04973358977281673,0.020395156150414318,0.5115942028985507,0.4622507519060876,0.5492753623188406,0.3619759236197592,0.9565217391304348,0.06666666666666667,0.19728344551018367,0.4528301886792453
neuma,subjectwise,svm_rbf,2,S31,0.2597186042652504,99,0,0.024780875500320376,0.024421593830334154,0.5128959276018099,0.3984730069501533,0.5479638009049774,0.5088438308886971,0.4411764705882353,0.5846153846153846,0.08496192249481627,0.5353535353535354
neuma,subjectwise,svm_rbf,2,S32,0.2568451893528937,101,0,0.0,0.0,0.5,0.22896400656359833,0.4821634062140391,0.17886178861788618,1.0,0.0,0.06285028498296065,0.21782178217821782
neuma,subjectwise,svm_rbf,2,S33,0.2630609544821845,97,0,0.05852923671697378,0.04017991004497756,0.5161057692307692,0.4110077437665295,0.5875,0.4704714640198511,0.09375,0.9384615384615385,0.07330839180424309,0.6597938144329897
neuma,subjectwise,svm_rbf,2,S34,0.2630609544821845,235,0,-0.0522766438649124,-0.0243709134139094,0.49226804123711343,0.1440921039762878,0.4212974603972844,0.44835680751173707,0.0,0.9845360824742269,0.07995722084259152,0.8127659574468085
neuma,subjectwise,svm_rbf,2,S35,0.2185541444863289,101,0,0.018337320140672693,0.006373839545517623,0.5060526315789474,0.25983961444981685,0.491578947368421,0.2789341377576672,0.92,0.09210526315789473,0.014790168777365553,0.297029702970297
neuma,subjectwise,svm_rbf,2,S36,0.2630609544821845,51,0,-0.13041013273932525,-0.07434944237918217,0.4722222222222222,0.36841763339858785,0.5166666666666666,0.4,0.0,0.9444444444444444,0.038799889088220796,0.6666666666666666
neuma,subjectwise,svm_rbf,2,S37,0.2823696496535217,66,0,0.0,0.0,0.5,0.33972686712391575,0.3730769230769231,0.37735849056603776,0.0,1.0,0.14375251879347795,0.6060606060606061
neuma,subjectwise,svm_rbf,2,S38,0.2630609544821845,181,0,0.0,0.0,0.5,0.31847851259125365,0.5231910946196661,0.4217252396166134,0.0,1.0,0.016974343723068108,0.7292817679558011
neuma,subjectwise,svm_rbf,2,S39,0.2597186042652504,39,0,-0.04905524551257965,-0.04597701149425282,0.475,0.5194059384461862,0.5194444444444444,0.46011865524060647,0.5333333333333333,0.4166666666666667,0.12485749125064233,0.46153846153846156
neuma,subjectwise,svm_rbf,2,S40,0.2597186042652504,65,0,0.2983352891851307,0.26573426573426573,0.6217948717948718,0.6385838168672636,0.719921104536489,0.6153846153846154,0.34615384615384615,0.8974358974358975,0.14397588652327414,0.676923076923077
neuma,subjectwise,svm_rbf,2,S41,0.2568451893528937,48,0,-0.0778498944161523,-0.034482758620689724,0.47777777777777775,0.34231675517925153,0.37222222222222223,0.31688804554079697,0.8888888888888888,0.06666666666666667,0.1336239052581227,0.375
neuma,subjectwise,svm_rbf,2,S42,0.2630609544821845,63,0,0.0,0.0,0.5,0.3267050410844951,0.3326315789473684,0.37623762376237624,0.0,1.0,0.14239649439087537,0.6031746031746031
neuma,subjectwise,svm_rbf,2,S43,0.2630609544821845,86,0,0.0,0.0,0.5,0.22149638486096462,0.441025641025641,0.4304635761589404,0.0,1.0,0.008230056942219566,0.7558139534883721
neuma,subjectwise,svm_rbf,2,S44,0.2597186042652504,82,0,-0.16081082609810307,-0.13120784794604545,0.39867424242424243,0.2093310072798934,0.356060606060606,0.3844870725604671,0.3125,0.48484848484848486,0.06502320246018439,0.45121951219512196
neuma,subjectwise,svm_rbf,3,S01,0.260783982885639,69,0,-0.09105972745135885,-0.0539083557951483,0.48148148148148145,0.19334544841390672,0.3827160493827161,0.4297520661157025,0.0,0.9629629629629629,0.03219657918935387,0.7536231884057971
neuma,subjectwise,svm_rbf,3,S02,0.2483011425686398,63,0,0.24571804673358047,0.21917808219178092,0.5952380952380952,0.4853362296217093,0.5476190476190477,0.5935483870967742,0.2857142857142857,0.9047619047619048,0.08526881318140145,0.6984126984126984
neuma,subjectwise,svm_rbf,3,S03,0.2682087328893107,65,0,-0.0817943751494157,-0.07411116675012508,0.4528061224489796,0.21840220481843167,0.41326530612244894,0.4392156862745098,0.375,0.5306122448979592,0.020441997419536673,0.49230769230769234
neuma,subjectwise,svm_rbf,3,S05,0.260783982885639,85,0,0.0,0.0,0.5,0.15751038835200398,0.4508547008547009,0.4585987261146497,0.0,1.0,0.0924184443923809,0.8470588235294118
neuma,subjectwise,svm_rbf,3,S06,0.1933177779506492,139,0,-0.014947753467643602,-0.002797408716136651,0.4976010101010101,0.24766138397079807,0.41868686868686866,0.241198752228164,0.975,0.020202020202020204,0.07769956736707909,0.2949640287769784
neuma,subjectwise,svm_rbf,3,S07,0.2682087328893107,86,0,0.01447300768338894,0.013114754098360715,0.5089285714285714,0.35415306502901966,0.5919642857142857,0.48765957446808506,0.375,0.6428571428571429,0.07933337299759341,0.5930232558139535
neuma,subjectwise,svm_rbf,3,S08,0.1933177779506492,83,0,-0.18974890186966387,-0.02428991185112639,0.47619047619047616,0.2796808673452904,0.5046082949308756,0.1941747572815534,0.9523809523809523,0.0,0.02215493664066436,0.24096385542168675
neuma,subjectwise,svm_rbf,3,S09,0.2682087328893107,120,0,0.046638906156164936,0.046242774566473965,0.5248447204968945,0.2556308128874931,0.5015527950310559,0.5215657847046031,0.32142857142857145,0.7282608695652174,0.02831009603380885,0.6333333333333333
neuma,subjectwise,svm_rbf,3,S10,0.3052658076162539,273,0,-0.00908940683375748,-0.005128205128205332,0.4983031674208145,0.19878548788055692,0.4664984336930039,0.45986433013001693,0.019230769230769232,0.9773755656108597,0.08652865521391885,0.7948717948717948
neuma,subjectwise,svm_rbf,3,S12,0.3052658076162539,103,0,-0.060499014198202014,-0.01910610713067218,0.49333333333333335,0.34653013977495223,0.5442857142857144,0.4180790960451977,0.0,0.9866666666666667,0.008777803824108697,0.7184466019417476
neuma,subjectwise,svm_rbf,3,S13,0.2483011425686398,315,0,0.04674762461926652,0.04360644196074992,0.5265769148251448,0.2837475584327676,0.532718300793821,0.5071428571428571,0.45569620253164556,0.597457627118644,0.0025376462541231437,0.5619047619047619
neuma,subjectwise,svm_rbf,3,S14,0.3052658076162539,55,0,-0.08333333333333333,-0.03529411764705892,0.4875,0.28724411527020155,0.47,0.4148936170212766,0.0,0.975,0.01257708968358878,0.7090909090909091
neuma,subjectwise,svm_rbf,3,S15,0.2483011425686398,215,0,0.09881609314493707,0.09337912446202679,0.5525234741784038,0.34211217673629624,0.5223004694835681,0.5342890958218888,0.5633802816901409,0.5416666666666666,0.08194503232789879,0.5488372093023256
neuma,subjectwise,svm_rbf,3,S16,0.1933177779506492,224,0,-0.059297306159885634,-0.012358288223879077,0.4844532956443531,0.20002641118832892,0.4847745085442631,0.19229123800598935,0.9302325581395349,0.03867403314917127,0.05213841692250243,0.20982142857142858
neuma,subjectwise,svm_rbf,3,S17,0.2483011425686398,90,0,-0.041589377290777545,-0.040462427745664664,0.4814814814814815,0.3232991153407372,0.45443856554967665,0.4743672939649578,0.18518518518518517,0.7777777777777778,0.05192373520223886,0.6
neuma,subjectwise,svm_rbf,3,S18,0.1933177779506492,56,0,0.16592595585242373,0.08915662650602418,0.5474358974358975,0.4604879911702333,0.4794871794871795,0.43896103896103894,0.9615384615384616,0.13333333333333333,0.2320196182954239,0.5178571428571429
neuma,subjectwise,svm_rbf,3,S19,0.3052658076162539,118,0,0.12689181442098543,0.07167832167832155,0.5227777777777778,0.25296139526012157,0.6188888888888889,0.5083333333333333,0.05555555555555555,0.99,0.12393426969826325,0.847457627118644
neuma,subjectwise,svm_rbf,3,S20,0.2682087328893107,56,0,-0.10106823093618779,-0.07814269535673835,0.4479638009049774,0.2818950083918037,0.4253393665158371,0.39208173690932313,0.5882352941176471,0.3076923076923077,0.03163011653383463,0.39285714285714285
neuma,subjectwise,svm_rbf,3,S21,0.3052658076162539,135,0,0.0,0.0,0.5,0.2809471677152448,0.4982857142857143,0.425531914893617,0.0,1.0,0.01337103154905631,0.7407407407407407
neuma,subjectwise,svm_rbf,3,S22,0.260783982885639,79,0,0.1269535982838459,0.03172314347512628,0.5142857142857142,0.4932427362307738,0.459090909090909,0.38843351548269583,0.02857142857142857,1.0,0.19507060275554272,0.569620253164557
neuma,subjectwise,svm_rbf,3,S23,0.260783982885639,70,0,-0.13589647625005566,-0.05619146722164414,0.47674418604651164,0.32646810037338486,0.3660637381567614,0.36936936936936937,0.0,0.9534883720930233,0.13599237986821694,0.5857142857142857
neuma,subjectwise,svm_rbf,3,S24,0.260783982885639,221,0,-0.05171309012673961,-0.032710280373831946,0.4896373056994819,0.10864899688218738,0.398038490007402,0.4609756097560976,0.0,0.9792746113989638,0.12143812130163834,0.8552036199095022
neuma,subjectwise,svm_rbf,3,S25,0.2483011425686398,42,0,0.10621013203647137,0.08893709327548793,0.5601173020527859,0.3602440696558344,0.5835777126099707,0.5058823529411764,0.6363636363636364,0.4838709677419355,0.01354715616559829,0.5238095238095238
neuma,subjectwise,svm_rbf,3,S26,0.260783982885639,269,0,-0.09273353546322172,-0.03636206224838734,0.4864864864864865,0.3087665193609769,0.5173745173745173,0.40089086859688194,0.0,0.972972972972973,0.06269596880521919,0.6691449814126395
neuma,subjectwise,svm_rbf,3,S27,0.1933177779506492,49,0,-0.026919095102908276,-0.00847457627118664,0.4928571428571429,0.28392776675887743,0.4857142857142857,0.2692982456140351,0.9285714285714286,0.05714285714285714,0.057983179839193544,0.30612244897959184
neuma,subjectwise,svm_rbf,3,S28,0.1933177779506492,152,0,0.05606809642135502,0.006267559974065362,0.508130081300813,0.22989170981927737,0.4695822820297168,0.17801117318435755,1.0,0.016260162601626018,0.06845419009058822,0.20394736842105263
neuma,subjectwise,svm_rbf,3,S29,0.1933177779506492,109,0,0.0,0.0,0.5,0.18438265703470086,0.4535005224660397,0.16793893129770993,1.0,0.0,0.06182879490400408,0.2018348623853211
neuma,subjectwise,svm_rbf,3,S30,0.2483011425686398,53,0,-0.13075198502827867,-0.12926136363636354,0.4340579710144927,0.4541489215863287,0.4289855072463768,0.43214285714285716,0.43478260869565216,0.43333333333333335,0.18567217321098,0.4339622641509434
neuma,subjectwise,svm_rbf,3,S31,0.260783982885639,99,0,-0.07305833027953698,-0.020017662643509126,0.49230769230769234,0.3140907427207408,0.3990950226244344,0.39263803680981596,0.0,0.9846153846153847,0.09858299551975688,0.6464646464646465
neuma,subjectwise,svm_rbf,3,S32,0.3052658076162539,101,0,0.09716668235270205,0.048801369863013644,0.5163981588032222,0.2641166800974863,0.49769850402761795,0.47986891385767794,0.045454545454545456,0.9873417721518988,0.07570107222253983,0.7821782178217822
neuma,subjectwise,svm_rbf,3,S33,0.1933177779506492,97,0,0.0,0.0,0.5,0.45128736707201456,0.579326923076923,0.24806201550387597,1.0,0.0,0.07361307602231151,0.32989690721649484
neuma,subjectwise,svm_rbf,3,S34,0.2682087328893107,235,0,0.15172591845866737,0.14391935725335592,0.5906462157405079,0.23609105356768056,0.6333920040231331,0.5640295814379019,0.43902439024390244,0.7422680412371134,0.08701737616264768,0.6893617021276596
neuma,subjectwise,svm_rbf,3,S35,0.2483011425686398,101,0,0.021374789840405965,0.013992840872111945,0.5113157894736842,0.24983685278039106,0.511578947368421,0.4044811320754717,0.72,0.3026315789473684,0.0009227321808960021,0.40594059405940597
neuma,subjectwise,svm_rbf,3,S36,0.3052658076162539,51,0,0.31298431857438064,0.1784386617100372,0.5666666666666667,0.4840389221922797,0.6240740740740741,0.5411764705882353,0.13333333333333333,1.0,0.020008182212555584,0.7450980392156863
neuma,subjectwise,svm_rbf,3,S37,0.3052658076162539,66,0,-0.1,-0.03005780346820819,0.4875,0.3823992736433865,0.4740384615384615,0.37142857142857144,0.0,0.975,0.11049389252491991,0.5909090909090909
neuma,subjectwise,svm_rbf,3,S38,0.2682087328893107,181,0,0.003425353108549543,0.003345647173625177,0.5018552875695733,0.25771169712541525,0.46536796536796543,0.4966027107903538,0.3673469387755102,0.6363636363636364,0.006485061505410616,0.56353591160221
neuma,subjectwise,svm_rbf,3,S39,0.2682087328893107,39,0,0.04905524551257965,0.04878048780487809,0.525,0.40923619243312337,0.48611111111111116,0.5230978260869565,0.4666666666666667,0.5833333333333334,0.1171947215522452,0.5384615384615384
neuma,subjectwise,svm_rbf,3,S40,0.1933177779506492,65,0,0.0,0.0,0.5,0.35828219180909093,0.4053254437869822,0.2857142857142857,1.0,0.0,0.14640437123185268,0.4
neuma,subjectwise,svm_rbf,3,S41,0.3052658076162539,48,0,-0.0778498944161523,-0.05263157894736836,0.4777777777777778,0.3006591867316145,0.31851851851851853,0.4103194103194103,0.05555555555555555,0.9,0.15568899928990407,0.5833333333333334
neuma,subjectwise,svm_rbf,3,S42,0.2682087328893107,63,0,0.018731716231633878,0.01869158878504662,0.5094736842105263,0.47541420026774184,0.5536842105263158,0.5088357588357588,0.44,0.5789473684210527,0.13236252526607745,0.5238095238095238
neuma,subjectwise,svm_rbf,3,S43,0.2682087328893107,86,0,-0.025920077668696223,-0.021166752710376713,0.48498168498168504,0.3360247931700739,0.5018315018315018,0.4406108597285068,0.5238095238095238,0.4461538461538462,0.024642060078199357,0.46511627906976744
neuma,subjectwise,svm_rbf,3,S44,0.260783982885639,82,0,-0.0778498944161523,-0.04532577903682733,0.48484848484848486,0.25452280321621845,0.6051136363636364,0.4383561643835616,0.0,0.9696969696969697,0.05281074008009118,0.7804878048780488
neuma,subjectwise,svm_rbf,4,S01,0.271182491567529,69,0,-0.0639137490706142,-0.027932960893854775,0.49074074074074076,0.23815043581028236,0.5160493827160495,0.4344262295081967,0.0,0.9814814814814815,0.04024249586394016,0.7681159420289855
neuma,subjectwise,svm_rbf,4,S02,0.2686395764828351,63,0,0.1386750490563073,0.13157894736842113,0.5595238095238095,0.4262012970032818,0.5226757369614512,0.5569053708439898,0.2857142857142857,0.8333333333333334,0.06802756475054444,0.6507936507936508
neuma,subjectwise,svm_rbf,4,S03,0.1947619274799132,65,0,0.12569752716115998,0.03110823071937774,0.5306122448979592,0.33278555752381167,0.6186224489795918,0.26282051282051283,1.0,0.061224489795918366,0.01742360068885855,0.2923076923076923
neuma,subjectwise,svm_rbf,4,S05,0.271182491567529,85,0,-0.046362386688682235,-0.022336769759450092,0.4930555555555556,0.15841559802654043,0.5,0.4551282051282051,0.0,0.9861111111111112,0.10341051935625634,0.8352941176470589
neuma,subjectwise,svm_rbf,4,S06,0.2380423979215731,139,0,-0.05664076850716069,-0.008649124092941607,0.492550505050505,0.2852064765258706,0.47500000000000003,0.23023997314985736,0.975,0.010101010101010102,0.036392108382857336,0.28776978417266186
neuma,subjectwise,svm_rbf,4,S07,0.2686395764828351,86,0,0.06469364618834571,0.0579896907216495,0.5401785714285714,0.21418925926278432,0.5598214285714285,0.508736559139785,0.4375,0.6428571428571429,0.08013537741546467,0.6046511627906976
neuma,subjectwise,svm_rbf,4,S08,0.2380423979215731,83,0,-0.035778232561757654,-0.007963368504877666,0.49231950844854067,0.22896677376975474,0.4139784946236559,0.2287890327494288,0.9523809523809523,0.03225806451612903,0.004624922002083365,0.26506024096385544
neuma,subjectwise,svm_rbf,4,S09,0.2686395764828351,120,0,0.12199204220078959,0.11885245901639341,0.5675465838509317,0.25385348094100674,0.5097049689440993,0.5548270209645414,0.42857142857142855,0.7065217391304348,0.032840108444681104,0.6416666666666667
neuma,subjectwise,svm_rbf,4,S10,0.2380423979215731,273,0,0.09458617445074398,0.017734426956328875,0.5226244343891403,0.21330297344321433,0.47067525234946045,0.20836940836940837,1.0,0.04524886877828054,0.05811270134313934,0.2271062271062271
neuma,subjectwise,svm_rbf,4,S12,0.2312434842191668,103,0,0.21287541034515992,0.10771007796708054,0.5888095238095238,0.36808871014774663,0.5823809523809524,0.4107551487414187,0.9642857142857143,0.21333333333333335,0.025411730747126632,0.4174757281553398
neuma,subjectwise,svm_rbf,4,S13,0.1947619274799132,315,0,-0.13768942797811656,-0.03258689608431653,0.46840806693842524,0.22798703765095327,0.45569620253164556,0.21307276349492457,0.9113924050632911,0.025423728813559324,0.015051401649825014,0.24761904761904763
neuma,subjectwise,svm_rbf,4,S14,0.2380423979215731,55,0,-0.14291548761875736,-0.04761904761904745,0.45833333333333337,0.3013347158173281,0.5016666666666667,0.24242424242424243,0.8666666666666667,0.05,0.024074641514745504,0.2727272727272727
neuma,subjectwise,svm_rbf,4,S15,0.1947619274799132,215,0,0.07133918167776827,0.03856903297931791,0.5269953051643192,0.35153504539172753,0.5432316118935836,0.3843951324266285,0.8873239436619719,0.16666666666666666,0.1079826008548859,0.4046511627906977
neuma,subjectwise,svm_rbf,4,S16,0.2312434842191668,224,0,-0.12975465697626795,-0.020848020948735835,0.473403571887447,0.15592568182109426,0.4028009764872157,0.169299485729506,0.9302325581395349,0.016574585635359115,0.06185366896435293,0.19196428571428573
neuma,subjectwise,svm_rbf,4,S17,0.1947619274799132,90,0,-0.0657951694959769,-0.012861736334405016,0.4894179894179894,0.29504581958642595,0.4750146972369194,0.24147157190635452,0.9629629629629629,0.015873015873015872,0.05498391320335418,0.3
neuma,subjectwise,svm_rbf,4,S18,0.2380423979215731,56,0,0.12552918289216958,0.031026252983293645,0.5166666666666667,0.4636127632659246,0.5358974358974359,0.35324571883711664,1.0,0.03333333333333333,0.2149337670038444,0.48214285714285715
neuma,subjectwise,svm_rbf,4,S19,0.2380423979215731,118,0,0.05570860145311556,0.00618769336541769,0.51,0.2307640977173075,0.6416666666666666,0.1539362013462101,1.0,0.02,0.09617432762533093,0.1694915254237288
neuma,subjectwise,svm_rbf,4,S20,0.271182491567529,56,0,0.20423327335800123,0.0800821355236141,0.5294117647058824,0.47137345838361594,0.5972850678733033,0.47044917257683216,0.058823529411764705,1.0,0.047467790347767824,0.7142857142857143
neuma,subjectwise,svm_rbf,4,S21,0.2312434842191668,135,0,0.003692073504303206,0.0007552870090634656,0.5007142857142857,0.3165992749747427,0.5874285714285714,0.23366543095458758,0.9714285714285714,0.03,0.0046391296242271896,0.2740740740740741
neuma,subjectwise,svm_rbf,4,S22,0.271182491567529,79,0,-0.022521001469639562,-0.012099644128113818,0.49448051948051946,0.4798477530708702,0.4662337662337663,0.3974576271186441,0.05714285714285714,0.9318181818181818,0.18322546372689635,0.5443037974683544
neuma,subjectwise,svm_rbf,4,S23,0.2380423979215731,70,0,0.0,0.0,0.5,0.3965747130483075,0.36778639104220506,0.27835051546391754,1.0,0.0,0.1357234899567896,0.38571428571428573
neuma,subjectwise,svm_rbf,4,S24,0.271182491567529,221,0,0.020073511182467006,0.01476734466425178,0.5049037749814952,0.13014692439950912,0.4019245003700962,0.49019607843137253,0.03571428571428571,0.9740932642487047,0.13292979316145043,0.8552036199095022
neuma,subjectwise,svm_rbf,4,S25,0.1947619274799132,42,0,-0.1210898699241207,-0.031695721077654504,0.47067448680351903,0.2803861677781157,0.4574780058651027,0.22638146167557932,0.9090909090909091,0.03225806451612903,0.05510877054057214,0.2619047619047619
neuma,subjectwise,svm_rbf,4,S26,0.271182491567529,269,0,-0.01650807232119289,-0.005826086956521648,0.49784427284427285,0.29636761043574483,0.48024453024453023,0.4158080808080808,0.011904761904761904,0.9837837837837838,0.05320331211653406,0.6802973977695167
neuma,subjectwise,svm_rbf,4,S27,0.2380423979215731,49,0,-0.026919095102908276,-0.00847457627118664,0.4928571428571429,0.26397956327796507,0.42448979591836733,0.2692982456140351,0.9285714285714286,0.05714285714285714,0.03866823879872655,0.30612244897959184
neuma,subjectwise,svm_rbf,4,S28,0.2312434842191668,152,0,0.03951463453633662,0.0031179443070636914,0.5040650406504065,0.2498623828845918,0.5149985982618447,0.16917562724014337,1.0,0.008130081300813009,0.08316742123086619,0.19736842105263158
neuma,subjectwise,svm_rbf,4,S29,0.2380423979215731,109,0,0.04838824115063252,0.0046719048630283755,0.5057471264367817,0.1955371094721571,0.44618599791013586,0.1805944055944056,1.0,0.011494252873563218,0.047438801101859024,0.21100917431192662
neuma,subjectwise,svm_rbf,4,S30,0.1947619274799132,53,0,0.0,0.0,0.5,0.5602588131355462,0.6043478260869565,0.3026315789473684,1.0,0.0,0.20475382959385582,0.4339622641509434
neuma,subjectwise,svm_rbf,4,S31,0.2312434842191668,99,0,-0.027473435185598388,-0.008917197452229297,0.49366515837104075,0.30133642877688427,0.42533936651583715,0.29285714285714287,0.9411764705882353,0.046153846153846156,0.08963800250493414,0.35353535353535354
neuma,subjectwise,svm_rbf,4,S32,0.2312434842191668,101,0,-0.19025687412196668,-0.03483606557377028,0.46087456846950514,0.27830636874692916,0.5322209436133487,0.17886178861788618,0.9090909090909091,0.012658227848101266,0.04456720963883212,0.2079207920792079
neuma,subjectwise,svm_rbf,4,S33,0.2686395764828351,97,0,-0.18495573345819297,-0.18017085166968694,0.41634615384615387,0.2542195355527887,0.3341346153846154,0.40366252452583384,0.125,0.7076923076923077,0.06462104764949017,0.5154639175257731
neuma,subjectwise,svm_rbf,4,S34,0.2686395764828351,235,0,0.055539974430445144,0.05365828147063434,0.5322479255720393,0.20323583888469504,0.5944179029419161,0.5213089600804212,0.3170731707317073,0.7474226804123711,0.09042874862196817,0.6723404255319149
neuma,subjectwise,svm_rbf,4,S35,0.1947619274799132,101,0,0.13089184634115483,0.03368818218568903,0.5328947368421053,0.26324136673043974,0.44999999999999996,0.2683399653096623,1.0,0.06578947368421052,0.03765696390095256,0.297029702970297
neuma,subjectwise,svm_rbf,4,S36,0.271182491567529,51,0,0.0,0.0,0.5,0.35285851216493036,0.5425925925925926,0.41379310344827586,0.0,1.0,0.03344076100809468,0.7058823529411765
neuma,subjectwise,svm_rbf,4,S37,0.2312434842191668,66,0,-0.15384615384615385,-0.03046458492003068,0.4807692307692308,0.30705980656538556,0.325,0.27472527472527475,0.9615384615384616,0.0,0.13356283162767868,0.3787878787878788
neuma,subjectwise,svm_rbf,4,S38,0.2686395764828351,181,0,-0.07990409455923655,-0.07387559808612432,0.4552411873840445,0.2587555406372358,0.4294990723562152,0.44373946664023,0.3877551020408163,0.5227272727272727,0.002956215444325616,0.4861878453038674
neuma,subjectwise,svm_rbf,4,S39,0.2312434842191668,39,0,0.03042903097250923,0.013201320132013139,0.5083333333333333,0.48414836588624693,0.5333333333333334,0.3485838779956427,0.9333333333333333,0.08333333333333333,0.128819689542568,0.41025641025641024
neuma,subjectwise,svm_rbf,4,S40,0.2686395764828351,65,0,0.21237274928075955,0.21052631578947367,0.6025641025641026,0.6286714929473503,0.636094674556213,0.6036585365853658,0.46153846153846156,0.7435897435897436,0.1326986327732919,0.6307692307692307
neuma,subjectwise,svm_rbf,4,S41,0.2380423979215731,48,0,-0.09759000729485333,-0.05263157894736836,0.4666666666666667,0.2854152842227731,0.2925925925925926,0.3333333333333333,0.8333333333333334,0.1,0.12595112909553693,0.375
neuma,subjectwise,svm_rbf,4,S42,0.271182491567529,63,0,0.0,0.0,0.5,0.38311312711000706,0.48947368421052634,0.37623762376237624,0.0,1.0,0.13787954015720993,0.6031746031746031
neuma,subjectwise,svm_rbf,4,S43,0.2686395764828351,86,0,0.03862280348103337,0.036341611144760866,0.521978021978022,0.2874395138019483,0.5106227106227106,0.5055167055167056,0.42857142857142855,0.6153846153846154,0.023010138421077908,0.5697674418604651
neuma,subjectwise,svm_rbf,4,S44,0.271182491567529,82,0,-0.0778498944161523,-0.04532577903682733,0.48484848484848486,0.21969933402499905,0.5549242424242424,0.4383561643835616,0.0,0.9696969696969697,0.06388305151772139,0.7804878048780488
restaurant_logo,epochwise,deepconvnet,0,S1,0.5066800367832184,30,0,-0.0625,-0.06194690265486735,0.46875,0.5851029116508992,0.5491071428571428,0.4666666666666667,0.4375,0.5,0.16877293421162498,0.4666666666666667
restaurant_logo,epochwise,deepconvnet,0,S10,0.5066800367832184,29,0,-0.012434118282549846,-0.007722007722007707,0.49404761904761907,0.7491162802626243,0.5238095238095238,0.37857142857142856,0.23809523809523808,0.75,0.30492970895493166,0.3793103448275862
restaurant_logo,epochwise,deepconvnet,0,S11,0.5066800367832184,30,0,0.04724555912615341,0.045454545454545525,0.525,0.6832663654073501,0.54,0.513888888888889,0.55,0.5,0.20441855171488393,0.5333333333333333
restaurant_logo,epochwise,deepconvnet,0,S12,0.5066800367832184,30,0,0.25,0.11764705882352944,0.75,0.9840679268396659,0.8035714285714286,0.4444444444444444,0.5,1.0,0.4504494566056464,0.5333333333333333
restaurant_logo,epochwise,deepconvnet,0,S13,0.5066800367832184,29,0,0.22563042992710647,0.09688581314878886,0.64,0.935118959542057,0.6699999999999999,0.37259615384615385,0.28,1.0,0.39680914700716396,0.3793103448275862
restaurant_logo,epochwise,deepconvnet,0,S14,0.5066800367832184,28,0,0.027381336560563567,0.02487562189054726,0.5128205128205128,0.5212024564129827,0.4871794871794872,0.48958333333333337,0.3333333333333333,0.6923076923076923,0.11541690553228053,0.5
restaurant_logo,epochwise,deepconvnet,0,S15,0.5066800367832184,28,0,0.2869820106974261,0.2524271844660194,0.6354166666666667,0.7995374888878178,0.7083333333333334,0.6025806451612903,0.4375,0.8333333333333334,0.09606315213299932,0.6071428571428571
restaurant_logo,epochwise,deepconvnet,0,S2,0.5066800367832184,30,0,0.1286978904175574,0.09638554216867479,0.5555555555555556,0.6918592321973965,0.4953703703703703,0.4857142857142857,0.2777777777777778,0.8333333333333334,0.1494718962245517,0.5
restaurant_logo,epochwise,deepconvnet,0,S3,0.5066800367832184,26,0,-0.2160246899469287,-0.07734806629834257,0.22,0.8858232113513982,0.0,0.2972972972972973,0.44,0.0,0.48962627083827287,0.4230769230769231
restaurant_logo,epochwise,deepconvnet,0,S4,0.5066800367832184,30,0,-0.07881104062391008,-0.06666666666666665,0.4666666666666667,0.5035783353325611,0.47111111111111104,0.4258373205741627,0.2,0.7333333333333333,0.10374628023968804,0.4666666666666667
restaurant_logo,epochwise,deepconvnet,0,S5,0.5066800367832184,30,0,-0.236227795630767,-0.22727272727272707,0.375,0.7086145923031313,0.41500000000000004,0.375,0.45,0.3,0.2239597549041112,0.4
restaurant_logo,epochwise,deepconvnet,0,S6,0.5066800367832184,30,0,-0.2588158533262875,-0.24454148471615733,0.375,0.515651964876213,0.46875,0.3602693602693603,0.25,0.5,0.1972459511624442,0.36666666666666664
restaurant_logo,epochwise,deepconvnet,0,S7,0.5066800367832184,30,0,0.23371317622140134,0.10358565737051795,0.7321428571428572,0.9885308989496181,0.8392857142857142,0.42233632862644416,0.4642857142857143,1.0,0.44541342887613516,0.5
restaurant_logo,epochwise,deepconvnet,0,S8,0.5066800367832184,30,0,0.27865801780244004,0.27312775330396477,0.6383928571428572,0.7558788802889203,0.6428571428571429,0.6329254727474972,0.5625,0.7142857142857143,0.12604152808586755,0.6333333333333333
restaurant_logo,epochwise,deepconvnet,0,S9,0.5066800367832184,30,0,-0.408248290463863,-0.36363636363636376,0.2777777777777778,0.5673597865691193,0.20634920634920634,0.28,0.3333333333333333,0.2222222222222222,0.2860737606055207,0.3
restaurant_logo,epochwise,deepconvnet,1,S1,0.6229631374279658,30,0,-0.2588158533262875,-0.24454148471615733,0.375,0.4294497002040106,0.30357142857142855,0.3602693602693603,0.25,0.5,0.15745769374900398,0.36666666666666664
restaurant_logo,epochwise,deepconvnet,1,S10,0.6229631374279658,29,0,-0.2005943549507195,-0.09335727109515268,0.4226190476190476,0.6504060343026652,0.3273809523809524,0.26181818181818184,0.09523809523809523,0.75,0.22062210584508962,0.27586206896551724
restaurant_logo,epochwise,deepconvnet,1,S11,0.6229631374279658,30,0,-0.35355339059327373,-0.22222222222222232,0.35,0.6633281524407895,0.485,0.25339366515837103,0.1,0.6,0.24816022871269128,0.26666666666666666
restaurant_logo,epochwise,deepconvnet,1,S12,0.6229631374279658,30,0,0.11952286093343936,0.028169014084506894,0.5892857142857143,0.9642091378711914,0.5892857142857143,0.2255892255892256,0.17857142857142858,1.0,0.3740451474984487,0.23333333333333334
restaurant_logo,epochwise,deepconvnet,1,S13,0.6229631374279658,29,0,0.29019050004400465,0.15533980582524276,0.7,0.934967599266252,0.64,0.45962732919254656,0.4,1.0,0.3018218210373802,0.4827586206896552
restaurant_logo,epochwise,deepconvnet,1,S14,0.6229631374279658,28,0,0.041344911529736156,0.03448275862068961,0.517948717948718,0.5877716809620834,0.523076923076923,0.47593582887700536,0.26666666666666666,0.7692307692307693,0.09025109630255473,0.5
restaurant_logo,epochwise,deepconvnet,1,S15,0.6229631374279658,28,0,0.3,0.1651376146788992,0.59375,0.8295324177241747,0.7395833333333334,0.4822190611664296,0.1875,1.0,0.2344850855214255,0.5357142857142857
restaurant_logo,epochwise,deepconvnet,1,S2,0.6229631374279658,30,0,-0.18257418583505536,-0.11764705882352944,0.4305555555555556,0.6140247290536697,0.5555555555555556,0.3301997649823737,0.1111111111111111,0.75,0.2438054929176966,0.36666666666666664
restaurant_logo,epochwise,deepconvnet,1,S3,0.6229631374279658,26,0,-0.4690415759823429,-0.07942238267148016,0.06,0.8858232113513982,0.0,0.10344827586206896,0.12,0.0,0.4443245339087952,0.11538461538461539
restaurant_logo,epochwise,deepconvnet,1,S4,0.6229631374279658,30,0,-0.1111111111111111,-0.06666666666666665,0.4666666666666667,0.5739386176641078,0.5599999999999999,0.3650793650793651,0.06666666666666667,0.8666666666666667,0.03972690800825755,0.4666666666666667
restaurant_logo,epochwise,deepconvnet,1,S5,0.6229631374279658,30,0,0.14433756729740643,0.125,0.575,0.6870864191344613,0.475,0.53125,0.45,0.7,0.11601826631360587,0.5333333333333333
restaurant_logo,epochwise,deepconvnet,1,S6,0.6229631374279658,30,0,0.30066889715147743,0.23076923076923084,0.6205357142857143,0.6493501261987514,0.59375,0.569377990430622,0.3125,0.9285714285714286,0.07837936845090654,0.6
restaurant_logo,epochwise,deepconvnet,1,S7,0.6229631374279658,30,0,0.1749635530559413,0.05940594059405957,0.6607142857142857,0.9484451931999602,0.4464285714285714,0.3301997649823737,0.32142857142857145,1.0,0.3519219974676767,0.36666666666666664
restaurant_logo,epochwise,deepconvnet,1,S8,0.6229631374279658,30,0,0.04212627318711346,0.03433476394849799,0.5178571428571428,0.5649030405616504,0.4732142857142857,0.4712103407755582,0.25,0.7857142857142857,0.1989066988229752,0.5
restaurant_logo,epochwise,deepconvnet,1,S9,0.6229631374279658,30,0,0.14547859349066158,0.08602150537634412,0.5634920634920635,0.7269934594095782,0.47619047619047616,0.4276094276094276,0.23809523809523808,0.8888888888888888,0.1332573172118929,0.43333333333333335
restaurant_logo,epochwise,deepconvnet,2,S1,0.5143703206380208,30,0,0.05455447255899809,0.05405405405405406,0.5267857142857143,0.5450683304772461,0.5178571428571428,0.5248868778280543,0.625,0.42857142857142855,0.019467595881885947,0.5333333333333333
restaurant_logo,epochwise,deepconvnet,2,S10,0.5143703206380208,29,0,0.1927288333795226,0.19195046439628483,0.5922619047619048,0.7760315179300268,0.625,0.5953488372093023,0.8095238095238095,0.375,0.1772792293079969,0.6896551724137931
restaurant_logo,epochwise,deepconvnet,2,S11,0.5143703206380208,30,0,-0.09449111825230681,-0.09090909090909083,0.45,0.6919701934499606,0.5249999999999999,0.4444444444444444,0.5,0.4,0.1472696809305085,0.4666666666666667
restaurant_logo,epochwise,deepconvnet,2,S12,0.5143703206380208,30,0,-0.1749635530559413,-0.12244897959183665,0.3392857142857143,0.9358305041824075,0.4107142857142857,0.3877551020408163,0.6785714285714286,0.0,0.39895701855421073,0.6333333333333333
restaurant_logo,epochwise,deepconvnet,2,S13,0.5143703206380208,29,0,0.2005943549507195,0.18309859154929575,0.63,0.8254325594268641,0.48,0.5797101449275363,0.76,0.5,0.3863206349912731,0.7241379310344828
restaurant_logo,epochwise,deepconvnet,2,S14,0.5143703206380208,28,0,0.2923076923076923,0.28934010152284273,0.6461538461538461,0.6544065266033229,0.6512820512820512,0.6428571428571429,0.6,0.6923076923076923,0.04336809366941453,0.6428571428571429
restaurant_logo,epochwise,deepconvnet,2,S15,0.5143703206380208,28,0,-0.020833333333333332,-0.02083333333333348,0.48958333333333337,0.5770102084514985,0.45833333333333337,0.48958333333333337,0.5625,0.4166666666666667,0.11837661532419069,0.5
restaurant_logo,epochwise,deepconvnet,2,S2,0.5143703206380208,30,0,-0.32732683535398854,-0.3157894736842106,0.3333333333333333,0.4673874876261299,0.24537037037037038,0.33035714285714285,0.3333333333333333,0.3333333333333333,0.24917182541555827,0.3333333333333333
restaurant_logo,epochwise,deepconvnet,2,S3,0.5143703206380208,26,0,-0.18516401995451032,-0.07643312101910826,0.26,0.9730285615567484,0.48,0.3333333333333333,0.52,0.0,0.466419585622274,0.5
restaurant_logo,epochwise,deepconvnet,2,S4,0.5143703206380208,30,0,-0.06726727939963124,-0.06666666666666665,0.4666666666666667,0.4706822814235431,0.41333333333333333,0.4642857142857143,0.4,0.5333333333333333,0.1999019078082509,0.4666666666666667
restaurant_logo,epochwise,deepconvnet,2,S5,0.5143703206380208,30,0,0.23782574707724705,0.2325581395348837,0.625,0.7451320473005255,0.61,0.6122209165687427,0.65,0.6,0.19110252228048114,0.6333333333333333
restaurant_logo,epochwise,deepconvnet,2,S6,0.5143703206380208,30,0,0.12016450333006204,0.11764705882352944,0.5580357142857143,0.5595171548151424,0.5223214285714286,0.5542857142857143,0.6875,0.42857142857142855,0.15552062458462185,0.5666666666666667
restaurant_logo,epochwise,deepconvnet,2,S7,0.5143703206380208,30,0,0.09449111825230681,0.06250000000000011,0.5892857142857143,0.9785005382511469,0.7321428571428571,0.47916666666666663,0.6785714285714286,0.5,0.3963168263435363,0.6666666666666666
restaurant_logo,epochwise,deepconvnet,2,S8,0.5143703206380208,30,0,-0.01848684666616339,-0.018099547511312153,0.4910714285714286,0.6279587896371362,0.5223214285714286,0.4857142857142857,0.625,0.35714285714285715,0.06999271197451497,0.5
restaurant_logo,epochwise,deepconvnet,2,S9,0.5143703206380208,30,0,0.09869275424396536,0.09836065573770492,0.5476190476190476,0.7059816834939423,0.5291005291005291,0.5485636114911081,0.7619047619047619,0.3333333333333333,0.21561196479532455,0.6333333333333333
restaurant_logo,epochwise,deepconvnet,3,S1,0.5693857312202454,30,0,-0.1336306209562122,-0.1333333333333333,0.4330357142857143,0.5049390561209981,0.39285714285714285,0.43270300333704115,0.4375,0.42857142857142855,0.14973564942677814,0.43333333333333335
restaurant_logo,epochwise,deepconvnet,3,S10,0.5693857312202454,29,0,0.03918019549846894,0.03867403314917128,0.5208333333333333,0.6834275112787698,0.4107142857142857,0.5166666666666666,0.6666666666666666,0.375,0.23172681153505703,0.5862068965517241
restaurant_logo,epochwise,deepconvnet,3,S11,0.5693857312202454,30,0,0.19026059766179765,0.17021276595744683,0.6,0.745170892335854,0.635,0.5622895622895623,0.5,0.7,0.1412823076049487,0.5666666666666667
restaurant_logo,epochwise,deepconvnet,3,S12,0.5693857312202454,30,0,-0.017857142857142856,-0.008403361344537785,0.48214285714285715,0.9120120294240831,0.375,0.3650793650793651,0.4642857142857143,0.5,0.3504378601080841,0.4666666666666667
restaurant_logo,epochwise,deepconvnet,3,S13,0.5693857312202454,29,0,0.18631770102243564,0.12529002320185623,0.635,0.9191834442056264,0.61,0.49122807017543857,0.52,0.75,0.3002489478081122,0.5517241379310345
restaurant_logo,epochwise,deepconvnet,3,S14,0.5693857312202454,28,0,-0.1259541481785924,-0.11442786069651745,0.441025641025641,0.6373245218833454,0.5384615384615384,0.41666666666666663,0.26666666666666666,0.6153846153846154,0.09221459925174712,0.42857142857142855
restaurant_logo,epochwise,deepconvnet,3,S15,0.5693857312202454,28,0,0.04303314829119352,0.03921568627450989,0.5208333333333333,0.6481466797091797,0.47916666666666663,0.49743589743589745,0.375,0.6666666666666666,0.08022777558792211,0.5
restaurant_logo,epochwise,deepconvnet,3,S2,0.5693857312202454,30,0,0.1647705109143269,0.15584415584415579,0.5833333333333333,0.652346330268824,0.5509259259259259,0.5661846496106786,0.5,0.6666666666666666,0.08482801417509715,0.5666666666666667
restaurant_logo,epochwise,deepconvnet,3,S3,0.5693857312202454,26,0,0.10954451150103321,0.02371541501976271,0.62,0.9984615384615385,0.96,0.2411674347158218,0.24,1.0,0.42292682176981217,0.2692307692307692
restaurant_logo,epochwise,deepconvnet,3,S4,0.5693857312202454,30,0,-0.06726727939963124,-0.06666666666666665,0.4666666666666667,0.5489260271966557,0.528888888888889,0.4642857142857143,0.4,0.5333333333333333,0.09667295407917764,0.4666666666666667
restaurant_logo,epochwise,deepconvnet,3,S5,0.5693857312202454,30,0,0.19026059766179765,0.17021276595744683,0.6,0.7713174376037353,0.575,0.5622895622895623,0.5,0.7,0.11188150048255921,0.5666666666666667
restaurant_logo,epochwise,deepconvnet,3,S6,0.5693857312202454,30,0,0.15713819666238882,0.14847161572052392,0.5758928571428572,0.7446177774599543,0.7232142857142857,0.5622895622895623,0.4375,0.7142857142857143,0.09825313687324524,0.5666666666666667
restaurant_logo,epochwise,deepconvnet,3,S7,0.5693857312202454,30,0,0.2033553133277973,0.07942238267148027,0.6964285714285714,0.9907304930519216,0.875,0.3772893772893773,0.39285714285714285,1.0,0.37391655395428336,0.43333333333333335
restaurant_logo,epochwise,deepconvnet,3,S8,0.5693857312202454,30,0,-0.32732683535398854,-0.3157894736842106,0.3392857142857143,0.46858122889608744,0.2901785714285714,0.33035714285714285,0.25,0.42857142857142855,0.16903115461270016,0.3333333333333333
restaurant_logo,epochwise,deepconvnet,3,S9,0.5693857312202454,30,0,-0.05939138709164986,-0.04938271604938271,0.46825396825396826,0.671108980037079,0.417989417989418,0.4276094276094276,0.38095238095238093,0.5555555555555556,0.18391448044114642,0.43333333333333335
restaurant_logo,epochwise,deepconvnet,4,S1,0.5082950988411904,30,0,-0.07142857142857142,-0.0714285714285714,0.4642857142857143,0.5471063314416309,0.4419642857142857,0.4642857142857143,0.5,0.42857142857142855,0.09664330912960899,0.4666666666666667
restaurant_logo,epochwise,deepconvnet,4,S10,0.5082950988411904,29,0,-0.41403933560541256,-0.41260744985673337,0.2857142857142857,0.6870961317516613,0.30952380952380953,0.2926829268292683,0.5714285714285714,0.0,0.1721874201434782,0.41379310344827586
restaurant_logo,epochwise,deepconvnet,4,S11,0.5082950988411904,30,0,0.04724555912615341,0.045454545454545525,0.525,0.7708550125520319,0.55,0.513888888888889,0.55,0.5,0.15105031298266527,0.5333333333333333
restaurant_logo,epochwise,deepconvnet,4,S12,0.5082950988411904,30,0,0.21821789023599236,0.09090909090909094,0.7142857142857143,0.9746835734310308,0.7142857142857143,0.4,0.42857142857142855,1.0,0.428717066347599,0.4666666666666667
restaurant_logo,epochwise,deepconvnet,4,S13,0.5082950988411904,29,0,-0.15947630641475338,-0.11825192802056539,0.385,0.7934408050676445,0.31000000000000005,0.37589670014347204,0.52,0.25,0.3482115672922684,0.4827586206896552
restaurant_logo,epochwise,deepconvnet,4,S14,0.5082950988411904,28,0,-0.22739701341354884,-0.22680412371134007,0.3871794871794872,0.4805375345976369,0.3692307692307692,0.3858064516129032,0.4666666666666667,0.3076923076923077,0.13811885955787837,0.39285714285714285
restaurant_logo,epochwise,deepconvnet,4,S15,0.5082950988411904,28,0,0.0,0.0,0.5,0.754308176726655,0.5416666666666667,0.49743589743589745,0.5,0.5,0.22060396096536095,0.5
restaurant_logo,epochwise,deepconvnet,4,S2,0.5082950988411904,30,0,0.10984700727621793,0.1095890410958904,0.5555555555555556,0.7001508056787982,0.5694444444444444,0.5542857142857143,0.6111111111111112,0.5,0.07102685206466249,0.5666666666666667
restaurant_logo,epochwise,deepconvnet,4,S3,0.5082950988411904,26,0,0.2160246899469287,0.08917197452229297,0.78,0.9897327976371455,0.76,0.4358974358974359,0.56,1.0,0.43757805419273876,0.5769230769230769
restaurant_logo,epochwise,deepconvnet,4,S4,0.5082950988411904,30,0,0.06726727939963124,0.06666666666666665,0.5333333333333333,0.5256751754993811,0.48444444444444446,0.53125,0.4666666666666667,0.6,0.13234318991502123,0.5333333333333333
restaurant_logo,epochwise,deepconvnet,4,S5,0.5082950988411904,30,0,-0.09449111825230681,-0.09090909090909083,0.45,0.7011217470832075,0.5,0.4444444444444444,0.5,0.4,0.13925571160184014,0.4666666666666667
restaurant_logo,epochwise,deepconvnet,4,S6,0.5082950988411904,30,0,-0.27865801780244004,-0.2780269058295963,0.36160714285714285,0.4640954605823939,0.35714285714285715,0.3602693602693603,0.4375,0.2857142857142857,0.18982198271486495,0.36666666666666664
restaurant_logo,epochwise,deepconvnet,4,S7,0.5082950988411904,30,0,0.32732683535398854,0.19354838709677413,0.8214285714285714,0.9838666320570904,0.7857142857142857,0.5341614906832298,0.6428571428571429,1.0,0.38786700069904323,0.6666666666666666
restaurant_logo,epochwise,deepconvnet,4,S8,0.5082950988411904,30,0,-0.1336306209562122,-0.1333333333333333,0.4330357142857143,0.4798418774711878,0.3839285714285714,0.43270300333704115,0.4375,0.42857142857142855,0.12012815442350173,0.43333333333333335
restaurant_logo,epochwise,deepconvnet,4,S9,0.5082950988411904,30,0,-0.16146816171752817,-0.13924050632911378,0.4126984126984127,0.7092779175841293,0.40740740740740744,0.3891402714932127,0.38095238095238093,0.4444444444444444,0.20343414247035985,0.4
restaurant_logo,epochwise,eegnet,0,S1,0.5086267662048339,30,0,0.008988968316207744,0.008810572687224627,0.5044642857142857,0.5668544780848004,0.5044642857142857,0.4994438264738599,0.4375,0.5714285714285714,0.08324291706085216,0.5
restaurant_logo,epochwise,eegnet,0,S10,0.5086267662048339,29,0,-0.03918019549846894,-0.029227557411273475,0.47916666666666663,0.7905072031045179,0.5476190476190476,0.41099163679808837,0.3333333333333333,0.625,0.21974553458992097,0.41379310344827586
restaurant_logo,epochwise,eegnet,0,S11,0.5086267662048339,30,0,0.35,0.28,0.675,0.8552049435950744,0.6799999999999999,0.6,0.45,0.9,0.17048525379763704,0.6
restaurant_logo,epochwise,eegnet,0,S12,0.5086267662048339,30,0,0.1336306209562122,0.0350877192982455,0.6071428571428571,0.9343566032185131,0.3571428571428571,0.25339366515837103,0.21428571428571427,1.0,0.4375141792827183,0.26666666666666666
restaurant_logo,epochwise,eegnet,0,S13,0.5086267662048339,29,0,-0.008058229640253803,-0.0034602076124568004,0.495,0.8433308733756695,0.35,0.3028846153846154,0.24,0.75,0.3586693937065958,0.3103448275862069
restaurant_logo,epochwise,eegnet,0,S14,0.5086267662048339,28,0,0.041344911529736156,0.03448275862068961,0.517948717948718,0.6022054755625447,0.5589743589743589,0.47593582887700536,0.26666666666666666,0.7692307692307693,0.056616281469662896,0.5
restaurant_logo,epochwise,eegnet,0,S15,0.5086267662048339,28,0,0.16666666666666666,0.1333333333333333,0.5729166666666667,0.7095792101524493,0.5729166666666667,0.5204216073781291,0.3125,0.8333333333333334,0.07082751074007577,0.5357142857142857
restaurant_logo,epochwise,eegnet,0,S2,0.5086267662048339,30,0,0.0,0.0,0.5,0.6437196204983234,0.5277777777777778,0.40070505287896596,0.16666666666666666,0.8333333333333334,0.10582907431655456,0.43333333333333335
restaurant_logo,epochwise,eegnet,0,S3,0.5086267662048339,26,0,-0.3295017884191656,-0.07883817427385886,0.12,0.9371565446847315,0.16,0.1875,0.24,0.0,0.46746681286738473,0.23076923076923078
restaurant_logo,epochwise,eegnet,0,S4,0.5086267662048339,30,0,0.0,0.0,0.5,0.5695783105783105,0.6044444444444445,0.4712103407755582,0.26666666666666666,0.7333333333333333,0.11975856853855973,0.5
restaurant_logo,epochwise,eegnet,0,S5,0.5086267662048339,30,0,0.05572782125753529,0.037735849056603876,0.525,0.7870705232060733,0.625,0.4276094276094276,0.25,0.8,0.1703480396005843,0.43333333333333335
restaurant_logo,epochwise,eegnet,0,S6,0.5086267662048339,30,0,0.1336306209562122,0.10256410256410264,0.5535714285714286,0.6009853377690599,0.5625,0.49760765550239233,0.25,0.8571428571428571,0.03302556872367858,0.5333333333333333
restaurant_logo,epochwise,eegnet,0,S7,0.5086267662048339,30,0,0.1749635530559413,0.05940594059405957,0.6607142857142857,0.9976190476190476,0.9642857142857143,0.3301997649823737,0.32142857142857145,1.0,0.42725510133637323,0.36666666666666664
restaurant_logo,epochwise,eegnet,0,S8,0.5086267662048339,30,0,-0.3424747597107866,-0.2931034482758621,0.3482142857142857,0.4275734901752959,0.3035714285714286,0.3055555555555555,0.125,0.5714285714285714,0.14811148511038885,0.3333333333333333
restaurant_logo,epochwise,eegnet,0,S9,0.5086267662048339,30,0,-0.20634920634920634,-0.149425287356322,0.39682539682539686,0.692016929386581,0.4391534391534392,0.3333333333333333,0.23809523809523808,0.5555555555555556,0.1978618873490227,0.3333333333333333
restaurant_logo,epochwise,eegnet,1,S1,0.5175761684775353,30,0,-0.05455447255899809,-0.05263157894736836,0.4732142857142857,0.551539127661085,0.45982142857142855,0.4642857142857143,0.375,0.5714285714285714,0.023900324437353324,0.4666666666666667
restaurant_logo,epochwise,eegnet,1,S10,0.5175761684775353,29,0,0.2052645124581854,0.16777041942604853,0.6130952380952381,0.7980519422750126,0.6904761904761905,0.543030303030303,0.47619047619047616,0.75,0.2586059142118212,0.5517241379310345
restaurant_logo,epochwise,eegnet,1,S11,0.5175761684775353,30,0,0.2,0.16000000000000003,0.6000000000000001,0.7968742826640175,0.69,0.5333333333333333,0.4,0.8,0.17357659770382772,0.5333333333333333
restaurant_logo,epochwise,eegnet,1,S12,0.5175761684775353,30,0,-0.05455447255899809,-0.022727272727272707,0.4464285714285714,0.937723014149043,0.5357142857142857,0.325,0.39285714285714285,0.5,0.4266345608875984,0.4
restaurant_logo,epochwise,eegnet,1,S13,0.5175761684775353,29,0,0.18631770102243564,0.12529002320185623,0.635,0.9154420426877542,0.62,0.49122807017543857,0.52,0.75,0.34992222093987735,0.5517241379310345
restaurant_logo,epochwise,eegnet,1,S14,0.5175761684775353,28,0,-0.062017367294604234,-0.06060606060606055,0.46923076923076923,0.46834749201415865,0.37948717948717947,0.46360153256704983,0.4,0.5384615384615384,0.05810029698269693,0.4642857142857143
restaurant_logo,epochwise,eegnet,1,S15,0.5175761684775353,28,0,-0.33776026473659926,-0.3168316831683169,0.33333333333333337,0.4636391445993806,0.2864583333333333,0.3205619412515964,0.25,0.4166666666666667,0.059581900636355135,0.32142857142857145
restaurant_logo,epochwise,eegnet,1,S2,0.5175761684775353,30,0,-0.20786985482077452,-0.1728395061728396,0.4027777777777778,0.5304095825007299,0.337962962962963,0.3602693602693603,0.2222222222222222,0.5833333333333334,0.15211051470703557,0.36666666666666664
restaurant_logo,epochwise,eegnet,1,S3,0.5175761684775353,26,0,0.15811388300841897,0.04878048780487809,0.7,0.9877327976371455,0.72,0.3445378151260504,0.4,1.0,0.45476669875475073,0.4230769230769231
restaurant_logo,epochwise,eegnet,1,S4,0.5175761684775353,30,0,0.2,0.19999999999999996,0.6,0.7011414863119892,0.6533333333333333,0.6,0.6,0.6,0.03285441713200678,0.6
restaurant_logo,epochwise,eegnet,1,S5,0.5175761684775353,30,0,-0.11145564251507058,-0.07547169811320753,0.44999999999999996,0.6652064587699977,0.365,0.3602693602693603,0.2,0.7,0.16863723893960314,0.36666666666666664
restaurant_logo,epochwise,eegnet,1,S6,0.5175761684775353,30,0,0.008988968316207744,0.008810572687224627,0.5044642857142857,0.5340988045217756,0.5133928571428572,0.4994438264738599,0.4375,0.5714285714285714,0.04492745300134031,0.5
restaurant_logo,epochwise,eegnet,1,S7,0.5175761684775353,30,0,0.21821789023599236,0.09090909090909094,0.7142857142857143,0.9776925085615382,0.7142857142857143,0.4,0.42857142857142855,1.0,0.4155984037452274,0.4666666666666667
restaurant_logo,epochwise,eegnet,1,S8,0.5175761684775353,30,0,-0.0625,-0.06194690265486735,0.46875,0.511209974665857,0.4508928571428572,0.4666666666666667,0.4375,0.5,0.06049162480566234,0.4666666666666667
restaurant_logo,epochwise,eegnet,1,S9,0.5175761684775353,30,0,0.2182178902359924,0.19999999999999996,0.6190476190476191,0.7361752387316425,0.6137566137566137,0.5833333333333333,0.5714285714285714,0.6666666666666666,0.18514711327022979,0.6
restaurant_logo,epochwise,eegnet,2,S1,0.479842038154602,30,0,-0.25,-0.13207547169811318,0.4375,0.6238789788931576,0.5,0.3181818181818182,0.875,0.0,0.08307947615782421,0.4666666666666667
restaurant_logo,epochwise,eegnet,2,S10,0.479842038154602,29,0,0.2005943549507195,0.18309859154929575,0.5773809523809523,0.8480296226570929,0.6488095238095238,0.5797101449275363,0.9047619047619048,0.25,0.2239458663710233,0.7241379310344828
restaurant_logo,epochwise,eegnet,2,S11,0.479842038154602,30,0,-0.10660035817780521,-0.10526315789473695,0.44999999999999996,0.8409105814739692,0.63,0.4444444444444444,0.7,0.2,0.16209046229099233,0.5333333333333333
restaurant_logo,epochwise,eegnet,2,S12,0.479842038154602,30,0,0.28827833009852755,0.2682926829268293,0.6964285714285714,0.9364947450636311,0.5178571428571429,0.6296296296296297,0.8928571428571429,0.5,0.42197483728329344,0.8666666666666667
restaurant_logo,epochwise,eegnet,2,S13,0.479842038154602,29,0,0.2857738033247041,0.26582278481012656,0.605,0.9894769615192405,0.9299999999999999,0.6282051282051282,0.96,0.25,0.35966057475956015,0.8620689655172413
restaurant_logo,epochwise,eegnet,2,S14,0.479842038154602,28,0,0.23388213848187445,0.17204301075268813,0.5820512820512821,0.5107584082584082,0.4769230769230769,0.5354449472096531,0.9333333333333333,0.23076923076923078,0.0892792244752249,0.6071428571428571
restaurant_logo,epochwise,eegnet,2,S15,0.479842038154602,28,0,0.16666666666666666,0.11494252873563204,0.5520833333333334,0.5220986847899749,0.42187499999999994,0.49918699186991866,0.9375,0.16666666666666666,0.1030687217911084,0.6071428571428571
restaurant_logo,epochwise,eegnet,2,S2,0.479842038154602,30,0,0.05939138709164986,0.05797101449275366,0.5277777777777778,0.6643304351170484,0.587962962962963,0.5238095238095237,0.7222222222222222,0.3333333333333333,0.19076018399662445,0.5666666666666667
restaurant_logo,epochwise,eegnet,2,S3,0.479842038154602,26,0,0.4098780306383839,0.28767123287671226,0.9199999999999999,0.9968615384615386,0.92,0.6231884057971014,0.84,1.0,0.45637047099761474,0.8461538461538461
restaurant_logo,epochwise,eegnet,2,S4,0.479842038154602,30,0,-0.2364331218717302,-0.19999999999999996,0.39999999999999997,0.4998731311036211,0.4222222222222222,0.354066985645933,0.6666666666666666,0.13333333333333333,0.09769105613231659,0.4
restaurant_logo,epochwise,eegnet,2,S5,0.479842038154602,30,0,0.37796447300922725,0.2500000000000001,0.6,0.689347363110235,0.54,0.5833333333333334,1.0,0.2,0.14947856167952217,0.7333333333333333
restaurant_logo,epochwise,eegnet,2,S6,0.479842038154602,30,0,-0.05976143046671968,-0.04651162790697683,0.4776785714285714,0.5938141266945615,0.5401785714285715,0.42233632862644416,0.8125,0.14285714285714285,0.09397030472755431,0.5
restaurant_logo,epochwise,eegnet,2,S7,0.479842038154602,30,0,0.23904572186687872,0.21052631578947378,0.6785714285714286,0.9879901540377551,0.8392857142857143,0.5956873315363882,0.8571428571428571,0.5,0.42568837801615383,0.8333333333333334
restaurant_logo,epochwise,eegnet,2,S8,0.479842038154602,30,0,0.11584725126456202,0.10138248847926257,0.5491071428571428,0.6253573230815078,0.59375,0.5238095238095237,0.8125,0.2857142857142857,0.08280088040563802,0.5666666666666667
restaurant_logo,epochwise,eegnet,2,S9,0.479842038154602,30,0,-0.21821789023599236,-0.17647058823529416,0.42857142857142855,0.7091947198226727,0.4232804232804233,0.375,0.8571428571428571,0.0,0.1833794130219353,0.6
restaurant_logo,epochwise,eegnet,3,S1,0.5071370728810629,30,0,0.3118047822311618,0.17721518987341778,0.59375,0.6579480524093695,0.53125,0.4993581514762516,0.1875,1.0,0.05263926419946878,0.5666666666666667
restaurant_logo,epochwise,eegnet,3,S10,0.5071370728810629,29,0,0.24688535993934707,0.1149012567324954,0.5952380952380952,0.7822292355877407,0.5,0.40242424242424246,0.19047619047619047,1.0,0.23179629136776103,0.41379310344827586
restaurant_logo,epochwise,eegnet,3,S11,0.5071370728810629,30,0,0.39009474880274697,0.26415094339622647,0.675,0.8391590185413718,0.6799999999999999,0.5622895622895623,0.35,1.0,0.16851436661349403,0.5666666666666667
restaurant_logo,epochwise,eegnet,3,S12,0.5071370728810629,30,0,0.2033553133277973,0.07942238267148027,0.6964285714285714,0.989542949068811,0.8571428571428572,0.3772893772893773,0.39285714285714285,1.0,0.4365472763776779,0.43333333333333335
restaurant_logo,epochwise,eegnet,3,S13,0.5071370728810629,29,0,0.10886621079036346,0.02342606149341131,0.54,0.9467388961610783,0.7,0.2031063321385902,0.08,1.0,0.3779702936780863,0.20689655172413793
restaurant_logo,epochwise,eegnet,3,S14,0.5071370728810629,28,0,0.17541160386140583,0.1165048543689321,0.5615384615384615,0.6760609827846333,0.5692307692307692,0.4822190611664296,0.2,0.9230769230769231,0.055004176284585655,0.5357142857142857
restaurant_logo,epochwise,eegnet,3,S15,0.5071370728810629,28,0,0.06666666666666667,0.03669724770642213,0.5208333333333333,0.6061398296692414,0.5677083333333334,0.40256045519203415,0.125,0.9166666666666666,0.12324665238459907,0.4642857142857143
restaurant_logo,epochwise,eegnet,3,S2,0.5071370728810629,30,0,-0.6123724356957946,-0.4285714285714286,0.25,0.4622454160504872,0.21296296296296297,0.16666666666666666,0.0,0.5,0.285026545657052,0.2
restaurant_logo,epochwise,eegnet,3,S3,0.5071370728810629,26,0,0.08528028654224416,0.014440433212996373,0.58,0.995194871794872,0.88,0.18140929535232383,0.16,1.0,0.47387947027499855,0.19230769230769232
restaurant_logo,epochwise,eegnet,3,S4,0.5071370728810629,30,0,0.08944271909999159,0.06666666666666665,0.5333333333333333,0.5948310196552251,0.5333333333333333,0.475,0.2,0.8666666666666667,0.07639583812819586,0.5333333333333333
restaurant_logo,epochwise,eegnet,3,S5,0.5071370728810629,30,0,0.06933752452815364,0.03571428571428559,0.525,0.7088030701628972,0.47,0.375,0.15,0.9,0.1747620887226529,0.4
restaurant_logo,epochwise,eegnet,3,S6,0.5071370728810629,30,0,0.30066889715147743,0.23076923076923084,0.6205357142857143,0.7516943330362449,0.6919642857142858,0.569377990430622,0.3125,0.9285714285714286,0.1193178710010317,0.6
restaurant_logo,epochwise,eegnet,3,S7,0.5071370728810629,30,0,0.1336306209562122,0.0350877192982455,0.6071428571428571,0.9583975195834006,0.625,0.25339366515837103,0.21428571428571427,1.0,0.4378005017836888,0.26666666666666666
restaurant_logo,epochwise,eegnet,3,S8,0.5071370728810629,30,0,-0.2988071523335984,-0.21276595744680837,0.38839285714285715,0.48507256640467994,0.4241071428571429,0.304029304029304,0.0625,0.7142857142857143,0.11832297742366801,0.36666666666666664
restaurant_logo,epochwise,eegnet,3,S9,0.5071370728810629,30,0,-0.38516444325982163,-0.18556701030927836,0.3571428571428571,0.5840204341270914,0.28042328042328046,0.21142857142857144,0.047619047619047616,0.6666666666666666,0.21057510243521796,0.23333333333333334
restaurant_logo,epochwise,eegnet,4,S1,0.5114989786346754,30,0,-0.08183170883849714,-0.08108108108108092,0.4598214285714286,0.4646945424042025,0.3928571428571429,0.4570135746606335,0.5625,0.35714285714285715,0.014664296640290113,0.4666666666666667
restaurant_logo,epochwise,eegnet,4,S10,0.5114989786346754,29,0,0.048615279266412334,0.039735099337748325,0.5267857142857143,0.8193530333067764,0.5535714285714285,0.4727272727272727,0.42857142857142855,0.625,0.2166729740712835,0.4827586206896552
restaurant_logo,epochwise,eegnet,4,S11,0.5114989786346754,30,0,0.09449111825230681,0.08695652173913038,0.55,0.7500641415986685,0.63,0.5248868778280543,0.5,0.6,0.16981444176700383,0.5333333333333333
restaurant_logo,epochwise,eegnet,4,S12,0.5114989786346754,30,0,-0.035955873264830976,-0.015936254980079667,0.4642857142857143,0.950741576274748,0.5535714285714286,0.3453145057766367,0.42857142857142855,0.5,0.4260650696025953,0.43333333333333335
restaurant_logo,epochwise,eegnet,4,S13,0.5114989786346754,29,0,-0.13302660798266094,-0.1032608695652173,0.405,0.752173719496211,0.22,0.3958333333333333,0.56,0.25,0.3569835455253206,0.5172413793103449
restaurant_logo,epochwise,eegnet,4,S14,0.5114989786346754,28,0,-0.3721042037676254,-0.3711340206185567,0.3153846153846154,0.4190484841117048,0.2615384615384615,0.3135483870967742,0.4,0.23076923076923078,0.12615642199913668,0.32142857142857145
restaurant_logo,epochwise,eegnet,4,S15,0.5114989786346754,28,0,-0.04303314829119352,-0.042553191489361764,0.47916666666666663,0.5211916186168903,0.390625,0.47593582887700536,0.625,0.3333333333333333,0.16305688378356764,0.5
restaurant_logo,epochwise,eegnet,4,S2,0.5114989786346754,30,0,-0.10984700727621793,-0.10389610389610393,0.4444444444444444,0.690835538512117,0.44907407407407407,0.43270300333704115,0.3888888888888889,0.5,0.14838241073820327,0.43333333333333335
restaurant_logo,epochwise,eegnet,4,S3,0.5114989786346754,26,0,-0.25298221281347033,-0.07804878048780473,0.18,0.9545374970656839,0.28,0.2571428571428571,0.36,0.0,0.4590871742902658,0.34615384615384615
restaurant_logo,epochwise,eegnet,4,S4,0.5114989786346754,30,0,0.0,0.0,0.5,0.5582538220675475,0.5022222222222222,0.4949494949494949,0.6,0.4,0.08258830540710035,0.5
restaurant_logo,epochwise,eegnet,4,S5,0.5114989786346754,30,0,-0.25,-0.19999999999999996,0.375,0.534451241109224,0.22,0.3333333333333333,0.25,0.5,0.1633547052741051,0.3333333333333333
restaurant_logo,epochwise,eegnet,4,S6,0.5114989786346754,30,0,0.2672612419124244,0.2666666666666667,0.6339285714285714,0.7034321462170727,0.7276785714285714,0.6329254727474972,0.625,0.6428571428571429,0.2131743368175294,0.6333333333333333
restaurant_logo,epochwise,eegnet,4,S7,0.5114989786346754,30,0,0.035955873264830976,0.02010050251256279,0.5357142857142857,0.9769157162881736,0.7321428571428572,0.4222222222222222,0.5714285714285714,0.5,0.4220051940944459,0.5666666666666667
restaurant_logo,epochwise,eegnet,4,S8,0.5114989786346754,30,0,0.19094065395649332,0.18918918918918926,0.59375,0.7291049835277721,0.6026785714285714,0.5927601809954751,0.6875,0.5,0.052656953864627445,0.6
restaurant_logo,epochwise,eegnet,4,S9,0.5114989786346754,30,0,0.014678923792502562,0.014084507042253502,0.5079365079365079,0.7394229790029634,0.5714285714285714,0.49760765550239233,0.5714285714285714,0.4444444444444444,0.18797441456052985,0.5333333333333333
restaurant_logo,epochwise,logreg,0,S1,0.5877514958381653,30,0,-0.12016450333006204,-0.11353711790393017,0.4419642857142857,0.5543254604554102,0.3928571428571429,0.4276094276094276,0.3125,0.5714285714285714,0.3901879471333334,0.43333333333333335
restaurant_logo,epochwise,logreg,0,S10,0.5877514958381653,29,0,0.17569105537498347,0.1594202898550724,0.5982142857142857,0.7793355516347908,0.5714285714285714,0.5606060606060606,0.5714285714285714,0.625,0.32114690896551723,0.5862068965517241
restaurant_logo,epochwise,logreg,0,S11,0.5877514958381653,30,0,0.23782574707724705,0.2325581395348837,0.625,0.8258287411905834,0.71,0.6122209165687427,0.65,0.6,0.18749482,0.6333333333333333
restaurant_logo,epochwise,logreg,0,S12,0.5877514958381653,30,0,0.32732683535398854,0.19354838709677413,0.8214285714285714,0.9843550747737939,0.7857142857142857,0.5341614906832298,0.6428571428571429,1.0,0.27079591666666664,0.6666666666666666
restaurant_logo,epochwise,logreg,0,S13,0.5877514958381653,29,0,0.24688535993934707,0.1149012567324954,0.66,0.945655536364675,0.69,0.40242424242424246,0.32,1.0,0.42724654982758614,0.41379310344827586
restaurant_logo,epochwise,logreg,0,S14,0.5877514958381653,28,0,0.08268982305947231,0.08080808080808077,0.5410256410256411,0.740999548102994,0.6102564102564102,0.5351213282247764,0.4666666666666667,0.6153846153846154,0.23388787749999998,0.5357142857142857
restaurant_logo,epochwise,logreg,0,S15,0.5877514958381653,28,0,0.10050378152592121,0.07547169811320753,0.5416666666666667,0.7049643932456432,0.6458333333333333,0.47593582887700536,0.25,0.8333333333333334,0.28278690321428573,0.5
restaurant_logo,epochwise,logreg,0,S2,0.5877514958381653,30,0,0.45044261646145084,0.33734939759036153,0.6944444444444444,0.8803745693877274,0.8101851851851852,0.6228571428571429,0.3888888888888889,1.0,0.18168539483333335,0.6333333333333333
restaurant_logo,epochwise,logreg,0,S3,0.5877514958381653,26,0,0.2748737083745107,0.1404958677685949,0.8400000000000001,0.9968615384615386,0.92,0.5047619047619047,0.68,1.0,0.3029645884615385,0.6923076923076923
restaurant_logo,epochwise,logreg,0,S4,0.5877514958381653,30,0,0.06917144638660747,0.06666666666666665,0.5333333333333333,0.6435803863340095,0.5377777777777777,0.5248868778280543,0.4,0.6666666666666666,0.23329642786666666,0.5333333333333333
restaurant_logo,epochwise,logreg,0,S5,0.5877514958381653,30,0,0.4629100498862757,0.46153846153846156,0.725,0.8728055498423148,0.78,0.730423620025674,0.85,0.6,0.16015124833333336,0.7666666666666667
restaurant_logo,epochwise,logreg,0,S6,0.5877514958381653,30,0,0.2672612419124244,0.2666666666666667,0.6339285714285714,0.8388872734485158,0.7946428571428571,0.6329254727474972,0.625,0.6428571428571429,0.19817694666666666,0.6333333333333333
restaurant_logo,epochwise,logreg,0,S7,0.5877514958381653,30,0,0.28827833009852755,0.2682926829268293,0.6964285714285714,0.9555786909025029,0.625,0.6296296296296297,0.8928571428571429,0.5,0.19608593566666666,0.8666666666666667
restaurant_logo,epochwise,logreg,0,S8,0.5877514958381653,30,0,0.3207665139358924,0.2857142857142857,0.6473214285714286,0.717971287749125,0.6294642857142857,0.6228571428571429,0.4375,0.8571428571428571,0.15669968813333332,0.6333333333333333
restaurant_logo,epochwise,logreg,0,S9,0.5877514958381653,30,0,-0.20634920634920634,-0.149425287356322,0.39682539682539686,0.7615391074256237,0.5343915343915344,0.3333333333333333,0.23809523809523808,0.5555555555555556,0.37158328153333336,0.3333333333333333
restaurant_logo,epochwise,logreg,1,S1,0.5887239313125612,30,0,-0.11664236870396086,-0.10389610389610393,0.44642857142857145,0.5653084363752467,0.4017857142857143,0.41714285714285715,0.25,0.6428571428571429,0.30801281053333335,0.43333333333333335
restaurant_logo,epochwise,logreg,1,S10,0.5887239313125612,29,0,0.005482930791331409,0.0042918454935623185,0.5029761904761905,0.8118365623352355,0.6190476190476191,0.4423076923076923,0.38095238095238093,0.625,0.25749115724137933,0.4482758620689655
restaurant_logo,epochwise,logreg,1,S11,0.5887239313125612,30,0,0.23782574707724705,0.2325581395348837,0.625,0.8873232943427454,0.755,0.6122209165687427,0.65,0.6,0.19661646699999996,0.6333333333333333
restaurant_logo,epochwise,logreg,1,S12,0.5887239313125612,30,0,0.14101901870444156,0.10447761194029848,0.625,0.9776925085615382,0.7142857142857143,0.52,0.75,0.5,0.2599247163,0.7333333333333333
restaurant_logo,epochwise,logreg,1,S13,0.5887239313125612,29,0,0.1358732440973515,0.03625377643504546,0.56,0.9262285604838829,0.58,0.24047619047619045,0.12,1.0,0.48357106213793105,0.2413793103448276
restaurant_logo,epochwise,logreg,1,S14,0.5887239313125612,28,0,0.015710251796769326,0.015075376884422176,0.5076923076923077,0.6758762718762719,0.5794871794871794,0.49743589743589745,0.4,0.6153846153846154,0.19488549071428574,0.5
restaurant_logo,epochwise,logreg,1,S15,0.5887239313125612,28,0,0.4583333333333333,0.43999999999999995,0.7291666666666667,0.7222238233787147,0.6770833333333334,0.7142857142857143,0.625,0.8333333333333334,0.24318009842857138,0.7142857142857143
restaurant_logo,epochwise,logreg,1,S2,0.5887239313125612,30,0,0.5773502691896257,0.5,0.7777777777777778,0.9083916757381671,0.8518518518518519,0.7321428571428572,0.5555555555555556,1.0,0.21481966263333332,0.7333333333333333
restaurant_logo,epochwise,logreg,1,S3,0.5887239313125612,26,0,-0.12139539573337679,-0.07216494845360821,0.36,0.9730285615567484,0.48,0.4090909090909091,0.72,0.0,0.2742209465384615,0.6923076923076923
restaurant_logo,epochwise,logreg,1,S4,0.5887239313125612,30,0,0.2075143391598224,0.19999999999999996,0.6,0.6316725270980635,0.5333333333333333,0.5927601809954751,0.4666666666666667,0.7333333333333333,0.26724233583333323,0.6
restaurant_logo,epochwise,logreg,1,S5,0.5887239313125612,30,0,0.4,0.4,0.7,0.9063145838410009,0.7949999999999999,0.7,0.8,0.6,0.12435778866666662,0.7333333333333333
restaurant_logo,epochwise,logreg,1,S6,0.5887239313125612,30,0,0.39551460591314075,0.3946188340807175,0.6964285714285714,0.8325142194192118,0.8125,0.696969696969697,0.75,0.6428571428571429,0.1455216336666667,0.7
restaurant_logo,epochwise,logreg,1,S7,0.5887239313125612,30,0,0.23904572186687872,0.21052631578947378,0.6785714285714286,0.9460123643718906,0.5892857142857143,0.5956873315363882,0.8571428571428571,0.5,0.17194271566666666,0.8333333333333334
restaurant_logo,epochwise,logreg,1,S8,0.5887239313125612,30,0,0.029160592175990215,0.02597402597402587,0.5133928571428572,0.6518701730163989,0.4598214285714286,0.4857142857142857,0.3125,0.7142857142857143,0.3478384014666666,0.5
restaurant_logo,epochwise,logreg,1,S9,0.5887239313125612,30,0,0.017197979012252743,0.010989010989011172,0.5079365079365079,0.7247729494461539,0.5185185185185185,0.3973214285714286,0.23809523809523808,0.7777777777777778,0.2956466676666667,0.4
restaurant_logo,epochwise,logreg,2,S1,0.5503130555152893,30,0,0.01848684666616339,0.017467248908296873,0.5089285714285714,0.5741907102904154,0.41071428571428575,0.4949494949494949,0.375,0.6428571428571429,0.4144210431333334,0.5
restaurant_logo,epochwise,logreg,2,S10,0.5503130555152893,29,0,-0.021295885499998,-0.0187353629976581,0.4880952380952381,0.7916397228526946,0.5,0.45962732919254656,0.47619047619047616,0.5,0.2820651617241379,0.4827586206896552
restaurant_logo,epochwise,logreg,2,S11,0.5503130555152893,30,0,0.3086066999241838,0.3076923076923077,0.65,0.8988885567775731,0.8099999999999999,0.6534017971758665,0.8,0.5,0.13269392700000002,0.7
restaurant_logo,epochwise,logreg,2,S12,0.5503130555152893,30,0,0.35125008665710444,0.21965317919075156,0.8392857142857143,0.9857241223928416,0.8035714285714286,0.5581014729950899,0.6785714285714286,1.0,0.287232552,0.7
restaurant_logo,epochwise,logreg,2,S13,0.5503130555152893,29,0,-0.04256282653793743,-0.016694490818029983,0.475,0.9002024918246739,0.59,0.2724014336917563,0.2,0.75,0.4646531014482759,0.27586206896551724
restaurant_logo,epochwise,logreg,2,S14,0.5503130555152893,28,0,0.1259541481785924,0.12041884816753923,0.558974358974359,0.6982526804494767,0.6102564102564103,0.5508021390374331,0.7333333333333333,0.38461538461538464,0.13551298357142863,0.5714285714285714
restaurant_logo,epochwise,logreg,2,S15,0.5503130555152893,28,0,0.25332019855244947,0.2376237623762375,0.625,0.7020102330582164,0.6197916666666666,0.6066411238825031,0.5,0.75,0.2552978505,0.6071428571428571
restaurant_logo,epochwise,logreg,2,S2,0.5503130555152893,30,0,0.4330127018922193,0.375,0.7083333333333333,0.8818908436938935,0.8194444444444444,0.6651785714285714,0.5,0.9166666666666666,0.19449916626666663,0.6666666666666666
restaurant_logo,epochwise,logreg,2,S3,0.5503130555152893,26,0,0.3651483716701107,0.23529411764705876,0.9,0.9984615384615385,0.96,0.5873015873015872,0.8,1.0,0.27202211192307696,0.8076923076923077
restaurant_logo,epochwise,logreg,2,S4,0.5503130555152893,30,0,0.2075143391598224,0.19999999999999996,0.6,0.5681554293659556,0.5555555555555556,0.5927601809954751,0.4666666666666667,0.7333333333333333,0.2551074503333333,0.6
restaurant_logo,epochwise,logreg,2,S5,0.5503130555152893,30,0,0.17677669529663687,0.16666666666666663,0.575,0.8442418577799014,0.685,0.5738636363636364,0.85,0.3,0.22368381200000007,0.6666666666666666
restaurant_logo,epochwise,logreg,2,S6,0.5503130555152893,30,0,0.3974672033225129,0.38914027149321273,0.6919642857142857,0.826956321510758,0.7857142857142857,0.6914285714285715,0.8125,0.5714285714285714,0.13948674199999997,0.7
restaurant_logo,epochwise,logreg,2,S7,0.5503130555152893,30,0,0.28827833009852755,0.2682926829268293,0.6964285714285714,0.9693413171651293,0.6964285714285714,0.6296296296296297,0.8928571428571429,0.5,0.18009364833333336,0.8666666666666667
restaurant_logo,epochwise,logreg,2,S8,0.5503130555152893,30,0,0.01848684666616339,0.017467248908296873,0.5089285714285714,0.6150449279328589,0.4732142857142857,0.4949494949494949,0.375,0.6428571428571429,0.3174577926666666,0.5
restaurant_logo,epochwise,logreg,2,S9,0.5503130555152893,30,0,-0.014678923792502562,-0.012658227848101111,0.4920634920634921,0.7398063886384079,0.4761904761904762,0.4570135746606335,0.42857142857142855,0.5555555555555556,0.368607454,0.4666666666666667
restaurant_logo,epochwise,logreg,3,S1,0.5518234038352967,30,0,-0.12584555642690842,-0.12334801762114544,0.4375,0.5489557744568542,0.3705357142857143,0.43270300333704115,0.375,0.5,0.3336877321,0.43333333333333335
restaurant_logo,epochwise,logreg,3,S10,0.5518234038352967,29,0,0.2052645124581854,0.16777041942604853,0.6130952380952381,0.8770777501023035,0.6904761904761905,0.543030303030303,0.47619047619047616,0.75,0.2438450324137931,0.5517241379310345
restaurant_logo,epochwise,logreg,3,S11,0.5518234038352967,30,0,0.4629100498862757,0.46153846153846156,0.725,0.9131817631686054,0.8049999999999999,0.730423620025674,0.85,0.6,0.11376490400000006,0.7666666666666667
restaurant_logo,epochwise,logreg,3,S12,0.5518234038352967,30,0,0.14101901870444156,0.10447761194029848,0.625,0.9813788842976034,0.75,0.52,0.75,0.5,0.25894514166666666,0.7333333333333333
restaurant_logo,epochwise,logreg,3,S13,0.5518234038352967,29,0,0.16,0.04992199687987531,0.58,0.9489870621488323,0.6900000000000001,0.27586206896551724,0.16,1.0,0.500487849137931,0.27586206896551724
restaurant_logo,epochwise,logreg,3,S14,0.5518234038352967,28,0,0.14871794871794872,0.14720812182741128,0.5743589743589743,0.6679006761308103,0.5487179487179487,0.5714285714285714,0.5333333333333333,0.6153846153846154,0.20038719285714288,0.5714285714285714
restaurant_logo,epochwise,logreg,3,S15,0.5518234038352967,28,0,0.19364916731037085,0.17647058823529416,0.59375,0.6691457847707848,0.671875,0.5692307692307692,0.4375,0.75,0.24335980378571426,0.5714285714285714
restaurant_logo,epochwise,logreg,3,S2,0.5518234038352967,30,0,0.5773502691896257,0.5,0.7777777777777778,0.9004998704998706,0.8055555555555556,0.7321428571428572,0.5555555555555556,1.0,0.2593156373,0.7333333333333333
restaurant_logo,epochwise,logreg,3,S3,0.5518234038352967,26,0,0.3651483716701107,0.23529411764705876,0.9,0.9934557413600893,0.84,0.5873015873015872,0.8,1.0,0.28777380115384615,0.8076923076923077
restaurant_logo,epochwise,logreg,3,S4,0.5518234038352967,30,0,0.30151134457776363,0.2666666666666667,0.6333333333333333,0.6107539473409038,0.56,0.6122209165687427,0.4,0.8666666666666667,0.25210138060000004,0.6333333333333333
restaurant_logo,epochwise,logreg,3,S5,0.5518234038352967,30,0,0.21320071635561041,0.21052631578947367,0.6000000000000001,0.8865855584474007,0.7550000000000001,0.6031746031746031,0.8,0.4,0.1933205745333333,0.6666666666666666
restaurant_logo,epochwise,logreg,3,S6,0.5518234038352967,30,0,0.600099198148979,0.5945945945945946,0.7946428571428572,0.9104515814645125,0.8660714285714286,0.7963800904977376,0.875,0.7142857142857143,0.179838271,0.8
restaurant_logo,epochwise,logreg,3,S7,0.5518234038352967,30,0,0.23904572186687872,0.21052631578947378,0.6785714285714286,0.9821659517849815,0.7678571428571428,0.5956873315363882,0.8571428571428571,0.5,0.186289179,0.8333333333333334
restaurant_logo,epochwise,logreg,3,S8,0.5518234038352967,30,0,0.09449111825230681,0.08695652173913038,0.5446428571428572,0.6318820479488583,0.4955357142857143,0.5248868778280543,0.375,0.7142857142857143,0.34237984,0.5333333333333333
restaurant_logo,epochwise,logreg,3,S9,0.5518234038352967,30,0,-0.047619047619047616,-0.034482758620689724,0.47619047619047616,0.7108815999927653,0.4497354497354497,0.4,0.2857142857142857,0.6666666666666666,0.30877690266666663,0.4
restaurant_logo,epochwise,logreg,4,S1,0.4776911854743957,30,0,-0.07142857142857142,-0.0714285714285714,0.4642857142857143,0.5788221901335657,0.38839285714285715,0.4642857142857143,0.5,0.42857142857142855,0.3371082504,0.4666666666666667
restaurant_logo,epochwise,logreg,4,S10,0.4776911854743957,29,0,0.03918019549846894,0.03867403314917128,0.5208333333333333,0.7978531839391119,0.5178571428571428,0.5166666666666666,0.6666666666666666,0.375,0.2755340272413793,0.5862068965517241
restaurant_logo,epochwise,logreg,4,S11,0.4776911854743957,30,0,0.11145564251507058,0.10810810810810811,0.55,0.8906341702959353,0.77,0.5485636114911081,0.8,0.3,0.20436467149999998,0.6333333333333333
restaurant_logo,epochwise,logreg,4,S12,0.4776911854743957,30,0,-0.11952286093343936,-0.10526315789473673,0.4107142857142857,0.9693770004707768,0.625,0.4339622641509434,0.8214285714285714,0.0,0.25609568600000004,0.7666666666666667
restaurant_logo,epochwise,logreg,4,S13,0.4776911854743957,29,0,-0.041602514716892185,-0.026548672566371723,0.47,0.8914122587347504,0.48000000000000004,0.3894736842105263,0.44,0.5,0.44957978344827587,0.4482758620689655
restaurant_logo,epochwise,logreg,4,S14,0.4776911854743957,28,0,-0.16233926856661637,-0.160621761658031,0.4205128205128205,0.6165602019463912,0.4871794871794872,0.41666666666666663,0.5333333333333333,0.3076923076923077,0.2995518521428571,0.42857142857142855
restaurant_logo,epochwise,logreg,4,S15,0.4776911854743957,28,0,0.3721042037676254,0.36363636363636365,0.6875,0.7638142066267066,0.703125,0.6781609195402298,0.625,0.75,0.26383413660714283,0.6785714285714286
restaurant_logo,epochwise,logreg,4,S2,0.4776911854743957,30,0,0.6666666666666666,0.6153846153846154,0.8333333333333333,0.958946608946609,0.9305555555555556,0.8,0.6666666666666666,1.0,0.22640818183333333,0.8
restaurant_logo,epochwise,logreg,4,S3,0.4776911854743957,26,0,-0.07223151185146152,-0.061224489795918435,0.44,0.9916375595419075,0.8,0.4583333333333333,0.88,0.0,0.2545269576923077,0.8461538461538461
restaurant_logo,epochwise,logreg,4,S4,0.4776911854743957,30,0,0.06726727939963124,0.06666666666666665,0.5333333333333333,0.682314829843434,0.5866666666666667,0.53125,0.4666666666666667,0.6,0.2905957433333333,0.5333333333333333
restaurant_logo,epochwise,logreg,4,S5,0.4776911854743957,30,0,0.17677669529663687,0.16666666666666663,0.575,0.861749002335017,0.725,0.5738636363636364,0.85,0.3,0.14030133333333333,0.6666666666666666
restaurant_logo,epochwise,logreg,4,S6,0.4776911854743957,30,0,0.19094065395649332,0.18918918918918926,0.59375,0.8331837722462723,0.7633928571428571,0.5927601809954751,0.6875,0.5,0.16963236266666665,0.6
restaurant_logo,epochwise,logreg,4,S7,0.4776911854743957,30,0,-0.04962916669854651,-0.04651162790697683,0.48214285714285715,0.9723026210500785,0.6964285714285714,0.47368421052631576,0.9642857142857143,0.0,0.12939407699999997,0.9
restaurant_logo,epochwise,logreg,4,S8,0.4776911854743957,30,0,0.0,0.0,0.5,0.6174284112318337,0.5,0.4994438264738599,0.5,0.5,0.2229168872666667,0.5
restaurant_logo,epochwise,logreg,4,S9,0.4776911854743957,30,0,-0.11664236870396086,-0.10389610389610393,0.4365079365079365,0.7349095913679131,0.46031746031746035,0.41714285714285715,0.42857142857142855,0.4444444444444444,0.34644611666666664,0.43333333333333335
restaurant_logo,epochwise,svm_rbf,0,S1,0.6551049284813586,30,0,-0.30066889715147743,-0.2500000000000002,0.3794642857142857,0.4580626629387427,0.3080357142857143,0.325,0.6875,0.07142857142857142,0.1976821668175729,0.4
restaurant_logo,epochwise,svm_rbf,0,S10,0.6551049284813586,29,0,-0.20965696734438366,-0.17712177121771222,0.42857142857142855,0.7314428847286853,0.42857142857142855,0.3829787234042553,0.8571428571428571,0.0,0.04721091775884584,0.6206896551724138
restaurant_logo,epochwise,svm_rbf,0,S11,0.6551049284813586,30,0,-0.06933752452815364,-0.05882352941176472,0.475,0.6907490744306769,0.52,0.4409937888198757,0.85,0.1,0.09432824397497253,0.6
restaurant_logo,epochwise,svm_rbf,0,S12,0.6551049284813586,30,0,-0.10482848367219183,-0.09756097560975618,0.42857142857142855,0.9103212140045526,0.23214285714285715,0.4444444444444444,0.8571428571428571,0.0,0.2480717026963518,0.8
restaurant_logo,epochwise,svm_rbf,0,S13,0.6551049284813586,29,0,-0.1358732440973515,-0.13407821229050287,0.44,0.9019054515322911,0.49,0.43137254901960786,0.88,0.0,0.1724507345715791,0.7586206896551724
restaurant_logo,epochwise,svm_rbf,0,S14,0.6551049284813586,28,0,-0.17541160386140583,-0.12903225806451624,0.43846153846153846,0.5665980978086241,0.49230769230769234,0.36651583710407243,0.8,0.07692307692307693,0.15124497682039267,0.4642857142857143
restaurant_logo,epochwise,svm_rbf,0,S15,0.6551049284813586,28,0,-0.16666666666666666,-0.07058823529411762,0.46875,0.5009684065934066,0.34375,0.3488372093023256,0.9375,0.0,0.12745957122443016,0.5357142857142857
restaurant_logo,epochwise,svm_rbf,0,S2,0.6551049284813586,30,0,0.0,0.0,0.5,0.6025409730066594,0.47685185185185175,0.466484268125855,0.8333333333333334,0.16666666666666666,0.10899348869737191,0.5666666666666667
restaurant_logo,epochwise,svm_rbf,0,S3,0.6551049284813586,26,0,0.4690415759823429,0.3606557377049181,0.94,0.9984615384615385,0.96,0.6680851063829787,0.88,1.0,0.2795082310896355,0.8846153846153846
restaurant_logo,epochwise,svm_rbf,0,S4,0.6551049284813586,30,0,0.2672612419124244,0.1333333333333333,0.5666666666666667,0.5363774669889221,0.5955555555555555,0.466484268125855,1.0,0.13333333333333333,0.1863563654706449,0.5666666666666667
restaurant_logo,epochwise,svm_rbf,0,S5,0.6551049284813586,30,0,-0.2773500981126146,-0.23529411764705888,0.4,0.6689763139148528,0.405,0.34782608695652173,0.8,0.0,0.06747883235818315,0.5333333333333333
restaurant_logo,epochwise,svm_rbf,0,S6,0.6551049284813586,30,0,-0.23904572186687872,-0.18604651162790709,0.4107142857142857,0.4315573697638915,0.3035714285714286,0.3453145057766367,0.75,0.07142857142857142,0.1517472658782706,0.43333333333333335
restaurant_logo,epochwise,svm_rbf,0,S7,0.6551049284813586,30,0,-0.07142857142857142,-0.0714285714285714,0.4642857142857143,0.9433856693904364,0.4107142857142857,0.4642857142857143,0.9285714285714286,0.0,0.24878213854619458,0.8666666666666667
restaurant_logo,epochwise,svm_rbf,0,S8,0.6551049284813586,30,0,0.017857142857142856,0.009433962264150941,0.5044642857142857,0.5470758767916111,0.49553571428571425,0.4034090909090909,0.9375,0.07142857142857142,0.1511769894228882,0.5333333333333333
restaurant_logo,epochwise,svm_rbf,0,S9,0.6551049284813586,30,0,0.2927700218845599,0.2727272727272727,0.6190476190476191,0.8505941950123055,0.7301587301587302,0.6273291925465838,0.9047619047619048,0.3333333333333333,0.042675712874244695,0.7333333333333333
restaurant_logo,epochwise,svm_rbf,1,S1,0.6400941792504312,30,0,0.040291148201269014,0.03669724770642213,0.5178571428571428,0.6701136577241288,0.6428571428571428,0.49760765550239233,0.75,0.2857142857142857,0.200770219355751,0.5333333333333333
restaurant_logo,epochwise,svm_rbf,1,S10,0.6400941792504312,29,0,0.03918019549846894,0.03867403314917128,0.5208333333333333,0.8430210837504937,0.5892857142857143,0.5166666666666666,0.6666666666666666,0.375,0.12795536319641398,0.5862068965517241
restaurant_logo,epochwise,svm_rbf,1,S11,0.6400941792504312,30,0,-0.06933752452815364,-0.05882352941176472,0.475,0.630619214524308,0.42,0.4409937888198757,0.85,0.1,0.06238049999757543,0.6
restaurant_logo,epochwise,svm_rbf,1,S12,0.6400941792504312,30,0,-0.1749635530559413,-0.12244897959183665,0.3392857142857143,0.9321878190381743,0.375,0.3877551020408163,0.6785714285714286,0.0,0.25721555143330765,0.6333333333333333
restaurant_logo,epochwise,svm_rbf,1,S13,0.6400941792504312,29,0,-0.2683281572999748,-0.23606557377049175,0.32,0.8714733222580566,0.38,0.35555555555555557,0.64,0.0,0.21726762358121723,0.5517241379310345
restaurant_logo,epochwise,svm_rbf,1,S14,0.6400941792504312,28,0,-0.027381336560563567,-0.02617801047120416,0.48717948717948717,0.493963255526723,0.43076923076923074,0.47593582887700536,0.6666666666666666,0.3076923076923077,0.13499550102967023,0.5
restaurant_logo,epochwise,svm_rbf,1,S15,0.6400941792504312,28,0,0.0,0.0,0.5,0.5102261321195145,0.38020833333333337,0.4822190611664296,0.75,0.25,0.12763788202263604,0.5357142857142857
restaurant_logo,epochwise,svm_rbf,1,S2,0.6400941792504312,30,0,-0.045360921162651446,-0.03174603174603163,0.4861111111111111,0.6790477828392308,0.5,0.4222222222222222,0.8888888888888888,0.08333333333333333,0.09385816857680938,0.5666666666666667
restaurant_logo,epochwise,svm_rbf,1,S3,0.6400941792504312,26,0,-0.10954451150103321,-0.07058823529411762,0.38,0.9438232113513982,0.2,0.4222222222222222,0.76,0.0,0.28052957602160555,0.7307692307692307
restaurant_logo,epochwise,svm_rbf,1,S4,0.6400941792504312,30,0,0.15075567228888181,0.1333333333333333,0.5666666666666667,0.5624511841023709,0.5244444444444445,0.5417156286721504,0.8,0.3333333333333333,0.16115236953662193,0.5666666666666667
restaurant_logo,epochwise,svm_rbf,1,S5,0.6400941792504312,30,0,0.35355339059327373,0.33333333333333337,0.65,0.9060668149165176,0.8150000000000001,0.6590909090909092,0.9,0.4,0.18577154961678463,0.7333333333333333
restaurant_logo,epochwise,svm_rbf,1,S6,0.6400941792504312,30,0,0.2004459314343183,0.16666666666666663,0.5803571428571428,0.6169928474847839,0.6383928571428572,0.55,0.875,0.2857142857142857,0.1432886874044047,0.6
restaurant_logo,epochwise,svm_rbf,1,S7,0.6400941792504312,30,0,-0.2857142857142857,-0.134453781512605,0.21428571428571427,0.8777390144580672,0.10714285714285714,0.2857142857142857,0.42857142857142855,0.0,0.2743060441077167,0.4
restaurant_logo,epochwise,svm_rbf,1,S8,0.6400941792504312,30,0,0.11952286093343936,0.09302325581395343,0.5446428571428571,0.7611232415215625,0.65625,0.4993581514762516,0.875,0.21428571428571427,0.19847645601594427,0.5666666666666667
restaurant_logo,epochwise,svm_rbf,1,S9,0.6400941792504312,30,0,0.09759000729485331,0.09090909090909094,0.5396825396825397,0.7256982390466963,0.5396825396825398,0.5341614906832298,0.8571428571428571,0.2222222222222222,0.07792016586349867,0.6666666666666666
restaurant_logo,epochwise,svm_rbf,2,S1,0.6577811806064795,30,0,-0.17034628596731172,-0.12149532710280386,0.4419642857142857,0.521479720414785,0.36607142857142855,0.3650793650793651,0.8125,0.07142857142857142,0.15938789140809662,0.4666666666666667
restaurant_logo,epochwise,svm_rbf,2,S10,0.6577811806064795,29,0,0.13690476190476192,0.13690476190476186,0.5684523809523809,0.7824381565964391,0.5416666666666666,0.5684523809523809,0.7619047619047619,0.375,0.12961859239476936,0.6551724137931034
restaurant_logo,epochwise,svm_rbf,2,S11,0.6577811806064795,30,0,0.053300179088902604,0.05263157894736836,0.525,0.7216986400327361,0.5900000000000001,0.5238095238095238,0.75,0.3,0.03997548334004359,0.6
restaurant_logo,epochwise,svm_rbf,2,S12,0.6577811806064795,30,0,0.05455447255899809,0.03225806451612889,0.5535714285714286,0.9574168876783202,0.5535714285714286,0.4409937888198757,0.6071428571428571,0.5,0.2704724281430134,0.6
restaurant_logo,epochwise,svm_rbf,2,S13,0.6577811806064795,29,0,-0.0521749194749951,-0.04590163934426217,0.465,0.8523800687025604,0.37,0.4547008547008547,0.68,0.25,0.19575640191636393,0.6206896551724138
restaurant_logo,epochwise,svm_rbf,2,S14,0.6577811806064795,28,0,-0.13712555853457373,-0.1170212765957448,0.44358974358974357,0.5378018559050551,0.3846153846153846,0.40256045519203415,0.7333333333333333,0.15384615384615385,0.22650804756677217,0.4642857142857143
restaurant_logo,epochwise,svm_rbf,2,S15,0.6577811806064795,28,0,-0.16666666666666666,-0.15384615384615374,0.4270833333333333,0.4701204417429263,0.29166666666666663,0.40256045519203415,0.6875,0.16666666666666666,0.22522376343241268,0.4642857142857143
restaurant_logo,epochwise,svm_rbf,2,S2,0.6577811806064795,30,0,0.03217447260438935,0.02985074626865658,0.5138888888888888,0.7309562735297784,0.5601851851851852,0.4993581514762516,0.7777777777777778,0.25,0.09798069908898076,0.5666666666666667
restaurant_logo,epochwise,svm_rbf,2,S3,0.6577811806064795,26,0,0.3651483716701107,0.23529411764705876,0.9,0.9934557413600893,0.84,0.5873015873015872,0.8,1.0,0.2806998225659734,0.8076923076923077
restaurant_logo,epochwise,svm_rbf,2,S4,0.6577811806064795,30,0,0.0,0.0,0.5,0.5334298542189722,0.5511111111111111,0.42233632862644416,0.8666666666666667,0.13333333333333333,0.20994559984366803,0.5
restaurant_logo,epochwise,svm_rbf,2,S5,0.6577811806064795,30,0,0.1386750490563073,0.11764705882352933,0.55,0.6972559070801183,0.435,0.5341614906832298,0.9,0.2,0.15236877872824772,0.6666666666666666
restaurant_logo,epochwise,svm_rbf,2,S6,0.6577811806064795,30,0,0.11952286093343936,0.09302325581395343,0.5446428571428571,0.48474352442493374,0.4107142857142857,0.4993581514762516,0.875,0.21428571428571427,0.16561077474264027,0.5666666666666667
restaurant_logo,epochwise,svm_rbf,2,S7,0.6577811806064795,30,0,0.035955873264830976,0.02010050251256279,0.5357142857142857,0.9559817065148782,0.5892857142857143,0.4222222222222222,0.5714285714285714,0.5,0.2604895822185027,0.5666666666666667
restaurant_logo,epochwise,svm_rbf,2,S8,0.6577811806064795,30,0,-0.3118047822311618,-0.19718309859154926,0.40625,0.4532373737055588,0.3169642857142857,0.3023255813953488,0.8125,0.0,0.1645270351879862,0.43333333333333335
restaurant_logo,epochwise,svm_rbf,2,S9,0.6577811806064795,30,0,-0.25677629550654774,-0.2264150943396226,0.40476190476190477,0.6788026057120713,0.35449735449735453,0.3617021276595745,0.8095238095238095,0.0,0.10991509138508031,0.5666666666666667
restaurant_logo,epochwise,svm_rbf,3,S1,0.5856115972796888,30,0,-0.17370208344491278,-0.06635071090047395,0.46875,0.6160772463299119,0.4955357142857143,0.3333333333333333,0.9375,0.0,0.18171742533898294,0.5
restaurant_logo,epochwise,svm_rbf,3,S10,0.5856115972796888,29,0,0.0,0.0,0.5,0.7677844396074882,0.5535714285714285,0.42,1.0,0.0,0.06671072354823654,0.7241379310344828
restaurant_logo,epochwise,svm_rbf,3,S11,0.5856115972796888,30,0,0.0,0.0,0.5,0.7199111217055341,0.495,0.4,1.0,0.0,0.014400396902467253,0.6666666666666666
restaurant_logo,epochwise,svm_rbf,3,S12,0.5856115972796888,30,0,0.0,0.0,0.5,0.9559346742395851,0.5357142857142857,0.4827586206896552,1.0,0.0,0.26469758462463516,0.9333333333333333
restaurant_logo,epochwise,svm_rbf,3,S13,0.5856115972796888,29,0,-0.07559289460184544,-0.058394160583941535,0.48,0.857874070572723,0.49,0.4528301886792453,0.96,0.0,0.20026493462722592,0.8275862068965517
restaurant_logo,epochwise,svm_rbf,3,S14,0.5856115972796888,28,0,0.0,0.0,0.5,0.6918469935861239,0.6512820512820512,0.3488372093023256,1.0,0.0,0.1447235838268339,0.5357142857142857
restaurant_logo,epochwise,svm_rbf,3,S15,0.5856115972796888,28,0,0.0,0.0,0.5,0.5360275492688377,0.3958333333333333,0.36363636363636365,1.0,0.0,0.18753661619771364,0.5714285714285714
restaurant_logo,epochwise,svm_rbf,3,S2,0.5856115972796888,30,0,0.0,0.0,0.5,0.7507912714480999,0.6157407407407407,0.375,1.0,0.0,0.10037861914733072,0.6
restaurant_logo,epochwise,svm_rbf,3,S3,0.5856115972796888,26,0,-0.04,-0.040000000000000036,0.48,0.978552371080558,0.56,0.48,0.96,0.0,0.28187329902751557,0.9230769230769231
restaurant_logo,epochwise,svm_rbf,3,S4,0.5856115972796888,30,0,0.2672612419124244,0.1333333333333333,0.5666666666666667,0.7195510662177328,0.6933333333333332,0.466484268125855,1.0,0.13333333333333333,0.18039919117518935,0.5666666666666667
restaurant_logo,epochwise,svm_rbf,3,S5,0.5856115972796888,30,0,0.0,0.0,0.5,0.585507608552021,0.38,0.4,1.0,0.0,0.13293599374018464,0.6666666666666666
restaurant_logo,epochwise,svm_rbf,3,S6,0.5856115972796888,30,0,0.19851666679418603,0.07582938388625593,0.5357142857142857,0.4931411100976318,0.3705357142857143,0.4222222222222222,1.0,0.07142857142857142,0.14342108356736769,0.5666666666666667
restaurant_logo,epochwise,svm_rbf,3,S7,0.5856115972796888,30,0,-0.04962916669854651,-0.04651162790697683,0.48214285714285715,0.9681918918777729,0.6785714285714286,0.47368421052631576,0.9642857142857143,0.0,0.22891075852214315,0.9
restaurant_logo,epochwise,svm_rbf,3,S8,0.5856115972796888,30,0,0.0,0.0,0.5,0.5700378347608042,0.53125,0.34782608695652173,1.0,0.0,0.1420735466501389,0.5333333333333333
restaurant_logo,epochwise,svm_rbf,3,S9,0.5856115972796888,30,0,0.28365431446558775,0.14893617021276584,0.5555555555555556,0.6592081008922025,0.44973544973544977,0.52,1.0,0.1111111111111111,0.0905638276199572,0.7333333333333333
restaurant_logo,epochwise,svm_rbf,4,S1,0.6843572595248797,30,0,-0.236227795630767,-0.22727272727272707,0.38839285714285715,0.5355885602767629,0.4375,0.375,0.5625,0.21428571428571427,0.15933337673052658,0.4
restaurant_logo,epochwise,svm_rbf,4,S10,0.6843572595248797,29,0,0.03571428571428571,0.023762376237623895,0.5178571428571428,0.7646983369187184,0.4523809523809524,0.41379310344827586,0.2857142857142857,0.75,0.05872683105967684,0.41379310344827586
restaurant_logo,epochwise,svm_rbf,4,S11,0.6843572595248797,30,0,-0.04724555912615341,-0.04347826086956519,0.475,0.6730170250956569,0.42000000000000004,0.4570135746606335,0.45,0.5,0.05860523497068062,0.4666666666666667
restaurant_logo,epochwise,svm_rbf,4,S12,0.6843572595248797,30,0,0.0,0.0,0.5,0.895024620425396,0.30357142857142855,0.38440492476060195,0.5,0.5,0.2878033713279298,0.5
restaurant_logo,epochwise,svm_rbf,4,S13,0.6843572595248797,29,0,-0.2139203233961298,-0.1438515081206495,0.345,0.8748353688801651,0.39999999999999997,0.33468286099865047,0.44,0.25,0.18223366141329694,0.41379310344827586
restaurant_logo,epochwise,svm_rbf,4,S14,0.6843572595248797,28,0,0.35805743701971643,0.3571428571428571,0.6794871794871795,0.7663578705245371,0.6461538461538462,0.6781609195402298,0.6666666666666666,0.6923076923076923,0.21344262922163518,0.6785714285714286
restaurant_logo,epochwise,svm_rbf,4,S15,0.6843572595248797,28,0,-0.10050378152592121,-0.0888888888888888,0.4583333333333333,0.5282031173335521,0.4375,0.4269005847953216,0.75,0.16666666666666666,0.12236480545726514,0.5
restaurant_logo,epochwise,svm_rbf,4,S2,0.6843572595248797,30,0,-0.30207927000959933,-0.3013698630136987,0.3472222222222222,0.5466346524096931,0.36111111111111105,0.34857142857142853,0.4444444444444444,0.25,0.08100959260171024,0.36666666666666664
restaurant_logo,epochwise,svm_rbf,4,S3,0.6843572595248797,26,0,-0.2160246899469287,-0.07734806629834257,0.22,0.9291565446847316,0.12,0.2972972972972973,0.44,0.0,0.27071059852764723,0.4230769230769231
restaurant_logo,epochwise,svm_rbf,4,S4,0.6843572595248797,30,0,0.15075567228888181,0.1333333333333333,0.5666666666666667,0.5014638943214794,0.52,0.5417156286721504,0.8,0.3333333333333333,0.20088990328438666,0.5666666666666667
restaurant_logo,epochwise,svm_rbf,4,S5,0.6843572595248797,30,0,0.05,0.040000000000000036,0.5249999999999999,0.7389940689645773,0.47,0.4666666666666667,0.35,0.7,0.015531094732275482,0.4666666666666667
restaurant_logo,epochwise,svm_rbf,4,S6,0.6843572595248797,30,0,0.20535714285714285,0.20353982300884954,0.6026785714285714,0.5672576792619896,0.46875,0.6,0.5625,0.6428571428571429,0.14838512482444313,0.6
restaurant_logo,epochwise,svm_rbf,4,S7,0.6843572595248797,30,0,-0.11664236870396086,-0.03960396039603942,0.39285714285714285,0.9411752497441357,0.5178571428571428,0.2596944770857814,0.2857142857142857,0.5,0.27158105587311354,0.3
restaurant_logo,epochwise,svm_rbf,4,S8,0.6843572595248797,30,0,0.040291148201269014,0.03669724770642213,0.5178571428571428,0.6059683668047638,0.4955357142857143,0.49760765550239233,0.75,0.2857142857142857,0.150762867004379,0.5333333333333333
restaurant_logo,epochwise,svm_rbf,4,S9,0.6843572595248797,30,0,-0.23756554836659943,-0.2318840579710144,0.373015873015873,0.6005085916719464,0.2857142857142857,0.3772893772893773,0.5238095238095238,0.2222222222222222,0.2053513205196132,0.43333333333333335
restaurant_logo,permuted_subjectwise,deepconvnet,0,S1,0.4670406957467397,30,0,0.20535714285714285,0.20353982300884954,0.6026785714285714,0.6421538434260957,0.6116071428571428,0.6,0.5625,0.6428571428571429,0.08239071915547051,0.6
restaurant_logo,permuted_subjectwise,deepconvnet,0,S10,0.7236208526293436,29,0,0.20149814827784027,0.19889502762430933,0.6071428571428572,0.7709923884083547,0.5892857142857143,0.5972222222222222,0.7142857142857143,0.5,0.03185062744151585,0.6551724137931034
restaurant_logo,permuted_subjectwise,deepconvnet,0,S11,0.6161577453215917,30,0,-0.09513029883089882,-0.0851063829787233,0.45,0.675043480316351,0.45499999999999996,0.4276094276094276,0.4,0.5,0.17485771663486957,0.43333333333333335
restaurant_logo,permuted_subjectwise,deepconvnet,0,S12,0.6161577453215917,30,0,-0.21821789023599236,-0.12903225806451624,0.2857142857142857,0.8690363084339329,0.21428571428571427,0.34782608695652173,0.5714285714285714,0.0,0.3609376379185252,0.5333333333333333
restaurant_logo,permuted_subjectwise,deepconvnet,0,S13,0.4613953146338463,29,0,-0.13,-0.040561622464898583,0.435,0.8433291985798771,0.31000000000000005,0.20689655172413793,0.12,0.75,0.42845412232409946,0.20689655172413793
restaurant_logo,permuted_subjectwise,deepconvnet,0,S14,0.4613953146338463,28,0,0.16233926856661637,0.15577889447236182,0.5794871794871794,0.722728476545814,0.6461538461538462,0.5692307692307692,0.4666666666666667,0.6923076923076923,0.09346160257146478,0.5714285714285714
restaurant_logo,permuted_subjectwise,deepconvnet,0,S15,0.7236208526293436,28,0,0.022075539284417398,0.02150537634408589,0.5104166666666666,0.6814438580742929,0.53125,0.5047619047619047,0.6875,0.3333333333333333,0.20982548417080016,0.5357142857142857
restaurant_logo,permuted_subjectwise,deepconvnet,0,S2,0.4613953146338463,30,0,0.0564782494724905,0.05063291139240511,0.5277777777777778,0.6935940448064288,0.5694444444444445,0.4994438264738599,0.3888888888888889,0.6666666666666666,0.13820285432868543,0.5
restaurant_logo,permuted_subjectwise,deepconvnet,0,S3,0.4964763168493906,26,0,0.12139539573337679,0.02904564315352709,0.64,1.0,1.0,0.26875,0.28,1.0,0.48630975033992374,0.3076923076923077
restaurant_logo,permuted_subjectwise,deepconvnet,0,S4,0.7236208526293436,30,0,0.30151134457776363,0.2666666666666667,0.6333333333333333,0.7245024229520797,0.6533333333333333,0.6122209165687427,0.4,0.8666666666666667,0.1471428707242012,0.6333333333333333
restaurant_logo,permuted_subjectwise,deepconvnet,0,S5,0.4670406957467397,30,0,0.0,0.0,0.5,0.6102423881168921,0.43,0.43270300333704115,0.3,0.7,0.23245872714453275,0.43333333333333335
restaurant_logo,permuted_subjectwise,deepconvnet,0,S6,0.6161577453215917,30,0,0.04724555912615341,0.045454545454545525,0.5223214285714286,0.6032301447043295,0.5491071428571429,0.513888888888889,0.6875,0.35714285714285715,0.14235992431640634,0.5333333333333333
restaurant_logo,permuted_subjectwise,deepconvnet,0,S7,0.4670406957467397,30,0,-0.14744195615489714,-0.11570247933884303,0.375,0.9235692754668996,0.30357142857142855,0.4117647058823529,0.75,0.0,0.427952003479004,0.7
restaurant_logo,permuted_subjectwise,deepconvnet,0,S8,0.4964763168493906,30,0,0.04212627318711346,0.03433476394849799,0.5178571428571428,0.5788014182375596,0.5758928571428571,0.4712103407755582,0.25,0.7857142857142857,0.05899622175428597,0.5
restaurant_logo,permuted_subjectwise,deepconvnet,0,S9,0.4964763168493906,30,0,-0.11664236870396086,-0.10389610389610393,0.4365079365079365,0.7458620712116024,0.4338624338624339,0.41714285714285715,0.42857142857142855,0.4444444444444444,0.21328743530644315,0.43333333333333335
restaurant_logo,permuted_subjectwise,deepconvnet,1,S1,0.6386947125196457,30,0,-0.29578954665861423,-0.28959276018099533,0.35714285714285715,0.5275876074859396,0.4419642857142858,0.34857142857142853,0.5,0.21428571428571427,0.18387957281536524,0.36666666666666664
restaurant_logo,permuted_subjectwise,deepconvnet,1,S10,0.4572940278053283,29,0,-0.03571428571428571,-0.03571428571428581,0.48214285714285715,0.6279125384580326,0.3333333333333333,0.48214285714285715,0.7142857142857143,0.25,0.3041994136640396,0.5862068965517241
restaurant_logo,permuted_subjectwise,deepconvnet,1,S11,0.6386947125196457,30,0,-0.048911598804451846,-0.04081632653061229,0.475,0.6678802371442235,0.42,0.43270300333704115,0.35,0.6,0.14246116342643894,0.43333333333333335
restaurant_logo,permuted_subjectwise,deepconvnet,1,S12,0.6386947125196457,30,0,0.14744195615489714,0.04255319148936154,0.625,0.9657760788092504,0.6428571428571429,0.28,0.25,1.0,0.3532396990391944,0.3
restaurant_logo,permuted_subjectwise,deepconvnet,1,S13,0.5285221020380656,29,0,0.24688535993934707,0.1149012567324954,0.66,0.9090264621006701,0.5,0.40242424242424246,0.32,1.0,0.361850887879558,0.41379310344827586
restaurant_logo,permuted_subjectwise,deepconvnet,1,S14,0.5285221020380656,28,0,0.21483446221182986,0.2142857142857143,0.6076923076923078,0.7960240172624072,0.7538461538461538,0.6066411238825031,0.6,0.6153846153846154,0.196627936370316,0.6071428571428571
restaurant_logo,permuted_subjectwise,deepconvnet,1,S15,0.4572940278053283,28,0,-0.06846531968814576,-0.0652173913043479,0.46875,0.5906616815846691,0.41666666666666663,0.4555555555555556,0.6875,0.25,0.135775642380828,0.5
restaurant_logo,permuted_subjectwise,deepconvnet,1,S2,0.5285221020380656,30,0,0.0,0.0,0.5,0.6016814405170228,0.39814814814814814,0.4949494949494949,0.5,0.5,0.11302208767996891,0.5
restaurant_logo,permuted_subjectwise,deepconvnet,1,S3,0.5308860301971435,26,0,0.1455213750217998,0.04147465437788023,0.6799999999999999,0.9629819415101284,0.36,0.3202614379084967,0.36,1.0,0.46522400050591195,0.38461538461538464
restaurant_logo,permuted_subjectwise,deepconvnet,1,S4,0.4572940278053283,30,0,-0.2364331218717302,-0.19999999999999996,0.39999999999999997,0.41463304757009606,0.31999999999999995,0.354066985645933,0.6666666666666666,0.13333333333333333,0.10182199312580958,0.4
restaurant_logo,permuted_subjectwise,deepconvnet,1,S5,0.4690826157728831,30,0,0.12649110640673517,0.07272727272727286,0.55,0.7398583204795682,0.5900000000000001,0.41714285714285715,0.2,0.9,0.22515683306588066,0.43333333333333335
restaurant_logo,permuted_subjectwise,deepconvnet,1,S6,0.4690826157728831,30,0,-0.39551460591314075,-0.3876651982378856,0.3035714285714286,0.4405411342009471,0.2946428571428571,0.2992213570634038,0.25,0.35714285714285715,0.16761475006739301,0.3
restaurant_logo,permuted_subjectwise,deepconvnet,1,S7,0.4690826157728831,30,0,0.1749635530559413,0.05940594059405957,0.6607142857142857,0.9785005382511469,0.7321428571428571,0.3301997649823737,0.32142857142857145,1.0,0.4718105491664675,0.36666666666666664
restaurant_logo,permuted_subjectwise,deepconvnet,1,S8,0.5308860301971435,30,0,0.11664236870396086,0.10958904109589052,0.5535714285714286,0.5208971368149592,0.5089285714285715,0.5417156286721504,0.75,0.35714285714285715,0.12299897670745855,0.5666666666666667
restaurant_logo,permuted_subjectwise,deepconvnet,1,S9,0.5308860301971435,30,0,-0.014678923792502562,-0.012658227848101111,0.4920634920634921,0.6285257402286388,0.4021164021164021,0.4570135746606335,0.42857142857142855,0.5555555555555556,0.2743479794926113,0.4666666666666667
restaurant_logo,permuted_subjectwise,deepconvnet,2,S1,0.3651258849104245,30,0,0.04724555912615341,0.045454545454545525,0.5223214285714286,0.5973659380375547,0.5044642857142857,0.513888888888889,0.6875,0.35714285714285715,0.13548412488566505,0.5333333333333333
restaurant_logo,permuted_subjectwise,deepconvnet,2,S10,0.6150430782636007,29,0,0.3125270551058903,0.30400000000000005,0.6696428571428572,0.8600045329870021,0.6547619047619047,0.6477732793522267,0.7142857142857143,0.625,0.1010361998930745,0.6896551724137931
restaurant_logo,permuted_subjectwise,deepconvnet,2,S11,0.3651258849104245,30,0,0.048911598804451846,0.04878048780487798,0.525,0.7718741275064804,0.61,0.5238095238095237,0.65,0.4,0.2765133349845807,0.5666666666666667
restaurant_logo,permuted_subjectwise,deepconvnet,2,S12,0.5967686863740286,30,0,-0.14101901870444156,-0.04430379746835422,0.375,0.8793147204980591,0.17857142857142858,0.2361111111111111,0.25,0.5,0.3456060727437338,0.26666666666666666
restaurant_logo,permuted_subjectwise,deepconvnet,2,S13,0.4333758656183878,29,0,-0.008058229640253803,-0.0034602076124568004,0.495,0.8670493076761473,0.38,0.3028846153846154,0.24,0.75,0.4623458750289062,0.3103448275862069
restaurant_logo,permuted_subjectwise,deepconvnet,2,S14,0.5967686863740286,28,0,0.2923076923076923,0.28934010152284273,0.6461538461538461,0.6318532388028955,0.5948717948717949,0.6428571428571429,0.6,0.6923076923076923,0.15041223416725796,0.6428571428571429
restaurant_logo,permuted_subjectwise,deepconvnet,2,S15,0.6150430782636007,28,0,-0.2763853991962833,-0.24444444444444446,0.3854166666666667,0.552005614952344,0.4375,0.3450292397660819,0.6875,0.08333333333333333,0.15892382853087922,0.42857142857142855
restaurant_logo,permuted_subjectwise,deepconvnet,2,S2,0.4333758656183878,30,0,-0.338501600193165,-0.32352941176470584,0.34722222222222227,0.574841825341257,0.37037037037037035,0.325,0.6111111111111112,0.08333333333333333,0.18874784972932607,0.4
restaurant_logo,permuted_subjectwise,deepconvnet,2,S3,0.7808728988965353,26,0,0.09759000729485331,0.018867924528301994,0.6,1.0,1.0,0.2121212121212121,0.2,1.0,0.28331533532876235,0.23076923076923078
restaurant_logo,permuted_subjectwise,deepconvnet,2,S4,0.6150430782636007,30,0,0.20180183819889375,0.19999999999999996,0.6,0.556653539183627,0.52,0.5982142857142857,0.6666666666666666,0.5333333333333333,0.12776042653454675,0.6
restaurant_logo,permuted_subjectwise,deepconvnet,2,S5,0.5967686863740286,30,0,-0.053300179088902604,-0.03846153846153855,0.475,0.6991990142602944,0.44499999999999995,0.3973214285714286,0.25,0.7,0.08763786289427014,0.4
restaurant_logo,permuted_subjectwise,deepconvnet,2,S6,0.7808728988965353,30,0,-0.4642857142857143,-0.4601769911504425,0.26785714285714285,0.49984724329677677,0.2767857142857143,0.26666666666666666,0.25,0.2857142857142857,0.33772031631734645,0.26666666666666666
restaurant_logo,permuted_subjectwise,deepconvnet,2,S7,0.3651258849104245,30,0,0.05455447255899809,0.03225806451612889,0.5535714285714286,0.9723026210500785,0.6964285714285714,0.4409937888198757,0.6071428571428571,0.5,0.5628337495856814,0.6
restaurant_logo,permuted_subjectwise,deepconvnet,2,S8,0.4333758656183878,30,0,0.2672612419124244,0.2666666666666667,0.6339285714285714,0.7086328005345748,0.6741071428571429,0.6329254727474972,0.625,0.6428571428571429,0.127720977531539,0.6333333333333333
restaurant_logo,permuted_subjectwise,deepconvnet,2,S9,0.7808728988965353,30,0,-0.10566112966540278,-0.0843373493975903,0.4444444444444444,0.683859900352018,0.3862433862433863,0.3973214285714286,0.3333333333333333,0.5555555555555556,0.13280971480740442,0.4
restaurant_logo,permuted_subjectwise,deepconvnet,3,S1,0.630021595954895,30,0,0.07142857142857142,0.07079646017699115,0.5357142857142857,0.776186677873951,0.6607142857142857,0.5333333333333333,0.5,0.5714285714285714,0.09755207068390308,0.5333333333333333
restaurant_logo,permuted_subjectwise,deepconvnet,3,S10,0.5321774260203044,29,0,-0.02314550249431379,-0.021126760563380476,0.49107142857142855,0.8090599505113734,0.5892857142857143,0.4746376811594203,0.8571428571428571,0.125,0.16934038236223414,0.6551724137931034
restaurant_logo,permuted_subjectwise,deepconvnet,3,S11,0.4967357834180196,30,0,0.0,0.0,0.5,0.635212469329477,0.43499999999999994,0.4857142857142857,0.5,0.5,0.21626916937530044,0.5
restaurant_logo,permuted_subjectwise,deepconvnet,3,S12,0.630021595954895,30,0,-0.5976143046671968,-0.14084507042253525,0.05357142857142857,0.8217866335056864,0.0,0.09090909090909091,0.10714285714285714,0.0,0.39114911771482885,0.1
restaurant_logo,permuted_subjectwise,deepconvnet,3,S13,0.5195268313090006,29,0,-0.22563042992710647,-0.21292775665399244,0.36,0.7767125929632714,0.2,0.3829787234042553,0.72,0.0,0.32121056455305247,0.6206896551724138
restaurant_logo,permuted_subjectwise,deepconvnet,3,S14,0.4967357834180196,28,0,-0.06010025069647601,-0.048128342245989275,0.47692307692307695,0.5492992402122837,0.5076923076923077,0.4269005847953216,0.8,0.15384615384615385,0.08926672275577271,0.5
restaurant_logo,permuted_subjectwise,deepconvnet,3,S15,0.5321774260203044,28,0,0.4,0.2758620689655171,0.625,0.7104059896529863,0.6197916666666667,0.5902439024390245,1.0,0.25,0.015854192631585377,0.6785714285714286
restaurant_logo,permuted_subjectwise,deepconvnet,3,S2,0.5195268313090006,30,0,0.3055555555555556,0.3055555555555556,0.6527777777777778,0.8333891758014567,0.7314814814814814,0.6527777777777778,0.7222222222222222,0.5833333333333334,0.0912183894051446,0.6666666666666666
restaurant_logo,permuted_subjectwise,deepconvnet,3,S3,0.4189707537492116,26,0,-0.2748737083745107,-0.07834101382488479,0.16,0.8858232113513982,0.0,0.23529411764705882,0.32,0.0,0.5972025243517681,0.3076923076923077
restaurant_logo,permuted_subjectwise,deepconvnet,3,S4,0.5321774260203044,30,0,-0.07881104062391008,-0.06666666666666665,0.4666666666666667,0.561086136811627,0.5599999999999999,0.4258373205741627,0.7333333333333333,0.2,0.06801856855551398,0.4666666666666667
restaurant_logo,permuted_subjectwise,deepconvnet,3,S5,0.630021595954895,30,0,0.23570226039551584,0.10526315789473684,0.575,0.8039763573422298,0.6,0.40070505287896596,0.15,1.0,0.09294612109661106,0.43333333333333335
restaurant_logo,permuted_subjectwise,deepconvnet,3,S6,0.4189707537492116,30,0,0.15713819666238882,0.14847161572052392,0.5758928571428572,0.7353664877334242,0.6741071428571428,0.5622895622895623,0.4375,0.7142857142857143,0.17632529040177664,0.5666666666666667
restaurant_logo,permuted_subjectwise,deepconvnet,3,S7,0.4967357834180196,30,0,-0.18898223650461363,-0.12499999999999978,0.32142857142857145,0.9557130041705022,0.5,0.375,0.6428571428571429,0.0,0.4188784254921807,0.6
restaurant_logo,permuted_subjectwise,deepconvnet,3,S8,0.5195268313090006,30,0,0.12016450333006204,0.11764705882352944,0.5580357142857143,0.6258540698698147,0.5803571428571429,0.5542857142857143,0.6875,0.42857142857142855,0.11255013777150047,0.5666666666666667
restaurant_logo,permuted_subjectwise,deepconvnet,3,S9,0.4189707537492116,30,0,-0.23756554836659943,-0.2318840579710144,0.373015873015873,0.7736257035437775,0.5026455026455027,0.3772893772893773,0.5238095238095238,0.2222222222222222,0.27554985947079125,0.43333333333333335
restaurant_logo,permuted_subjectwise,deepconvnet,4,S1,0.5573100598653158,30,0,0.03340765523905305,0.02777777777777768,0.5133928571428571,0.5646953461695309,0.5044642857142857,0.475,0.8125,0.21428571428571427,0.07655458715226919,0.5333333333333333
restaurant_logo,permuted_subjectwise,deepconvnet,4,S10,0.6918289788564047,29,0,0.06567586718659173,0.06451612903225812,0.5297619047619048,0.8096588681861647,0.5952380952380952,0.5292207792207793,0.8095238095238095,0.25,0.1021183318105238,0.6551724137931034
restaurant_logo,permuted_subjectwise,deepconvnet,4,S11,0.489246517419815,30,0,-0.14433756729740643,-0.1428571428571428,0.42500000000000004,0.7537476921467574,0.465,0.4258373205741627,0.55,0.3,0.16767569813463426,0.4666666666666667
restaurant_logo,permuted_subjectwise,deepconvnet,4,S12,0.5322548399368923,30,0,0.2857142857142857,0.15094339622641506,0.7857142857142857,0.9843550747737939,0.7857142857142857,0.48863636363636365,0.5714285714285714,1.0,0.3817749841345681,0.6
restaurant_logo,permuted_subjectwise,deepconvnet,4,S13,0.5879633625348409,29,0,-0.0521749194749951,-0.04590163934426217,0.465,0.8153006970863061,0.38,0.4547008547008547,0.68,0.25,0.25627420928286415,0.6206896551724138
restaurant_logo,permuted_subjectwise,deepconvnet,4,S14,0.5879633625348409,28,0,-0.06010025069647601,-0.048128342245989275,0.47692307692307695,0.6943698119332794,0.5846153846153846,0.4269005847953216,0.8,0.15384615384615385,0.08476167739856799,0.5
restaurant_logo,permuted_subjectwise,deepconvnet,4,S15,0.6918289788564047,28,0,0.022075539284417398,0.02150537634408589,0.5104166666666666,0.6425166297009328,0.5208333333333334,0.5047619047619047,0.6875,0.3333333333333333,0.15564982628538498,0.5357142857142857
restaurant_logo,permuted_subjectwise,deepconvnet,4,S2,0.5879633625348409,30,0,-0.1647705109143269,-0.1643835616438356,0.41666666666666663,0.6060953521281794,0.4537037037037037,0.41714285714285715,0.5,0.3333333333333333,0.02313510245747037,0.43333333333333335
restaurant_logo,permuted_subjectwise,deepconvnet,4,S3,0.5573100598653158,26,0,-0.13333333333333333,-0.07339449541284404,0.34,0.9629819415101284,0.36,0.3953488372093023,0.68,0.0,0.38976770639419556,0.6538461538461539
restaurant_logo,permuted_subjectwise,deepconvnet,4,S4,0.6918289788564047,30,0,0.1111111111111111,0.06666666666666665,0.5333333333333333,0.5694439803211733,0.5066666666666666,0.4444444444444444,0.13333333333333333,0.9333333333333333,0.1862232954965697,0.5333333333333333
restaurant_logo,permuted_subjectwise,deepconvnet,4,S5,0.5322548399368923,30,0,-0.282842712474619,-0.2666666666666666,0.35,0.6663289802487797,0.365,0.34857142857142853,0.4,0.3,0.12119852635595532,0.36666666666666664
restaurant_logo,permuted_subjectwise,deepconvnet,4,S6,0.489246517419815,30,0,0.1913829539560278,0.17431192660550465,0.5848214285714286,0.5594198789653078,0.46875,0.569377990430622,0.8125,0.35714285714285715,0.05763297379016874,0.6
restaurant_logo,permuted_subjectwise,deepconvnet,4,S7,0.489246517419815,30,0,-0.32732683535398854,-0.13636363636363624,0.17857142857142858,0.8217866335056864,0.0,0.25,0.35714285714285715,0.0,0.4495976444747713,0.3333333333333333
restaurant_logo,permuted_subjectwise,deepconvnet,4,S8,0.5322548399368923,30,0,0.2672612419124244,0.2666666666666667,0.6339285714285714,0.7307130716190947,0.6473214285714286,0.6329254727474972,0.625,0.6428571428571429,0.00394460956255589,0.6333333333333333
restaurant_logo,permuted_subjectwise,deepconvnet,4,S9,0.5573100598653158,30,0,-0.18917776913478015,-0.18644067796610164,0.4126984126984127,0.7365292871057283,0.4814814814814815,0.4034090909090909,0.7142857142857143,0.1111111111111111,0.12437429063849983,0.5333333333333333
restaurant_logo,permuted_subjectwise,eegnet,0,S1,0.5050780336062113,30,0,0.0,0.0,0.5,0.5984074901813872,0.5267857142857143,0.4994438264738599,0.5,0.5,0.042055233319600385,0.5
restaurant_logo,permuted_subjectwise,eegnet,0,S10,0.5270688466231028,29,0,0.15352206215727945,0.14933333333333332,0.5833333333333333,0.7866985346663409,0.601190476190476,0.5695006747638327,0.6666666666666666,0.5,0.19995537434501204,0.6206896551724138
restaurant_logo,permuted_subjectwise,eegnet,0,S11,0.4951692581176757,30,0,-0.236227795630767,-0.22727272727272707,0.375,0.6430891004812629,0.38,0.375,0.45,0.3,0.19398873498042427,0.4
restaurant_logo,permuted_subjectwise,eegnet,0,S12,0.4951692581176757,30,0,-0.11952286093343936,-0.10526315789473673,0.4107142857142857,0.9550293973944586,0.5,0.4339622641509434,0.8214285714285714,0.0,0.422733677426974,0.7666666666666667
restaurant_logo,permuted_subjectwise,eegnet,0,S13,0.4915796911716461,29,0,0.15947630641475338,0.10176991150442471,0.615,0.9223906434989071,0.5700000000000001,0.46578947368421053,0.48,0.75,0.3696642983918903,0.5172413793103449
restaurant_logo,permuted_subjectwise,eegnet,0,S14,0.4915796911716461,28,0,0.062017367294604234,0.061855670103092786,0.5307692307692308,0.6479679710267946,0.5948717948717949,0.5303225806451612,0.6,0.46153846153846156,0.03713435715153105,0.5357142857142857
restaurant_logo,permuted_subjectwise,eegnet,0,S15,0.5270688466231028,28,0,0.17660431427533918,0.17204301075268813,0.5833333333333334,0.6534305028548449,0.5833333333333334,0.5809523809523809,0.75,0.4166666666666667,0.058520896094185974,0.6071428571428571
restaurant_logo,permuted_subjectwise,eegnet,0,S2,0.4915796911716461,30,0,-0.0890870806374748,-0.08695652173913038,0.4583333333333333,0.6370824864510588,0.5138888888888888,0.45054945054945056,0.6666666666666666,0.25,0.13071295652124618,0.5
restaurant_logo,permuted_subjectwise,eegnet,0,S3,0.529215806722641,26,0,0.17126976771553504,0.05699481865284972,0.72,1.0,1.0,0.3680555555555556,0.44,1.0,0.43019076723318833,0.46153846153846156
restaurant_logo,permuted_subjectwise,eegnet,0,S4,0.5270688466231028,30,0,0.13608276348795434,0.1333333333333333,0.5666666666666667,0.751747545191481,0.7377777777777778,0.5622895622895623,0.4666666666666667,0.6666666666666666,0.09012256951795684,0.5666666666666667
restaurant_logo,permuted_subjectwise,eegnet,0,S5,0.5050780336062113,30,0,0.0,0.0,0.5,0.6857616393828874,0.57,0.49760765550239233,0.6,0.4,0.1526868859926859,0.5333333333333333
restaurant_logo,permuted_subjectwise,eegnet,0,S6,0.4951692581176757,30,0,0.05455447255899809,0.05405405405405406,0.5267857142857143,0.553011673522257,0.46875,0.5248868778280543,0.625,0.42857142857142855,0.028077718946668814,0.5333333333333333
restaurant_logo,permuted_subjectwise,eegnet,0,S7,0.5050780336062113,30,0,-0.23371317622140134,-0.1306532663316584,0.26785714285714285,0.915423254820879,0.25,0.3333333333333333,0.5357142857142857,0.0,0.42365332278940415,0.5
restaurant_logo,permuted_subjectwise,eegnet,0,S8,0.529215806722641,30,0,-0.01848684666616339,-0.018099547511312153,0.4910714285714286,0.506026639637035,0.44642857142857145,0.4857142857142857,0.625,0.35714285714285715,0.10377668604099502,0.5
restaurant_logo,permuted_subjectwise,eegnet,0,S9,0.529215806722641,30,0,0.05939138709164986,0.05797101449275366,0.5317460317460317,0.6875801494426063,0.5396825396825398,0.5238095238095237,0.6190476190476191,0.4444444444444444,0.19485798146989605,0.5666666666666667
restaurant_logo,permuted_subjectwise,eegnet,1,S1,0.4993345618247986,30,0,0.27382077571623753,0.23963133640552992,0.6160714285714286,0.6955844615831028,0.6607142857142858,0.5970695970695971,0.875,0.35714285714285715,0.12022457652621799,0.6333333333333333
restaurant_logo,permuted_subjectwise,eegnet,1,S10,0.5085557949542999,29,0,0.21932975241184285,0.20448877805486287,0.6220238095238095,0.8288837846302288,0.6428571428571428,0.5894465894465895,0.6190476190476191,0.625,0.21186622840234612,0.6206896551724138
restaurant_logo,permuted_subjectwise,eegnet,1,S11,0.4993345618247986,30,0,0.14433756729740643,0.125,0.575,0.7415723831226126,0.575,0.53125,0.45,0.7,0.17840866198142374,0.5333333333333333
restaurant_logo,permuted_subjectwise,eegnet,1,S12,0.4993345618247986,30,0,0.14101901870444156,0.10447761194029848,0.625,0.944958609241781,0.5178571428571428,0.52,0.75,0.5,0.4294131911877129,0.7333333333333333
restaurant_logo,permuted_subjectwise,eegnet,1,S13,0.5179553580284119,29,0,0.15947630641475338,0.10176991150442471,0.615,0.9374887084213764,0.6399999999999999,0.46578947368421053,0.48,0.75,0.3458816960625265,0.5172413793103449
restaurant_logo,permuted_subjectwise,eegnet,1,S14,0.5179553580284119,28,0,-0.21483446221182986,-0.2142857142857142,0.39230769230769236,0.5352762856338708,0.441025641025641,0.39208173690932313,0.4,0.38461538461538464,0.04996270792824885,0.39285714285714285
restaurant_logo,permuted_subjectwise,eegnet,1,S15,0.5085557949542999,28,0,-0.38797014489949266,-0.36956521739130443,0.3229166666666667,0.4381619523659586,0.20312499999999997,0.3,0.5625,0.08333333333333333,0.09564625684704103,0.35714285714285715
restaurant_logo,permuted_subjectwise,eegnet,1,S2,0.5179553580284119,30,0,-0.16666666666666666,-0.15384615384615374,0.41666666666666663,0.5675273124626627,0.375,0.4,0.3333333333333333,0.5,0.08467529680993827,0.4
restaurant_logo,permuted_subjectwise,eegnet,1,S3,0.512220710515976,26,0,0.25298221281347033,0.12030075187969913,0.8200000000000001,0.9916375595419075,0.8,0.48115299334811534,0.64,1.0,0.44343489523117374,0.6538461538461539
restaurant_logo,permuted_subjectwise,eegnet,1,S4,0.5085557949542999,30,0,0.0,0.0,0.5,0.6069049546944283,0.5777777777777778,0.4857142857142857,0.6666666666666666,0.3333333333333333,0.04580424494213524,0.5
restaurant_logo,permuted_subjectwise,eegnet,1,S5,0.4994919657707214,30,0,-0.05572782125753529,-0.054054054054053946,0.475,0.5972562488006613,0.39,0.466484268125855,0.75,0.2,0.15921840171019241,0.5666666666666667
restaurant_logo,permuted_subjectwise,eegnet,1,S6,0.4994919657707214,30,0,-0.1336306209562122,-0.11111111111111116,0.4464285714285714,0.4976167173146074,0.4553571428571429,0.4,0.75,0.14285714285714285,0.050418891840510884,0.4666666666666667
restaurant_logo,permuted_subjectwise,eegnet,1,S7,0.4994919657707214,30,0,-0.1749635530559413,-0.12244897959183665,0.3392857142857143,0.9069293823301579,0.3214285714285714,0.3877551020408163,0.6785714285714286,0.0,0.42922797567314563,0.6333333333333333
restaurant_logo,permuted_subjectwise,eegnet,1,S8,0.512220710515976,30,0,-0.15713819666238882,-0.15384615384615374,0.42410714285714285,0.5605988159976332,0.5357142857142857,0.41714285714285715,0.5625,0.2857142857142857,0.1142676770687102,0.43333333333333335
restaurant_logo,permuted_subjectwise,eegnet,1,S9,0.512220710515976,30,0,-0.2624453295839119,-0.23376623376623384,0.3571428571428571,0.6943656280420107,0.39682539682539686,0.34857142857142853,0.38095238095238093,0.3333333333333333,0.1890860054228041,0.36666666666666664
restaurant_logo,permuted_subjectwise,eegnet,2,S1,0.5044340596596399,30,0,0.008988968316207744,0.008810572687224627,0.5044642857142857,0.5992128629567722,0.5,0.4994438264738599,0.4375,0.5714285714285714,0.06394087672233581,0.5
restaurant_logo,permuted_subjectwise,eegnet,2,S10,0.5300089383125305,29,0,0.16448792373994225,0.128755364806867,0.5892857142857143,0.8574224741094925,0.6666666666666666,0.5120192307692308,0.42857142857142855,0.75,0.2078926854435055,0.5172413793103449
restaurant_logo,permuted_subjectwise,eegnet,2,S11,0.5044340596596399,30,0,0.24455799402225922,0.20408163265306112,0.625,0.7108696237217109,0.605,0.5661846496106786,0.45,0.8,0.2748953035075425,0.5666666666666667
restaurant_logo,permuted_subjectwise,eegnet,2,S12,0.5047834623853366,30,0,-0.35125008665710444,-0.13718411552346566,0.16071428571428573,0.8867526199002441,0.14285714285714285,0.23076923076923078,0.32142857142857145,0.0,0.4381529273258316,0.3
restaurant_logo,permuted_subjectwise,eegnet,2,S13,0.500040891567866,29,0,0.02314550249431379,0.010771992818671361,0.515,0.8917205582823283,0.66,0.33212121212121215,0.28,0.75,0.3652016863055612,0.3448275862068966
restaurant_logo,permuted_subjectwise,eegnet,2,S14,0.5047834623853366,28,0,0.3721042037676254,0.31034482758620685,0.6615384615384616,0.807809364548495,0.7128205128205128,0.625668449197861,0.4,0.9230769230769231,0.16558006725140983,0.6428571428571429
restaurant_logo,permuted_subjectwise,eegnet,2,S15,0.5300089383125305,28,0,-0.020833333333333332,-0.02083333333333348,0.48958333333333337,0.5332737697351668,0.4270833333333333,0.48958333333333337,0.5625,0.4166666666666667,0.08045885357118787,0.5
restaurant_logo,permuted_subjectwise,eegnet,2,S2,0.500040891567866,30,0,0.19094065395649332,0.18918918918918926,0.5972222222222223,0.6451537067010579,0.5879629629629629,0.5927601809954751,0.6111111111111112,0.5833333333333334,0.09938660396469963,0.6
restaurant_logo,permuted_subjectwise,eegnet,2,S3,0.5030446275075277,26,0,0.2,0.07692307692307687,0.76,0.9984615384615385,0.96,0.4135338345864662,0.52,1.0,0.47104097711734283,0.5384615384615384
restaurant_logo,permuted_subjectwise,eegnet,2,S4,0.5300089383125305,30,0,-0.2364331218717302,-0.19999999999999996,0.39999999999999997,0.5181267953731722,0.44000000000000006,0.354066985645933,0.13333333333333333,0.6666666666666666,0.10745029499133436,0.4
restaurant_logo,permuted_subjectwise,eegnet,2,S5,0.5047834623853366,30,0,0.24455799402225922,0.20408163265306112,0.625,0.796441672362725,0.62,0.5661846496106786,0.45,0.8,0.16529521975252362,0.5666666666666667
restaurant_logo,permuted_subjectwise,eegnet,2,S6,0.5030446275075277,30,0,-0.19642857142857142,-0.19469026548672574,0.4017857142857143,0.5013586801025893,0.37946428571428575,0.4,0.375,0.42857142857142855,0.13404100007481046,0.4
restaurant_logo,permuted_subjectwise,eegnet,2,S7,0.5044340596596399,30,0,-0.017857142857142856,-0.008403361344537785,0.48214285714285715,0.948053847337019,0.5178571428571428,0.3650793650793651,0.4642857142857143,0.5,0.43865977161460457,0.4666666666666667
restaurant_logo,permuted_subjectwise,eegnet,2,S8,0.500040891567866,30,0,-0.05455447255899809,-0.05263157894736836,0.4732142857142857,0.5731391191375378,0.5446428571428572,0.4642857142857143,0.375,0.5714285714285714,0.04023709363407555,0.4666666666666667
restaurant_logo,permuted_subjectwise,eegnet,2,S9,0.5030446275075277,30,0,0.029160592175990215,0.02597402597402587,0.5158730158730158,0.7868266919344389,0.5714285714285714,0.4857142857142857,0.47619047619047616,0.5555555555555556,0.19666496349705592,0.5
restaurant_logo,permuted_subjectwise,eegnet,3,S1,0.508325171470642,30,0,0.12016450333006204,0.11764705882352944,0.5580357142857143,0.8254804223554224,0.7232142857142857,0.5542857142857143,0.6875,0.42857142857142855,0.014346984359953179,0.5666666666666667
restaurant_logo,permuted_subjectwise,eegnet,3,S10,0.4838612202803293,29,0,0.20149814827784027,0.19889502762430933,0.6071428571428572,0.8185646388230856,0.6190476190476191,0.5972222222222222,0.7142857142857143,0.5,0.23368134683576125,0.6551724137931034
restaurant_logo,permuted_subjectwise,eegnet,3,S11,0.5043962415059408,30,0,0.14433756729740643,0.125,0.575,0.7774035076299386,0.605,0.53125,0.45,0.7,0.17951505415969427,0.5333333333333333
restaurant_logo,permuted_subjectwise,eegnet,3,S12,0.508325171470642,30,0,-0.14744195615489714,-0.11570247933884303,0.375,0.9460592009242621,0.4464285714285714,0.4117647058823529,0.75,0.0,0.41479028198454115,0.7
restaurant_logo,permuted_subjectwise,eegnet,3,S13,0.508122996489207,29,0,0.16,0.04992199687987531,0.58,0.9068926310194705,0.51,0.27586206896551724,0.16,1.0,0.3780876425490983,0.27586206896551724
restaurant_logo,permuted_subjectwise,eegnet,3,S14,0.5043962415059408,28,0,0.05337605126836238,0.05208333333333337,0.5256410256410257,0.6329857963387374,0.5435897435897435,0.5204216073781291,0.6666666666666666,0.38461538461538464,0.024104175823075277,0.5357142857142857
restaurant_logo,permuted_subjectwise,eegnet,3,S15,0.4838612202803293,28,0,0.04222003309207491,0.04210526315789476,0.5208333333333334,0.7500035056635457,0.59375,0.5204216073781291,0.625,0.4166666666666667,0.08482402705010911,0.5357142857142857
restaurant_logo,permuted_subjectwise,eegnet,3,S2,0.508122996489207,30,0,0.21821789023599236,0.21052631578947367,0.6111111111111112,0.6585972528313857,0.5648148148148149,0.5982142857142857,0.5555555555555556,0.6666666666666666,0.15249847802850924,0.6
restaurant_logo,permuted_subjectwise,eegnet,3,S3,0.4865941434105237,26,0,0.18516401995451032,0.06629834254143652,0.74,0.9984615384615385,0.96,0.390990990990991,0.48,1.0,0.4745247279986357,0.5
restaurant_logo,permuted_subjectwise,eegnet,3,S4,0.4838612202803293,30,0,0.0,0.0,0.5,0.5474317092154203,0.4977777777777777,0.4857142857142857,0.6666666666666666,0.3333333333333333,0.07354353103372788,0.5
restaurant_logo,permuted_subjectwise,eegnet,3,S5,0.508325171470642,30,0,0.2773500981126146,0.1428571428571428,0.6,0.8739265850896287,0.7250000000000001,0.4444444444444444,0.2,1.0,0.18959774010711244,0.4666666666666667
restaurant_logo,permuted_subjectwise,eegnet,3,S6,0.4865941434105237,30,0,-0.05976143046671968,-0.04651162790697683,0.4776785714285714,0.6191878278779934,0.5133928571428572,0.42233632862644416,0.8125,0.14285714285714285,0.03574845757749341,0.5
restaurant_logo,permuted_subjectwise,eegnet,3,S7,0.5043962415059408,30,0,0.2004459314343183,0.16666666666666663,0.6607142857142857,0.982547950738409,0.7678571428571428,0.5673076923076923,0.8214285714285714,0.5,0.41443710658285354,0.8
restaurant_logo,permuted_subjectwise,eegnet,3,S8,0.508122996489207,30,0,-0.040291148201269014,-0.034482758620689724,0.48214285714285715,0.5740857246433816,0.4553571428571428,0.4444444444444444,0.25,0.7142857142857143,0.053767698340945795,0.4666666666666667
restaurant_logo,permuted_subjectwise,eegnet,3,S9,0.4865941434105237,30,0,-0.0890870806374748,-0.08695652173913038,0.45238095238095233,0.7586034293093791,0.49206349206349204,0.45054945054945056,0.5714285714285714,0.3333333333333333,0.20846140748924685,0.5
restaurant_logo,permuted_subjectwise,eegnet,4,S1,0.468681503534317,30,0,0.1336306209562122,0.08450704225352113,0.5401785714285714,0.5225786702839766,0.4821428571428571,0.466484268125855,0.9375,0.14285714285714285,0.053677917851342107,0.5666666666666667
restaurant_logo,permuted_subjectwise,eegnet,4,S10,0.5028460522492727,29,0,0.3125270551058903,0.30400000000000005,0.6696428571428572,0.8248212054364263,0.7261904761904762,0.6477732793522267,0.7142857142857143,0.625,0.21571104108602146,0.6896551724137931
restaurant_logo,permuted_subjectwise,eegnet,4,S11,0.5067289928595226,30,0,-0.05,-0.050000000000000044,0.475,0.6650187440764612,0.44,0.475,0.65,0.3,0.1655967361397213,0.5333333333333333
restaurant_logo,permuted_subjectwise,eegnet,4,S12,0.5036033254861831,30,0,0.14101901870444156,0.10447761194029848,0.625,0.9569625774957492,0.5714285714285714,0.52,0.75,0.5,0.41778805587026824,0.7333333333333333
restaurant_logo,permuted_subjectwise,eegnet,4,S13,0.5050500611464183,29,0,-0.2730546163854619,-0.16490486257928128,0.305,0.8307720631815114,0.32,0.2908622908622909,0.36,0.25,0.3608727876482339,0.3448275862068966
restaurant_logo,permuted_subjectwise,eegnet,4,S14,0.5050500611464183,28,0,-0.14871794871794872,-0.14871794871794863,0.4256410256410257,0.5742025682946399,0.482051282051282,0.4256410256410257,0.4666666666666667,0.38461538461538464,0.10101880168630964,0.42857142857142855
restaurant_logo,permuted_subjectwise,eegnet,4,S15,0.5028460522492727,28,0,-0.3125,-0.3125,0.34375,0.5654213763924861,0.39583333333333337,0.34375,0.4375,0.25,0.08683557134299046,0.35714285714285715
restaurant_logo,permuted_subjectwise,eegnet,4,S2,0.5050500611464183,30,0,-0.05939138709164986,-0.04938271604938271,0.4722222222222222,0.6131692192534779,0.4583333333333333,0.4276094276094276,0.2777777777777778,0.6666666666666666,0.1097544272740682,0.43333333333333335
restaurant_logo,permuted_subjectwise,eegnet,4,S3,0.468681503534317,26,0,0.2748737083745107,0.1404958677685949,0.8400000000000001,1.0,1.0,0.5047619047619047,0.68,1.0,0.5180294169829442,0.6923076923076923
restaurant_logo,permuted_subjectwise,eegnet,4,S4,0.5028460522492727,30,0,0.06726727939963124,0.06666666666666665,0.5333333333333333,0.5229612036474781,0.5066666666666667,0.53125,0.6,0.4666666666666667,0.02310383485423195,0.5333333333333333
restaurant_logo,permuted_subjectwise,eegnet,4,S5,0.5036033254861831,30,0,-0.42640143271122083,-0.42105263157894735,0.3,0.5494227999081822,0.245,0.2857142857142857,0.6,0.0,0.15419169995519857,0.4
restaurant_logo,permuted_subjectwise,eegnet,4,S6,0.5067289928595226,30,0,-0.1438234930593239,-0.1434977578475336,0.4285714285714286,0.5616625148016936,0.4642857142857143,0.4276094276094276,0.5,0.35714285714285715,0.12177218960391148,0.43333333333333335
restaurant_logo,permuted_subjectwise,eegnet,4,S7,0.5067289928595226,30,0,-0.16116459280507606,-0.11940298507462677,0.35714285714285715,0.8277390144580674,0.017857142857142856,0.4,0.7142857142857143,0.0,0.4198396841684979,0.6666666666666666
restaurant_logo,permuted_subjectwise,eegnet,4,S8,0.5036033254861831,30,0,0.026207120918047958,0.01869158878504662,0.5089285714285714,0.7266330154308729,0.6473214285714286,0.4444444444444444,0.875,0.14285714285714285,0.016651528742578258,0.5333333333333333
restaurant_logo,permuted_subjectwise,eegnet,4,S9,0.468681503534317,30,0,0.014678923792502562,0.014084507042253502,0.5079365079365079,0.7302650286259007,0.4603174603174603,0.49760765550239233,0.5714285714285714,0.4444444444444444,0.22373819781674284,0.5333333333333333
restaurant_logo,permuted_subjectwise,logreg,0,S1,0.4333960300683975,30,0,0.04724555912615341,0.045454545454545525,0.5223214285714286,0.7342693817303962,0.6071428571428572,0.513888888888889,0.6875,0.35714285714285715,0.26572155649999996,0.5333333333333333
restaurant_logo,permuted_subjectwise,logreg,0,S10,0.5354400849342347,29,0,-0.12478414765452428,-0.1225806451612903,0.44345238095238093,0.8416337694496456,0.6130952380952381,0.43506493506493504,0.7619047619047619,0.125,0.1948482789655172,0.5862068965517241
restaurant_logo,permuted_subjectwise,logreg,0,S11,0.6218080997467041,30,0,0.282842712474619,0.2666666666666667,0.6499999999999999,0.8395574005418409,0.645,0.6228571428571429,0.6,0.7,0.22189320656666664,0.6333333333333333
restaurant_logo,permuted_subjectwise,logreg,0,S12,0.6218080997467041,30,0,-0.28827833009852755,-0.05978260869565233,0.30357142857142855,0.8967998919375096,0.3214285714285714,0.1294642857142857,0.10714285714285714,0.5,0.5373393110000001,0.13333333333333333
restaurant_logo,permuted_subjectwise,logreg,0,S13,0.5477580654621125,29,0,-0.16397831834998458,-0.08208955223880587,0.39,0.845290550389203,0.47000000000000003,0.2892156862745098,0.28,0.5,0.4087570875862069,0.3103448275862069
restaurant_logo,permuted_subjectwise,logreg,0,S14,0.5477580654621125,28,0,-0.062017367294604234,-0.06060606060606055,0.46923076923076923,0.5745953373189878,0.5025641025641026,0.46360153256704983,0.4,0.5384615384615384,0.13833256642857142,0.4642857142857143
restaurant_logo,permuted_subjectwise,logreg,0,S15,0.5354400849342347,28,0,0.062017367294604234,0.061855670103092786,0.53125,0.541680879896067,0.453125,0.5303225806451612,0.5625,0.5,0.21052956249999996,0.5357142857142857
restaurant_logo,permuted_subjectwise,logreg,0,S2,0.5477580654621125,30,0,-0.3539191986482828,-0.2650602409638554,0.3472222222222222,0.5792461252989439,0.3657407407407407,0.28,0.1111111111111111,0.5833333333333334,0.43949627873333325,0.3
restaurant_logo,permuted_subjectwise,logreg,0,S3,0.4375825083255768,26,0,-0.1455213750217998,-0.0743801652892564,0.32,0.9758857044138913,0.52,0.38095238095238093,0.64,0.0,0.4614541165384616,0.6153846153846154
restaurant_logo,permuted_subjectwise,logreg,0,S4,0.5354400849342347,30,0,-0.45226701686664544,-0.3999999999999999,0.3,0.3715100615741766,0.22222222222222224,0.2596944770857814,0.06666666666666667,0.5333333333333333,0.4269685627333333,0.3
restaurant_logo,permuted_subjectwise,logreg,0,S5,0.4333960300683975,30,0,0.0,0.0,0.5,0.6659291597709958,0.49,0.4,1.0,0.0,0.23956983266666665,0.6666666666666666
restaurant_logo,permuted_subjectwise,logreg,0,S6,0.6218080997467041,30,0,0.3424747597107866,0.3119266055045873,0.6517857142857143,0.7274188987182408,0.6517857142857143,0.6411483253588517,0.875,0.42857142857142855,0.186469052,0.6666666666666666
restaurant_logo,permuted_subjectwise,logreg,0,S7,0.4333960300683975,30,0,-0.11952286093343936,-0.10526315789473673,0.4107142857142857,0.8735723477914006,0.10714285714285714,0.4339622641509434,0.8214285714285714,0.0,0.3581852259999999,0.7666666666666667
restaurant_logo,permuted_subjectwise,logreg,0,S8,0.4375825083255768,30,0,-0.29578954665861423,-0.28959276018099533,0.35714285714285715,0.6021981866209752,0.43750000000000006,0.34857142857142853,0.5,0.21428571428571427,0.175333181,0.36666666666666664
restaurant_logo,permuted_subjectwise,logreg,0,S9,0.4375825083255768,30,0,-0.036369648372665396,-0.021505376344086002,0.48412698412698413,0.6844415925819209,0.380952380952381,0.3602693602693603,0.19047619047619047,0.7777777777777778,0.3825850656666667,0.36666666666666664
restaurant_logo,permuted_subjectwise,logreg,1,S1,0.51021688580513,30,0,-0.23904572186687872,-0.18604651162790709,0.4107142857142857,0.6534268666064487,0.4866071428571429,0.3453145057766367,0.75,0.07142857142857142,0.2686162346666666,0.43333333333333335
restaurant_logo,permuted_subjectwise,logreg,1,S10,0.5441167950630188,29,0,-0.03571428571428571,-0.03571428571428581,0.48214285714285715,0.7445387670012817,0.48809523809523814,0.48214285714285715,0.7142857142857143,0.25,0.1364064096551724,0.5862068965517241
restaurant_logo,permuted_subjectwise,logreg,1,S11,0.51021688580513,30,0,-0.1,-0.07999999999999985,0.44999999999999996,0.6146828063967358,0.32,0.4,0.3,0.6,0.3979689428666667,0.4
restaurant_logo,permuted_subjectwise,logreg,1,S12,0.51021688580513,30,0,-0.23371317622140134,-0.1306532663316584,0.26785714285714285,0.9411747850366949,0.39285714285714285,0.3333333333333333,0.5357142857142857,0.0,0.42426809727133336,0.5
restaurant_logo,permuted_subjectwise,logreg,1,S13,0.6113984513282775,29,0,0.1358732440973515,0.03625377643504546,0.56,0.9494948770223222,0.7100000000000001,0.24047619047619045,0.12,1.0,0.5360114020689655,0.2413793103448276
restaurant_logo,permuted_subjectwise,logreg,1,S14,0.6113984513282775,28,0,0.06010025069647601,0.04390243902439017,0.5230769230769231,0.6653271673859908,0.5846153846153845,0.4555555555555556,0.2,0.8461538461538461,0.24557852678571426,0.5
restaurant_logo,permuted_subjectwise,logreg,1,S15,0.5441167950630188,28,0,-0.40881490876633847,-0.3725490196078429,0.30208333333333337,0.46705078739010375,0.28125,0.28205128205128205,0.1875,0.4166666666666667,0.3334314410714285,0.2857142857142857
restaurant_logo,permuted_subjectwise,logreg,1,S2,0.6113984513282775,30,0,0.16666666666666666,0.16666666666666674,0.5833333333333333,0.7208818501409658,0.6574074074074073,0.5833333333333333,0.6666666666666666,0.5,0.19493073300000005,0.6
restaurant_logo,permuted_subjectwise,logreg,1,S3,0.5397645354270936,26,0,0.15811388300841897,0.04878048780487809,0.7,0.9699516384798255,0.44,0.3445378151260504,0.4,1.0,0.4643336030769231,0.4230769230769231
restaurant_logo,permuted_subjectwise,logreg,1,S4,0.5441167950630188,30,0,0.2075143391598224,0.19999999999999996,0.6,0.5733659513018362,0.6,0.5927601809954751,0.4666666666666667,0.7333333333333333,0.14474563366666668,0.6
restaurant_logo,permuted_subjectwise,logreg,1,S5,0.5000968754291535,30,0,-0.14433756729740643,-0.125,0.425,0.6650779158790836,0.55,0.3973214285714286,0.35,0.5,0.3919776993333334,0.4
restaurant_logo,permuted_subjectwise,logreg,1,S6,0.5000968754291535,30,0,-0.01848684666616339,-0.018099547511312153,0.4910714285714286,0.7356893380742066,0.6651785714285714,0.4857142857142857,0.625,0.35714285714285715,0.2050047426666667,0.5
restaurant_logo,permuted_subjectwise,logreg,1,S7,0.5000968754291535,30,0,0.23904572186687872,0.21052631578947378,0.6785714285714286,0.972088569912382,0.7142857142857143,0.5956873315363882,0.8571428571428571,0.5,0.30872328833333335,0.8333333333333334
restaurant_logo,permuted_subjectwise,logreg,1,S8,0.5397645354270936,30,0,0.01848684666616339,0.017467248908296873,0.5089285714285714,0.5488024539317642,0.46875,0.4949494949494949,0.375,0.6428571428571429,0.179502554,0.5
restaurant_logo,permuted_subjectwise,logreg,1,S9,0.5397645354270936,30,0,0.11664236870396086,0.10958904109589052,0.5634920634920635,0.7614643328586401,0.5978835978835979,0.5417156286721504,0.5714285714285714,0.5555555555555556,0.1973816683333334,0.5666666666666667
restaurant_logo,permuted_subjectwise,logreg,2,S1,0.5985078370571137,30,0,0.1749635530559413,0.15584415584415579,0.5803571428571428,0.6631224709348476,0.5267857142857143,0.5542857142857143,0.375,0.7857142857142857,0.2595835895333333,0.5666666666666667
restaurant_logo,permuted_subjectwise,logreg,2,S10,0.5140795707702637,29,0,0.06419407387663693,0.05985037406483795,0.5357142857142857,0.7792541187930524,0.5357142857142857,0.5148005148005148,0.5714285714285714,0.5,0.23588513137931036,0.5517241379310345
restaurant_logo,permuted_subjectwise,logreg,2,S11,0.5985078370571137,30,0,0.048911598804451846,0.04878048780487798,0.525,0.6423423710036688,0.44500000000000006,0.5238095238095237,0.65,0.4,0.174082119,0.5666666666666667
restaurant_logo,permuted_subjectwise,logreg,2,S12,0.4778804156184196,30,0,0.2033553133277973,0.07942238267148027,0.6964285714285714,0.9721834280737426,0.6785714285714286,0.3772893772893773,0.39285714285714285,1.0,0.49358047616666656,0.43333333333333335
restaurant_logo,permuted_subjectwise,logreg,2,S13,0.5747824406623842,29,0,0.0,0.0,0.5,0.94860277976455,0.7100000000000001,0.12121212121212122,0.0,1.0,0.5541726362068965,0.13793103448275862
restaurant_logo,permuted_subjectwise,logreg,2,S14,0.4778804156184196,28,0,0.09607689228305229,0.08999999999999997,0.5461538461538462,0.6368422264010499,0.558974358974359,0.5303225806451612,0.4,0.6923076923076923,0.18942011607142858,0.5357142857142857
restaurant_logo,permuted_subjectwise,logreg,2,S15,0.5140795707702637,28,0,-0.25103950552320115,-0.21153846153846145,0.3854166666666667,0.5486749518183341,0.390625,0.34375,0.1875,0.5833333333333334,0.32836533892857145,0.35714285714285715
restaurant_logo,permuted_subjectwise,logreg,2,S2,0.5747824406623842,30,0,-0.3671086215711883,-0.3291139240506329,0.3194444444444444,0.5456962266041918,0.41666666666666663,0.2992213570634038,0.2222222222222222,0.4166666666666667,0.29128112600000006,0.3
restaurant_logo,permuted_subjectwise,logreg,2,S3,0.4985764199495315,26,0,0.23354968324845687,0.10344827586206895,0.8,0.9934557413600893,0.84,0.4583333333333333,0.6,1.0,0.42821845269230774,0.6153846153846154
restaurant_logo,permuted_subjectwise,logreg,2,S4,0.5140795707702637,30,0,0.1414213562373095,0.1333333333333333,0.5666666666666667,0.5982215205849417,0.5777777777777778,0.5542857142857143,0.4,0.7333333333333333,0.12967534420000004,0.5666666666666667
restaurant_logo,permuted_subjectwise,logreg,2,S5,0.4778804156184196,30,0,0.09449111825230681,0.06250000000000011,0.525,0.8301519403556019,0.6799999999999999,0.47916666666666663,0.95,0.1,0.2369794003333333,0.6666666666666666
restaurant_logo,permuted_subjectwise,logreg,2,S6,0.4985764199495315,30,0,-0.0890870806374748,-0.05633802816901423,0.4732142857142857,0.6255157227032226,0.5401785714285714,0.38440492476060195,0.875,0.07142857142857142,0.17599393800000004,0.5
restaurant_logo,permuted_subjectwise,logreg,2,S7,0.5985078370571137,30,0,-0.1749635530559413,-0.12244897959183665,0.3392857142857143,0.9385195183845796,0.4107142857142857,0.3877551020408163,0.6785714285714286,0.0,0.2556560776666667,0.6333333333333333
restaurant_logo,permuted_subjectwise,logreg,2,S8,0.5747824406623842,30,0,0.21821789023599236,0.21052631578947367,0.6071428571428572,0.6582959702943255,0.5848214285714286,0.5982142857142857,0.5,0.7142857142857143,0.19591909700000001,0.6
restaurant_logo,permuted_subjectwise,logreg,2,S9,0.4985764199495315,30,0,0.4550466375675794,0.43661971830985913,0.746031746031746,0.8895572474897311,0.7248677248677249,0.7129186602870814,0.7142857142857143,0.7777777777777778,0.19711458033333332,0.7333333333333333
restaurant_logo,permuted_subjectwise,logreg,3,S1,0.5422420620918275,30,0,0.1336306209562122,0.08450704225352113,0.5401785714285714,0.6412596370705514,0.625,0.466484268125855,0.9375,0.14285714285714285,0.22004015066666666,0.5666666666666667
restaurant_logo,permuted_subjectwise,logreg,3,S10,0.5373588871955872,29,0,0.0,0.0,0.5,0.7204197076732282,0.5178571428571428,0.21621621621621623,0.0,1.0,0.42362852517241373,0.27586206896551724
restaurant_logo,permuted_subjectwise,logreg,3,S11,0.5894289517402649,30,0,0.33295604590814587,0.297872340425532,0.675,0.8055560772825082,0.655,0.6296296296296295,0.55,0.8,0.23353404786666662,0.6333333333333333
restaurant_logo,permuted_subjectwise,logreg,3,S12,0.5422420620918275,30,0,0.1336306209562122,0.0350877192982455,0.6071428571428571,0.9730968896122041,0.6785714285714286,0.25339366515837103,0.21428571428571427,1.0,0.5270402554666668,0.26666666666666666
restaurant_logo,permuted_subjectwise,logreg,3,S13,0.5159710288047791,29,0,0.22563042992710647,0.09688581314878886,0.64,0.9488084458648197,0.74,0.37259615384615385,0.28,1.0,0.4577170368965517,0.3793103448275862
restaurant_logo,permuted_subjectwise,logreg,3,S14,0.5894289517402649,28,0,-0.08268982305947231,-0.08247422680412364,0.458974358974359,0.5974199713330147,0.5128205128205128,0.45806451612903226,0.5333333333333333,0.38461538461538464,0.22412936964285707,0.4642857142857143
restaurant_logo,permuted_subjectwise,logreg,3,S15,0.5373588871955872,28,0,-0.020833333333333332,-0.02083333333333348,0.48958333333333337,0.5455557832470732,0.4375,0.48958333333333337,0.5625,0.4166666666666667,0.2318275114285714,0.5
restaurant_logo,permuted_subjectwise,logreg,3,S2,0.5159710288047791,30,0,0.05455447255899809,0.03225806451612889,0.5138888888888888,0.5991741113172141,0.5277777777777778,0.4409937888198757,0.9444444444444444,0.08333333333333333,0.19494923,0.6
restaurant_logo,permuted_subjectwise,logreg,3,S3,0.6280572152137757,26,0,-0.5537749241945383,-0.07958477508650508,0.04,0.9058232113513982,0.04,0.07142857142857142,0.08,0.0,0.5436502865384615,0.07692307692307693
restaurant_logo,permuted_subjectwise,logreg,3,S4,0.5373588871955872,30,0,0.0,0.0,0.5,0.4966140958193755,0.4444444444444444,0.4712103407755582,0.26666666666666666,0.7333333333333333,0.18378973199999998,0.5
restaurant_logo,permuted_subjectwise,logreg,3,S5,0.5422420620918275,30,0,-0.09449111825230681,-0.09090909090909083,0.45,0.6525643311472831,0.42999999999999994,0.4444444444444444,0.5,0.4,0.35172371333333335,0.4666666666666667
restaurant_logo,permuted_subjectwise,logreg,3,S6,0.6280572152137757,30,0,0.0890870806374748,0.05063291139240511,0.5267857142857143,0.5902257580744579,0.40625,0.42233632862644416,0.125,0.9285714285714286,0.34683170516666667,0.5
restaurant_logo,permuted_subjectwise,logreg,3,S7,0.5894289517402649,30,0,-0.8017837257372732,-0.1417322834645669,0.017857142857142856,0.8217866335056864,0.0,0.03225806451612903,0.03571428571428571,0.0,0.6589096926333333,0.03333333333333333
restaurant_logo,permuted_subjectwise,logreg,3,S8,0.5159710288047791,30,0,0.3563483225498992,0.22535211267605626,0.6071428571428571,0.753311816716422,0.6919642857142857,0.5485636114911081,1.0,0.21428571428571427,0.2771619026666667,0.6333333333333333
restaurant_logo,permuted_subjectwise,logreg,3,S9,0.6280572152137757,30,0,-0.21821789023599236,-0.12903225806451601,0.40476190476190477,0.688628260163489,0.3650793650793651,0.29292929292929293,0.14285714285714285,0.6666666666666666,0.29369412333333333,0.3
restaurant_logo,permuted_subjectwise,logreg,4,S1,0.6042418867349625,30,0,0.33071891388307384,0.31818181818181823,0.65625,0.7913957633747688,0.7321428571428571,0.6527777777777778,0.8125,0.5,0.14051579333333333,0.6666666666666666
restaurant_logo,permuted_subjectwise,logreg,4,S10,0.649926078915596,29,0,0.08050764858994133,0.05691056910569103,0.5416666666666666,0.8212496055836827,0.6547619047619047,0.4476190476190476,0.3333333333333333,0.75,0.22193390344827585,0.4482758620689655
restaurant_logo,permuted_subjectwise,logreg,4,S11,0.5991142213344575,30,0,0.10660035817780521,0.07692307692307687,0.55,0.799595314697402,0.61,0.4642857142857143,0.3,0.8,0.32792529280000005,0.4666666666666667
restaurant_logo,permuted_subjectwise,logreg,4,S12,0.5067885518074036,30,0,0.25,0.11764705882352944,0.75,0.9730968896122041,0.6785714285714286,0.4444444444444444,0.5,1.0,0.42464936733333336,0.5333333333333333
restaurant_logo,permuted_subjectwise,logreg,4,S13,0.5350180745124817,29,0,0.09949366763261822,0.0806916426512968,0.5700000000000001,0.9382913672423419,0.64,0.5054263565891473,0.64,0.5,0.3198801082758621,0.6206896551724138
restaurant_logo,permuted_subjectwise,logreg,4,S14,0.5350180745124817,28,0,0.07161148740394328,0.0714285714285714,0.5358974358974359,0.542729439600149,0.4974358974358974,0.5351213282247764,0.5333333333333333,0.5384615384615384,0.2126496696428571,0.5357142857142857
restaurant_logo,permuted_subjectwise,logreg,4,S15,0.649926078915596,28,0,0.40109031437471165,0.3762376237623761,0.6979166666666667,0.7954127143281555,0.7760416666666667,0.6781609195402298,0.5625,0.8333333333333334,0.10368335964285712,0.6785714285714286
restaurant_logo,permuted_subjectwise,logreg,4,S2,0.5350180745124817,30,0,-0.08006407690254358,-0.04651162790697683,0.4722222222222222,0.6198199505455417,0.4351851851851852,0.354066985645933,0.1111111111111111,0.8333333333333334,0.4340756521333333,0.4
restaurant_logo,permuted_subjectwise,logreg,4,S3,0.6042418867349625,26,0,0.09759000729485331,0.018867924528301994,0.6,0.9589819415101284,0.32,0.2121212121212121,0.2,1.0,0.5243488292307693,0.23076923076923078
restaurant_logo,permuted_subjectwise,logreg,4,S4,0.649926078915596,30,0,0.48420012470625223,0.4666666666666667,0.7333333333333334,0.8146681096681097,0.7733333333333334,0.7285067873303167,0.6,0.8666666666666667,0.22247823353333337,0.7333333333333333
restaurant_logo,permuted_subjectwise,logreg,4,S5,0.5067885518074036,30,0,0.0,0.0,0.5,0.6619539309768014,0.49,0.4857142857142857,0.5,0.5,0.2738844993333333,0.5
restaurant_logo,permuted_subjectwise,logreg,4,S6,0.5991142213344575,30,0,-0.0890870806374748,-0.05633802816901423,0.4732142857142857,0.6674646961331744,0.5758928571428572,0.38440492476060195,0.875,0.07142857142857142,0.2985955496666667,0.5
restaurant_logo,permuted_subjectwise,logreg,4,S7,0.5991142213344575,30,0,-0.10482848367219183,-0.09756097560975618,0.42857142857142855,0.8438104430294959,0.07142857142857142,0.4444444444444444,0.8571428571428571,0.0,0.21912429466666672,0.8
restaurant_logo,permuted_subjectwise,logreg,4,S8,0.5067885518074036,30,0,0.2857142857142857,0.15094339622641506,0.5714285714285714,0.5975849575513477,0.5133928571428572,0.48863636363636365,1.0,0.14285714285714285,0.25928002499999997,0.6
restaurant_logo,permuted_subjectwise,logreg,4,S9,0.6042418867349625,30,0,0.23756554836659943,0.19753086419753085,0.626984126984127,0.7456902610099188,0.5608465608465609,0.5622895622895623,0.47619047619047616,0.7777777777777778,0.26053844033333334,0.5666666666666667
restaurant_logo,permuted_subjectwise,svm_rbf,0,S1,0.6791057776182952,30,0,-0.1749635530559413,-0.1643835616438356,0.41964285714285715,0.6644796563485655,0.5267857142857143,0.40070505287896596,0.625,0.21428571428571427,0.15607936451088836,0.43333333333333335
restaurant_logo,permuted_subjectwise,svm_rbf,0,S10,0.391056247521848,29,0,0.0,0.0,0.5,0.6331362406043002,0.3035714285714286,0.42,1.0,0.0,0.2123660694525755,0.7241379310344828
restaurant_logo,permuted_subjectwise,svm_rbf,0,S11,0.443435243248297,30,0,0.0,0.0,0.5,0.6416993931607945,0.49,0.4,1.0,0.0,0.09902921119255892,0.6666666666666666
restaurant_logo,permuted_subjectwise,svm_rbf,0,S12,0.443435243248297,30,0,0.0,0.0,0.5,0.9639687845528306,0.5714285714285714,0.4827586206896552,1.0,0.0,0.24129396338716166,0.9333333333333333
restaurant_logo,permuted_subjectwise,svm_rbf,0,S13,0.6802095458287118,29,0,0.0,0.0,0.5,0.9044659669116784,0.58,0.46296296296296297,1.0,0.0,0.1631287520187978,0.8620689655172413
restaurant_logo,permuted_subjectwise,svm_rbf,0,S14,0.6802095458287118,28,0,0.0,0.0,0.5,0.6890024180612415,0.5794871794871795,0.3488372093023256,1.0,0.0,0.19470928606088225,0.5357142857142857
restaurant_logo,permuted_subjectwise,svm_rbf,0,S15,0.391056247521848,28,0,0.0,0.0,0.5,0.6617621864719387,0.5364583333333334,0.36363636363636365,1.0,0.0,0.16511367004866595,0.5714285714285714
restaurant_logo,permuted_subjectwise,svm_rbf,0,S2,0.6802095458287118,30,0,0.0,0.0,0.5,0.6468376885546591,0.4814814814814815,0.375,1.0,0.0,0.09799701919936007,0.6
restaurant_logo,permuted_subjectwise,svm_rbf,0,S3,0.8125081036664229,26,0,0.04,0.0031948881789138905,0.52,0.9984615384615385,0.96,0.07692307692307693,0.04,1.0,0.23286961280714696,0.07692307692307693
restaurant_logo,permuted_subjectwise,svm_rbf,0,S4,0.391056247521848,30,0,0.0,0.0,0.5,0.6768261929641239,0.6355555555555555,0.3333333333333333,1.0,0.0,0.17726425920454236,0.5
restaurant_logo,permuted_subjectwise,svm_rbf,0,S5,0.6791057776182952,30,0,0.0,0.0,0.5,0.6983581317855365,0.52,0.4,1.0,0.0,0.03156721182145883,0.6666666666666666
restaurant_logo,permuted_subjectwise,svm_rbf,0,S6,0.443435243248297,30,0,0.0,0.0,0.5,0.4513163337673731,0.3526785714285714,0.34782608695652173,1.0,0.0,0.13442856880214818,0.5333333333333333
restaurant_logo,permuted_subjectwise,svm_rbf,0,S7,0.6791057776182952,30,0,0.2004459314343183,0.16666666666666663,0.6607142857142857,0.9816521137711434,0.7678571428571429,0.5673076923076923,0.8214285714285714,0.5,0.23940832561504252,0.8
restaurant_logo,permuted_subjectwise,svm_rbf,0,S8,0.8125081036664229,30,0,0.0,0.0,0.5,0.7097458801263149,0.6517857142857142,0.3181818181818182,0.0,1.0,0.16930937188266962,0.4666666666666667
restaurant_logo,permuted_subjectwise,svm_rbf,0,S9,0.8125081036664229,30,0,0.1749635530559413,0.05940594059405957,0.5476190476190477,0.7107894474809204,0.42857142857142855,0.3301997649823737,0.09523809523809523,1.0,0.08608347145520852,0.36666666666666664
restaurant_logo,permuted_subjectwise,svm_rbf,1,S1,0.67422792531588,30,0,0.017857142857142856,0.009433962264150941,0.5044642857142857,0.5013599511442004,0.39732142857142855,0.4034090909090909,0.9375,0.07142857142857142,0.2302527491460179,0.5333333333333333
restaurant_logo,permuted_subjectwise,svm_rbf,1,S10,0.5718286212880154,29,0,-0.11664236870396086,-0.06530612244897949,0.47619047619047616,0.6582763396990269,0.36309523809523814,0.40816326530612246,0.9523809523809523,0.0,0.10744608782603692,0.6896551724137931
restaurant_logo,permuted_subjectwise,svm_rbf,1,S11,0.67422792531588,30,0,-0.1414213562373095,-0.1333333333333333,0.42500000000000004,0.6629563655834352,0.45499999999999996,0.41714285714285715,0.45,0.4,0.05730148622515983,0.43333333333333335
restaurant_logo,permuted_subjectwise,svm_rbf,1,S12,0.67422792531588,30,0,0.23904572186687872,0.21052631578947378,0.6785714285714286,0.9631183734421855,0.6607142857142857,0.5956873315363882,0.8571428571428571,0.5,0.22087766230219352,0.8333333333333334
restaurant_logo,permuted_subjectwise,svm_rbf,1,S13,0.804691002420032,29,0,-0.2857738033247041,-0.061493411420205035,0.395,0.7943884889626969,0.28,0.13381123058542413,0.04,0.75,0.14287308664511492,0.13793103448275862
restaurant_logo,permuted_subjectwise,svm_rbf,1,S14,0.804691002420032,28,0,0.0,0.0,0.5,0.4707731983529085,0.3948717948717948,0.3170731707317073,0.0,1.0,0.202536826138027,0.4642857142857143
restaurant_logo,permuted_subjectwise,svm_rbf,1,S15,0.5718286212880154,28,0,0.0,0.0,0.5,0.7107882493855958,0.640625,0.36363636363636365,1.0,0.0,0.16141519917370326,0.5714285714285714
restaurant_logo,permuted_subjectwise,svm_rbf,1,S2,0.804691002420032,30,0,0.0,0.0,0.5,0.6944381109086991,0.625,0.2857142857142857,0.0,1.0,0.0989665096103955,0.4
restaurant_logo,permuted_subjectwise,svm_rbf,1,S3,0.4353205187311852,26,0,0.0,0.0,0.5,0.9699516384798255,0.44,0.49019607843137253,1.0,0.0,0.23029474069184,0.9615384615384616
restaurant_logo,permuted_subjectwise,svm_rbf,1,S4,0.5718286212880154,30,0,0.0,0.0,0.5,0.6175380563360103,0.5866666666666667,0.3333333333333333,1.0,0.0,0.22470978408269998,0.5
restaurant_logo,permuted_subjectwise,svm_rbf,1,S5,0.629803827661625,30,0,0.0,0.0,0.5,0.8558297062315101,0.71,0.4,1.0,0.0,0.01671869487119959,0.6666666666666666
restaurant_logo,permuted_subjectwise,svm_rbf,1,S6,0.629803827661625,30,0,0.19851666679418603,0.07582938388625593,0.5357142857142857,0.5065072623235524,0.46875,0.4222222222222222,1.0,0.07142857142857142,0.11284004353166721,0.5666666666666667
restaurant_logo,permuted_subjectwise,svm_rbf,1,S7,0.629803827661625,30,0,0.0,0.0,0.5,0.9448629390845343,0.5714285714285714,0.4827586206896552,1.0,0.0,0.27940427451610794,0.9333333333333333
restaurant_logo,permuted_subjectwise,svm_rbf,1,S8,0.4353205187311852,30,0,0.0,0.0,0.5,0.5941573272849143,0.5714285714285714,0.34782608695652173,1.0,0.0,0.20041473451609265,0.5333333333333333
restaurant_logo,permuted_subjectwise,svm_rbf,1,S9,0.4353205187311852,30,0,0.0,0.0,0.5,0.6407372376771661,0.42328042328042326,0.4117647058823529,1.0,0.0,0.13474439610322628,0.7
restaurant_logo,permuted_subjectwise,svm_rbf,2,S1,0.6933482320219911,30,0,-0.17370208344491278,-0.06635071090047395,0.46875,0.5402355565718737,0.4375,0.3333333333333333,0.9375,0.0,0.16590534488848369,0.5
restaurant_logo,permuted_subjectwise,svm_rbf,2,S10,0.4696877749733073,29,0,0.0,0.0,0.5,0.6630969980366778,0.36904761904761907,0.42,1.0,0.0,0.15311142397288174,0.7241379310344828
restaurant_logo,permuted_subjectwise,svm_rbf,2,S11,0.6933482320219911,30,0,0.0,0.0,0.5,0.8149474510390435,0.685,0.4,1.0,0.0,0.20505111225309755,0.6666666666666666
restaurant_logo,permuted_subjectwise,svm_rbf,2,S12,0.6104989562858931,30,0,0.0,0.0,0.5,0.9103963831655798,0.35714285714285715,0.4827586206896552,1.0,0.0,0.2537011815011478,0.9333333333333333
restaurant_logo,permuted_subjectwise,svm_rbf,2,S13,0.5001552737216731,29,0,0.0,0.0,0.5,0.7923607681455024,0.22,0.46296296296296297,1.0,0.0,0.09774549541285477,0.8620689655172413
restaurant_logo,permuted_subjectwise,svm_rbf,2,S14,0.6104989562858931,28,0,0.0,0.0,0.5,0.5389139460205103,0.41538461538461535,0.3488372093023256,1.0,0.0,0.14313477999708948,0.5357142857142857
restaurant_logo,permuted_subjectwise,svm_rbf,2,S15,0.4696877749733073,28,0,0.0,0.0,0.5,0.6739315865234983,0.640625,0.36363636363636365,1.0,0.0,0.13325217505398376,0.5714285714285714
restaurant_logo,permuted_subjectwise,svm_rbf,2,S2,0.5001552737216731,30,0,0.227429413073671,0.09836065573770492,0.5416666666666666,0.6300322140662356,0.5277777777777778,0.45990180032733224,1.0,0.08333333333333333,0.09736069747107437,0.6333333333333333
restaurant_logo,permuted_subjectwise,svm_rbf,2,S3,0.5498735271960049,26,0,0.0,0.0,0.5,0.995194871794872,0.88,0.49019607843137253,1.0,0.0,0.31932740828739936,0.9615384615384616
restaurant_logo,permuted_subjectwise,svm_rbf,2,S4,0.4696877749733073,30,0,0.0,0.0,0.5,0.3988806725099631,0.28888888888888886,0.3333333333333333,1.0,0.0,0.21242642060758032,0.5
restaurant_logo,permuted_subjectwise,svm_rbf,2,S5,0.6104989562858931,30,0,0.09449111825230681,0.06250000000000011,0.525,0.7184991262399986,0.525,0.47916666666666663,0.95,0.1,0.02372808828971784,0.6666666666666666
restaurant_logo,permuted_subjectwise,svm_rbf,2,S6,0.5498735271960049,30,0,-0.17370208344491278,-0.06635071090047395,0.46875,0.6883050397706673,0.53125,0.3333333333333333,0.9375,0.0,0.1178341356430655,0.5
restaurant_logo,permuted_subjectwise,svm_rbf,2,S7,0.6933482320219911,30,0,0.0,0.0,0.5,0.9716251804445206,0.6428571428571429,0.4827586206896552,1.0,0.0,0.23299902883652718,0.9333333333333333
restaurant_logo,permuted_subjectwise,svm_rbf,2,S8,0.5001552737216731,30,0,-0.17370208344491278,-0.06635071090047395,0.46875,0.4819899839942943,0.29910714285714285,0.3333333333333333,0.9375,0.0,0.2960288819249655,0.5
restaurant_logo,permuted_subjectwise,svm_rbf,2,S9,0.5498735271960049,30,0,0.0,0.0,0.5,0.5806162042799159,0.28042328042328046,0.4117647058823529,1.0,0.0,0.14095022537836055,0.7
restaurant_logo,permuted_subjectwise,svm_rbf,3,S1,0.6388665746733152,30,0,0.0,0.0,0.5,0.5530707990231929,0.5044642857142857,0.34782608695652173,1.0,0.0,0.16964732718756198,0.5333333333333333
restaurant_logo,permuted_subjectwise,svm_rbf,3,S10,0.843582768165798,29,0,0.0,0.0,0.5,0.7104301327407687,0.5238095238095238,0.21621621621621623,0.0,1.0,0.0697404202280017,0.27586206896551724
restaurant_logo,permuted_subjectwise,svm_rbf,3,S11,0.5305297188632823,30,0,0.0,0.0,0.5,0.7875834160316133,0.52,0.4,1.0,0.0,0.07279017054277896,0.6666666666666666
restaurant_logo,permuted_subjectwise,svm_rbf,3,S12,0.6388665746733152,30,0,0.4642857142857143,0.4642857142857143,0.7321428571428572,0.9681918918777729,0.6785714285714286,0.7321428571428572,0.9642857142857143,0.5,0.26572085922582067,0.9333333333333333
restaurant_logo,permuted_subjectwise,svm_rbf,3,S13,0.6721862744578324,29,0,0.16,0.04992199687987531,0.58,0.939843911038216,0.7,0.27586206896551724,0.16,1.0,0.2497737356163795,0.27586206896551724
restaurant_logo,permuted_subjectwise,svm_rbf,3,S14,0.5305297188632823,28,0,0.1405726992011029,0.09189189189189195,0.5435897435897437,0.7189549524549523,0.5897435897435896,0.475,0.9333333333333333,0.15384615384615385,0.14671687088539015,0.5714285714285714
restaurant_logo,permuted_subjectwise,svm_rbf,3,S15,0.843582768165798,28,0,0.0,0.0,0.5,0.4984920463272824,0.359375,0.3,0.0,1.0,0.24381186876415506,0.42857142857142855
restaurant_logo,permuted_subjectwise,svm_rbf,3,S2,0.6721862744578324,30,0,-0.15161960871578067,-0.06557377049180335,0.4722222222222222,0.4911654855430877,0.29166666666666663,0.3617021276595745,0.9444444444444444,0.0,0.2273281769632277,0.5666666666666667
restaurant_logo,permuted_subjectwise,svm_rbf,3,S3,0.5650656777771641,26,0,-0.1455213750217998,-0.0743801652892564,0.32,0.9191565446847316,0.08,0.38095238095238093,0.64,0.0,0.380903462457419,0.6153846153846154
restaurant_logo,permuted_subjectwise,svm_rbf,3,S4,0.843582768165798,30,0,0.0,0.0,0.5,0.5030587477612649,0.44,0.3333333333333333,0.0,1.0,0.21492513597364354,0.5
restaurant_logo,permuted_subjectwise,svm_rbf,3,S5,0.6388665746733152,30,0,0.37796447300922725,0.2500000000000001,0.6,0.7212096881633496,0.575,0.5833333333333334,1.0,0.2,0.04450408098840036,0.7333333333333333
restaurant_logo,permuted_subjectwise,svm_rbf,3,S6,0.5650656777771641,30,0,0.03340765523905305,0.02777777777777768,0.5133928571428571,0.6088447165756948,0.5357142857142858,0.475,0.8125,0.21428571428571427,0.18135581739746198,0.5333333333333333
restaurant_logo,permuted_subjectwise,svm_rbf,3,S7,0.5305297188632823,30,0,0.0,0.0,0.5,1.0,1.0,0.4827586206896552,1.0,0.0,0.23671214198818485,0.9333333333333333
restaurant_logo,permuted_subjectwise,svm_rbf,3,S8,0.6721862744578324,30,0,-0.17370208344491278,-0.06635071090047395,0.46875,0.7262496635416528,0.6830357142857143,0.3333333333333333,0.9375,0.0,0.23122701315984015,0.5
restaurant_logo,permuted_subjectwise,svm_rbf,3,S9,0.5650656777771641,30,0,-0.14547859349066158,-0.14035087719298245,0.4365079365079365,0.8408043360901178,0.6296296296296297,0.4222222222222222,0.7619047619047619,0.1111111111111111,0.1998354892111712,0.5666666666666667
restaurant_logo,permuted_subjectwise,svm_rbf,4,S1,0.6669510982814423,30,0,0.0,0.0,0.5,0.695623909604888,0.5892857142857143,0.34782608695652173,1.0,0.0,0.185208474564089,0.5333333333333333
restaurant_logo,permuted_subjectwise,svm_rbf,4,S10,0.7893461100020805,29,0,0.0,0.0,0.5,0.7605238344468772,0.5654761904761905,0.21621621621621623,0.0,1.0,0.13826160971176812,0.27586206896551724
restaurant_logo,permuted_subjectwise,svm_rbf,4,S11,0.6505147030696619,30,0,0.4629100498862757,0.3529411764705882,0.725,0.8699963514165212,0.7150000000000001,0.6329254727474972,0.45,1.0,0.04253786524877594,0.6333333333333333
restaurant_logo,permuted_subjectwise,svm_rbf,4,S12,0.6728777884799201,30,0,-0.14101901870444156,-0.04430379746835422,0.375,0.922486673827299,0.4107142857142857,0.2361111111111111,0.25,0.5,0.2773837461267453,0.26666666666666666
restaurant_logo,permuted_subjectwise,svm_rbf,4,S13,0.6544387697879612,29,0,0.0,0.0,0.5,0.8877582653851049,0.44000000000000006,0.46296296296296297,1.0,0.0,0.18508743244984427,0.8620689655172413
restaurant_logo,permuted_subjectwise,svm_rbf,4,S14,0.6544387697879612,28,0,0.20672455764868078,0.08196721311475419,0.5384615384615384,0.5946936898172596,0.48205128205128206,0.4285714285714286,1.0,0.07692307692307693,0.13688580874549017,0.5714285714285714
restaurant_logo,permuted_subjectwise,svm_rbf,4,S15,0.7893461100020805,28,0,0.0,0.0,0.5,0.45329736009763183,0.23958333333333331,0.3,0.0,1.0,0.13584664714390138,0.42857142857142855
restaurant_logo,permuted_subjectwise,svm_rbf,4,S2,0.6544387697879612,30,0,0.0,0.0,0.5,0.6222229340476468,0.43981481481481477,0.375,1.0,0.0,0.08565305578700078,0.6
restaurant_logo,permuted_subjectwise,svm_rbf,4,S3,0.6669510982814423,26,0,-0.25298221281347033,-0.07804878048780473,0.18,0.9371565446847315,0.16,0.2571428571428571,0.36,0.0,0.29236635517549653,0.34615384615384615
restaurant_logo,permuted_subjectwise,svm_rbf,4,S4,0.7893461100020805,30,0,0.0,0.0,0.5,0.43676458135730045,0.3466666666666667,0.3333333333333333,0.0,1.0,0.18004451587966694,0.5
restaurant_logo,permuted_subjectwise,svm_rbf,4,S5,0.6728777884799201,30,0,0.04724555912615341,0.045454545454545525,0.525,0.6780469661298549,0.42999999999999994,0.513888888888889,0.55,0.5,0.02624015153219321,0.5333333333333333
restaurant_logo,permuted_subjectwise,svm_rbf,4,S6,0.6505147030696619,30,0,0.19851666679418603,0.07582938388625593,0.5357142857142857,0.5018560295313647,0.41517857142857145,0.4222222222222222,1.0,0.07142857142857142,0.16011906522382235,0.5666666666666667
restaurant_logo,permuted_subjectwise,svm_rbf,4,S7,0.6505147030696619,30,0,-0.04962916669854651,-0.04651162790697683,0.48214285714285715,0.9743894138682834,0.6785714285714286,0.47368421052631576,0.9642857142857143,0.0,0.2298363135728546,0.9
restaurant_logo,permuted_subjectwise,svm_rbf,4,S8,0.6728777884799201,30,0,-0.0890870806374748,-0.05633802816901423,0.4732142857142857,0.5282096106515278,0.46428571428571425,0.38440492476060195,0.875,0.07142857142857142,0.16794148038847842,0.5
restaurant_logo,permuted_subjectwise,svm_rbf,4,S9,0.6669510982814423,30,0,-0.18917776913478015,-0.18644067796610164,0.4126984126984127,0.714321828896501,0.5185185185185186,0.4034090909090909,0.7142857142857143,0.1111111111111111,0.022350256400691458,0.5333333333333333
restaurant_logo,subjectwise,deepconvnet,0,S1,0.381251851717631,30,0,-0.01848684666616339,-0.018099547511312153,0.4910714285714286,0.6625967077444004,0.5267857142857142,0.4857142857142857,0.625,0.35714285714285715,0.13764982455306582,0.5
restaurant_logo,subjectwise,deepconvnet,0,S10,0.7433346740404765,29,0,-0.10803395392536073,-0.08830022075055188,0.44047619047619047,0.7614811446126148,0.4464285714285714,0.40242424242424246,0.38095238095238093,0.5,0.1292586655452334,0.41379310344827586
restaurant_logo,subjectwise,deepconvnet,0,S11,0.6715433220068614,30,0,0.22291128503014115,0.15094339622641517,0.6,0.7907232230234525,0.645,0.4949494949494949,0.3,0.9,0.14418010434342754,0.5
restaurant_logo,subjectwise,deepconvnet,0,S12,0.6715433220068614,30,0,-0.017857142857142856,-0.008403361344537785,0.48214285714285715,0.9442630438649471,0.4464285714285714,0.3650793650793651,0.4642857142857143,0.5,0.31277114101814935,0.4666666666666667
restaurant_logo,subjectwise,deepconvnet,0,S13,0.3886262306571006,29,0,-0.013801311186847083,-0.009280742459396807,0.49,0.8910408060971798,0.5800000000000001,0.41295546558704455,0.48,0.5,0.47163677866431486,0.4827586206896552
restaurant_logo,subjectwise,deepconvnet,0,S14,0.3886262306571006,28,0,-0.3721042037676254,-0.3711340206185567,0.3153846153846154,0.4790300711521154,0.3384615384615385,0.3135483870967742,0.4,0.23076923076923078,0.1554168959458669,0.32142857142857145
restaurant_logo,subjectwise,deepconvnet,0,S15,0.7433346740404765,28,0,0.08268982305947231,0.08080808080808077,0.5416666666666667,0.613860253813057,0.47395833333333337,0.5351213282247764,0.5,0.5833333333333334,0.1641745865345001,0.5357142857142857
restaurant_logo,subjectwise,deepconvnet,0,S2,0.3886262306571006,30,0,-0.14433756729740643,-0.1428571428571428,0.4305555555555556,0.6226657031140207,0.4907407407407408,0.4258373205741627,0.6111111111111112,0.25,0.19441025853157046,0.4666666666666667
restaurant_logo,subjectwise,deepconvnet,0,S3,0.5650905124346416,26,0,0.12139539573337679,0.02904564315352709,0.64,0.978552371080558,0.56,0.26875,0.28,1.0,0.4181825549174578,0.3076923076923077
restaurant_logo,subjectwise,deepconvnet,0,S4,0.7433346740404765,30,0,-0.1111111111111111,-0.06666666666666665,0.4666666666666667,0.4745908623614909,0.4488888888888889,0.3650793650793651,0.06666666666666667,0.8666666666666667,0.18020248346858547,0.4666666666666667
restaurant_logo,subjectwise,deepconvnet,0,S5,0.381251851717631,30,0,-0.13130643285972254,-0.06451612903225823,0.475,0.7122193033680447,0.53,0.3877551020408163,0.95,0.0,0.16615420281887053,0.6333333333333333
restaurant_logo,subjectwise,deepconvnet,0,S6,0.6715433220068614,30,0,0.04212627318711346,0.03433476394849799,0.5178571428571428,0.5858677285590063,0.46875,0.4712103407755582,0.25,0.7857142857142857,0.14309041351079937,0.5
restaurant_logo,subjectwise,deepconvnet,0,S7,0.381251851717631,30,0,0.11664236870396086,0.08163265306122458,0.6071428571428572,0.9743894138682834,0.6785714285714286,0.4990723562152134,0.7142857142857143,0.5,0.5274006563756201,0.7
restaurant_logo,subjectwise,deepconvnet,0,S8,0.5650905124346416,30,0,-0.01848684666616339,-0.018099547511312153,0.4910714285714286,0.5748893435425942,0.5044642857142857,0.4857142857142857,0.625,0.35714285714285715,0.06012671308384999,0.5
restaurant_logo,subjectwise,deepconvnet,0,S9,0.5650905124346416,30,0,-0.04528334128517262,-0.04477611940298498,0.47619047619047616,0.8017374446139056,0.5714285714285714,0.475,0.6190476190476191,0.3333333333333333,0.12571446067757083,0.5333333333333333
restaurant_logo,subjectwise,deepconvnet,1,S1,0.5336820185184479,30,0,0.43179430016791304,0.37788018433179715,0.6830357142857143,0.7581372678111895,0.7053571428571428,0.6703296703296704,0.9375,0.42857142857142855,0.11566567752096393,0.7
restaurant_logo,subjectwise,deepconvnet,1,S10,0.4104001073042552,29,0,-0.16448792373994225,-0.15999999999999992,0.4107142857142857,0.7459259436527381,0.47023809523809523,0.41295546558704455,0.5714285714285714,0.25,0.30484018860192136,0.4827586206896552
restaurant_logo,subjectwise,deepconvnet,1,S11,0.5336820185184479,30,0,0.1414213562373095,0.1333333333333333,0.575,0.71138737370628,0.535,0.5542857142857143,0.55,0.6,0.13635762623614742,0.5666666666666667
restaurant_logo,subjectwise,deepconvnet,1,S12,0.5336820185184479,30,0,-0.11952286093343936,-0.10526315789473673,0.4107142857142857,0.9599613701835742,0.5357142857142857,0.4339622641509434,0.8214285714285714,0.0,0.3599145909150441,0.7666666666666667
restaurant_logo,subjectwise,deepconvnet,1,S13,0.4791241796811422,29,0,0.041602514716892185,0.03084832904884327,0.53,0.9154800785460634,0.5900000000000001,0.45911047345767575,0.56,0.5,0.3931578086025414,0.5517241379310345
restaurant_logo,subjectwise,deepconvnet,1,S14,0.4791241796811422,28,0,-0.16233926856661637,-0.160621761658031,0.4205128205128205,0.5300258104119997,0.46153846153846156,0.41666666666666663,0.5333333333333333,0.3076923076923077,0.19124921375796905,0.42857142857142855
restaurant_logo,subjectwise,deepconvnet,1,S15,0.4104001073042552,28,0,0.10758287072798381,0.1063829787234043,0.5520833333333334,0.6763074082986966,0.546875,0.5508021390374331,0.6875,0.4166666666666667,0.14848331574882787,0.5714285714285714
restaurant_logo,subjectwise,deepconvnet,1,S2,0.4791241796811422,30,0,-0.08471737420873575,-0.07594936708860756,0.45833333333333337,0.5803925598913522,0.4861111111111111,0.43270300333704115,0.3333333333333333,0.5833333333333334,0.21297778818342425,0.43333333333333335
restaurant_logo,subjectwise,deepconvnet,1,S3,0.5825044790903727,26,0,0.13333333333333333,0.034934497816593746,0.66,0.9629819415101284,0.36,0.29505582137161085,0.32,1.0,0.40925125242807925,0.34615384615384615
restaurant_logo,subjectwise,deepconvnet,1,S4,0.4104001073042552,30,0,0.07881104062391008,0.06666666666666665,0.5333333333333333,0.49670106496704963,0.49777777777777776,0.49760765550239233,0.8,0.26666666666666666,0.18264666332138907,0.5333333333333333
restaurant_logo,subjectwise,deepconvnet,1,S5,0.5316244006156922,30,0,-0.18898223650461363,-0.17391304347826098,0.4,0.6704058920591974,0.42500000000000004,0.3891402714932127,0.4,0.4,0.16249587991171416,0.4
restaurant_logo,subjectwise,deepconvnet,1,S6,0.5316244006156922,30,0,-0.3546040716334876,-0.3513513513513513,0.32589285714285715,0.47609673146381354,0.3303571428571429,0.3212669683257918,0.4375,0.21428571428571427,0.22844487991597914,0.3333333333333333
restaurant_logo,subjectwise,deepconvnet,1,S7,0.5316244006156922,30,0,0.0,0.0,0.5,0.9459547731882554,0.4642857142857143,0.4827586206896552,1.0,0.0,0.31173124876287245,0.9333333333333333
restaurant_logo,subjectwise,deepconvnet,1,S8,0.5825044790903727,30,0,0.2672612419124244,0.2666666666666667,0.6339285714285714,0.650358597431681,0.5714285714285714,0.6329254727474972,0.625,0.6428571428571429,0.05569950242837263,0.6333333333333333
restaurant_logo,subjectwise,deepconvnet,1,S9,0.5825044790903727,30,0,-0.0657951694959769,-0.06557377049180335,0.46825396825396826,0.7571107244803763,0.4920634920634921,0.466484268125855,0.7142857142857143,0.2222222222222222,0.09118756088945593,0.5666666666666667
restaurant_logo,subjectwise,deepconvnet,2,S1,0.425911008020242,30,0,0.11664236870396086,0.10958904109589052,0.5535714285714286,0.5352236058897243,0.46875,0.5417156286721504,0.75,0.35714285714285715,0.09344039658705391,0.5666666666666667
restaurant_logo,subjectwise,deepconvnet,2,S10,0.5950456150372824,29,0,0.09094160465856899,0.07727272727272727,0.5505952380952381,0.7903632641510552,0.5238095238095237,0.5024509803921569,0.47619047619047616,0.625,0.12914418591850105,0.5172413793103449
restaurant_logo,subjectwise,deepconvnet,2,S11,0.425911008020242,30,0,-0.09782319760890369,-0.09756097560975618,0.44999999999999996,0.6945501495941871,0.45999999999999996,0.45054945054945056,0.6,0.3,0.23373165263070003,0.5
restaurant_logo,subjectwise,deepconvnet,2,S12,0.4680190327763557,30,0,0.0,0.0,0.5,0.9384875208064067,0.48214285714285715,0.38440492476060195,0.5,0.5,0.4728296698898905,0.5
restaurant_logo,subjectwise,deepconvnet,2,S13,0.4244955366849899,29,0,0.07559289460184544,0.011363636363636354,0.52,0.9431514974841655,0.69,0.16346153846153846,0.04,1.0,0.4627429623713438,0.1724137931034483
restaurant_logo,subjectwise,deepconvnet,2,S14,0.4680190327763557,28,0,0.20672455764868078,0.20618556701030932,0.6025641025641025,0.5209575005890795,0.482051282051282,0.6025806451612903,0.6666666666666666,0.5384615384615384,0.13479586814840636,0.6071428571428571
restaurant_logo,subjectwise,deepconvnet,2,S15,0.5950456150372824,28,0,-0.13245323570650439,-0.12903225806451624,0.4375,0.5862381021756021,0.47916666666666674,0.42857142857142855,0.625,0.25,0.03331783520323887,0.4642857142857143
restaurant_logo,subjectwise,deepconvnet,2,S2,0.4244955366849899,30,0,-0.24715576637149037,-0.23376623376623384,0.375,0.56035260484891,0.3611111111111111,0.3659621802002225,0.3333333333333333,0.4166666666666667,0.1794910391171773,0.36666666666666664
restaurant_logo,subjectwise,deepconvnet,2,S3,0.7590722640355428,26,0,0.18516401995451032,0.06629834254143652,0.74,0.9934557413600893,0.84,0.390990990990991,0.48,1.0,0.22477101859373919,0.5
restaurant_logo,subjectwise,deepconvnet,2,S4,0.5950456150372824,30,0,0.13608276348795434,0.1333333333333333,0.5666666666666667,0.6675495066874377,0.6355555555555555,0.5622895622895623,0.4666666666666667,0.6666666666666666,0.09733632206916809,0.5666666666666667
restaurant_logo,subjectwise,deepconvnet,2,S5,0.4680190327763557,30,0,0.053300179088902604,0.05263157894736836,0.525,0.6214060699727937,0.45499999999999996,0.5238095238095238,0.75,0.3,0.2857400230235524,0.6
restaurant_logo,subjectwise,deepconvnet,2,S6,0.7590722640355428,30,0,-0.2588158533262875,-0.24454148471615733,0.375,0.5286258498305278,0.3794642857142857,0.3602693602693603,0.25,0.5,0.20192912485864425,0.36666666666666664
restaurant_logo,subjectwise,deepconvnet,2,S7,0.425911008020242,30,0,-0.035955873264830976,-0.015936254980079667,0.4642857142857143,0.9697516006419151,0.6785714285714286,0.3453145057766367,0.42857142857142855,0.5,0.5126198440790176,0.43333333333333335
restaurant_logo,subjectwise,deepconvnet,2,S8,0.4244955366849899,30,0,-0.3424747597107866,-0.2931034482758621,0.3482142857142857,0.4596124183152216,0.39285714285714285,0.3055555555555555,0.125,0.5714285714285714,0.1633657733599345,0.3333333333333333
restaurant_logo,subjectwise,deepconvnet,2,S9,0.7590722640355428,30,0,-0.2624453295839119,-0.23376623376623384,0.3571428571428571,0.691051085441754,0.39682539682539686,0.34857142857142853,0.38095238095238093,0.3333333333333333,0.15246629946761658,0.36666666666666664
restaurant_logo,subjectwise,deepconvnet,3,S1,0.5279263868927955,30,0,0.026207120918047958,0.01869158878504662,0.5089285714285714,0.5502965633400416,0.5223214285714286,0.4444444444444444,0.875,0.14285714285714285,0.07286266220940485,0.5333333333333333
restaurant_logo,subjectwise,deepconvnet,3,S10,0.5404432241121928,29,0,-0.1330992843749875,-0.12077294685990347,0.4255952380952381,0.7825432108652437,0.488095238095238,0.41414141414141414,0.47619047619047616,0.375,0.18687520236119462,0.4482758620689655
restaurant_logo,subjectwise,deepconvnet,3,S11,0.5047258162498474,30,0,0.2,0.16000000000000003,0.6000000000000001,0.8075239184798386,0.63,0.5333333333333333,0.4,0.8,0.19682497440112962,0.5333333333333333
restaurant_logo,subjectwise,deepconvnet,3,S12,0.5279263868927955,30,0,0.32732683535398854,0.19354838709677413,0.8214285714285714,0.9790615561805859,0.7321428571428572,0.5341614906832298,0.6428571428571429,1.0,0.39014464103513297,0.6666666666666666
restaurant_logo,subjectwise,deepconvnet,3,S13,0.4843271434307098,29,0,0.08215838362577492,0.08144796380090502,0.5449999999999999,0.9502738018012471,0.71,0.5396825396825397,0.84,0.25,0.3401064848762819,0.7586206896551724
restaurant_logo,subjectwise,deepconvnet,3,S14,0.5047258162498474,28,0,-0.11322770341445958,-0.10526315789473673,0.4487179487179487,0.58556469891764,0.5282051282051281,0.42857142857142855,0.6666666666666666,0.23076923076923078,0.043232627567790824,0.4642857142857143
restaurant_logo,subjectwise,deepconvnet,3,S15,0.5404432241121928,28,0,-0.10555008273018728,-0.10526315789473695,0.44791666666666663,0.6163923297415146,0.453125,0.44664031620553357,0.5625,0.3333333333333333,0.11355762112708317,0.4642857142857143
restaurant_logo,subjectwise,deepconvnet,3,S2,0.4843271434307098,30,0,0.0,0.0,0.5,0.5456636000664845,0.41666666666666663,0.49760765550239233,0.6666666666666666,0.3333333333333333,0.16914278417825698,0.5333333333333333
restaurant_logo,subjectwise,deepconvnet,3,S3,0.4782084282239278,26,0,-0.2748737083745107,-0.07834101382488479,0.16,0.949537497065684,0.24,0.23529411764705882,0.32,0.0,0.5041160142192473,0.3076923076923077
restaurant_logo,subjectwise,deepconvnet,3,S4,0.5404432241121928,30,0,-0.16666666666666666,-0.1333333333333333,0.4333333333333333,0.42301160585052844,0.3466666666666667,0.3772893772893773,0.13333333333333333,0.7333333333333333,0.18612376575668657,0.43333333333333335
restaurant_logo,subjectwise,deepconvnet,3,S5,0.5279263868927955,30,0,0.21320071635561041,0.21052631578947367,0.6000000000000001,0.641489179819208,0.5050000000000001,0.6031746031746031,0.8,0.4,0.12053425113360086,0.6666666666666666
restaurant_logo,subjectwise,deepconvnet,3,S6,0.4782084282239278,30,0,0.27865801780244004,0.27312775330396477,0.6383928571428572,0.695292983697589,0.6116071428571428,0.6329254727474972,0.5625,0.7142857142857143,0.07048972679509055,0.6333333333333333
restaurant_logo,subjectwise,deepconvnet,3,S7,0.5047258162498474,30,0,0.6813851438692469,0.6341463414634146,0.9642857142857143,0.9951559934318555,0.9285714285714286,0.8148148148148148,0.9285714285714286,1.0,0.38549723989433715,0.9333333333333333
restaurant_logo,subjectwise,deepconvnet,3,S8,0.4843271434307098,30,0,-0.11080065755348979,-0.10091743119266039,0.45089285714285715,0.507825970122511,0.42410714285714285,0.4258373205741627,0.6875,0.21428571428571427,0.1356944339142905,0.4666666666666667
restaurant_logo,subjectwise,deepconvnet,3,S9,0.4782084282239278,30,0,-0.196227812235748,-0.19402985074626855,0.3968253968253968,0.6732374656275284,0.33333333333333337,0.4,0.5714285714285714,0.2222222222222222,0.20494997534486986,0.4666666666666667
restaurant_logo,subjectwise,deepconvnet,4,S1,0.5487727936108907,30,0,-0.236227795630767,-0.22727272727272707,0.38839285714285715,0.5545461372954978,0.41517857142857145,0.375,0.5625,0.21428571428571427,0.06366805798477593,0.4
restaurant_logo,subjectwise,deepconvnet,4,S10,0.7689652210474014,29,0,0.16786059681442292,0.10424710424710426,0.5803571428571428,0.8305012654386219,0.6130952380952381,0.4476190476190476,0.2857142857142857,0.875,0.08260287053283603,0.4482758620689655
restaurant_logo,subjectwise,deepconvnet,4,S11,0.5690677543481192,30,0,0.282842712474619,0.2666666666666667,0.6499999999999999,0.8075500530704839,0.6900000000000001,0.6228571428571429,0.6,0.7,0.16820432348176834,0.6333333333333333
restaurant_logo,subjectwise,deepconvnet,4,S12,0.6274537907044092,30,0,0.2033553133277973,0.07942238267148027,0.6964285714285714,0.9765726139633828,0.6964285714285714,0.3772893772893773,0.39285714285714285,1.0,0.34600883308384156,0.43333333333333335
restaurant_logo,subjectwise,deepconvnet,4,S13,0.5336679339408874,29,0,0.041602514716892185,0.03084832904884327,0.53,0.9129960699903749,0.62,0.45911047345767575,0.56,0.5,0.3221819931748269,0.5517241379310345
restaurant_logo,subjectwise,deepconvnet,4,S14,0.5336679339408874,28,0,-0.14871794871794872,-0.14871794871794863,0.4256410256410257,0.5202181030756883,0.4461538461538461,0.4256410256410257,0.4666666666666667,0.38461538461538464,0.07269778776736491,0.42857142857142855
restaurant_logo,subjectwise,deepconvnet,4,S15,0.7689652210474014,28,0,-0.2708333333333333,-0.26,0.36458333333333337,0.5226827052054412,0.31770833333333337,0.35714285714285715,0.3125,0.4166666666666667,0.30362030961329023,0.35714285714285715
restaurant_logo,subjectwise,deepconvnet,4,S2,0.5336679339408874,30,0,-0.14433756729740643,-0.1428571428571428,0.4305555555555556,0.5901142706760835,0.375,0.4258373205741627,0.6111111111111112,0.25,0.04134198427200327,0.4666666666666667
restaurant_logo,subjectwise,deepconvnet,4,S3,0.5487727936108907,26,0,-0.18516401995451032,-0.07643312101910826,0.26,0.9438232113513982,0.2,0.3333333333333333,0.52,0.0,0.4103787598701623,0.5
restaurant_logo,subjectwise,deepconvnet,4,S4,0.7689652210474014,30,0,-0.3333333333333333,-0.2666666666666666,0.36666666666666664,0.4151448403109043,0.3466666666666666,0.304029304029304,0.06666666666666667,0.6666666666666666,0.30247071608901027,0.36666666666666664
restaurant_logo,subjectwise,deepconvnet,4,S5,0.6274537907044092,30,0,-0.06324555320336758,-0.036363636363636154,0.47500000000000003,0.715642660408645,0.575,0.34857142857142853,0.15,0.8,0.16760419209798183,0.36666666666666664
restaurant_logo,subjectwise,deepconvnet,4,S6,0.5690677543481192,30,0,-0.008988968316207744,-0.008968609865470878,0.4955357142857143,0.5318442676789278,0.4642857142857143,0.4949494949494949,0.5625,0.42857142857142855,0.13811369571420878,0.5
restaurant_logo,subjectwise,deepconvnet,4,S7,0.5690677543481192,30,0,-0.11952286093343936,-0.10526315789473673,0.4107142857142857,0.9656605138761389,0.5892857142857143,0.4339622641509434,0.8214285714285714,0.0,0.335891181230545,0.7666666666666667
restaurant_logo,subjectwise,deepconvnet,4,S8,0.6274537907044092,30,0,-0.09449111825230681,-0.09090909090909083,0.45535714285714285,0.5394630095536681,0.4330357142857143,0.4444444444444444,0.625,0.2857142857142857,0.13210614406400245,0.4666666666666667
restaurant_logo,subjectwise,deepconvnet,4,S9,0.5487727936108907,30,0,-0.0890870806374748,-0.08695652173913038,0.45238095238095233,0.7821163829982638,0.4920634920634921,0.45054945054945056,0.5714285714285714,0.3333333333333333,0.13899855117003115,0.5
restaurant_logo,subjectwise,eegnet,0,S1,0.4871513823668162,30,0,0.19851666679418603,0.07582938388625593,0.5357142857142857,0.5195467506459989,0.4955357142857143,0.4222222222222222,1.0,0.07142857142857142,0.033568126956621785,0.5666666666666667
restaurant_logo,subjectwise,eegnet,0,S10,0.5033574755986532,29,0,-0.09094160465856899,-0.08478802992518708,0.4494047619047619,0.6898498327269712,0.47619047619047616,0.44015444015444016,0.5238095238095238,0.375,0.21978140493919102,0.4827586206896552
restaurant_logo,subjectwise,eegnet,0,S11,0.5240633130073548,30,0,-0.11145564251507058,-0.07547169811320753,0.44999999999999996,0.6821992154051356,0.56,0.3602693602693603,0.2,0.7,0.2569372775964439,0.36666666666666664
restaurant_logo,subjectwise,eegnet,0,S12,0.5240633130073548,30,0,0.1749635530559413,0.05940594059405957,0.6607142857142857,0.9785005382511469,0.7321428571428571,0.3301997649823737,0.32142857142857145,1.0,0.4474468225483887,0.36666666666666664
restaurant_logo,subjectwise,eegnet,0,S13,0.5056596204638482,29,0,0.24688535993934707,0.1149012567324954,0.66,0.9167271571071935,0.55,0.40242424242424246,0.32,1.0,0.36092423399289447,0.41379310344827586
restaurant_logo,subjectwise,eegnet,0,S14,0.5056596204638482,28,0,-0.12403473458920847,-0.10344827586206895,0.4461538461538461,0.49865030031696694,0.44102564102564096,0.40106951871657753,0.2,0.6923076923076923,0.03528621757314318,0.42857142857142855
restaurant_logo,subjectwise,eegnet,0,S15,0.5033574755986532,28,0,-0.2708333333333333,-0.26,0.36458333333333337,0.575240079214264,0.38541666666666663,0.35714285714285715,0.3125,0.4166666666666667,0.06863711171206979,0.35714285714285715
restaurant_logo,subjectwise,eegnet,0,S2,0.5056596204638482,30,0,0.4330127018922193,0.375,0.7083333333333333,0.8449397714948763,0.7175925925925927,0.6651785714285714,0.5,0.9166666666666666,0.1919222325086594,0.6666666666666666
restaurant_logo,subjectwise,eegnet,0,S3,0.4971404413382213,26,0,-0.25298221281347033,-0.07804878048780473,0.18,0.8858232113513982,0.0,0.2571428571428571,0.36,0.0,0.4670760379387782,0.34615384615384615
restaurant_logo,subjectwise,eegnet,0,S4,0.5033574755986532,30,0,0.06917144638660747,0.06666666666666665,0.5333333333333333,0.6082756033553135,0.5466666666666666,0.5248868778280543,0.6666666666666666,0.4,0.012971549895074574,0.5333333333333333
restaurant_logo,subjectwise,eegnet,0,S5,0.4871513823668162,30,0,0.06324555320336758,0.05714285714285727,0.525,0.7607431958099194,0.575,0.5111111111111111,0.85,0.2,0.17130325006114117,0.6333333333333333
restaurant_logo,subjectwise,eegnet,0,S6,0.5240633130073548,30,0,0.2588158533262875,0.25339366515837114,0.625,0.7914934337846238,0.75,0.6228571428571429,0.75,0.5,0.11018464863300322,0.6333333333333333
restaurant_logo,subjectwise,eegnet,0,S7,0.4871513823668162,30,0,0.6813851438692469,0.6341463414634146,0.9642857142857143,0.9974929627023222,0.9642857142857143,0.8148148148148148,0.9285714285714286,1.0,0.4363016833861668,0.9333333333333333
restaurant_logo,subjectwise,eegnet,0,S8,0.4971404413382213,30,0,-0.07142857142857142,-0.0714285714285714,0.4642857142857143,0.5405004019073546,0.4642857142857143,0.4642857142857143,0.5,0.42857142857142855,0.036120509770181455,0.4666666666666667
restaurant_logo,subjectwise,eegnet,0,S9,0.4971404413382213,30,0,-0.04528334128517262,-0.04477611940298498,0.47619047619047616,0.6923192886800436,0.44973544973544977,0.475,0.6190476190476191,0.3333333333333333,0.19929560456011036,0.5333333333333333
restaurant_logo,subjectwise,eegnet,1,S1,0.5095777841409047,30,0,0.26068008117002456,0.2600896860986547,0.6294642857142857,0.6868284071348163,0.6160714285714285,0.6296296296296295,0.6875,0.5714285714285714,0.05469363199339969,0.6333333333333333
restaurant_logo,subjectwise,eegnet,1,S10,0.507464336156845,29,0,0.09094160465856899,0.07727272727272727,0.5505952380952381,0.833188591101452,0.6845238095238095,0.5024509803921569,0.47619047619047616,0.625,0.22181766334621392,0.5172413793103449
restaurant_logo,subjectwise,eegnet,1,S11,0.5095777841409047,30,0,0.04724555912615341,0.045454545454545525,0.525,0.7679846523418546,0.635,0.513888888888889,0.55,0.5,0.1556530283557043,0.5333333333333333
restaurant_logo,subjectwise,eegnet,1,S12,0.5095777841409047,30,0,0.07394738666465356,0.046242774566474076,0.5714285714285714,0.8918896808157099,0.4642857142857143,0.45990180032733224,0.6428571428571429,0.5,0.42401431442962756,0.6333333333333333
restaurant_logo,subjectwise,eegnet,1,S13,0.5029505260785421,29,0,0.1924870958045813,0.1899441340782123,0.585,0.9423848408596545,0.7,0.5938375350140056,0.92,0.25,0.34598893954836096,0.8275862068965517
restaurant_logo,subjectwise,eegnet,1,S14,0.5029505260785421,28,0,-0.17541160386140583,-0.12903225806451624,0.43846153846153846,0.5225336014100317,0.4358974358974359,0.36651583710407243,0.8,0.07692307692307693,0.05486644414209181,0.4642857142857143
restaurant_logo,subjectwise,eegnet,1,S15,0.507464336156845,28,0,-0.25332019855244947,-0.25263157894736854,0.375,0.4445463327344721,0.234375,0.3728590250329381,0.5,0.25,0.12770384372699833,0.39285714285714285
restaurant_logo,subjectwise,eegnet,1,S2,0.5029505260785421,30,0,-0.0890870806374748,-0.08695652173913038,0.4583333333333333,0.5271577605695956,0.37037037037037035,0.45054945054945056,0.6666666666666666,0.25,0.08866116305192306,0.5
restaurant_logo,subjectwise,eegnet,1,S3,0.5259760841727257,26,0,-0.2160246899469287,-0.07734806629834257,0.22,0.9438232113513982,0.2,0.2972972972972973,0.44,0.0,0.4385521274346573,0.4230769230769231
restaurant_logo,subjectwise,eegnet,1,S4,0.507464336156845,30,0,0.1414213562373095,0.1333333333333333,0.5666666666666667,0.7385667770706135,0.7066666666666667,0.5542857142857143,0.7333333333333333,0.4,0.04176632000340359,0.5666666666666667
restaurant_logo,subjectwise,eegnet,1,S5,0.5191323806842169,30,0,0.09449111825230681,0.08695652173913038,0.55,0.7077695388650471,0.48,0.5248868778280543,0.5,0.6,0.1564484751886792,0.5333333333333333
restaurant_logo,subjectwise,eegnet,1,S6,0.5191323806842169,30,0,-0.0625,-0.06194690265486735,0.46875,0.5790571813384947,0.5178571428571428,0.4666666666666667,0.4375,0.5,0.017484941416316624,0.4666666666666667
restaurant_logo,subjectwise,eegnet,1,S7,0.5191323806842169,30,0,0.14744195615489714,0.04255319148936154,0.625,0.9730968896122041,0.6785714285714286,0.28,0.25,1.0,0.4246533013052409,0.3
restaurant_logo,subjectwise,eegnet,1,S8,0.5259760841727257,30,0,0.09449111825230681,0.08695652173913038,0.5446428571428572,0.5848607830336405,0.5714285714285714,0.5248868778280543,0.375,0.7142857142857143,0.04543931848473011,0.5333333333333333
restaurant_logo,subjectwise,eegnet,1,S9,0.5259760841727257,30,0,0.04528334128517262,0.03614457831325313,0.5238095238095237,0.6807896918756197,0.5026455026455026,0.4642857142857143,0.38095238095238093,0.6666666666666666,0.17967134846581356,0.4666666666666667
restaurant_logo,subjectwise,eegnet,2,S1,0.490313338637352,30,0,-0.1749635530559413,-0.1643835616438356,0.41964285714285715,0.539020248918581,0.375,0.40070505287896596,0.625,0.21428571428571427,0.04497619271278374,0.43333333333333335
restaurant_logo,subjectwise,eegnet,2,S10,0.503255037466685,29,0,-0.1330992843749875,-0.12077294685990347,0.4255952380952381,0.7663434106542966,0.4642857142857143,0.41414141414141414,0.47619047619047616,0.375,0.21972848800407058,0.4482758620689655
restaurant_logo,subjectwise,eegnet,2,S11,0.490313338637352,30,0,0.1386750490563073,0.11764705882352933,0.55,0.8051112933083124,0.615,0.5341614906832298,0.9,0.2,0.1507471630970638,0.6666666666666666
restaurant_logo,subjectwise,eegnet,2,S12,0.509831505616506,30,0,0.2033553133277973,0.07942238267148027,0.6964285714285714,0.9730968896122041,0.6785714285714286,0.3772893772893773,0.39285714285714285,1.0,0.4535839366830058,0.43333333333333335
restaurant_logo,subjectwise,eegnet,2,S13,0.4958349148432414,29,0,0.10660035817780522,0.06072874493927127,0.575,0.9059345216570134,0.54,0.41414141414141414,0.4,0.75,0.3786767628686182,0.4482758620689655
restaurant_logo,subjectwise,eegnet,2,S14,0.509831505616506,28,0,0.027381336560563567,0.02487562189054726,0.5128205128205128,0.5414094720209272,0.5282051282051282,0.48958333333333337,0.3333333333333333,0.6923076923076923,0.09448469749518808,0.5
restaurant_logo,subjectwise,eegnet,2,S15,0.503255037466685,28,0,0.25103950552320115,0.23913043478260865,0.6145833333333334,0.5508536228205346,0.5208333333333333,0.6111111111111112,0.8125,0.4166666666666667,0.1064669273438908,0.6428571428571429
restaurant_logo,subjectwise,eegnet,2,S2,0.4958349148432414,30,0,-0.13608276348795434,-0.1333333333333333,0.4305555555555556,0.5744106949685501,0.47685185185185175,0.4276094276094276,0.4444444444444444,0.4166666666666667,0.1212355580594805,0.43333333333333335
restaurant_logo,subjectwise,eegnet,2,S3,0.5461172338326772,26,0,0.13333333333333333,0.034934497816593746,0.66,1.0,1.0,0.29505582137161085,0.32,1.0,0.4717265505057115,0.34615384615384615
restaurant_logo,subjectwise,eegnet,2,S4,0.503255037466685,30,0,0.20180183819889375,0.19999999999999996,0.6,0.5349904164064692,0.56,0.5982142857142857,0.6666666666666666,0.5333333333333333,0.13741360737217795,0.6
restaurant_logo,subjectwise,eegnet,2,S5,0.509831505616506,30,0,0.12649110640673517,0.07272727272727286,0.55,0.7634298884390673,0.585,0.41714285714285715,0.2,0.9,0.18397438294357726,0.43333333333333335
restaurant_logo,subjectwise,eegnet,2,S6,0.5461172338326772,30,0,0.21821789023599236,0.21052631578947367,0.6071428571428572,0.6582360637838414,0.5982142857142857,0.5982142857142857,0.5,0.7142857142857143,0.026833330425951263,0.6
restaurant_logo,subjectwise,eegnet,2,S7,0.490313338637352,30,0,0.48445214165180484,0.3801652892561983,0.9107142857142857,0.9976190476190476,0.9642857142857143,0.673202614379085,0.8214285714285714,1.0,0.434954951206843,0.8333333333333334
restaurant_logo,subjectwise,eegnet,2,S8,0.4958349148432414,30,0,0.0625,0.0625,0.53125,0.605346401964049,0.5401785714285714,0.53125,0.5625,0.5,0.06932805445459155,0.5333333333333333
restaurant_logo,subjectwise,eegnet,2,S9,0.5461172338326772,30,0,-0.2182178902359924,-0.19999999999999996,0.38095238095238093,0.708049328744345,0.4391534391534392,0.375,0.42857142857142855,0.3333333333333333,0.1717090437809627,0.4
restaurant_logo,subjectwise,eegnet,3,S1,0.4879969815413157,30,0,0.040291148201269014,0.03669724770642213,0.5178571428571428,0.5589508467860829,0.4732142857142857,0.49760765550239233,0.75,0.2857142857142857,0.07707634833123944,0.5333333333333333
restaurant_logo,subjectwise,eegnet,3,S10,0.4793512074152629,29,0,0.12313775728090239,0.09185803757828814,0.5654761904761905,0.8327392479556106,0.5833333333333333,0.48028673835125446,0.38095238095238093,0.75,0.2813533813446418,0.4827586206896552
restaurant_logo,subjectwise,eegnet,3,S11,0.4930330936113993,30,0,0.2,0.16000000000000003,0.6000000000000001,0.8097988520559782,0.695,0.5333333333333333,0.4,0.8,0.17740427090062033,0.5333333333333333
restaurant_logo,subjectwise,eegnet,3,S12,0.4879969815413157,30,0,0.3056249227510633,0.17085427135678388,0.8035714285714286,0.9891776980208656,0.8571428571428572,0.5111111111111111,0.6071428571428571,1.0,0.4403255565298928,0.6333333333333333
restaurant_logo,subjectwise,eegnet,3,S13,0.481422730286916,29,0,0.15947630641475338,0.10176991150442471,0.615,0.9215616718603246,0.59,0.46578947368421053,0.48,0.75,0.3839053751408369,0.5172413793103449
restaurant_logo,subjectwise,eegnet,3,S14,0.4930330936113993,28,0,0.09607689228305229,0.08999999999999997,0.5461538461538462,0.6534531651922956,0.5692307692307692,0.5303225806451612,0.4,0.6923076923076923,0.04630021999279663,0.5357142857142857
restaurant_logo,subjectwise,eegnet,3,S15,0.4793512074152629,28,0,-0.35143174800275734,-0.3434343434343434,0.32291666666666663,0.4654459638546494,0.3125,0.3205619412515964,0.3125,0.3333333333333333,0.179483154256429,0.32142857142857145
restaurant_logo,subjectwise,eegnet,3,S2,0.481422730286916,30,0,-0.1846372364689991,-0.17647058823529393,0.41666666666666663,0.5171580302802294,0.3564814814814815,0.4,0.6666666666666666,0.16666666666666666,0.11956277522775863,0.4666666666666667
restaurant_logo,subjectwise,eegnet,3,S3,0.4860112810134887,26,0,0.17126976771553504,0.05699481865284972,0.72,0.9984615384615385,0.96,0.3680555555555556,0.44,1.0,0.4795713676856115,0.46153846153846156
restaurant_logo,subjectwise,eegnet,3,S4,0.4793512074152629,30,0,-0.19611613513818404,-0.1333333333333333,0.43333333333333335,0.46041181384834634,0.4488888888888889,0.3453145057766367,0.06666666666666667,0.8,0.23090418887635067,0.43333333333333335
restaurant_logo,subjectwise,eegnet,3,S5,0.4879969815413157,30,0,0.0,0.0,0.5,0.7347500330129642,0.535,0.4857142857142857,0.5,0.5,0.17812852693928616,0.5
restaurant_logo,subjectwise,eegnet,3,S6,0.4860112810134887,30,0,0.2588158533262875,0.25339366515837114,0.625,0.6758815255986901,0.65625,0.6228571428571429,0.75,0.5,0.12092041108343338,0.6333333333333333
restaurant_logo,subjectwise,eegnet,3,S7,0.4930330936113993,30,0,0.2033553133277973,0.07942238267148027,0.6964285714285714,0.9947965850059446,0.9285714285714286,0.3772893772893773,0.39285714285714285,1.0,0.44237171510855366,0.43333333333333335
restaurant_logo,subjectwise,eegnet,3,S8,0.481422730286916,30,0,-0.08183170883849714,-0.08108108108108092,0.4598214285714286,0.559373692333885,0.4464285714285714,0.4570135746606335,0.5625,0.35714285714285715,0.04111733933289846,0.4666666666666667
restaurant_logo,subjectwise,eegnet,3,S9,0.4860112810134887,30,0,0.16146816171752817,0.15492957746478864,0.5873015873015873,0.7405403028167066,0.5343915343915344,0.569377990430622,0.6190476190476191,0.5555555555555556,0.21050254470772212,0.6
restaurant_logo,subjectwise,eegnet,4,S1,0.4948543839653333,30,0,0.03340765523905305,0.02777777777777768,0.5133928571428571,0.5556264760144072,0.5223214285714286,0.475,0.8125,0.21428571428571427,0.022768126924832578,0.5333333333333333
restaurant_logo,subjectwise,eegnet,4,S10,0.4980393292506536,29,0,0.1927288333795226,0.19195046439628483,0.5922619047619048,0.8895351747670173,0.6904761904761905,0.5953488372093023,0.8095238095238095,0.375,0.218711413186172,0.6896551724137931
restaurant_logo,subjectwise,eegnet,4,S11,0.5032421251138052,30,0,-0.06933752452815364,-0.05882352941176472,0.475,0.6367456059266405,0.48,0.4409937888198757,0.85,0.1,0.14897320734130018,0.6
restaurant_logo,subjectwise,eegnet,4,S12,0.4872956462701162,30,0,0.14101901870444156,0.10447761194029848,0.625,0.9792526855586405,0.7678571428571428,0.52,0.75,0.5,0.4310984217458301,0.7333333333333333
restaurant_logo,subjectwise,eegnet,4,S13,0.5101871573925019,29,0,0.041602514716892185,0.03084832904884327,0.53,0.8568143599130125,0.46,0.45911047345767575,0.56,0.5,0.3496486311671378,0.5517241379310345
restaurant_logo,subjectwise,eegnet,4,S14,0.5101871573925019,28,0,-0.3949827793858816,-0.3854166666666665,0.31025641025641026,0.40672456099494286,0.22564102564102564,0.29907773386034253,0.4666666666666667,0.15384615384615385,0.05277300555081584,0.32142857142857145
restaurant_logo,subjectwise,eegnet,4,S15,0.4980393292506536,28,0,-0.24019223070763068,-0.13953488372093026,0.4375,0.5202974523966372,0.36979166666666663,0.3333333333333333,0.875,0.0,0.05810581892728813,0.5
restaurant_logo,subjectwise,eegnet,4,S2,0.5101871573925019,30,0,-0.13608276348795434,-0.1333333333333333,0.4305555555555556,0.6073421109974873,0.44907407407407407,0.4276094276094276,0.4444444444444444,0.4166666666666667,0.09103575613763606,0.43333333333333335
restaurant_logo,subjectwise,eegnet,4,S3,0.4948543839653333,26,0,0.18516401995451032,0.06629834254143652,0.74,1.0,1.0,0.390990990990991,0.48,1.0,0.46740972422636473,0.5
restaurant_logo,subjectwise,eegnet,4,S4,0.4980393292506536,30,0,0.07881104062391008,0.06666666666666665,0.5333333333333333,0.6083030549697216,0.6622222222222223,0.49760765550239233,0.8,0.26666666666666666,0.08342463705274789,0.5333333333333333
restaurant_logo,subjectwise,eegnet,4,S5,0.4872956462701162,30,0,-0.4242640687119285,-0.3999999999999999,0.275,0.5186629428323675,0.2,0.28,0.35,0.2,0.26424358752038746,0.3
restaurant_logo,subjectwise,eegnet,4,S6,0.5032421251138052,30,0,0.19851666679418603,0.07582938388625593,0.5357142857142857,0.6576002129530741,0.6473214285714285,0.4222222222222222,1.0,0.07142857142857142,0.017961572938495207,0.5666666666666667
restaurant_logo,subjectwise,eegnet,4,S7,0.5032421251138052,30,0,-0.0890870806374748,-0.0869565217391306,0.44642857142857145,0.9531619837623391,0.4821428571428571,0.45454545454545453,0.8928571428571429,0.0,0.4208782937791613,0.8333333333333334
restaurant_logo,subjectwise,eegnet,4,S8,0.4872956462701162,30,0,-0.04212627318711346,-0.03686635944700467,0.48214285714285715,0.6330166390019276,0.5491071428571429,0.45054945054945056,0.75,0.21428571428571427,0.02517599562803905,0.5
restaurant_logo,subjectwise,eegnet,4,S9,0.4948543839653333,30,0,0.20634920634920634,0.20634920634920628,0.6031746031746031,0.7029028938904414,0.46031746031746035,0.6031746031746031,0.7619047619047619,0.4444444444444444,0.19040621121724446,0.6666666666666666
restaurant_logo,subjectwise,logreg,0,S1,0.4679949516057968,30,0,-0.3118047822311618,-0.19718309859154926,0.40625,0.7159146314715734,0.5357142857142857,0.3023255813953488,0.8125,0.0,0.31340251716666667,0.43333333333333335
restaurant_logo,subjectwise,logreg,0,S10,0.5094525575637818,29,0,0.16786059681442292,0.10424710424710426,0.5803571428571428,0.8447642397705184,0.6071428571428571,0.4476190476190476,0.2857142857142857,0.875,0.2955698877586207,0.4482758620689655
restaurant_logo,subjectwise,logreg,0,S11,0.5845801532268524,30,0,0.3805211953235953,0.37209302325581395,0.7,0.8419631228426241,0.74,0.6827262044653349,0.7,0.7,0.09210256199999997,0.7
restaurant_logo,subjectwise,logreg,0,S12,0.5845801532268524,30,0,0.14744195615489714,0.04255319148936154,0.625,0.9797724145230231,0.75,0.28,0.25,1.0,0.5372294893333333,0.3
restaurant_logo,subjectwise,logreg,0,S13,0.5319588911533356,29,0,0.20430156738209967,0.08013355592654425,0.62,0.9248609553884006,0.6499999999999999,0.34169653524492233,0.24,1.0,0.5351806494482759,0.3448275862068966
restaurant_logo,subjectwise,logreg,0,S14,0.5319588911533356,28,0,-0.015710251796769326,-0.015544041450777035,0.49230769230769234,0.7705700483091786,0.6461538461538462,0.48958333333333337,0.6,0.38461538461538464,0.26436483949999995,0.5
restaurant_logo,subjectwise,logreg,0,S15,0.5094525575637818,28,0,0.22821773229381923,0.1923076923076923,0.6041666666666667,0.6485396095450443,0.5833333333333333,0.5625,0.375,0.8333333333333334,0.25650080353571425,0.5714285714285714
restaurant_logo,subjectwise,logreg,0,S2,0.5319588911533356,30,0,0.5773502691896257,0.5,0.7777777777777778,0.9658007197480882,0.9351851851851852,0.7321428571428572,0.5555555555555556,1.0,0.1910550552,0.7333333333333333
restaurant_logo,subjectwise,logreg,0,S3,0.5796569132804871,26,0,-0.25298221281347033,-0.07804878048780473,0.18,0.9438232113513982,0.2,0.2571428571428571,0.36,0.0,0.4728854930769232,0.34615384615384615
restaurant_logo,subjectwise,logreg,0,S4,0.5094525575637818,30,0,0.0,0.0,0.5,0.6213293418732014,0.5688888888888889,0.4949494949494949,0.6,0.4,0.2514071453333333,0.5
restaurant_logo,subjectwise,logreg,0,S5,0.4679949516057968,30,0,0.0,0.0,0.5,0.8497208945269292,0.69,0.4,1.0,0.0,0.3150710010000001,0.6666666666666666
restaurant_logo,subjectwise,logreg,0,S6,0.5845801532268524,30,0,0.600099198148979,0.5945945945945946,0.7946428571428572,0.9504532163742689,0.9241071428571428,0.7963800904977376,0.875,0.7142857142857143,0.18563414866666667,0.8
restaurant_logo,subjectwise,logreg,0,S7,0.4679949516057968,30,0,-0.07142857142857142,-0.0714285714285714,0.4642857142857143,0.895024620425396,0.30357142857142855,0.4642857142857143,0.9285714285714286,0.0,0.16716786533333342,0.8666666666666667
restaurant_logo,subjectwise,logreg,0,S8,0.5796569132804871,30,0,-0.03340765523905305,-0.02564102564102555,0.48660714285714285,0.583573994346687,0.4732142857142857,0.4258373205741627,0.1875,0.7857142857142857,0.28579336536666666,0.4666666666666667
restaurant_logo,subjectwise,logreg,0,S9,0.5796569132804871,30,0,-0.20634920634920634,-0.149425287356322,0.39682539682539686,0.686440156030188,0.4603174603174603,0.3333333333333333,0.23809523809523808,0.5555555555555556,0.42455398933333327,0.3333333333333333
restaurant_logo,subjectwise,logreg,1,S1,0.5534349250793457,30,0,-0.236227795630767,-0.22727272727272707,0.38839285714285715,0.6731433329601433,0.48214285714285715,0.375,0.5625,0.21428571428571427,0.3635485523333333,0.4
restaurant_logo,subjectwise,logreg,1,S10,0.4456454133987427,29,0,-0.21932975241184285,-0.1863636363636363,0.37797619047619047,0.714129261498913,0.40476190476190477,0.3602941176470588,0.38095238095238093,0.375,0.32361429448275864,0.3793103448275862
restaurant_logo,subjectwise,logreg,1,S11,0.5534349250793457,30,0,0.37796447300922725,0.2500000000000001,0.6,0.7837788689825305,0.64,0.5833333333333334,1.0,0.2,0.26090898599999995,0.7333333333333333
restaurant_logo,subjectwise,logreg,1,S12,0.5534349250793457,30,0,0.16116459280507606,0.05063291139240522,0.6428571428571428,0.9697516006419151,0.6785714285714286,0.3055555555555555,0.2857142857142857,1.0,0.5775113279733333,0.3333333333333333
restaurant_logo,subjectwise,logreg,1,S13,0.5553824973106385,29,0,0.18257418583505536,0.06451612903225812,0.6,0.9523957201574904,0.72,0.30952380952380953,0.2,1.0,0.4942573679310344,0.3103448275862069
restaurant_logo,subjectwise,logreg,1,S14,0.5553824973106385,28,0,0.005128205128205128,0.005076142131979822,0.5025641025641026,0.7087172304819362,0.6051282051282052,0.5,0.4666666666666667,0.5384615384615384,0.20866717357142858,0.5
restaurant_logo,subjectwise,logreg,1,S15,0.4456454133987427,28,0,0.13245323570650439,0.1165048543689321,0.5625,0.6448185699104817,0.578125,0.5303225806451612,0.375,0.75,0.23977887132142855,0.5357142857142857
restaurant_logo,subjectwise,logreg,1,S2,0.5553824973106385,30,0,0.5773502691896257,0.5,0.7777777777777778,0.9306254103080729,0.8796296296296297,0.7321428571428572,0.5555555555555556,1.0,0.22510891223333337,0.7333333333333333
restaurant_logo,subjectwise,logreg,1,S3,0.5646994113922119,26,0,-0.25298221281347033,-0.07804878048780473,0.18,0.9629819415101284,0.36,0.2571428571428571,0.36,0.0,0.48956602596153853,0.34615384615384615
restaurant_logo,subjectwise,logreg,1,S4,0.4456454133987427,30,0,0.0,0.0,0.5,0.6253492440747341,0.6133333333333333,0.4857142857142857,0.6666666666666666,0.3333333333333333,0.27394600099999994,0.5
restaurant_logo,subjectwise,logreg,1,S5,0.5878480076789856,30,0,0.17677669529663687,0.16666666666666663,0.575,0.8679489720276337,0.725,0.5738636363636364,0.85,0.3,0.11261994453333335,0.6666666666666666
restaurant_logo,subjectwise,logreg,1,S6,0.5878480076789856,30,0,0.6446583712203042,0.5871559633027523,0.7857142857142857,0.8753872098081656,0.8705357142857142,0.784688995215311,1.0,0.5714285714285714,0.18987131166666663,0.8
restaurant_logo,subjectwise,logreg,1,S7,0.5878480076789856,30,0,0.16850509274845385,0.1322314049586777,0.6428571428571428,0.9072466783155644,0.4464285714285714,0.542483660130719,0.7857142857142857,0.5,0.19768411366666666,0.7666666666666667
restaurant_logo,subjectwise,logreg,1,S8,0.5646994113922119,30,0,-0.1913829539560278,-0.16379310344827602,0.41517857142857145,0.5783952540620876,0.46875,0.375,0.1875,0.6428571428571429,0.29393558896666666,0.4
restaurant_logo,subjectwise,logreg,1,S9,0.5646994113922119,30,0,-0.047619047619047616,-0.034482758620689724,0.47619047619047616,0.7193209466340824,0.4814814814814815,0.4,0.2857142857142857,0.6666666666666666,0.39033857213333334,0.4
restaurant_logo,subjectwise,logreg,2,S1,0.4622340160608292,30,0,0.0625,0.0625,0.53125,0.7193911691883983,0.5446428571428572,0.53125,0.5625,0.5,0.24323437316666668,0.5333333333333333
restaurant_logo,subjectwise,logreg,2,S10,0.5094525575637818,29,0,0.16786059681442292,0.10424710424710426,0.5803571428571428,0.8447642397705184,0.6071428571428571,0.4476190476190476,0.2857142857142857,0.875,0.2955698877586207,0.4482758620689655
restaurant_logo,subjectwise,logreg,2,S11,0.4622340160608292,30,0,0.09449111825230681,0.06250000000000011,0.525,0.8964075930455244,0.785,0.47916666666666663,0.95,0.1,0.209138438,0.6666666666666666
restaurant_logo,subjectwise,logreg,2,S12,0.4903894305229187,30,0,0.05455447255899809,0.03225806451612889,0.5535714285714286,0.9751977299483385,0.6964285714285714,0.4409937888198757,0.6071428571428571,0.5,0.35246269133333324,0.6
restaurant_logo,subjectwise,logreg,2,S13,0.5532179164886475,29,0,0.1358732440973515,0.03625377643504546,0.56,0.9372236980694095,0.64,0.24047619047619045,0.12,1.0,0.5678018174827586,0.2413793103448276
restaurant_logo,subjectwise,logreg,2,S14,0.4903894305229187,28,0,-0.13712555853457373,-0.1170212765957448,0.44358974358974357,0.6236445716688234,0.45641025641025634,0.40256045519203415,0.7333333333333333,0.15384615384615385,0.3267446114285714,0.4642857142857143
restaurant_logo,subjectwise,logreg,2,S15,0.5094525575637818,28,0,0.22821773229381923,0.1923076923076923,0.6041666666666667,0.6485396095450443,0.5833333333333333,0.5625,0.375,0.8333333333333334,0.25650080353571425,0.5714285714285714
restaurant_logo,subjectwise,logreg,2,S2,0.5532179164886475,30,0,0.5773502691896257,0.5,0.7777777777777778,0.9820747520976356,0.9675925925925926,0.7321428571428572,0.5555555555555556,1.0,0.21573218460000004,0.7333333333333333
restaurant_logo,subjectwise,logreg,2,S3,0.6020388841629029,26,0,-0.18516401995451032,-0.07643312101910826,0.26,0.9699516384798255,0.44,0.3333333333333333,0.52,0.0,0.3264683053846154,0.5
restaurant_logo,subjectwise,logreg,2,S4,0.5094525575637818,30,0,0.0,0.0,0.5,0.6213293418732014,0.5688888888888889,0.4949494949494949,0.6,0.4,0.2514071453333333,0.5
restaurant_logo,subjectwise,logreg,2,S5,0.4903894305229187,30,0,0.3466876226407682,0.2941176470588235,0.625,0.8854712031361649,0.75,0.6273291925465838,0.95,0.3,0.1847975773333333,0.7333333333333333
restaurant_logo,subjectwise,logreg,2,S6,0.6020388841629029,30,0,0.600099198148979,0.5945945945945946,0.7946428571428572,0.9540407154764741,0.9419642857142857,0.7963800904977376,0.875,0.7142857142857143,0.19382130499999997,0.8
restaurant_logo,subjectwise,logreg,2,S7,0.4622340160608292,30,0,0.16850509274845385,0.1322314049586777,0.6428571428571428,0.9120837929433193,0.5178571428571429,0.542483660130719,0.7857142857142857,0.5,0.30921299666666663,0.7666666666666667
restaurant_logo,subjectwise,logreg,2,S8,0.5532179164886475,30,0,0.08183170883849714,0.07894736842105254,0.5401785714285714,0.7060929997149571,0.5669642857142858,0.53125,0.4375,0.6428571428571429,0.22001995153333334,0.5333333333333333
restaurant_logo,subjectwise,logreg,2,S9,0.6020388841629029,30,0,-0.047619047619047616,-0.034482758620689724,0.47619047619047616,0.742728997430582,0.47089947089947093,0.4,0.2857142857142857,0.6666666666666666,0.3546504946666666,0.4
restaurant_logo,subjectwise,logreg,3,S1,0.5845106840133667,30,0,-0.30066889715147743,-0.2500000000000002,0.3794642857142857,0.6748167048780804,0.4419642857142857,0.325,0.6875,0.07142857142857142,0.4520704916666667,0.4
restaurant_logo,subjectwise,logreg,3,S10,0.6331029951572418,29,0,0.12478414765452428,0.07156308851224102,0.5565476190476191,0.7928825317787942,0.5,0.41099163679808837,0.23809523809523808,0.875,0.3153766368965517,0.41379310344827586
restaurant_logo,subjectwise,logreg,3,S11,0.5834877395629883,30,0,0.23782574707724705,0.2325581395348837,0.625,0.8359182691885532,0.71,0.6122209165687427,0.65,0.6,0.15440318233333333,0.6333333333333333
restaurant_logo,subjectwise,logreg,3,S12,0.5845106840133667,30,0,0.25,0.11764705882352944,0.75,0.9872122176309368,0.8214285714285714,0.4444444444444444,0.5,1.0,0.44645941496666663,0.5333333333333333
restaurant_logo,subjectwise,logreg,3,S13,0.5457313895225525,29,0,0.10886621079036346,0.02342606149341131,0.54,0.9546014419719079,0.74,0.2031063321385902,0.08,1.0,0.6203939271724138,0.20689655172413793
restaurant_logo,subjectwise,logreg,3,S14,0.5834877395629883,28,0,-0.09095880536541953,-0.059459459459459296,0.4717948717948718,0.7273490460157126,0.6102564102564103,0.3875,0.8666666666666667,0.07692307692307693,0.3102678071428571,0.5
restaurant_logo,subjectwise,logreg,3,S15,0.6331029951572418,28,0,0.34426518632954817,0.31372549019607854,0.6666666666666667,0.6805788603703657,0.65625,0.641025641025641,0.5,0.8333333333333334,0.12887880928571427,0.6428571428571429
restaurant_logo,subjectwise,logreg,3,S2,0.5457313895225525,30,0,0.338869496834943,0.30379746835443044,0.6666666666666667,0.816834220226893,0.7453703703703703,0.6329254727474972,0.5,0.8333333333333334,0.2121253239,0.6333333333333333
restaurant_logo,subjectwise,logreg,3,S3,0.4405612730979919,26,0,0.2748737083745107,0.1404958677685949,0.8400000000000001,0.9877327976371455,0.72,0.5047619047619047,0.68,1.0,0.4059689215384616,0.6923076923076923
restaurant_logo,subjectwise,logreg,3,S4,0.6331029951572418,30,0,0.2182178902359924,0.19999999999999996,0.6000000000000001,0.6078872559802219,0.5733333333333334,0.5833333333333333,0.4,0.8,0.2070265236666667,0.6
restaurant_logo,subjectwise,logreg,3,S5,0.5845106840133667,30,0,0.4,0.4,0.7,0.8985126982671998,0.7999999999999999,0.7,0.8,0.6,0.08090773966666667,0.7333333333333333
restaurant_logo,subjectwise,logreg,3,S6,0.4405612730979919,30,0,0.43179430016791304,0.37788018433179715,0.6830357142857143,0.7944864172742462,0.7589285714285714,0.6703296703296704,0.9375,0.42857142857142855,0.13062549013333333,0.7
restaurant_logo,subjectwise,logreg,3,S7,0.5834877395629883,30,0,0.017857142857142856,0.009433962264150941,0.5178571428571428,0.9487774359177504,0.5714285714285714,0.4034090909090909,0.5357142857142857,0.5,0.35686972233333336,0.5333333333333333
restaurant_logo,subjectwise,logreg,3,S8,0.5457313895225525,30,0,0.2672612419124244,0.2666666666666667,0.6339285714285714,0.7153873742786282,0.6383928571428571,0.6329254727474972,0.625,0.6428571428571429,0.24606237266666664,0.6333333333333333
restaurant_logo,subjectwise,logreg,3,S9,0.4405612730979919,30,0,-0.1543033499620919,-0.15384615384615374,0.42063492063492064,0.6760190824393177,0.4444444444444445,0.42233632862644416,0.6190476190476191,0.2222222222222222,0.3770264463333334,0.5
restaurant_logo,subjectwise,logreg,4,S1,0.5121237903833389,30,0,-0.20009979763878896,-0.17511520737327202,0.4151785714285714,0.5954401790701288,0.4508928571428571,0.3772893772893773,0.6875,0.14285714285714285,0.3151075353333333,0.43333333333333335
restaurant_logo,subjectwise,logreg,4,S10,0.5637859737873078,29,0,-0.10803395392536073,-0.08830022075055188,0.44047619047619047,0.7218210381457855,0.4226190476190476,0.40242424242424246,0.38095238095238093,0.5,0.3103784475862069,0.41379310344827586
restaurant_logo,subjectwise,logreg,4,S11,0.5414055347442627,30,0,0.4629100498862757,0.46153846153846156,0.725,0.9316792157583236,0.85,0.730423620025674,0.85,0.6,0.16298554866666667,0.7666666666666667
restaurant_logo,subjectwise,logreg,4,S12,0.5695693016052246,30,0,0.23371317622140134,0.10358565737051795,0.7321428571428572,0.9891776980208656,0.8571428571428572,0.42233632862644416,0.4642857142857143,1.0,0.40434896533333337,0.5
restaurant_logo,subjectwise,logreg,4,S13,0.5482425093650818,29,0,-0.13,-0.040561622464898583,0.435,0.8823332270949972,0.6000000000000001,0.20689655172413793,0.12,0.75,0.5013830979310344,0.20689655172413793
restaurant_logo,subjectwise,logreg,4,S14,0.5482425093650818,28,0,-0.16233926856661637,-0.160621761658031,0.4205128205128205,0.7304340396445659,0.6,0.41666666666666663,0.5333333333333333,0.3076923076923077,0.27901451857142856,0.42857142857142855
restaurant_logo,subjectwise,logreg,4,S15,0.5637859737873078,28,0,0.34426518632954817,0.31372549019607854,0.6666666666666667,0.711347105927698,0.65625,0.641025641025641,0.5,0.8333333333333334,0.23315507071428568,0.6428571428571429
restaurant_logo,subjectwise,logreg,4,S2,0.5482425093650818,30,0,0.45044261646145084,0.33734939759036153,0.6944444444444444,0.9577406389906391,0.9212962962962963,0.6228571428571429,0.3888888888888889,1.0,0.27111116450000006,0.6333333333333333
restaurant_logo,subjectwise,logreg,4,S3,0.5121237903833389,26,0,0.3,0.1651376146788991,0.86,0.9897327976371455,0.76,0.5297157622739018,0.72,1.0,0.3225070311538461,0.7307692307692307
restaurant_logo,subjectwise,logreg,4,S4,0.5637859737873078,30,0,0.30151134457776363,0.2666666666666667,0.6333333333333333,0.6475912623663748,0.6355555555555555,0.6122209165687427,0.4,0.8666666666666667,0.19875073233333332,0.6333333333333333
restaurant_logo,subjectwise,logreg,4,S5,0.5695693016052246,30,0,0.4458225700602823,0.43243243243243246,0.7,0.907395375666745,0.8049999999999999,0.7127222982216143,0.9,0.5,0.11962237599999997,0.7666666666666667
restaurant_logo,subjectwise,logreg,4,S6,0.5414055347442627,30,0,0.3974672033225129,0.38914027149321273,0.6919642857142857,0.8353532170443936,0.7946428571428572,0.6914285714285715,0.8125,0.5714285714285714,0.19974882066666666,0.7
restaurant_logo,subjectwise,logreg,4,S7,0.5414055347442627,30,0,0.4642857142857143,0.4642857142857143,0.7321428571428572,0.9499649799008609,0.5892857142857143,0.7321428571428572,0.9642857142857143,0.5,0.16606856266666664,0.9333333333333333
restaurant_logo,subjectwise,logreg,4,S8,0.5695693016052246,30,0,0.0,0.0,0.5,0.6897625072907146,0.5446428571428571,0.4994438264738599,0.5,0.5,0.2279422923333333,0.5
restaurant_logo,subjectwise,logreg,4,S9,0.5121237903833389,30,0,-0.196227812235748,-0.19402985074626855,0.3968253968253968,0.7237073966420637,0.43915343915343913,0.4,0.5714285714285714,0.2222222222222222,0.3132453103333333,0.4666666666666667
restaurant_logo,subjectwise,svm_rbf,0,S1,0.6878930245579756,30,0,0.19094065395649332,0.18918918918918926,0.59375,0.6927898780251556,0.625,0.5927601809954751,0.6875,0.5,0.17111640566788516,0.6
restaurant_logo,subjectwise,svm_rbf,0,S10,0.5689778529483265,29,0,0.0,0.0,0.5,0.6896961655598464,0.39285714285714285,0.42,1.0,0.0,0.07577255617518634,0.7241379310344828
restaurant_logo,subjectwise,svm_rbf,0,S11,0.6513112645908684,30,0,0.05,0.040000000000000036,0.5249999999999999,0.7073159392572759,0.5700000000000001,0.4666666666666667,0.35,0.7,0.10285461503054164,0.4666666666666667
restaurant_logo,subjectwise,svm_rbf,0,S12,0.6513112645908684,30,0,0.0,0.0,0.5,0.9710743519646665,0.6785714285714286,0.38440492476060195,0.5,0.5,0.28686154993377505,0.5
restaurant_logo,subjectwise,svm_rbf,0,S13,0.6675811955897686,29,0,0.22563042992710647,0.09688581314878886,0.64,0.9168483886523044,0.5700000000000001,0.37259615384615385,0.28,1.0,0.23095235103404715,0.3793103448275862
restaurant_logo,subjectwise,svm_rbf,0,S14,0.6675811955897686,28,0,0.12403473458920847,0.11111111111111116,0.5538461538461539,0.6283456365711267,0.49743589743589745,0.5333333333333333,0.8,0.3076923076923077,0.15994270050304504,0.5714285714285714
restaurant_logo,subjectwise,svm_rbf,0,S15,0.5689778529483265,28,0,0.0,0.0,0.5,0.5897874000999,0.484375,0.36363636363636365,1.0,0.0,0.12500832033680717,0.5714285714285714
restaurant_logo,subjectwise,svm_rbf,0,S2,0.6675811955897686,30,0,0.05455447255899809,0.03225806451612889,0.5138888888888888,0.6520916925940028,0.5462962962962963,0.4409937888198757,0.9444444444444444,0.08333333333333333,0.16485593806180698,0.6
restaurant_logo,subjectwise,svm_rbf,0,S3,0.6602223841206815,26,0,0.0,0.0,0.5,0.978552371080558,0.56,0.49019607843137253,1.0,0.0,0.2932899315778179,0.9615384615384616
restaurant_logo,subjectwise,svm_rbf,0,S4,0.5689778529483265,30,0,0.0,0.0,0.5,0.4309686594529327,0.38666666666666666,0.3333333333333333,1.0,0.0,0.19038309142709586,0.5
restaurant_logo,subjectwise,svm_rbf,0,S5,0.6878930245579756,30,0,0.0,0.0,0.5,0.7150793099209023,0.585,0.4,1.0,0.0,0.0982627228521411,0.6666666666666666
restaurant_logo,subjectwise,svm_rbf,0,S6,0.6513112645908684,30,0,0.20535714285714285,0.20353982300884954,0.6026785714285714,0.8263232201772256,0.7901785714285714,0.6,0.5625,0.6428571428571429,0.1741448352916478,0.6
restaurant_logo,subjectwise,svm_rbf,0,S7,0.6878930245579756,30,0,-0.10482848367219183,-0.09756097560975618,0.42857142857142855,0.9320018151494394,0.3392857142857143,0.4444444444444444,0.8571428571428571,0.0,0.18152740840986875,0.8
restaurant_logo,subjectwise,svm_rbf,0,S8,0.6602223841206815,30,0,0.0,0.0,0.5,0.6179289008093356,0.5267857142857143,0.34782608695652173,1.0,0.0,0.1347360142742411,0.5333333333333333
restaurant_logo,subjectwise,svm_rbf,0,S9,0.6602223841206815,30,0,0.0,0.0,0.5,0.7062074179656421,0.4973544973544974,0.4117647058823529,1.0,0.0,0.03173851189412169,0.7
restaurant_logo,subjectwise,svm_rbf,1,S1,0.6737104094926903,30,0,0.1913829539560278,0.17431192660550465,0.5848214285714286,0.6083780818989756,0.5669642857142857,0.569377990430622,0.8125,0.35714285714285715,0.18581553785139743,0.6
restaurant_logo,subjectwise,svm_rbf,1,S10,0.6944815443333314,29,0,0.0,0.0,0.5,0.7560879501939279,0.5,0.42,1.0,0.0,0.0005040371155579093,0.7241379310344828
restaurant_logo,subjectwise,svm_rbf,1,S11,0.6737104094926903,30,0,0.1414213562373095,0.1333333333333333,0.575,0.6849389004109275,0.565,0.5542857142857143,0.55,0.6,0.04361339368741331,0.5666666666666667
restaurant_logo,subjectwise,svm_rbf,1,S12,0.6737104094926903,30,0,0.05455447255899809,0.03225806451612889,0.5535714285714286,0.9777882875388961,0.7321428571428572,0.4409937888198757,0.6071428571428571,0.5,0.2503296072552109,0.6
restaurant_logo,subjectwise,svm_rbf,1,S13,0.690030957075945,29,0,0.20430156738209967,0.08013355592654425,0.62,0.9540549311727655,0.73,0.34169653524492233,0.24,1.0,0.18546921914500242,0.3448275862068966
restaurant_logo,subjectwise,svm_rbf,1,S14,0.690030957075945,28,0,-0.24552983583446694,-0.23958333333333326,0.382051282051282,0.6166256845818249,0.41025641025641024,0.3728590250329381,0.5333333333333333,0.23076923076923078,0.16907585812487133,0.39285714285714285
restaurant_logo,subjectwise,svm_rbf,1,S15,0.6944815443333314,28,0,0.0,0.0,0.5,0.6228002270741241,0.5416666666666667,0.36363636363636365,1.0,0.0,0.1608408865463673,0.5714285714285714
restaurant_logo,subjectwise,svm_rbf,1,S2,0.690030957075945,30,0,-0.15161960871578067,-0.06557377049180335,0.4722222222222222,0.5884399345673611,0.43981481481481477,0.3617021276595745,0.9444444444444444,0.0,0.1995044091751257,0.5666666666666667
restaurant_logo,subjectwise,svm_rbf,1,S3,0.2943532162635217,26,0,0.0,0.0,0.5,0.9877327976371455,0.72,0.49019607843137253,1.0,0.0,0.19962603343211993,0.9615384615384616
restaurant_logo,subjectwise,svm_rbf,1,S4,0.6944815443333314,30,0,0.0,0.0,0.5,0.5094093708224143,0.52,0.3333333333333333,1.0,0.0,0.22768706371941627,0.5
restaurant_logo,subjectwise,svm_rbf,1,S5,0.6146312986733561,30,0,0.0,0.0,0.5,0.7408944976122969,0.595,0.4,1.0,0.0,0.12933344338378547,0.6666666666666666
restaurant_logo,subjectwise,svm_rbf,1,S6,0.6146312986733561,30,0,0.47809144373375745,0.37209302325581395,0.6785714285714286,0.6752996457983881,0.75,0.6534017971758665,1.0,0.35714285714285715,0.18734544363269018,0.7
restaurant_logo,subjectwise,svm_rbf,1,S7,0.6146312986733561,30,0,-0.04962916669854651,-0.04651162790697683,0.48214285714285715,0.8816505790839176,0.14285714285714285,0.47368421052631576,0.9642857142857143,0.0,0.2061200153675018,0.9
restaurant_logo,subjectwise,svm_rbf,1,S8,0.2943532162635217,30,0,0.0,0.0,0.5,0.5795106519475125,0.5044642857142857,0.34782608695652173,1.0,0.0,0.26601172422066577,0.5333333333333333
restaurant_logo,subjectwise,svm_rbf,1,S9,0.2943532162635217,30,0,0.0,0.0,0.5,0.6427162157011479,0.3915343915343915,0.4117647058823529,1.0,0.0,0.12580742752325383,0.7
restaurant_logo,subjectwise,svm_rbf,2,S1,0.6955210260406193,30,0,0.19094065395649332,0.18918918918918926,0.59375,0.6975056730975049,0.59375,0.5927601809954751,0.6875,0.5,0.17078922612588948,0.6
restaurant_logo,subjectwise,svm_rbf,2,S10,0.5689778529483265,29,0,0.0,0.0,0.5,0.6896961655598464,0.39285714285714285,0.42,1.0,0.0,0.07577255617518634,0.7241379310344828
restaurant_logo,subjectwise,svm_rbf,2,S11,0.6955210260406193,30,0,-0.12649110640673517,-0.1142857142857141,0.45,0.706887959699997,0.5249999999999999,0.4222222222222222,0.8,0.1,0.050750695059397846,0.5666666666666667
restaurant_logo,subjectwise,svm_rbf,2,S12,0.6857322517478207,30,0,-0.07142857142857142,-0.0714285714285714,0.4642857142857143,0.9478344724363756,0.4642857142857143,0.4642857142857143,0.9285714285714286,0.0,0.22362862058316607,0.8666666666666667
restaurant_logo,subjectwise,svm_rbf,2,S13,0.6889130168608472,29,0,0.16,0.04992199687987531,0.58,0.9250978661008666,0.5800000000000001,0.27586206896551724,0.16,1.0,0.18396301609402982,0.27586206896551724
restaurant_logo,subjectwise,svm_rbf,2,S14,0.6857322517478207,28,0,-0.2470788084188458,-0.19786096256684482,0.40512820512820513,0.6284251877389132,0.4615384615384615,0.3450292397660819,0.7333333333333333,0.07692307692307693,0.16465193280789817,0.42857142857142855
restaurant_logo,subjectwise,svm_rbf,2,S15,0.5689778529483265,28,0,0.0,0.0,0.5,0.5897874000999,0.484375,0.36363636363636365,1.0,0.0,0.12500832033680717,0.5714285714285714
restaurant_logo,subjectwise,svm_rbf,2,S2,0.6889130168608472,30,0,0.227429413073671,0.09836065573770492,0.5416666666666666,0.6470135010875122,0.5555555555555556,0.45990180032733224,1.0,0.08333333333333333,0.11636124344368194,0.6333333333333333
restaurant_logo,subjectwise,svm_rbf,2,S3,0.6202333766088192,26,0,0.23354968324845687,0.10344827586206895,0.8,0.9856275344792508,0.68,0.4583333333333333,0.6,1.0,0.3389366067034719,0.6153846153846154
restaurant_logo,subjectwise,svm_rbf,2,S4,0.5689778529483265,30,0,0.0,0.0,0.5,0.4309686594529327,0.38666666666666666,0.3333333333333333,1.0,0.0,0.19038309142709586,0.5
restaurant_logo,subjectwise,svm_rbf,2,S5,0.6857322517478207,30,0,0.0,0.0,0.5,0.6801885480217523,0.54,0.4,1.0,0.0,0.0410373640369085,0.6666666666666666
restaurant_logo,subjectwise,svm_rbf,2,S6,0.6202333766088192,30,0,0.3392857142857143,0.33628318584070793,0.6696428571428572,0.7567457235317143,0.7098214285714286,0.6666666666666666,0.625,0.7142857142857143,0.13667957094587627,0.6666666666666666
restaurant_logo,subjectwise,svm_rbf,2,S7,0.6955210260406193,30,0,-0.10482848367219183,-0.09756097560975618,0.42857142857142855,0.9330549287025529,0.3392857142857143,0.4444444444444444,0.8571428571428571,0.0,0.19888012565984828,0.8
restaurant_logo,subjectwise,svm_rbf,2,S8,0.6889130168608472,30,0,0.040291148201269014,0.03669724770642213,0.5178571428571428,0.753088182242594,0.65625,0.49760765550239233,0.75,0.2857142857142857,0.16831774714848408,0.5333333333333333
restaurant_logo,subjectwise,svm_rbf,2,S9,0.6202333766088192,30,0,-0.09869275424396536,-0.0674157303370786,0.45238095238095233,0.7176470717198622,0.5079365079365079,0.3659621802002225,0.23809523809523808,0.6666666666666666,0.10151547870077982,0.36666666666666664
restaurant_logo,subjectwise,svm_rbf,3,S1,0.651440671806925,30,0,-0.0890870806374748,-0.05633802816901423,0.4732142857142857,0.6362247076861047,0.59375,0.38440492476060195,0.875,0.07142857142857142,0.23304622896149385,0.5
restaurant_logo,subjectwise,svm_rbf,3,S10,0.593139879547251,29,0,0.0,0.0,0.5,0.8269721790830831,0.5833333333333334,0.42,1.0,0.0,0.04604806797006701,0.7241379310344828
restaurant_logo,subjectwise,svm_rbf,3,S11,0.6756695637215668,30,0,0.048911598804451846,0.04878048780487798,0.525,0.6997851177993566,0.52,0.5238095238095237,0.65,0.4,0.009072953276404894,0.5666666666666667
restaurant_logo,subjectwise,svm_rbf,3,S12,0.651440671806925,30,0,0.14101901870444156,0.10447761194029848,0.625,0.9744155709308855,0.6964285714285714,0.52,0.75,0.5,0.24528431565058523,0.7333333333333333
restaurant_logo,subjectwise,svm_rbf,3,S13,0.6639309377445501,29,0,0.07559289460184544,0.011363636363636354,0.52,0.9662000462661644,0.8,0.16346153846153846,0.04,1.0,0.34127880205001154,0.1724137931034483
restaurant_logo,subjectwise,svm_rbf,3,S14,0.6756695637215668,28,0,-0.17916128329552333,-0.07103825136612008,0.4666666666666667,0.5247145640048004,0.45128205128205134,0.3333333333333333,0.9333333333333333,0.0,0.1401651814262459,0.5
restaurant_logo,subjectwise,svm_rbf,3,S15,0.593139879547251,28,0,0.0,0.0,0.5,0.629872978883718,0.515625,0.36363636363636365,1.0,0.0,0.14002656039266262,0.5714285714285714
restaurant_logo,subjectwise,svm_rbf,3,S2,0.6639309377445501,30,0,-0.045360921162651446,-0.03174603174603163,0.4861111111111111,0.6703126949557978,0.5462962962962963,0.4222222222222222,0.8888888888888888,0.08333333333333333,0.22476092810746692,0.5666666666666667
restaurant_logo,subjectwise,svm_rbf,3,S3,0.6545098847528489,26,0,0.2748737083745107,0.1404958677685949,0.8400000000000001,0.9916375595419075,0.8,0.5047619047619047,0.68,1.0,0.2902415467228748,0.6923076923076923
restaurant_logo,subjectwise,svm_rbf,3,S4,0.593139879547251,30,0,0.0,0.0,0.5,0.550654277305464,0.5244444444444445,0.3333333333333333,1.0,0.0,0.22815423577434157,0.5
restaurant_logo,subjectwise,svm_rbf,3,S5,0.651440671806925,30,0,0.2626128657194451,0.12903225806451601,0.55,0.8189180661751922,0.6900000000000001,0.4990723562152134,1.0,0.1,0.12967920458212523,0.7
restaurant_logo,subjectwise,svm_rbf,3,S6,0.6545098847528489,30,0,0.2624453295839119,0.24657534246575352,0.6205357142857143,0.6953039434586079,0.6741071428571428,0.6122209165687427,0.8125,0.42857142857142855,0.1757683333161872,0.6333333333333333
restaurant_logo,subjectwise,svm_rbf,3,S7,0.6756695637215668,30,0,-0.1336306209562122,-0.11111111111111116,0.39285714285714285,0.8659192865669109,0.10714285714285715,0.4230769230769231,0.7857142857142857,0.0,0.2575249252613617,0.7333333333333333
restaurant_logo,subjectwise,svm_rbf,3,S8,0.6639309377445501,30,0,0.1913829539560278,0.17431192660550465,0.5848214285714286,0.773614556399483,0.6919642857142857,0.569377990430622,0.8125,0.35714285714285715,0.18449904431590247,0.6
restaurant_logo,subjectwise,svm_rbf,3,S9,0.6545098847528489,30,0,0.10566112966540278,0.10447761194029848,0.5555555555555556,0.7285252582271986,0.5026455026455027,0.55,0.6666666666666666,0.4444444444444444,0.042291044431303396,0.6
restaurant_logo,subjectwise,svm_rbf,4,S1,0.6440708389102233,30,0,0.22276052780340766,0.1588785046728971,0.5758928571428571,0.5753470071702463,0.5535714285714285,0.5238095238095238,0.9375,0.21428571428571427,0.1887744348502795,0.6
restaurant_logo,subjectwise,svm_rbf,4,S10,0.6591842351886124,29,0,0.0,0.0,0.5,0.7196183375857785,0.45238095238095233,0.42,1.0,0.0,0.060549964291742864,0.7241379310344828
restaurant_logo,subjectwise,svm_rbf,4,S11,0.6455530155199405,30,0,0.09513029883089882,0.09302325581395343,0.55,0.7244145787666659,0.5750000000000001,0.5417156286721504,0.6,0.5,0.04581198870887347,0.5666666666666667
restaurant_logo,subjectwise,svm_rbf,4,S12,0.6654297192145827,30,0,-0.14744195615489714,-0.11570247933884303,0.375,0.9782732942354916,0.7142857142857143,0.4117647058823529,0.75,0.0,0.25346642764810295,0.7
restaurant_logo,subjectwise,svm_rbf,4,S13,0.6348217905590398,29,0,0.07980238751210128,0.042718446601941906,0.5549999999999999,0.9170529811612448,0.55,0.3875776397515528,0.36,0.75,0.24632153583169147,0.41379310344827586
restaurant_logo,subjectwise,svm_rbf,4,S14,0.6348217905590398,28,0,-0.17541160386140583,-0.12903225806451624,0.43846153846153846,0.6303177385432287,0.4974358974358974,0.36651583710407243,0.8,0.07692307692307693,0.16172456104030047,0.4642857142857143
restaurant_logo,subjectwise,svm_rbf,4,S15,0.6591842351886124,28,0,0.0,0.0,0.5,0.5866171205699995,0.4479166666666667,0.36363636363636365,1.0,0.0,0.09288058966239465,0.5714285714285714
restaurant_logo,subjectwise,svm_rbf,4,S2,0.6348217905590398,30,0,0.05455447255899809,0.03225806451612889,0.5138888888888888,0.658822036673119,0.5787037037037037,0.4409937888198757,0.9444444444444444,0.08333333333333333,0.13285481671190214,0.6
restaurant_logo,subjectwise,svm_rbf,4,S3,0.6440708389102233,26,0,0.23354968324845687,0.10344827586206895,0.8,0.9856275344792508,0.68,0.4583333333333333,0.6,1.0,0.30173371857255066,0.6153846153846154
restaurant_logo,subjectwise,svm_rbf,4,S4,0.6591842351886124,30,0,0.0,0.0,0.5,0.4861910176818898,0.49333333333333335,0.3333333333333333,1.0,0.0,0.16421660196123844,0.5
restaurant_logo,subjectwise,svm_rbf,4,S5,0.6654297192145827,30,0,0.0,0.0,0.5,0.9127061930157907,0.8500000000000001,0.4,1.0,0.0,0.11007818416925173,0.6666666666666666
restaurant_logo,subjectwise,svm_rbf,4,S6,0.6455530155199405,30,0,0.27382077571623753,0.23963133640552992,0.6160714285714286,0.7188783590921749,0.75,0.5970695970695971,0.875,0.35714285714285715,0.15537215881916241,0.6333333333333333
restaurant_logo,subjectwise,svm_rbf,4,S7,0.6455530155199405,30,0,-0.07142857142857142,-0.0714285714285714,0.4642857142857143,0.9183453327429569,0.26785714285714285,0.4642857142857143,0.9285714285714286,0.0,0.2081645503872859,0.8666666666666667
restaurant_logo,subjectwise,svm_rbf,4,S8,0.6654297192145827,30,0,0.11584725126456202,0.10138248847926257,0.5491071428571428,0.700657821163029,0.6339285714285714,0.5238095238095237,0.8125,0.2857142857142857,0.15126443408437326,0.5666666666666667
restaurant_logo,subjectwise,svm_rbf,4,S9,0.6440708389102233,30,0,-0.0657951694959769,-0.06557377049180335,0.46825396825396826,0.7382814166509819,0.5343915343915344,0.466484268125855,0.7142857142857143,0.2222222222222222,0.03666912361983619,0.5666666666666667
