dataset,protocol,model,seed,subject_id,threshold,n_trials,single_class,mcc,kappa,balanced_accuracy,pr_auc,roc_auc,macro_f1,sensitivity,specificity,ece,accuracy
ds007406,subjectwise,deepconvnet,0,sub-001,0.5001766179998717,6,0,0.4472135954999579,0.33333333333333337,0.6666666666666666,0.7555555555555555,0.6666666666666667,0.625,0.3333333333333333,1.0,0.15421537496020193,0.6666666666666666
ds007406,subjectwise,deepconvnet,0,sub-002,0.5376644731561343,6,0,-0.4472135954999579,-0.33333333333333326,0.3333333333333333,0.6666666666666667,0.4444444444444444,0.25,0.6666666666666666,0.0,0.0498029606209861,0.3333333333333333
ds007406,subjectwise,deepconvnet,0,sub-003,0.5146971253554027,6,0,-0.7071067811865476,-0.6666666666666667,0.16666666666666666,0.6333333333333333,0.3333333333333333,0.14285714285714285,0.3333333333333333,0.0,0.017940854860676647,0.16666666666666666
ds007406,subjectwise,deepconvnet,0,sub-004,0.4972964998582999,6,0,0.0,0.0,0.5,0.5555555555555556,0.4444444444444445,0.4857142857142857,0.6666666666666666,0.3333333333333333,0.1547374720374743,0.5
ds007406,subjectwise,deepconvnet,0,sub-005,0.5439655494689941,6,0,0.0,0.0,0.5,0.8055555555555556,0.7777777777777779,0.4857142857142857,0.3333333333333333,0.6666666666666666,0.13375118966731755,0.5
ds007406,subjectwise,deepconvnet,0,sub-006,0.5376644731561343,6,0,-0.4472135954999579,-0.33333333333333326,0.3333333333333333,0.41111111111111115,0.11111111111111112,0.25,0.6666666666666666,0.0,0.0437969285580847,0.3333333333333333
ds007406,subjectwise,deepconvnet,0,sub-007,0.5146971253554027,6,0,0.3333333333333333,0.33333333333333337,0.6666666666666666,0.6388888888888888,0.6666666666666667,0.6666666666666666,0.6666666666666666,0.6666666666666666,0.3131186869820037,0.6666666666666666
ds007406,subjectwise,deepconvnet,0,sub-008,0.5439655494689941,6,0,0.4472135954999579,0.33333333333333337,0.6666666666666666,0.6666666666666667,0.4444444444444444,0.625,0.3333333333333333,1.0,0.1932111677196291,0.6666666666666666
ds007406,subjectwise,deepconvnet,0,sub-009,0.5001766179998717,6,0,0.0,0.0,0.5,0.8666666666666667,0.7777777777777778,0.3333333333333333,0.0,1.0,0.19065984948020842,0.5
ds007406,subjectwise,deepconvnet,0,sub-010,0.4972964998582999,6,0,0.0,0.0,0.5,0.7,0.5555555555555556,0.4857142857142857,0.6666666666666666,0.3333333333333333,0.17321610980563695,0.5
ds007406,subjectwise,deepconvnet,1,sub-001,0.57553971717755,6,0,0.4472135954999579,0.33333333333333337,0.6666666666666666,0.4777777777777778,0.33333333333333337,0.625,1.0,0.3333333333333333,0.18207579437229368,0.6666666666666666
ds007406,subjectwise,deepconvnet,1,sub-002,0.4924758407473564,6,0,0.3333333333333333,0.33333333333333337,0.6666666666666666,0.5888888888888889,0.5555555555555556,0.6666666666666666,0.6666666666666666,0.6666666666666666,0.014172784984111822,0.6666666666666666
ds007406,subjectwise,deepconvnet,1,sub-003,0.5324472254514694,6,0,0.0,0.0,0.5,0.7555555555555555,0.6666666666666667,0.3333333333333333,1.0,0.0,0.041366001963615395,0.5
ds007406,subjectwise,deepconvnet,1,sub-004,0.5324472254514694,6,0,0.4472135954999579,0.33333333333333337,0.6666666666666666,0.6388888888888888,0.6666666666666667,0.625,1.0,0.3333333333333333,0.03792638712459129,0.6666666666666666
ds007406,subjectwise,deepconvnet,1,sub-005,0.518652998705705,6,0,-0.4472135954999579,-0.33333333333333326,0.3333333333333333,0.6388888888888888,0.6666666666666667,0.25,0.0,0.6666666666666666,0.15704618880214793,0.3333333333333333
ds007406,subjectwise,deepconvnet,1,sub-006,0.57553971717755,6,0,0.0,0.0,0.5,0.5,0.33333333333333337,0.3333333333333333,1.0,0.0,0.1734448555443022,0.5
ds007406,subjectwise,deepconvnet,1,sub-007,0.4924758407473564,6,0,-0.3333333333333333,-0.33333333333333326,0.3333333333333333,0.4777777777777778,0.33333333333333337,0.3333333333333333,0.3333333333333333,0.3333333333333333,0.3556564877275378,0.3333333333333333
ds007406,subjectwise,deepconvnet,1,sub-008,0.518652998705705,6,0,0.0,0.0,0.5,0.6333333333333333,0.3333333333333333,0.4857142857142857,0.3333333333333333,0.6666666666666666,0.3572683420860106,0.5
ds007406,subjectwise,deepconvnet,1,sub-009,0.5249204239745935,6,0,0.4472135954999579,0.33333333333333337,0.6666666666666666,0.8666666666666667,0.7777777777777778,0.625,0.3333333333333333,1.0,0.14945906702842976,0.6666666666666666
ds007406,subjectwise,deepconvnet,1,sub-010,0.5249204239745935,6,0,0.4472135954999579,0.33333333333333337,0.6666666666666666,0.5333333333333333,0.4444444444444445,0.625,1.0,0.3333333333333333,0.032812374002403666,0.6666666666666666
ds007406,subjectwise,deepconvnet,2,sub-001,0.5651250656942526,6,0,0.4472135954999579,0.33333333333333337,0.6666666666666666,0.9166666666666665,0.888888888888889,0.625,1.0,0.3333333333333333,0.07974895983934405,0.6666666666666666
ds007406,subjectwise,deepconvnet,2,sub-002,0.5497014584143957,6,0,0.4472135954999579,0.33333333333333337,0.6666666666666666,0.6388888888888888,0.6666666666666667,0.625,1.0,0.3333333333333333,0.052224773147867776,0.6666666666666666
ds007406,subjectwise,deepconvnet,2,sub-003,0.4101809111237526,6,0,-0.3333333333333333,-0.33333333333333326,0.3333333333333333,0.4666666666666667,0.22222222222222224,0.3333333333333333,0.3333333333333333,0.3333333333333333,0.11854597388042343,0.3333333333333333
ds007406,subjectwise,deepconvnet,2,sub-004,0.4500195477406183,6,0,0.0,0.0,0.5,0.41111111111111115,0.11111111111111112,0.3333333333333333,1.0,0.0,0.03682661859525571,0.5
ds007406,subjectwise,deepconvnet,2,sub-005,0.4101809111237526,6,0,0.0,0.0,0.5,0.6388888888888888,0.6666666666666667,0.3333333333333333,1.0,0.0,0.061816970755656564,0.5
ds007406,subjectwise,deepconvnet,2,sub-006,0.4500195477406183,6,0,0.4472135954999579,0.33333333333333337,0.6666666666666666,0.4777777777777778,0.33333333333333337,0.625,1.0,0.3333333333333333,0.03857087675068116,0.6666666666666666
ds007406,subjectwise,deepconvnet,2,sub-007,0.5651250656942526,6,0,-0.3333333333333333,-0.33333333333333326,0.3333333333333333,0.5333333333333333,0.4444444444444445,0.3333333333333333,0.3333333333333333,0.3333333333333333,0.06861007464014823,0.3333333333333333
ds007406,subjectwise,deepconvnet,2,sub-008,0.5555987885594368,6,0,-0.4472135954999579,-0.33333333333333326,0.3333333333333333,0.4444444444444445,0.22222222222222224,0.25,0.0,0.6666666666666666,0.041642892857392644,0.3333333333333333
ds007406,subjectwise,deepconvnet,2,sub-009,0.5555987885594368,6,0,0.0,0.0,0.5,1.0,1.0,0.3333333333333333,0.0,1.0,0.01194457937445903,0.5
ds007406,subjectwise,deepconvnet,2,sub-010,0.5497014584143957,6,0,0.4472135954999579,0.33333333333333337,0.6666666666666666,0.4777777777777778,0.33333333333333337,0.625,1.0,0.3333333333333333,0.058099677662054705,0.6666666666666666
ds007406,subjectwise,deepconvnet,3,sub-001,0.4814451523621877,6,0,0.0,0.0,0.5,0.41111111111111115,0.11111111111111112,0.3333333333333333,1.0,0.0,0.1756656875212987,0.5
ds007406,subjectwise,deepconvnet,3,sub-002,0.5768899812300999,6,0,0.0,0.0,0.5,0.7,0.5555555555555556,0.4857142857142857,0.3333333333333333,0.6666666666666666,0.06860525359710057,0.5
ds007406,subjectwise,deepconvnet,3,sub-003,0.4814451523621877,6,0,0.0,0.0,0.5,0.7555555555555555,0.6666666666666667,0.3333333333333333,0.0,1.0,0.026207878026697384,0.5
ds007406,subjectwise,deepconvnet,3,sub-004,0.5267194883525371,6,0,0.0,0.0,0.5,0.7555555555555555,0.6666666666666667,0.3333333333333333,1.0,0.0,0.050579978028933215,0.5
ds007406,subjectwise,deepconvnet,3,sub-005,0.5267194883525371,6,0,0.0,0.0,0.5,0.38333333333333336,0.0,0.3333333333333333,1.0,0.0,0.050629164444075725,0.5
ds007406,subjectwise,deepconvnet,3,sub-006,0.5065892765919368,6,0,0.0,0.0,0.5,0.8666666666666667,0.7777777777777778,0.4857142857142857,0.6666666666666666,0.3333333333333333,0.15502960764699514,0.5
ds007406,subjectwise,deepconvnet,3,sub-007,0.5065892765919368,6,0,-0.3333333333333333,-0.33333333333333326,0.3333333333333333,0.4777777777777778,0.33333333333333337,0.3333333333333333,0.3333333333333333,0.3333333333333333,0.18394009321928023,0.3333333333333333
ds007406,subjectwise,deepconvnet,3,sub-008,0.5768899812300999,6,0,0.4472135954999579,0.33333333333333337,0.6666666666666666,0.7222222222222222,0.5555555555555556,0.625,0.3333333333333333,1.0,0.0651726454496383,0.6666666666666666
ds007406,subjectwise,deepconvnet,3,sub-009,0.5593846073746681,6,0,-0.4472135954999579,-0.33333333333333326,0.3333333333333333,0.4444444444444445,0.22222222222222224,0.25,0.0,0.6666666666666666,0.0563041122423279,0.3333333333333333
ds007406,subjectwise,deepconvnet,3,sub-010,0.5593846073746681,6,0,-0.4472135954999579,-0.33333333333333326,0.3333333333333333,0.4444444444444445,0.22222222222222224,0.25,0.6666666666666666,0.0,0.062163047161367224,0.3333333333333333
ds007406,subjectwise,deepconvnet,4,sub-001,0.5569499709705512,6,0,-0.3333333333333333,-0.33333333333333326,0.3333333333333333,0.4777777777777778,0.33333333333333337,0.3333333333333333,0.3333333333333333,0.3333333333333333,0.0517491438322597,0.3333333333333333
ds007406,subjectwise,deepconvnet,4,sub-002,0.5322804473340512,6,0,0.3333333333333333,0.33333333333333337,0.6666666666666666,0.7222222222222222,0.5555555555555556,0.6666666666666666,0.6666666666666666,0.6666666666666666,0.03659376071559062,0.6666666666666666
ds007406,subjectwise,deepconvnet,4,sub-003,0.5185937184840441,6,0,-0.4472135954999579,-0.33333333333333326,0.3333333333333333,0.5333333333333333,0.4444444444444445,0.25,0.0,0.6666666666666666,0.011987748907672069,0.3333333333333333
ds007406,subjectwise,deepconvnet,4,sub-004,0.5782864215473335,6,0,0.3333333333333333,0.33333333333333337,0.6666666666666666,0.8055555555555556,0.7777777777777779,0.6666666666666666,0.6666666666666666,0.6666666666666666,0.07752686772081585,0.6666666666666666
ds007406,subjectwise,deepconvnet,4,sub-005,0.5569499709705512,6,0,0.0,0.0,0.5,0.4777777777777778,0.33333333333333337,0.4857142857142857,0.6666666666666666,0.3333333333333333,0.05999081747399437,0.5
ds007406,subjectwise,deepconvnet,4,sub-006,0.5208280819157759,6,0,-0.4472135954999579,-0.33333333333333326,0.3333333333333333,0.5333333333333333,0.4444444444444445,0.25,0.0,0.6666666666666666,0.15229015631808165,0.3333333333333333
ds007406,subjectwise,deepconvnet,4,sub-007,0.5782864215473335,6,0,0.0,0.0,0.5,0.5333333333333333,0.4444444444444445,0.4857142857142857,0.3333333333333333,0.6666666666666666,0.1309834982785914,0.5
ds007406,subjectwise,deepconvnet,4,sub-008,0.5185937184840441,6,0,-0.4472135954999579,-0.33333333333333326,0.3333333333333333,0.6388888888888888,0.6666666666666667,0.25,0.0,0.6666666666666666,0.14824781633085676,0.3333333333333333
ds007406,subjectwise,deepconvnet,4,sub-009,0.5208280819157759,6,0,0.4472135954999579,0.33333333333333337,0.6666666666666666,0.8055555555555556,0.7777777777777779,0.625,0.3333333333333333,1.0,0.14751385557982657,0.6666666666666666
ds007406,subjectwise,deepconvnet,4,sub-010,0.5322804473340512,6,0,-0.3333333333333333,-0.33333333333333326,0.3333333333333333,0.6333333333333333,0.3333333333333333,0.3333333333333333,0.3333333333333333,0.3333333333333333,0.027657255530357472,0.3333333333333333
ds007406,subjectwise,eegnet,0,sub-001,0.5033293501536051,6,0,-0.3333333333333333,-0.33333333333333326,0.3333333333333333,0.7,0.5555555555555556,0.3333333333333333,0.3333333333333333,0.3333333333333333,0.0068501194318135354,0.3333333333333333
ds007406,subjectwise,eegnet,0,sub-002,0.5011538902421793,6,0,0.4472135954999579,0.33333333333333337,0.6666666666666666,0.4777777777777778,0.33333333333333337,0.625,1.0,0.3333333333333333,0.16105558209949072,0.6666666666666666
ds007406,subjectwise,eegnet,0,sub-003,0.5069834196567535,6,0,0.0,0.0,0.5,0.5,0.33333333333333337,0.3333333333333333,1.0,0.0,0.022868575321303486,0.5
ds007406,subjectwise,eegnet,0,sub-004,0.5012708115577698,6,0,0.0,0.0,0.5,0.9166666666666665,0.888888888888889,0.3333333333333333,1.0,0.0,0.005279696815543633,0.5
ds007406,subjectwise,eegnet,0,sub-005,0.499312497874101,6,0,0.4472135954999579,0.33333333333333337,0.6666666666666666,0.7555555555555555,0.6666666666666667,0.625,1.0,0.3333333333333333,0.15090760000877906,0.6666666666666666
ds007406,subjectwise,eegnet,0,sub-006,0.5011538902421793,6,0,0.0,0.0,0.5,0.8333333333333333,0.6666666666666666,0.4857142857142857,0.6666666666666666,0.3333333333333333,0.17129033539030286,0.5
ds007406,subjectwise,eegnet,0,sub-007,0.5069834196567535,6,0,-0.3333333333333333,-0.33333333333333326,0.3333333333333333,0.7,0.5555555555555556,0.3333333333333333,0.3333333333333333,0.3333333333333333,0.015762034974371415,0.3333333333333333
ds007406,subjectwise,eegnet,0,sub-008,0.499312497874101,6,0,-0.4472135954999579,-0.33333333333333326,0.3333333333333333,0.7222222222222222,0.5555555555555556,0.25,0.6666666666666666,0.0,0.17795045094357598,0.3333333333333333
ds007406,subjectwise,eegnet,0,sub-009,0.5033293501536051,6,0,0.0,0.0,0.5,1.0,1.0,0.3333333333333333,0.0,1.0,0.16071848273277275,0.5
ds007406,subjectwise,eegnet,0,sub-010,0.5012708115577698,6,0,0.4472135954999579,0.33333333333333337,0.6666666666666666,0.5333333333333333,0.4444444444444445,0.625,1.0,0.3333333333333333,0.004512182705932122,0.6666666666666666
ds007406,subjectwise,eegnet,1,sub-001,0.5122919931014379,6,0,0.4472135954999579,0.33333333333333337,0.6666666666666666,0.5888888888888889,0.5555555555555556,0.625,1.0,0.3333333333333333,0.14651978719565606,0.6666666666666666
ds007406,subjectwise,eegnet,1,sub-002,0.5040219778195023,6,0,0.4472135954999579,0.33333333333333337,0.6666666666666666,0.4777777777777778,0.33333333333333337,0.625,1.0,0.3333333333333333,0.1532303416894542,0.6666666666666666
ds007406,subjectwise,eegnet,1,sub-003,0.5194254808127879,6,0,-0.7071067811865476,-0.6666666666666667,0.16666666666666666,0.41111111111111115,0.11111111111111112,0.14285714285714285,0.0,0.3333333333333333,0.019582954214678927,0.16666666666666666
ds007406,subjectwise,eegnet,1,sub-004,0.5194254808127879,6,0,0.4472135954999579,0.33333333333333337,0.6666666666666666,0.9166666666666665,0.888888888888889,0.625,0.3333333333333333,1.0,0.012752123425404327,0.6666666666666666
ds007406,subjectwise,eegnet,1,sub-005,0.5086124970018864,6,0,0.0,0.0,0.5,0.7555555555555555,0.6666666666666667,0.4857142857142857,0.6666666666666666,0.3333333333333333,0.15187242438809737,0.5
ds007406,subjectwise,eegnet,1,sub-006,0.5122919931014379,6,0,-0.4472135954999579,-0.33333333333333326,0.3333333333333333,0.5555555555555556,0.4444444444444445,0.25,0.6666666666666666,0.0,0.01965508212645839,0.3333333333333333
ds007406,subjectwise,eegnet,1,sub-007,0.5040219778195023,6,0,-0.3333333333333333,-0.33333333333333326,0.3333333333333333,0.4777777777777778,0.33333333333333337,0.3333333333333333,0.3333333333333333,0.3333333333333333,0.01118410629224953,0.3333333333333333
ds007406,subjectwise,eegnet,1,sub-008,0.5086124970018864,6,0,-0.4472135954999579,-0.33333333333333326,0.3333333333333333,0.6333333333333333,0.3333333333333333,0.25,0.6666666666666666,0.0,0.015649761093987413,0.3333333333333333
ds007406,subjectwise,eegnet,1,sub-009,0.5146984577178955,6,0,0.7071067811865476,0.6666666666666667,0.8333333333333333,0.8666666666666667,0.7777777777777778,0.8285714285714285,0.6666666666666666,1.0,0.01241218530469479,0.8333333333333334
ds007406,subjectwise,eegnet,1,sub-010,0.5146984577178955,6,0,-0.4472135954999579,-0.33333333333333326,0.3333333333333333,0.6333333333333333,0.3333333333333333,0.25,0.6666666666666666,0.0,0.015616977214813255,0.3333333333333333
ds007406,subjectwise,eegnet,2,sub-001,0.5019127059976259,6,0,0.0,0.0,0.5,0.5555555555555556,0.4444444444444445,0.3333333333333333,1.0,0.0,0.008827096886104946,0.5
ds007406,subjectwise,eegnet,2,sub-002,0.4994022953510285,6,0,0.0,0.0,0.5,0.7222222222222222,0.5555555555555556,0.4857142857142857,0.6666666666666666,0.3333333333333333,0.0070918376247087744,0.5
ds007406,subjectwise,eegnet,2,sub-003,0.5037023595968882,6,0,-0.7071067811865476,-0.6666666666666667,0.16666666666666666,0.38333333333333336,0.0,0.14285714285714285,0.3333333333333333,0.0,0.1713923601640596,0.16666666666666666
ds007406,subjectwise,eegnet,2,sub-004,0.5166807162761688,6,0,0.7071067811865476,0.6666666666666667,0.8333333333333333,1.0,1.0,0.8285714285714285,1.0,0.6666666666666666,0.02616867547233903,0.8333333333333334
ds007406,subjectwise,eegnet,2,sub-005,0.5037023595968882,6,0,0.0,0.0,0.5,0.7,0.5555555555555556,0.4857142857142857,0.6666666666666666,0.3333333333333333,0.15513053213556605,0.5
ds007406,subjectwise,eegnet,2,sub-006,0.5166807162761688,6,0,0.4472135954999579,0.33333333333333337,0.6666666666666666,1.0,1.0,0.625,1.0,0.3333333333333333,0.021167088217205476,0.6666666666666666
ds007406,subjectwise,eegnet,2,sub-007,0.5019127059976259,6,0,0.7071067811865476,0.6666666666666667,0.8333333333333333,0.8055555555555556,0.7777777777777779,0.8285714285714285,1.0,0.6666666666666666,0.3261226091947821,0.8333333333333334
ds007406,subjectwise,eegnet,2,sub-008,0.4948934328556061,6,0,0.3333333333333333,0.33333333333333337,0.6666666666666666,0.8333333333333333,0.6666666666666666,0.6666666666666666,0.6666666666666666,0.6666666666666666,0.3218430032332738,0.6666666666666666
ds007406,subjectwise,eegnet,2,sub-009,0.4948934328556061,6,0,0.7071067811865476,0.6666666666666667,0.8333333333333333,1.0,1.0,0.8285714285714285,0.6666666666666666,1.0,0.31384684211677977,0.8333333333333334
ds007406,subjectwise,eegnet,2,sub-010,0.4994022953510285,6,0,0.0,0.0,0.5,0.5,0.33333333333333337,0.4857142857142857,0.6666666666666666,0.3333333333333333,0.008033824960390696,0.5
ds007406,subjectwise,eegnet,3,sub-001,0.5129423013826212,6,0,0.4472135954999579,0.33333333333333337,0.6666666666666666,0.8055555555555556,0.7777777777777779,0.625,1.0,0.3333333333333333,0.11778562563574979,0.6666666666666666
ds007406,subjectwise,eegnet,3,sub-002,0.5048158558706443,6,0,0.3333333333333333,0.33333333333333337,0.6666666666666666,0.5888888888888889,0.5555555555555556,0.6666666666666666,0.6666666666666666,0.6666666666666666,0.011796335627635341,0.6666666666666666
ds007406,subjectwise,eegnet,3,sub-003,0.5129423013826212,6,0,0.0,0.0,0.5,0.8055555555555556,0.7777777777777779,0.3333333333333333,1.0,0.0,0.04789005104038446,0.5
ds007406,subjectwise,eegnet,3,sub-004,0.5047693326075872,6,0,0.4472135954999579,0.33333333333333337,0.6666666666666666,1.0,1.0,0.625,1.0,0.3333333333333333,0.018389743566513128,0.6666666666666666
ds007406,subjectwise,eegnet,3,sub-005,0.5047693326075872,6,0,0.4472135954999579,0.33333333333333337,0.6666666666666666,0.8055555555555556,0.7777777777777779,0.625,1.0,0.3333333333333333,0.1344033251438911,0.6666666666666666
ds007406,subjectwise,eegnet,3,sub-006,0.5059670296063026,6,0,0.3333333333333333,0.33333333333333337,0.6666666666666666,0.7222222222222222,0.5555555555555556,0.6666666666666666,0.6666666666666666,0.6666666666666666,0.010052562256654147,0.6666666666666666
ds007406,subjectwise,eegnet,3,sub-007,0.5059670296063026,6,0,0.0,0.0,0.5,0.4777777777777778,0.33333333333333337,0.4857142857142857,0.6666666666666666,0.3333333333333333,0.015472434047195708,0.5
ds007406,subjectwise,eegnet,3,sub-008,0.5048158558706443,6,0,0.4472135954999579,0.33333333333333337,0.6666666666666666,0.8333333333333333,0.6666666666666666,0.625,0.3333333333333333,1.0,0.16017103840907412,0.6666666666666666
ds007406,subjectwise,eegnet,3,sub-009,0.4926894629995028,6,0,0.3333333333333333,0.33333333333333337,0.6666666666666666,0.9166666666666665,0.888888888888889,0.6666666666666666,0.6666666666666666,0.6666666666666666,0.011049925784269998,0.6666666666666666
ds007406,subjectwise,eegnet,3,sub-010,0.4926894629995028,6,0,0.4472135954999579,0.33333333333333337,0.6666666666666666,0.9166666666666665,0.888888888888889,0.625,1.0,0.3333333333333333,0.003939386374420595,0.6666666666666666
ds007406,subjectwise,eegnet,4,sub-001,0.5001771274209023,6,0,0.0,0.0,0.5,0.5888888888888889,0.5555555555555556,0.4857142857142857,0.3333333333333333,0.6666666666666666,0.012588700445161952,0.5
ds007406,subjectwise,eegnet,4,sub-002,0.5150147852798304,6,0,0.0,0.0,0.5,0.8333333333333333,0.6666666666666666,0.3333333333333333,1.0,0.0,0.0217161266340149,0.5
ds007406,subjectwise,eegnet,4,sub-003,0.5174827585617701,6,0,0.0,0.0,0.5,0.4666666666666667,0.22222222222222224,0.3333333333333333,1.0,0.0,0.035925682551330884,0.5
ds007406,subjectwise,eegnet,4,sub-004,0.528854171037674,6,0,0.3333333333333333,0.33333333333333337,0.6666666666666666,0.9166666666666665,0.888888888888889,0.6666666666666666,0.6666666666666666,0.6666666666666666,0.023057178056074545,0.6666666666666666
ds007406,subjectwise,eegnet,4,sub-005,0.5001771274209023,6,0,0.3333333333333333,0.33333333333333337,0.6666666666666666,0.8055555555555556,0.7777777777777779,0.6666666666666666,0.6666666666666666,0.6666666666666666,0.14931545489364195,0.6666666666666666
ds007406,subjectwise,eegnet,4,sub-006,0.4954813330372175,6,0,-0.3333333333333333,-0.33333333333333326,0.3333333333333333,0.4444444444444445,0.22222222222222224,0.3333333333333333,0.3333333333333333,0.3333333333333333,0.17372857845491835,0.3333333333333333
ds007406,subjectwise,eegnet,4,sub-007,0.528854171037674,6,0,-0.3333333333333333,-0.33333333333333326,0.3333333333333333,0.7,0.5555555555555556,0.3333333333333333,0.3333333333333333,0.3333333333333333,0.030757188194224388,0.3333333333333333
ds007406,subjectwise,eegnet,4,sub-008,0.5174827585617701,6,0,0.0,0.0,0.5,0.5555555555555556,0.4444444444444445,0.4857142857142857,0.6666666666666666,0.3333333333333333,0.026765910204913923,0.5
ds007406,subjectwise,eegnet,4,sub-009,0.4954813330372175,6,0,-0.4472135954999579,-0.33333333333333326,0.3333333333333333,0.7222222222222222,0.5555555555555556,0.25,0.6666666666666666,0.0,0.005256159769164233,0.3333333333333333
ds007406,subjectwise,eegnet,4,sub-010,0.5150147852798304,6,0,-0.4472135954999579,-0.33333333333333326,0.3333333333333333,0.4444444444444445,0.22222222222222224,0.25,0.6666666666666666,0.0,0.021734817160500408,0.3333333333333333
ds007406,subjectwise,logreg,0,sub-001,0.37842418551445,6,0,0.0,0.0,0.5,0.6666666666666667,0.4444444444444444,0.4857142857142857,0.6666666666666666,0.3333333333333333,0.4018542316666666,0.5
ds007406,subjectwise,logreg,0,sub-002,0.4272574752569198,6,0,0.0,0.0,0.5,0.5888888888888889,0.5555555555555556,0.3333333333333333,1.0,0.0,0.465976305,0.5
ds007406,subjectwise,logreg,0,sub-003,0.397320032119751,6,0,0.0,0.0,0.5,0.38333333333333336,0.0,0.3333333333333333,0.0,1.0,0.36971123166666664,0.5
ds007406,subjectwise,logreg,0,sub-004,0.469682914018631,6,0,0.0,0.0,0.5,0.8055555555555556,0.7777777777777779,0.3333333333333333,0.0,1.0,0.4442811303333334,0.5
ds007406,subjectwise,logreg,0,sub-005,0.4417656630277634,6,0,0.4472135954999579,0.33333333333333337,0.6666666666666666,0.7222222222222222,0.5555555555555556,0.625,0.3333333333333333,1.0,0.37862724416666665,0.6666666666666666
ds007406,subjectwise,logreg,0,sub-006,0.4272574752569198,6,0,0.0,0.0,0.5,1.0,1.0,0.3333333333333333,1.0,0.0,0.4520828899999999,0.5
ds007406,subjectwise,logreg,0,sub-007,0.397320032119751,6,0,0.4472135954999579,0.33333333333333337,0.6666666666666666,0.7555555555555555,0.6666666666666667,0.625,1.0,0.3333333333333333,0.33122551499999997,0.6666666666666666
ds007406,subjectwise,logreg,0,sub-008,0.4417656630277634,6,0,0.0,0.0,0.5,0.7,0.5555555555555556,0.3333333333333333,0.0,1.0,0.42425581616666663,0.5
ds007406,subjectwise,logreg,0,sub-009,0.37842418551445,6,0,0.0,0.0,0.5,0.7555555555555555,0.6666666666666667,0.4857142857142857,0.3333333333333333,0.6666666666666666,0.4124928341666666,0.5
ds007406,subjectwise,logreg,0,sub-010,0.469682914018631,6,0,0.0,0.0,0.5,0.5333333333333333,0.4444444444444445,0.3333333333333333,1.0,0.0,0.43460527666666665,0.5
ds007406,subjectwise,logreg,1,sub-001,0.3162966340780258,6,0,0.3333333333333333,0.33333333333333337,0.6666666666666666,0.8333333333333333,0.6666666666666666,0.6666666666666666,0.6666666666666666,0.6666666666666666,0.28448787166666667,0.6666666666666666
ds007406,subjectwise,logreg,1,sub-002,0.4843083053827286,6,0,0.0,0.0,0.5,0.7,0.5555555555555556,0.3333333333333333,1.0,0.0,0.46717744666666666,0.5
ds007406,subjectwise,logreg,1,sub-003,0.5238907933235168,6,0,0.0,0.0,0.5,0.41111111111111115,0.11111111111111112,0.3333333333333333,0.0,1.0,0.4858682553333333,0.5
ds007406,subjectwise,logreg,1,sub-004,0.5238907933235168,6,0,0.0,0.0,0.5,0.9166666666666665,0.888888888888889,0.3333333333333333,0.0,1.0,0.3806053745,0.5
ds007406,subjectwise,logreg,1,sub-005,0.4417656630277634,6,0,0.4472135954999579,0.33333333333333337,0.6666666666666666,0.7222222222222222,0.5555555555555556,0.625,0.3333333333333333,1.0,0.37862724416666665,0.6666666666666666
ds007406,subjectwise,logreg,1,sub-006,0.3162966340780258,6,0,0.0,0.0,0.5,1.0,1.0,0.3333333333333333,1.0,0.0,0.3874255283333333,0.5
ds007406,subjectwise,logreg,1,sub-007,0.4843083053827286,6,0,0.3333333333333333,0.33333333333333337,0.6666666666666666,0.5555555555555556,0.4444444444444445,0.6666666666666666,0.6666666666666666,0.6666666666666666,0.5079861083333334,0.6666666666666666
ds007406,subjectwise,logreg,1,sub-008,0.4417656630277634,6,0,0.0,0.0,0.5,0.7,0.5555555555555556,0.3333333333333333,0.0,1.0,0.42425581616666663,0.5
ds007406,subjectwise,logreg,1,sub-009,0.4016971617937089,6,0,0.0,0.0,0.5,0.8333333333333333,0.6666666666666666,0.3333333333333333,1.0,0.0,0.33881044000000005,0.5
ds007406,subjectwise,logreg,1,sub-010,0.4016971617937089,6,0,0.0,0.0,0.5,0.8666666666666667,0.7777777777777778,0.3333333333333333,1.0,0.0,0.46692858833333345,0.5
ds007406,subjectwise,logreg,2,sub-001,0.3938659369945526,6,0,0.0,0.0,0.5,0.5888888888888889,0.5555555555555556,0.3333333333333333,0.0,1.0,0.45714784366666666,0.5
ds007406,subjectwise,logreg,2,sub-002,0.4648986667394638,6,0,0.0,0.0,0.5,0.5333333333333333,0.4444444444444445,0.3333333333333333,1.0,0.0,0.3353501083333333,0.5
ds007406,subjectwise,logreg,2,sub-003,0.4916508376598358,6,0,0.0,0.0,0.5,0.5555555555555556,0.4444444444444445,0.3333333333333333,0.0,1.0,0.4568814168333333,0.5
ds007406,subjectwise,logreg,2,sub-004,0.3776280507445336,6,0,0.0,0.0,0.5,0.8666666666666667,0.7777777777777778,0.3333333333333333,1.0,0.0,0.44124203333333334,0.5
ds007406,subjectwise,logreg,2,sub-005,0.4916508376598358,6,0,0.7071067811865476,0.6666666666666667,0.8333333333333333,0.9166666666666665,0.888888888888889,0.8285714285714285,1.0,0.6666666666666666,0.24343908100000006,0.8333333333333334
ds007406,subjectwise,logreg,2,sub-006,0.3776280507445336,6,0,0.0,0.0,0.5,1.0,1.0,0.3333333333333333,1.0,0.0,0.4259349333333334,0.5
ds007406,subjectwise,logreg,2,sub-007,0.3938659369945526,6,0,0.0,0.0,0.5,0.8055555555555556,0.7777777777777779,0.3333333333333333,1.0,0.0,0.22927978833333335,0.5
ds007406,subjectwise,logreg,2,sub-008,0.3978990912437439,6,0,0.0,0.0,0.5,0.7,0.5555555555555556,0.3333333333333333,0.0,1.0,0.4334734535,0.5
ds007406,subjectwise,logreg,2,sub-009,0.3978990912437439,6,0,-0.3333333333333333,-0.33333333333333326,0.3333333333333333,0.4666666666666667,0.22222222222222224,0.3333333333333333,0.3333333333333333,0.3333333333333333,0.45900960999999996,0.3333333333333333
ds007406,subjectwise,logreg,2,sub-010,0.4648986667394638,6,0,0.0,0.0,0.5,0.9166666666666665,0.888888888888889,0.3333333333333333,1.0,0.0,0.4344317049999999,0.5
ds007406,subjectwise,logreg,3,sub-001,0.5651166558265686,6,0,0.4472135954999579,0.33333333333333337,0.6666666666666666,0.6333333333333333,0.3333333333333333,0.625,0.3333333333333333,1.0,0.424258881,0.6666666666666666
ds007406,subjectwise,logreg,3,sub-002,0.508542001247406,6,0,0.0,0.0,0.5,0.4777777777777778,0.33333333333333337,0.3333333333333333,1.0,0.0,0.3981992683333332,0.5
ds007406,subjectwise,logreg,3,sub-003,0.5651166558265686,6,0,0.0,0.0,0.5,0.38333333333333336,0.0,0.3333333333333333,0.0,1.0,0.4832294584,0.5
ds007406,subjectwise,logreg,3,sub-004,0.5354552268981934,6,0,0.0,0.0,0.5,0.7555555555555555,0.6666666666666667,0.3333333333333333,1.0,0.0,0.4319560800000001,0.5
ds007406,subjectwise,logreg,3,sub-005,0.5354552268981934,6,0,0.0,0.0,0.5,0.7555555555555555,0.6666666666666667,0.4857142857142857,0.6666666666666666,0.3333333333333333,0.2605244666666666,0.5
ds007406,subjectwise,logreg,3,sub-006,0.5267431020736696,6,0,0.7071067811865476,0.6666666666666667,0.8333333333333333,1.0,1.0,0.8285714285714285,1.0,0.6666666666666666,0.30908231166666666,0.8333333333333334
ds007406,subjectwise,logreg,3,sub-007,0.5267431020736696,6,0,0.4472135954999579,0.33333333333333337,0.6666666666666666,0.7555555555555555,0.6666666666666667,0.625,1.0,0.3333333333333333,0.3674937816666667,0.6666666666666666
ds007406,subjectwise,logreg,3,sub-008,0.508542001247406,6,0,0.4472135954999579,0.33333333333333337,0.6666666666666666,0.8055555555555556,0.7777777777777779,0.625,0.3333333333333333,1.0,0.39892854833333335,0.6666666666666666
ds007406,subjectwise,logreg,3,sub-009,0.4319045722484588,6,0,0.4472135954999579,0.33333333333333337,0.6666666666666666,0.8666666666666667,0.7777777777777778,0.625,1.0,0.3333333333333333,0.22161231166666667,0.6666666666666666
ds007406,subjectwise,logreg,3,sub-010,0.4319045722484588,6,0,0.0,0.0,0.5,0.6388888888888888,0.6666666666666667,0.3333333333333333,1.0,0.0,0.39943267000000016,0.5
ds007406,subjectwise,logreg,4,sub-001,0.5051061332225799,6,0,0.4472135954999579,0.33333333333333337,0.6666666666666666,0.6388888888888888,0.6666666666666667,0.625,1.0,0.3333333333333333,0.2161443883333334,0.6666666666666666
ds007406,subjectwise,logreg,4,sub-002,0.3567758977413178,6,0,0.0,0.0,0.5,0.6388888888888888,0.6666666666666667,0.3333333333333333,1.0,0.0,0.4554099716666666,0.5
ds007406,subjectwise,logreg,4,sub-003,0.4710191518068313,6,0,0.0,0.0,0.5,0.5,0.33333333333333337,0.3333333333333333,0.0,1.0,0.36979063666666667,0.5
ds007406,subjectwise,logreg,4,sub-004,0.4747295305132866,6,0,0.0,0.0,0.5,0.7555555555555555,0.6666666666666667,0.3333333333333333,1.0,0.0,0.36552692666666664,0.5
ds007406,subjectwise,logreg,4,sub-005,0.5051061332225799,6,0,0.7071067811865476,0.6666666666666667,0.8333333333333333,0.9166666666666665,0.888888888888889,0.8285714285714285,1.0,0.6666666666666666,0.2479678283333333,0.8333333333333334
ds007406,subjectwise,logreg,4,sub-006,0.4639929980039596,6,0,0.0,0.0,0.5,0.9166666666666665,0.888888888888889,0.3333333333333333,1.0,0.0,0.4115689716666667,0.5
ds007406,subjectwise,logreg,4,sub-007,0.4747295305132866,6,0,0.0,0.0,0.5,0.5,0.33333333333333337,0.4857142857142857,0.6666666666666666,0.3333333333333333,0.5662938799999999,0.5
ds007406,subjectwise,logreg,4,sub-008,0.4710191518068313,6,0,0.0,0.0,0.5,0.8055555555555556,0.7777777777777779,0.4857142857142857,0.3333333333333333,0.6666666666666666,0.38765582666666665,0.5
ds007406,subjectwise,logreg,4,sub-009,0.4639929980039596,6,0,0.0,0.0,0.5,0.8333333333333333,0.6666666666666666,0.3333333333333333,1.0,0.0,0.4466197383333333,0.5
ds007406,subjectwise,logreg,4,sub-010,0.3567758977413178,6,0,0.0,0.0,0.5,0.8666666666666667,0.7777777777777778,0.3333333333333333,1.0,0.0,0.47106328999999997,0.5
ds007406,subjectwise,mlp,0,sub-001,0.5046365022659302,6,0,0.0,0.0,0.5,0.7,0.5555555555555556,0.3333333333333333,0.0,1.0,0.30769279000000005,0.5
ds007406,subjectwise,mlp,0,sub-002,0.4624447286128997,6,0,0.4472135954999579,0.33333333333333337,0.6666666666666666,0.6388888888888888,0.6666666666666667,0.625,1.0,0.3333333333333333,0.13933258499999998,0.6666666666666666
ds007406,subjectwise,mlp,0,sub-003,0.4546548962593079,6,0,-1.0,-1.0,0.0,0.38333333333333336,0.0,0.0,0.0,0.0,0.15194570333333332,0.0
ds007406,subjectwise,mlp,0,sub-004,0.4415589123964309,6,0,0.4472135954999579,0.33333333333333337,0.6666666666666666,0.5888888888888889,0.5555555555555556,0.625,1.0,0.3333333333333333,0.029897210000000007,0.6666666666666666
ds007406,subjectwise,mlp,0,sub-005,0.4109610378742218,6,0,0.3333333333333333,0.33333333333333337,0.6666666666666666,0.7555555555555555,0.6666666666666667,0.6666666666666666,0.6666666666666666,0.6666666666666666,0.18006983333333335,0.6666666666666666
ds007406,subjectwise,mlp,0,sub-006,0.4624447286128997,6,0,0.0,0.0,0.5,0.9166666666666665,0.888888888888889,0.3333333333333333,1.0,0.0,0.03437752666666671,0.5
ds007406,subjectwise,mlp,0,sub-007,0.4546548962593079,6,0,0.0,0.0,0.5,0.7555555555555555,0.6666666666666667,0.3333333333333333,1.0,0.0,0.16967901500000004,0.5
ds007406,subjectwise,mlp,0,sub-008,0.4109610378742218,6,0,0.0,0.0,0.5,0.41111111111111115,0.11111111111111112,0.3333333333333333,1.0,0.0,0.20351405833333333,0.5
ds007406,subjectwise,mlp,0,sub-009,0.5046365022659302,6,0,0.0,0.0,0.5,0.5888888888888889,0.5555555555555556,0.4857142857142857,0.6666666666666666,0.3333333333333333,0.18027852999999996,0.5
ds007406,subjectwise,mlp,0,sub-010,0.4415589123964309,6,0,0.4472135954999579,0.33333333333333337,0.6666666666666666,0.4777777777777778,0.33333333333333337,0.625,1.0,0.3333333333333333,0.03192096833333341,0.6666666666666666
ds007406,subjectwise,mlp,1,sub-001,0.5102455168962479,6,0,0.4472135954999579,0.33333333333333337,0.6666666666666666,0.7,0.5555555555555556,0.625,0.3333333333333333,1.0,0.2891565533333333,0.6666666666666666
ds007406,subjectwise,mlp,1,sub-002,0.5080495178699493,6,0,0.4472135954999579,0.33333333333333337,0.6666666666666666,0.8666666666666667,0.7777777777777778,0.625,1.0,0.3333333333333333,0.08247178666666664,0.6666666666666666
ds007406,subjectwise,mlp,1,sub-003,0.5517527341842652,6,0,0.0,0.0,0.5,0.38333333333333336,0.0,0.3333333333333333,0.0,1.0,0.5215661866666667,0.5
ds007406,subjectwise,mlp,1,sub-004,0.5517527341842652,6,0,0.4472135954999579,0.33333333333333337,0.6666666666666666,0.8666666666666667,0.7777777777777778,0.625,0.3333333333333333,1.0,0.24164963833333333,0.6666666666666666
ds007406,subjectwise,mlp,1,sub-005,0.518792188167572,6,0,0.4472135954999579,0.33333333333333337,0.6666666666666666,0.7222222222222222,0.5555555555555556,0.625,0.3333333333333333,1.0,0.44389169999999994,0.6666666666666666
ds007406,subjectwise,mlp,1,sub-006,0.5102455168962479,6,0,0.4472135954999579,0.33333333333333337,0.6666666666666666,1.0,1.0,0.625,0.3333333333333333,1.0,0.14241068499999998,0.6666666666666666
ds007406,subjectwise,mlp,1,sub-007,0.5080495178699493,6,0,0.7071067811865476,0.6666666666666667,0.8333333333333333,0.8666666666666667,0.7777777777777778,0.8285714285714285,0.6666666666666666,1.0,0.12375381500000002,0.8333333333333334
ds007406,subjectwise,mlp,1,sub-008,0.518792188167572,6,0,0.0,0.0,0.5,0.9166666666666665,0.888888888888889,0.3333333333333333,0.0,1.0,0.2153300216666667,0.5
ds007406,subjectwise,mlp,1,sub-009,0.4832993268966675,6,0,0.0,0.0,0.5,0.6333333333333333,0.3333333333333333,0.3333333333333333,1.0,0.0,0.34640830333333333,0.5
ds007406,subjectwise,mlp,1,sub-010,0.4832993268966675,6,0,0.4472135954999579,0.33333333333333337,0.6666666666666666,1.0,1.0,0.625,1.0,0.3333333333333333,0.3240244133333333,0.6666666666666666
ds007406,subjectwise,mlp,2,sub-001,0.444107511639595,6,0,0.0,0.0,0.5,0.5888888888888889,0.5555555555555556,0.3333333333333333,0.0,1.0,0.37950427499999995,0.5
ds007406,subjectwise,mlp,2,sub-002,0.5525895863771438,6,0,0.0,0.0,0.5,0.5888888888888889,0.5555555555555556,0.4857142857142857,0.6666666666666666,0.3333333333333333,0.2563359416666667,0.5
ds007406,subjectwise,mlp,2,sub-003,0.4370754137635231,6,0,0.0,0.0,0.5,0.41111111111111115,0.11111111111111112,0.3333333333333333,0.0,1.0,0.3168797416666666,0.5
ds007406,subjectwise,mlp,2,sub-004,0.3797191232442856,6,0,-0.4472135954999579,-0.33333333333333326,0.3333333333333333,0.8333333333333333,0.6666666666666666,0.25,0.6666666666666666,0.0,0.4420314533333333,0.3333333333333333
ds007406,subjectwise,mlp,2,sub-005,0.4370754137635231,6,0,0.7071067811865476,0.6666666666666667,0.8333333333333333,1.0,1.0,0.8285714285714285,1.0,0.6666666666666666,0.1257882266666667,0.8333333333333334
ds007406,subjectwise,mlp,2,sub-006,0.3797191232442856,6,0,0.0,0.0,0.5,1.0,1.0,0.3333333333333333,1.0,0.0,0.31099936833333336,0.5
ds007406,subjectwise,mlp,2,sub-007,0.444107511639595,6,0,0.0,0.0,0.5,0.9166666666666665,0.888888888888889,0.3333333333333333,1.0,0.0,0.209515975,0.5
ds007406,subjectwise,mlp,2,sub-008,0.4706584632396698,6,0,0.0,0.0,0.5,0.7555555555555555,0.6666666666666667,0.3333333333333333,0.0,1.0,0.23641006666666664,0.5
ds007406,subjectwise,mlp,2,sub-009,0.4706584632396698,6,0,-0.3333333333333333,-0.33333333333333326,0.3333333333333333,0.7,0.5555555555555556,0.3333333333333333,0.3333333333333333,0.3333333333333333,0.05831308833333334,0.3333333333333333
ds007406,subjectwise,mlp,2,sub-010,0.5525895863771438,6,0,0.0,0.0,0.5,0.9166666666666665,0.888888888888889,0.3333333333333333,1.0,0.0,0.2898109366666667,0.5
ds007406,subjectwise,mlp,3,sub-001,0.4022660791873932,6,0,0.0,0.0,0.5,0.7,0.5555555555555556,0.4857142857142857,0.3333333333333333,0.6666666666666666,0.4277812133333333,0.5
ds007406,subjectwise,mlp,3,sub-002,0.5228366106748581,6,0,0.4472135954999579,0.33333333333333337,0.6666666666666666,0.6388888888888888,0.6666666666666667,0.625,1.0,0.3333333333333333,0.29609485999999996,0.6666666666666666
ds007406,subjectwise,mlp,3,sub-003,0.4022660791873932,6,0,0.0,0.0,0.5,0.38333333333333336,0.0,0.3333333333333333,0.0,1.0,0.40591562666666664,0.5
ds007406,subjectwise,mlp,3,sub-004,0.5092997521162034,6,0,0.3333333333333333,0.33333333333333337,0.6666666666666666,0.8333333333333333,0.6666666666666666,0.6666666666666666,0.6666666666666666,0.6666666666666666,0.12833405333333336,0.6666666666666666
ds007406,subjectwise,mlp,3,sub-005,0.5092997521162034,6,0,0.0,0.0,0.5,0.7,0.5555555555555556,0.3333333333333333,0.0,1.0,0.034569825,0.5
ds007406,subjectwise,mlp,3,sub-006,0.3662325292825699,6,0,0.0,0.0,0.5,0.8055555555555556,0.7777777777777779,0.3333333333333333,1.0,0.0,0.24146514833333324,0.5
ds007406,subjectwise,mlp,3,sub-007,0.3662325292825699,6,0,0.0,0.0,0.5,0.7555555555555555,0.6666666666666667,0.3333333333333333,1.0,0.0,0.15575284333333334,0.5
ds007406,subjectwise,mlp,3,sub-008,0.5228366106748581,6,0,0.4472135954999579,0.33333333333333337,0.6666666666666666,1.0,1.0,0.625,0.3333333333333333,1.0,0.2915297333333333,0.6666666666666666
ds007406,subjectwise,mlp,3,sub-009,0.5100805521011353,6,0,0.7071067811865476,0.6666666666666667,0.8333333333333333,0.8055555555555556,0.7777777777777779,0.8285714285714285,1.0,0.6666666666666666,0.2868679516666666,0.8333333333333334
ds007406,subjectwise,mlp,3,sub-010,0.5100805521011353,6,0,0.0,0.0,0.5,0.6388888888888888,0.6666666666666667,0.3333333333333333,1.0,0.0,0.1205351933333333,0.5
ds007406,subjectwise,mlp,4,sub-001,0.4566657543182373,6,0,0.4472135954999579,0.33333333333333337,0.6666666666666666,0.7,0.5555555555555556,0.625,1.0,0.3333333333333333,0.11665455666666658,0.6666666666666666
ds007406,subjectwise,mlp,4,sub-002,0.5169362962245941,6,0,0.4472135954999579,0.33333333333333337,0.6666666666666666,0.7555555555555555,0.6666666666666667,0.625,1.0,0.3333333333333333,0.21701775666666667,0.6666666666666666
ds007406,subjectwise,mlp,4,sub-003,0.4687722399830818,6,0,0.0,0.0,0.5,0.41111111111111115,0.11111111111111112,0.3333333333333333,0.0,1.0,0.1298278083333333,0.5
ds007406,subjectwise,mlp,4,sub-004,0.4468175128102302,6,0,0.0,0.0,0.5,0.8333333333333333,0.6666666666666666,0.3333333333333333,1.0,0.0,0.28390262,0.5
ds007406,subjectwise,mlp,4,sub-005,0.4566657543182373,6,0,0.0,0.0,0.5,0.7222222222222222,0.5555555555555556,0.4857142857142857,0.3333333333333333,0.6666666666666666,0.15085335333333327,0.5
ds007406,subjectwise,mlp,4,sub-006,0.4825982630252839,6,0,0.0,0.0,0.5,0.6333333333333333,0.3333333333333333,0.3333333333333333,1.0,0.0,0.1927754200000001,0.5
ds007406,subjectwise,mlp,4,sub-007,0.4468175128102302,6,0,0.0,0.0,0.5,0.5555555555555556,0.4444444444444445,0.4857142857142857,0.6666666666666666,0.3333333333333333,0.429975965,0.5
ds007406,subjectwise,mlp,4,sub-008,0.4687722399830818,6,0,0.7071067811865476,0.6666666666666667,0.8333333333333333,0.9166666666666665,0.888888888888889,0.8285714285714285,0.6666666666666666,1.0,0.17353826166666667,0.8333333333333334
ds007406,subjectwise,mlp,4,sub-009,0.4825982630252839,6,0,0.0,0.0,0.5,0.6333333333333333,0.3333333333333333,0.3333333333333333,1.0,0.0,0.5102940549999999,0.5
ds007406,subjectwise,mlp,4,sub-010,0.5169362962245941,6,0,0.0,0.0,0.5,1.0,1.0,0.3333333333333333,1.0,0.0,0.4194448116666667,0.5
ds007406,subjectwise,svm_rbf,0,sub-001,0.45458696824416,6,0,-0.3333333333333333,-0.33333333333333326,0.3333333333333333,0.6333333333333333,0.3333333333333333,0.3333333333333333,0.3333333333333333,0.3333333333333333,0.30681525973917145,0.3333333333333333
ds007406,subjectwise,svm_rbf,0,sub-002,0.4576033317634837,6,0,0.0,0.0,0.5,0.5888888888888889,0.5555555555555556,0.3333333333333333,1.0,0.0,0.19002627662208177,0.5
ds007406,subjectwise,svm_rbf,0,sub-003,0.4895887092286691,6,0,0.0,0.0,0.5,0.38333333333333336,0.0,0.3333333333333333,0.0,1.0,0.04079751240551738,0.5
ds007406,subjectwise,svm_rbf,0,sub-004,0.4631128479924066,6,0,-0.3333333333333333,-0.33333333333333326,0.3333333333333333,0.6666666666666667,0.4444444444444444,0.3333333333333333,0.3333333333333333,0.3333333333333333,0.12530620387322086,0.3333333333333333
ds007406,subjectwise,svm_rbf,0,sub-005,0.4271862865703341,6,0,0.0,0.0,0.5,0.6666666666666667,0.4444444444444444,0.3333333333333333,1.0,0.0,0.12804433997144848,0.5
ds007406,subjectwise,svm_rbf,0,sub-006,0.4576033317634837,6,0,0.0,0.0,0.5,0.4666666666666667,0.22222222222222224,0.3333333333333333,1.0,0.0,0.1733058866471386,0.5
ds007406,subjectwise,svm_rbf,0,sub-007,0.4895887092286691,6,0,0.7071067811865476,0.6666666666666667,0.8333333333333333,0.9166666666666665,0.888888888888889,0.8285714285714285,1.0,0.6666666666666666,0.1491304414070334,0.8333333333333334
ds007406,subjectwise,svm_rbf,0,sub-008,0.4271862865703341,6,0,0.0,0.0,0.5,0.8666666666666667,0.7777777777777778,0.3333333333333333,1.0,0.0,0.12572494415992552,0.5
ds007406,subjectwise,svm_rbf,0,sub-009,0.45458696824416,6,0,0.0,0.0,0.5,0.7555555555555555,0.6666666666666667,0.3333333333333333,1.0,0.0,0.06051621585280831,0.5
ds007406,subjectwise,svm_rbf,0,sub-010,0.4631128479924066,6,0,0.0,0.0,0.5,1.0,1.0,0.3333333333333333,1.0,0.0,0.4765020545597042,0.5
ds007406,subjectwise,svm_rbf,1,sub-001,0.4111057427928116,6,0,0.0,0.0,0.5,0.8333333333333333,0.6666666666666666,0.3333333333333333,1.0,0.0,0.18896218792883102,0.5
ds007406,subjectwise,svm_rbf,1,sub-002,0.4573624181681368,6,0,-0.4472135954999579,-0.33333333333333326,0.3333333333333333,0.5,0.33333333333333337,0.25,0.6666666666666666,0.0,0.1898523883546433,0.3333333333333333
ds007406,subjectwise,svm_rbf,1,sub-003,0.461315570311374,6,0,0.0,0.0,0.5,0.5333333333333333,0.4444444444444445,0.3333333333333333,0.0,1.0,0.06011289961448524,0.5
ds007406,subjectwise,svm_rbf,1,sub-004,0.461315570311374,6,0,-0.3333333333333333,-0.33333333333333326,0.3333333333333333,0.6666666666666667,0.4444444444444444,0.3333333333333333,0.3333333333333333,0.3333333333333333,0.127285874289444,0.3333333333333333
ds007406,subjectwise,svm_rbf,1,sub-005,0.4271862865703341,6,0,0.0,0.0,0.5,0.6666666666666667,0.4444444444444444,0.3333333333333333,1.0,0.0,0.12804433997144848,0.5
ds007406,subjectwise,svm_rbf,1,sub-006,0.4111057427928116,6,0,0.0,0.0,0.5,0.4444444444444445,0.22222222222222224,0.3333333333333333,1.0,0.0,0.018857716417710613,0.5
ds007406,subjectwise,svm_rbf,1,sub-007,0.4573624181681368,6,0,0.0,0.0,0.5,0.6333333333333333,0.3333333333333333,0.3333333333333333,1.0,0.0,0.34442331410051524,0.5
ds007406,subjectwise,svm_rbf,1,sub-008,0.4271862865703341,6,0,0.0,0.0,0.5,0.8666666666666667,0.7777777777777778,0.3333333333333333,1.0,0.0,0.12572494415992552,0.5
ds007406,subjectwise,svm_rbf,1,sub-009,0.4713160341020498,6,0,0.0,0.0,0.5,0.5888888888888889,0.5555555555555556,0.3333333333333333,1.0,0.0,0.12602345310143542,0.5
ds007406,subjectwise,svm_rbf,1,sub-010,0.4713160341020498,6,0,0.7071067811865476,0.6666666666666667,0.8333333333333333,1.0,1.0,0.8285714285714285,1.0,0.6666666666666666,0.2986043018219907,0.8333333333333334
ds007406,subjectwise,svm_rbf,2,sub-001,0.4427471776910039,6,0,0.0,0.0,0.5,0.8333333333333333,0.6666666666666666,0.3333333333333333,1.0,0.0,0.0405754237191257,0.5
ds007406,subjectwise,svm_rbf,2,sub-002,0.4666303094218355,6,0,0.0,0.0,0.5,0.7222222222222222,0.5555555555555556,0.3333333333333333,1.0,0.0,0.038290338264946544,0.5
ds007406,subjectwise,svm_rbf,2,sub-003,0.4289222834185091,6,0,0.0,0.0,0.5,0.4777777777777778,0.33333333333333337,0.3333333333333333,1.0,0.0,0.04780906815593711,0.5
ds007406,subjectwise,svm_rbf,2,sub-004,0.4749973793045036,6,0,0.0,0.0,0.5,0.4444444444444445,0.22222222222222224,0.3333333333333333,1.0,0.0,0.17972622726286733,0.5
ds007406,subjectwise,svm_rbf,2,sub-005,0.4289222834185091,6,0,0.0,0.0,0.5,0.5555555555555556,0.4444444444444445,0.3333333333333333,1.0,0.0,0.005040763829031736,0.5
ds007406,subjectwise,svm_rbf,2,sub-006,0.4749973793045036,6,0,0.0,0.0,0.5,1.0,1.0,0.3333333333333333,0.0,1.0,0.06537987741233381,0.5
ds007406,subjectwise,svm_rbf,2,sub-007,0.4427471776910039,6,0,0.0,0.0,0.5,0.5,0.33333333333333337,0.3333333333333333,1.0,0.0,0.17934941995858653,0.5
ds007406,subjectwise,svm_rbf,2,sub-008,0.487959270635498,6,0,0.4472135954999579,0.33333333333333337,0.6666666666666666,0.7555555555555555,0.6666666666666667,0.625,1.0,0.3333333333333333,0.010748297001790178,0.6666666666666666
ds007406,subjectwise,svm_rbf,2,sub-009,0.487959270635498,6,0,0.0,0.0,0.5,0.7222222222222222,0.5555555555555556,0.3333333333333333,1.0,0.0,0.021237801695240293,0.5
ds007406,subjectwise,svm_rbf,2,sub-010,0.4666303094218355,6,0,0.0,0.0,0.5,0.8055555555555556,0.7777777777777779,0.3333333333333333,1.0,0.0,0.2783500408202616,0.5
ds007406,subjectwise,svm_rbf,3,sub-001,0.2429281713987296,6,0,0.0,0.0,0.5,0.7,0.5555555555555556,0.4857142857142857,0.3333333333333333,0.6666666666666666,0.41023010721093206,0.5
ds007406,subjectwise,svm_rbf,3,sub-002,0.4659380384349125,6,0,0.0,0.0,0.5,0.5888888888888889,0.5555555555555556,0.3333333333333333,1.0,0.0,0.11817482746053706,0.5
ds007406,subjectwise,svm_rbf,3,sub-003,0.2429281713987296,6,0,0.0,0.0,0.5,0.38333333333333336,0.0,0.3333333333333333,0.0,1.0,0.442508445236447,0.5
ds007406,subjectwise,svm_rbf,3,sub-004,0.4692291485997196,6,0,0.0,0.0,0.5,0.4666666666666667,0.22222222222222224,0.3333333333333333,1.0,0.0,0.13851205229511476,0.5
ds007406,subjectwise,svm_rbf,3,sub-005,0.4692291485997196,6,0,0.0,0.0,0.5,0.8055555555555556,0.7777777777777779,0.3333333333333333,1.0,0.0,0.044189392521155946,0.5
ds007406,subjectwise,svm_rbf,3,sub-006,0.4874764626784188,6,0,0.7071067811865476,0.6666666666666667,0.8333333333333333,0.9166666666666665,0.888888888888889,0.8285714285714285,0.6666666666666666,1.0,0.013604043599114546,0.8333333333333334
ds007406,subjectwise,svm_rbf,3,sub-007,0.4874764626784188,6,0,0.0,0.0,0.5,0.8666666666666667,0.7777777777777778,0.3333333333333333,1.0,0.0,0.013433642680365896,0.5
ds007406,subjectwise,svm_rbf,3,sub-008,0.4659380384349125,6,0,0.4472135954999579,0.33333333333333337,0.6666666666666666,1.0,1.0,0.625,1.0,0.3333333333333333,0.3086025142115923,0.6666666666666666
ds007406,subjectwise,svm_rbf,3,sub-009,0.4576610143227133,6,0,0.0,0.0,0.5,0.5888888888888889,0.5555555555555556,0.3333333333333333,1.0,0.0,0.02302817633764257,0.5
ds007406,subjectwise,svm_rbf,3,sub-010,0.4576610143227133,6,0,0.0,0.0,0.5,1.0,1.0,0.3333333333333333,1.0,0.0,0.31293194538363855,0.5
ds007406,subjectwise,svm_rbf,4,sub-001,0.500286074184136,6,0,0.0,0.0,0.5,0.7222222222222222,0.5555555555555556,0.4857142857142857,0.3333333333333333,0.6666666666666666,0.0008170810889232734,0.5
ds007406,subjectwise,svm_rbf,4,sub-002,0.3181969267041442,6,0,0.0,0.0,0.5,0.5,0.33333333333333337,0.3333333333333333,1.0,0.0,0.25631864514314495,0.5
ds007406,subjectwise,svm_rbf,4,sub-003,0.4690967440663683,6,0,0.0,0.0,0.5,0.38333333333333336,0.0,0.3333333333333333,0.0,1.0,0.32637764511720635,0.5
ds007406,subjectwise,svm_rbf,4,sub-004,0.4359894027592893,6,0,0.0,0.0,0.5,0.4666666666666667,0.22222222222222224,0.3333333333333333,1.0,0.0,0.3786033927233565,0.5
ds007406,subjectwise,svm_rbf,4,sub-005,0.500286074184136,6,0,0.0,0.0,0.5,0.6388888888888888,0.6666666666666667,0.3333333333333333,1.0,0.0,0.001234665308444849,0.5
ds007406,subjectwise,svm_rbf,4,sub-006,0.4566501700408795,6,0,0.0,0.0,0.5,0.9166666666666665,0.888888888888889,0.3333333333333333,1.0,0.0,0.010096825296118939,0.5
ds007406,subjectwise,svm_rbf,4,sub-007,0.4359894027592893,6,0,0.4472135954999579,0.33333333333333337,0.6666666666666666,0.4777777777777778,0.33333333333333337,0.625,1.0,0.3333333333333333,0.19492894242971484,0.6666666666666666
ds007406,subjectwise,svm_rbf,4,sub-008,0.4690967440663683,6,0,0.4472135954999579,0.33333333333333337,0.6666666666666666,0.8055555555555556,0.7777777777777779,0.625,1.0,0.3333333333333333,0.29395835589449903,0.6666666666666666
ds007406,subjectwise,svm_rbf,4,sub-009,0.4566501700408795,6,0,0.0,0.0,0.5,0.5888888888888889,0.5555555555555556,0.3333333333333333,1.0,0.0,0.014369518559993985,0.5
ds007406,subjectwise,svm_rbf,4,sub-010,0.3181969267041442,6,0,0.0,0.0,0.5,0.38333333333333336,0.0,0.3333333333333333,1.0,0.0,0.41013263482603013,0.5
ds007406,subjectwise,xgboost,0,sub-001,0.4876312628388405,6,0,0.3333333333333333,0.33333333333333337,0.6666666666666666,0.9166666666666666,0.888888888888889,0.6666666666666666,0.6666666666666666,0.6666666666666666,0.15229802999999997,0.6666666666666666
ds007406,subjectwise,xgboost,0,sub-002,0.4946450352668762,6,0,0.0,0.0,0.5,0.38333333333333336,0.05555555555555556,0.3333333333333333,1.0,0.0,0.021946723333333362,0.5
ds007406,subjectwise,xgboost,0,sub-003,0.4852047756314278,6,0,0.0,0.0,0.5,0.4666666666666667,0.22222222222222224,0.3333333333333333,0.0,1.0,0.06187619999999994,0.5
ds007406,subjectwise,xgboost,0,sub-004,0.5124122142791747,6,0,0.0,0.0,0.5,0.7,0.5555555555555556,0.3333333333333333,0.0,1.0,0.11725952333333334,0.5
ds007406,subjectwise,xgboost,0,sub-005,0.4956531316041949,6,0,0.0,0.0,0.5,0.7,0.5555555555555556,0.3333333333333333,0.0,1.0,0.23036087,0.5
ds007406,subjectwise,xgboost,0,sub-006,0.4946450352668762,6,0,0.4472135954999579,0.33333333333333337,0.6666666666666666,0.7333333333333334,0.6666666666666667,0.625,1.0,0.3333333333333333,0.014728983333333352,0.6666666666666666
ds007406,subjectwise,xgboost,0,sub-007,0.4852047756314278,6,0,0.0,0.0,0.5,0.5555555555555556,0.4444444444444445,0.4857142857142857,0.6666666666666666,0.3333333333333333,0.06374494,0.5
ds007406,subjectwise,xgboost,0,sub-008,0.4956531316041949,6,0,0.4472135954999579,0.33333333333333337,0.6666666666666666,0.7222222222222222,0.5555555555555556,0.625,0.3333333333333333,1.0,0.22324107499999996,0.6666666666666666
ds007406,subjectwise,xgboost,0,sub-009,0.4876312628388405,6,0,0.0,0.0,0.5,0.4666666666666667,0.38888888888888895,0.4857142857142857,0.3333333333333333,0.6666666666666666,0.015151743333333354,0.5
ds007406,subjectwise,xgboost,0,sub-010,0.5124122142791747,6,0,0.0,0.0,0.5,0.8666666666666667,0.7777777777777778,0.3333333333333333,1.0,0.0,0.14390689333333329,0.5
ds007406,subjectwise,xgboost,1,sub-001,0.4802233934402466,6,0,-0.3333333333333333,-0.33333333333333326,0.3333333333333333,0.6666666666666667,0.4444444444444444,0.3333333333333333,0.3333333333333333,0.3333333333333333,0.2148681766666667,0.3333333333333333
ds007406,subjectwise,xgboost,1,sub-002,0.4775301575660705,6,0,0.0,0.0,0.5,0.5,0.3888888888888889,0.3333333333333333,1.0,0.0,0.23637564666666666,0.5
ds007406,subjectwise,xgboost,1,sub-003,0.4995121121406556,6,0,0.0,0.0,0.5,0.8333333333333333,0.8333333333333333,0.3333333333333333,0.0,1.0,0.012875079999999983,0.5
ds007406,subjectwise,xgboost,1,sub-004,0.4995121121406556,6,0,0.0,0.0,0.5,0.5,0.5,0.3333333333333333,0.0,1.0,0.0068177600000000615,0.5
ds007406,subjectwise,xgboost,1,sub-005,0.5255012035369873,6,0,0.4472135954999579,0.33333333333333337,0.6666666666666666,0.8333333333333333,0.6666666666666667,0.625,0.3333333333333333,1.0,0.28783654000000003,0.6666666666666666
ds007406,subjectwise,xgboost,1,sub-006,0.4802233934402466,6,0,0.4472135954999579,0.33333333333333337,0.6666666666666666,0.7555555555555555,0.7222222222222222,0.625,1.0,0.3333333333333333,0.046534071666666635,0.6666666666666666
ds007406,subjectwise,xgboost,1,sub-007,0.4775301575660705,6,0,-0.7071067811865476,-0.6666666666666667,0.16666666666666666,0.41111111111111115,0.11111111111111112,0.14285714285714285,0.3333333333333333,0.0,0.3658864766666666,0.16666666666666666
ds007406,subjectwise,xgboost,1,sub-008,0.5255012035369873,6,0,-0.4472135954999579,-0.33333333333333326,0.3333333333333333,0.5555555555555556,0.5,0.25,0.0,0.6666666666666666,0.03644131833333334,0.3333333333333333
ds007406,subjectwise,xgboost,1,sub-009,0.5032313108444214,6,0,0.0,0.0,0.5,0.5,0.22222222222222224,0.3333333333333333,1.0,0.0,0.0660921533333334,0.5
ds007406,subjectwise,xgboost,1,sub-010,0.5032313108444214,6,0,0.0,0.0,0.5,1.0,1.0,0.3333333333333333,1.0,0.0,0.06048927666666659,0.5
ds007406,subjectwise,xgboost,2,sub-001,0.4359098434448242,6,0,-0.7071067811865476,-0.6666666666666667,0.16666666666666666,0.4666666666666667,0.22222222222222224,0.14285714285714285,0.3333333333333333,0.0,0.267672045,0.16666666666666666
ds007406,subjectwise,xgboost,2,sub-002,0.4500702351331711,6,0,0.0,0.0,0.5,0.5888888888888889,0.5555555555555556,0.4857142857142857,0.3333333333333333,0.6666666666666666,0.281878325,0.5
ds007406,subjectwise,xgboost,2,sub-003,0.4983750492334366,6,0,0.0,0.0,0.5,0.5,0.5,0.3333333333333333,0.0,1.0,0.018741219999999947,0.5
ds007406,subjectwise,xgboost,2,sub-004,0.4699681118130684,6,0,-0.3333333333333333,-0.33333333333333326,0.3333333333333333,0.4777777777777778,0.33333333333333337,0.3333333333333333,0.3333333333333333,0.3333333333333333,0.18942346499999999,0.3333333333333333
ds007406,subjectwise,xgboost,2,sub-005,0.4983750492334366,6,0,0.0,0.0,0.5,0.5,0.5,0.3333333333333333,1.0,0.0,0.006249669999999985,0.5
ds007406,subjectwise,xgboost,2,sub-006,0.4699681118130684,6,0,0.0,0.0,0.5,0.5,0.5,0.3333333333333333,1.0,0.0,0.011842359999999996,0.5
ds007406,subjectwise,xgboost,2,sub-007,0.4359098434448242,6,0,0.0,0.0,0.5,0.5888888888888889,0.5555555555555556,0.4857142857142857,0.6666666666666666,0.3333333333333333,0.23791164166666667,0.5
ds007406,subjectwise,xgboost,2,sub-008,0.4960422396659851,6,0,0.4472135954999579,0.33333333333333337,0.6666666666666666,0.6666666666666667,0.4444444444444444,0.625,0.3333333333333333,1.0,0.1458126549999999,0.6666666666666666
ds007406,subjectwise,xgboost,2,sub-009,0.4960422396659851,6,0,-0.7071067811865476,-0.6666666666666667,0.16666666666666666,0.4166666666666667,0.11111111111111112,0.14285714285714285,0.3333333333333333,0.0,0.3496300050000001,0.16666666666666666
ds007406,subjectwise,xgboost,2,sub-010,0.4500702351331711,6,0,0.0,0.0,0.5,0.6388888888888888,0.7222222222222223,0.3333333333333333,1.0,0.0,0.20921085666666667,0.5
ds007406,subjectwise,xgboost,3,sub-001,0.4951637968420982,6,0,0.0,0.0,0.5,0.5666666666666667,0.5555555555555556,0.4857142857142857,0.3333333333333333,0.6666666666666666,0.024824131666666673,0.5
ds007406,subjectwise,xgboost,3,sub-002,0.4923256039619446,6,0,0.3333333333333333,0.33333333333333337,0.6666666666666666,0.6111111111111112,0.6666666666666667,0.6666666666666666,0.6666666666666666,0.6666666666666666,0.15576001166666664,0.6666666666666666
ds007406,subjectwise,xgboost,3,sub-003,0.4951637968420982,6,0,0.0,0.0,0.5,0.5,0.33333333333333337,0.3333333333333333,0.0,1.0,0.041635291666666685,0.5
ds007406,subjectwise,xgboost,3,sub-004,0.4860096648335457,6,0,0.0,0.0,0.5,0.7222222222222222,0.6111111111111112,0.4857142857142857,0.6666666666666666,0.3333333333333333,0.08954658333333333,0.5
ds007406,subjectwise,xgboost,3,sub-005,0.4860096648335457,6,0,0.3333333333333333,0.33333333333333337,0.6666666666666666,0.8333333333333333,0.7777777777777778,0.6666666666666666,0.6666666666666666,0.6666666666666666,0.27307981166666667,0.6666666666666666
ds007406,subjectwise,xgboost,3,sub-006,0.5009722143411637,6,0,0.0,0.0,0.5,0.6666666666666667,0.6111111111111112,0.4857142857142857,0.6666666666666666,0.3333333333333333,0.009070426666666593,0.5
ds007406,subjectwise,xgboost,3,sub-007,0.5009722143411637,6,0,0.4472135954999579,0.33333333333333337,0.6666666666666666,0.6444444444444444,0.7222222222222222,0.625,1.0,0.3333333333333333,0.1559492233333334,0.6666666666666666
ds007406,subjectwise,xgboost,3,sub-008,0.4923256039619446,6,0,0.4472135954999579,0.33333333333333337,0.6666666666666666,0.6666666666666667,0.6111111111111112,0.625,0.3333333333333333,1.0,0.15194874833333327,0.6666666666666666
ds007406,subjectwise,xgboost,3,sub-009,0.4844236478209496,6,0,0.0,0.0,0.5,0.5,0.5,0.3333333333333333,1.0,0.0,0.01388529999999999,0.5
ds007406,subjectwise,xgboost,3,sub-010,0.4844236478209496,6,0,0.0,0.0,0.5,0.6,0.6666666666666667,0.3333333333333333,1.0,0.0,0.012612695000000063,0.5
ds007406,subjectwise,xgboost,4,sub-001,0.4933339595794677,6,0,0.0,0.0,0.5,0.6,0.6666666666666667,0.3333333333333333,1.0,0.0,0.015270958333333362,0.5
ds007406,subjectwise,xgboost,4,sub-002,0.3867007032036783,6,0,0.0,0.0,0.5,0.7222222222222222,0.5555555555555556,0.3333333333333333,1.0,0.0,0.3153262733333334,0.5
ds007406,subjectwise,xgboost,4,sub-003,0.4887523710727692,6,0,0.0,0.0,0.5,0.5555555555555556,0.6111111111111112,0.4857142857142857,0.3333333333333333,0.6666666666666666,0.014525018333333342,0.5
ds007406,subjectwise,xgboost,4,sub-004,0.482711398601532,6,0,0.7071067811865476,0.6666666666666667,0.8333333333333333,0.8666666666666667,0.8333333333333333,0.8285714285714285,0.6666666666666666,1.0,0.29084769,0.8333333333333334
ds007406,subjectwise,xgboost,4,sub-005,0.4933339595794677,6,0,0.0,0.0,0.5,0.6111111111111112,0.6666666666666667,0.3333333333333333,1.0,0.0,0.00916257499999995,0.5
ds007406,subjectwise,xgboost,4,sub-006,0.4531829982995988,6,0,0.0,0.0,0.5,0.8055555555555556,0.7777777777777779,0.3333333333333333,1.0,0.0,0.14720859833333333,0.5
ds007406,subjectwise,xgboost,4,sub-007,0.482711398601532,6,0,-0.4472135954999579,-0.33333333333333326,0.3333333333333333,0.4166666666666667,0.11111111111111112,0.25,0.0,0.6666666666666666,0.197290475,0.3333333333333333
ds007406,subjectwise,xgboost,4,sub-008,0.4887523710727692,6,0,-0.4472135954999579,-0.33333333333333326,0.3333333333333333,0.4444444444444445,0.2777777777777778,0.25,0.0,0.6666666666666666,0.17901495833333328,0.3333333333333333
ds007406,subjectwise,xgboost,4,sub-009,0.4531829982995988,6,0,0.0,0.0,0.5,0.6333333333333333,0.3333333333333333,0.3333333333333333,1.0,0.0,0.523671515,0.5
ds007406,subjectwise,xgboost,4,sub-010,0.3867007032036783,6,0,0.0,0.0,0.5,0.9166666666666665,0.888888888888889,0.3333333333333333,1.0,0.0,0.3182278833333333,0.5
neuma,subjectwise,deepconvnet,0,S01,0.5418841421604157,69,0,0.2383416092273349,0.19499999999999995,0.6444444444444444,0.275888075587619,0.582716049382716,0.5609090909090909,0.7333333333333333,0.5555555555555556,0.3106758382873259,0.5942028985507246
neuma,subjectwise,deepconvnet,0,S02,0.6032335186004639,63,0,-0.022798037629377658,-0.020000000000000018,0.4880952380952381,0.3559264339591498,0.5136054421768708,0.4568965517241379,0.5714285714285714,0.40476190476190477,0.26091659258282374,0.4603174603174603
neuma,subjectwise,deepconvnet,0,S03,0.6032335186004639,65,0,-0.027554169636087842,-0.02463054187192104,0.4840561224489796,0.260511024157542,0.5267857142857143,0.4616977225672878,0.4375,0.5306122448979592,0.3455082615980736,0.5076923076923077
neuma,subjectwise,deepconvnet,0,S05,0.5418841421604157,85,0,0.04343387947791317,0.028448056896113738,0.5299145299145299,0.18993006685775687,0.5555555555555556,0.42472552263498276,0.6153846153846154,0.4444444444444444,0.3918935933533837,0.47058823529411764
neuma,subjectwise,deepconvnet,0,S06,0.5237962228059768,139,0,0.019292395005782708,0.018603608651798775,0.5104797979797979,0.3502313265256111,0.5224747474747475,0.5012245827874922,0.425,0.5959595959595959,0.24131666091706258,0.5467625899280576
neuma,subjectwise,deepconvnet,0,S07,0.5091301500797272,86,0,0.004197878089121672,0.003024193548387011,0.5026785714285714,0.275368061884284,0.5571428571428572,0.42766203703703703,0.5625,0.44285714285714284,0.3232933567013851,0.46511627906976744
neuma,subjectwise,deepconvnet,0,S08,0.5237962228059768,83,0,-0.0060636878727955736,-0.005591798695246952,0.4965437788018433,0.3003578896441528,0.5184331797235023,0.47899565427329793,0.42857142857142855,0.5645161290322581,0.24850183191149725,0.5301204819277109
neuma,subjectwise,deepconvnet,0,S09,0.5091301500797272,120,0,0.05178899987630061,0.03696498054474706,0.5295031055900621,0.23184911217814236,0.5062111801242236,0.44004524886877827,0.6785714285714286,0.3804347826086957,0.29129760190844534,0.45
neuma,subjectwise,deepconvnet,0,S10,0.5237962228059768,273,0,0.07736891941101705,0.066486277541554,0.5486425339366516,0.2573079522316768,0.5989383919248172,0.5039735831766546,0.5,0.5972850678733032,0.297826552613478,0.5787545787545788
neuma,subjectwise,deepconvnet,0,S12,0.6032335186004639,103,0,-0.06015371351835394,-0.05867237687366167,0.46738095238095234,0.27378076533790724,0.4714285714285714,0.4649350649350649,0.32142857142857145,0.6133333333333333,0.2930917155395434,0.5339805825242718
neuma,subjectwise,deepconvnet,0,S13,0.527308418750763,315,0,0.04940815747819605,0.041651127642451935,0.5284541943788886,0.2638834976559975,0.4988736322677537,0.4823747680890538,0.569620253164557,0.4872881355932203,0.28483947695247713,0.5079365079365079
neuma,subjectwise,deepconvnet,0,S14,0.5418841421604157,55,0,-0.12344267996967352,-0.12075471698113205,0.43333333333333335,0.2500634844146719,0.43666666666666665,0.4342857142857143,0.26666666666666666,0.6,0.24379718845540826,0.509090909090909
neuma,subjectwise,deepconvnet,0,S15,0.527308418750763,215,0,0.12633243314133888,0.1247224278312361,0.565923317683881,0.36991840180125113,0.5479264475743348,0.5597542814594192,0.49295774647887325,0.6388888888888888,0.1861287249382152,0.5906976744186047
neuma,subjectwise,deepconvnet,0,S16,0.6032335186004639,224,0,0.04967929481755775,0.021470991320237443,0.5241552100732365,0.25228518707908637,0.5526146730052679,0.31684174855981023,0.8604651162790697,0.1878453038674033,0.4331485056983573,0.3169642857142857
neuma,subjectwise,deepconvnet,0,S17,0.527308418750763,90,0,-0.11002200660220078,-0.10837438423645307,0.4417989417989418,0.3130666824611453,0.4409171075837742,0.44207191073150576,0.2962962962962963,0.5873015873015873,0.2218145234717263,0.5
neuma,subjectwise,deepconvnet,0,S18,0.5091301500797272,56,0,0.043730129600824195,0.04303797468354431,0.5217948717948717,0.5148772809252335,0.5192307692307693,0.5177033492822967,0.5769230769230769,0.4666666666666667,0.04840094063963209,0.5178571428571429
neuma,subjectwise,deepconvnet,0,S19,0.5237962228059768,118,0,0.06343350474165466,0.03967446592065116,0.5433333333333333,0.20951352594881759,0.5944444444444444,0.4201474201474201,0.6666666666666666,0.42,0.3766139871993308,0.4576271186440678
neuma,subjectwise,deepconvnet,0,S20,0.5418841421604157,56,0,-0.15929450376496404,-0.13468414779499405,0.4147812971342383,0.23280345986218387,0.29864253393665163,0.3858064516129032,0.47058823529411764,0.358974358974359,0.24767266958951953,0.39285714285714285
neuma,subjectwise,deepconvnet,0,S21,0.6032335186004639,135,0,-0.028817620634373816,-0.025698324022346508,0.48357142857142854,0.24706407256164908,0.48914285714285716,0.45999999999999996,0.45714285714285713,0.51,0.33777500170248526,0.4962962962962963
neuma,subjectwise,deepconvnet,0,S22,0.527308418750763,79,0,0.07129026872104091,0.07119529719137807,0.5353896103896104,0.5191019030086638,0.4954545454545455,0.5352941176470588,0.45714285714285713,0.6136363636363636,0.12348647038393387,0.5443037974683544
neuma,subjectwise,deepconvnet,0,S23,0.5418841421604157,70,0,-0.2626364266839302,-0.24505928853754932,0.3664944013781223,0.3155170514897533,0.3479758828596038,0.3559599263954202,0.4074074074074074,0.32558139534883723,0.24006528641496383,0.35714285714285715
neuma,subjectwise,deepconvnet,0,S24,0.5418841421604157,221,0,-0.09959844453306636,-0.057188073229507586,0.42644337527757215,0.10420668071463762,0.40192450037009625,0.3467786741338311,0.4642857142857143,0.38860103626943004,0.4220459372884008,0.39819004524886875
neuma,subjectwise,deepconvnet,0,S25,0.5237962228059768,42,0,0.0826126304359367,0.07424593967517412,0.5469208211143695,0.564068985241234,0.6217008797653959,0.5143031040779062,0.5454545454545454,0.5483870967741935,0.27078443552766523,0.5476190476190477
neuma,subjectwise,deepconvnet,0,S26,0.5418841421604157,269,0,-0.0833482338766272,-0.08293075684380025,0.4569176319176319,0.30987272305585545,0.4603603603603603,0.457324643078833,0.2976190476190476,0.6162162162162163,0.1919768604979639,0.516728624535316
neuma,subjectwise,deepconvnet,0,S27,0.5091301500797272,49,0,0.0259499648053841,0.022346368715083775,0.5142857142857142,0.36397343167614943,0.573469387755102,0.4758237056054771,0.5714285714285714,0.45714285714285713,0.21286009769050446,0.4897959183673469
neuma,subjectwise,deepconvnet,0,S28,0.6032335186004639,152,0,0.00732176053886121,0.006164767420138273,0.5046257359125316,0.2602803342046305,0.5079899074852818,0.4671474358974359,0.4482758620689655,0.5609756097560976,0.3672323361235229,0.5394736842105263
neuma,subjectwise,deepconvnet,0,S29,0.5237962228059768,109,0,-0.196687065799711,-0.16383686329424108,0.377742946708464,0.16113803196218518,0.3510971786833855,0.37184695323571093,0.2727272727272727,0.4827586206896552,0.31473891259333403,0.44036697247706424
neuma,subjectwise,deepconvnet,0,S30,0.6032335186004639,53,0,0.1318844199274015,0.12275862068965526,0.5644927536231884,0.5499207815137758,0.5753623188405798,0.5457142857142857,0.6956521739130435,0.43333333333333335,0.18224559696215498,0.5471698113207547
neuma,subjectwise,deepconvnet,0,S31,0.5237962228059768,99,0,-0.09050190039895431,-0.09040844424047734,0.4554298642533937,0.3542584351126406,0.4633484162895927,0.45454545454545453,0.2647058823529412,0.6461538461538462,0.15214999878045282,0.5151515151515151
neuma,subjectwise,deepconvnet,0,S32,0.6032335186004639,101,0,0.026156477073388407,0.022186365469947456,0.5158227848101266,0.23570854567530208,0.4965477560414269,0.4753246753246753,0.5,0.5316455696202531,0.36253993913973914,0.5247524752475248
neuma,subjectwise,deepconvnet,0,S33,0.5091301500797272,97,0,-0.020838336277995695,-0.017818253811126672,0.4891826923076923,0.3281399664797824,0.49038461538461536,0.4515096553931506,0.59375,0.38461538461538464,0.2010534178350389,0.4536082474226804
neuma,subjectwise,deepconvnet,0,S34,0.5091301500797272,235,0,0.0199530082425285,0.01485007815830608,0.5131380437515716,0.17071451297836757,0.5147095800854916,0.4442440275773609,0.5365853658536586,0.4896907216494845,0.33819824684649075,0.4978723404255319
neuma,subjectwise,deepconvnet,0,S35,0.527308418750763,101,0,0.01653779010832944,0.015260703688003252,0.5094736842105263,0.2905838061605235,0.5731578947368421,0.49012291483757686,0.44,0.5789473684210527,0.26852507225357664,0.5445544554455446
neuma,subjectwise,deepconvnet,0,S36,0.527308418750763,51,0,-0.1800622174673084,-0.17919075144508678,0.41388888888888886,0.30611116531686594,0.3962962962962963,0.4092664092664092,0.13333333333333333,0.6944444444444444,0.22807523462117887,0.5294117647058824
neuma,subjectwise,deepconvnet,0,S37,0.6032335186004639,66,0,0.05929490945794098,0.04915254237288136,0.5278846153846154,0.39410320956758077,0.49807692307692303,0.48055555555555557,0.7307692307692307,0.325,0.22364053536545148,0.48484848484848486
neuma,subjectwise,deepconvnet,0,S38,0.5091301500797272,181,0,-0.08368828896390261,-0.07013679573382792,0.4532312925170068,0.23722474895813844,0.4429499072356215,0.419433962264151,0.4897959183673469,0.4166666666666667,0.25603103201362964,0.43646408839779005
neuma,subjectwise,deepconvnet,0,S39,0.5418841421604157,39,0,0.09759000729485333,0.09302325581395354,0.55,0.5102303121714886,0.5833333333333333,0.5357142857142857,0.6,0.5,0.1579566513880705,0.5384615384615384
neuma,subjectwise,deepconvnet,0,S40,0.5237962228059768,65,0,0.05254069374927337,0.05228758169934644,0.5256410256410257,0.43720219513128966,0.49506903353057197,0.5250692869740489,0.38461538461538464,0.6666666666666666,0.112412841961934,0.5538461538461539
neuma,subjectwise,deepconvnet,0,S41,0.527308418750763,48,0,-0.13093073414159542,-0.13043478260869557,0.43333333333333335,0.36924869830586093,0.462962962962963,0.4337568058076225,0.3333333333333333,0.5333333333333333,0.16504744564493498,0.4583333333333333
neuma,subjectwise,deepconvnet,0,S42,0.5091301500797272,63,0,-0.24268260395682942,-0.22568093385214016,0.3778947368421053,0.4035237396056572,0.39684210526315794,0.3649193548387097,0.44,0.3157894736842105,0.16704371609976368,0.36507936507936506
neuma,subjectwise,deepconvnet,0,S43,0.5091301500797272,86,0,-0.1224107769672738,-0.08990913438546144,0.43113553113553116,0.22784412503340037,0.44688644688644685,0.3734707903780069,0.5238095238095238,0.3384615384615385,0.29307174197463104,0.38372093023255816
neuma,subjectwise,deepconvnet,0,S44,0.5418841421604157,82,0,0.03961058964021958,0.028017241379310276,0.5246212121212122,0.3499948972947309,0.5691287878787878,0.43625,0.625,0.42424242424242425,0.36189370911295815,0.4634146341463415
neuma,subjectwise,deepconvnet,1,S01,0.4746274560689926,69,0,-0.006958047678723884,-0.003968253968254176,0.49629629629629624,0.2797604197080613,0.508641975308642,0.3611111111111111,0.7333333333333333,0.25925925925925924,0.2874508344608804,0.36231884057971014
neuma,subjectwise,deepconvnet,1,S02,0.469590213894844,63,0,0.15811388300841897,0.1428571428571428,0.5833333333333333,0.3702205425762087,0.5850340136054422,0.55,0.6666666666666666,0.5,0.13181631243418135,0.5555555555555556
neuma,subjectwise,deepconvnet,1,S03,0.469590213894844,65,0,0.0778061224489796,0.045916447120813,0.5389030612244898,0.31274752558033814,0.5408163265306123,0.4,0.8125,0.2653061224489796,0.2836004885343405,0.4
neuma,subjectwise,deepconvnet,1,S05,0.4181723368167877,85,0,-0.007704169392017071,-0.005772005772005651,0.4946581196581197,0.16733691800734893,0.47756410256410253,0.43799387195613615,0.46153846153846156,0.5277777777777778,0.2611600108006421,0.5176470588235295
neuma,subjectwise,deepconvnet,1,S06,0.4746274560689926,139,0,-0.021517995648201,-0.015502494654312082,0.4890151515151515,0.34446708567120454,0.5232323232323232,0.4097970173985087,0.675,0.30303030303030304,0.22328765047111102,0.41007194244604317
neuma,subjectwise,deepconvnet,1,S07,0.469590213894844,86,0,-0.02647071509732926,-0.02149321266968318,0.4830357142857143,0.2613079694875322,0.5669642857142857,0.44396551724137934,0.4375,0.5285714285714286,0.2808449102002521,0.5116279069767442
neuma,subjectwise,deepconvnet,1,S08,0.4181723368167877,83,0,0.006682366395822602,0.0057045065601823985,0.5038402457757296,0.260951205476602,0.4539170506912442,0.46599264705882354,0.5238095238095238,0.4838709677419355,0.17107172112867058,0.4939759036144578
neuma,subjectwise,deepconvnet,1,S09,0.469590213894844,120,0,-0.14844807906244575,-0.12668161434977576,0.41226708074534163,0.19537200376014902,0.391304347826087,0.3959882803696191,0.35714285714285715,0.4673913043478261,0.2375723920762539,0.44166666666666665
neuma,subjectwise,deepconvnet,1,S10,0.5310767114162445,273,0,0.036454368584409404,0.02791014295439065,0.5231900452488688,0.2009078094925901,0.5165332405151409,0.456302717900656,0.5576923076923077,0.48868778280542985,0.33218488722166295,0.5018315018315018
neuma,subjectwise,deepconvnet,1,S12,0.5310767114162445,103,0,-0.08536590456580229,-0.07350521119034559,0.4521428571428572,0.2462935898993943,0.4338095238095238,0.4249191889509257,0.4642857142857143,0.44,0.2791551045567086,0.44660194174757284
neuma,subjectwise,deepconvnet,1,S13,0.6188118577003479,315,0,0.0833523065464131,0.0654552197292787,0.5473342630336837,0.2639975520922542,0.5189873417721519,0.47839046199701935,0.6582278481012658,0.4364406779661017,0.373028089035125,0.49206349206349204
neuma,subjectwise,deepconvnet,1,S14,0.4181723368167877,55,0,0.0,0.0,0.5,0.4639042627288561,0.5633333333333332,0.44556451612903225,0.6,0.4,0.15216667597944086,0.45454545454545453
neuma,subjectwise,deepconvnet,1,S15,0.6188118577003479,215,0,0.0294539163640502,0.02423142191878125,0.5150136932707355,0.34714701927365144,0.5339397496087637,0.4646993873000065,0.6619718309859155,0.3680555555555556,0.3003970588362494,0.46511627906976744
neuma,subjectwise,deepconvnet,1,S16,0.4181723368167877,224,0,0.014797399678308948,0.012036273701566236,0.5093794166773737,0.18903694008922184,0.49839393550044975,0.46200983142914864,0.4883720930232558,0.5303867403314917,0.22728515975177285,0.5223214285714286
neuma,subjectwise,deepconvnet,1,S17,0.6188118577003479,90,0,-0.015564948601576447,-0.011673151750972721,0.49206349206349204,0.27593910883084294,0.45737801293356845,0.42193675889328064,0.6666666666666666,0.31746031746031744,0.33894789814949033,0.4222222222222222
neuma,subjectwise,deepconvnet,1,S18,0.469590213894844,56,0,-0.021350420507344953,-0.02083333333333326,0.4897435897435897,0.4288873370437105,0.4346153846153847,0.4835309617918314,0.34615384615384615,0.6333333333333333,0.06047930036272322,0.5
neuma,subjectwise,deepconvnet,1,S19,0.5310767114162445,118,0,0.13433060477063563,0.07118412046543476,0.5866666666666667,0.23165551037463705,0.5816666666666667,0.39969033399690335,0.8333333333333334,0.34,0.39002565054570226,0.4152542372881356
neuma,subjectwise,deepconvnet,1,S20,0.6188118577003479,56,0,0.136246366955428,0.09385113268608403,0.5656108597285068,0.28145465202709213,0.4600301659125189,0.46360153256704983,0.8235294117647058,0.3076923076923077,0.34304869600704735,0.4642857142857143
neuma,subjectwise,deepconvnet,1,S21,0.5310767114162445,135,0,-0.08890014578859906,-0.0776380535811918,0.4492857142857143,0.2530409230444105,0.448,0.42706819370966803,0.42857142857142855,0.47,0.2659289170194555,0.45925925925925926
neuma,subjectwise,deepconvnet,1,S22,0.5310767114162445,79,0,0.08774376159572655,0.08729139922978169,0.5441558441558441,0.5172782955132714,0.5532467532467533,0.5424710424710424,0.5428571428571428,0.5454545454545454,0.12102769220931621,0.5443037974683544
neuma,subjectwise,deepconvnet,1,S23,0.5310767114162445,70,0,-0.21619293712316967,-0.19472459270752518,0.39190353143841516,0.30713763470404076,0.34022394487510765,0.37142857142857144,0.48148148148148145,0.3023255813953488,0.17070839617933545,0.37142857142857144
neuma,subjectwise,deepconvnet,1,S24,0.4746274560689926,221,0,0.027745686788790414,0.010438353820266477,0.5169319022945966,0.13371551712223326,0.50740192450037,0.2848486097656492,0.8214285714285714,0.21243523316062177,0.3863663105673381,0.2895927601809955
neuma,subjectwise,deepconvnet,1,S25,0.4181723368167877,42,0,0.40644850966246954,0.3312101910828026,0.7287390029325513,0.470029033387157,0.7624633431085044,0.6326530612244898,0.9090909090909091,0.5483870967741935,0.16294679045677182,0.6428571428571429
neuma,subjectwise,deepconvnet,1,S26,0.4746274560689926,269,0,0.02090494699104077,0.018043387567793112,0.5111325611325611,0.3181098848585203,0.5169240669240669,0.473434004474273,0.5952380952380952,0.42702702702702705,0.1809274753569504,0.4795539033457249
neuma,subjectwise,deepconvnet,1,S27,0.4181723368167877,49,0,-0.03879454500839038,-0.03409090909090895,0.47857142857142854,0.32191923127482136,0.5428571428571428,0.4508620689655172,0.5,0.45714285714285713,0.13900274889809744,0.46938775510204084
neuma,subjectwise,deepconvnet,1,S28,0.4181723368167877,152,0,0.1772501749535746,0.15953307392996108,0.6091954022988506,0.25237313790561045,0.5988225399495374,0.5621933006187327,0.5517241379310345,0.6666666666666666,0.21119371610448545,0.6447368421052632
neuma,subjectwise,deepconvnet,1,S29,0.4181723368167877,109,0,0.013845575904106254,0.011295567345541713,0.5086206896551724,0.2068590641383813,0.5214211076280042,0.46135198135198136,0.5,0.5172413793103449,0.21840382633952923,0.5137614678899083
neuma,subjectwise,deepconvnet,1,S30,0.4181723368167877,53,0,-0.0251914060535486,-0.02344827586206888,0.4876811594202899,0.41768260549806635,0.4202898550724638,0.47,0.6086956521739131,0.36666666666666664,0.058540688933066624,0.4716981132075472
neuma,subjectwise,deepconvnet,1,S31,0.5310767114162445,99,0,0.15390227942304235,0.15167095115681228,0.5800904977375565,0.41888565207897077,0.5452488687782805,0.5729076790336497,0.5294117647058824,0.6307692307692307,0.1769201583934553,0.5959595959595959
neuma,subjectwise,deepconvnet,1,S32,0.5310767114162445,101,0,-0.03231352337346632,-0.027118644067796405,0.4804372842347526,0.270769365534629,0.4643268124280783,0.4461885818729169,0.45454545454545453,0.5063291139240507,0.2931231196490255,0.49504950495049505
neuma,subjectwise,deepconvnet,1,S33,0.4746274560689926,97,0,0.057517977177240866,0.03166953528399297,0.5221153846153846,0.3099262127914883,0.4605769230769231,0.3831140350877193,0.875,0.16923076923076924,0.18124192615145265,0.4020618556701031
neuma,subjectwise,deepconvnet,1,S34,0.469590213894844,235,0,-0.005606311325497435,-0.005586592178770999,0.4970455116922303,0.17383563894140253,0.5035202413879809,0.4966682532127559,0.1951219512195122,0.7989690721649485,0.24787792728302324,0.6936170212765957
neuma,subjectwise,deepconvnet,1,S35,0.4181723368167877,101,0,-0.016229163166039944,-0.011543031743337151,0.4910526315789474,0.24159550294352458,0.4857894736842105,0.41005841005841004,0.64,0.34210526315789475,0.18525065083314876,0.4158415841584158
neuma,subjectwise,deepconvnet,1,S36,0.469590213894844,51,0,-0.22777777777777777,-0.22777777777777786,0.38611111111111107,0.27118372357083265,0.2777777777777778,0.38611111111111107,0.13333333333333333,0.6388888888888888,0.22831141831828097,0.49019607843137253
neuma,subjectwise,deepconvnet,1,S37,0.4746274560689926,66,0,-0.0685175322622484,-0.04719283970707866,0.4721153846153846,0.38490285455290096,0.44038461538461543,0.3852400286601385,0.7692307692307693,0.175,0.12019114218878023,0.4090909090909091
neuma,subjectwise,deepconvnet,1,S38,0.469590213894844,181,0,0.009068114163131849,0.008037997807818775,0.5051020408163265,0.29939868883717224,0.49938157081014223,0.47586872586872586,0.5102040816326531,0.5,0.19953139233325726,0.5027624309392266
neuma,subjectwise,deepconvnet,1,S39,0.4746274560689926,39,0,0.010040241611281236,0.00694444444444442,0.5041666666666667,0.41542273870597046,0.4722222222222222,0.4171195652173913,0.8,0.20833333333333334,0.14915376825210377,0.4358974358974359
neuma,subjectwise,deepconvnet,1,S40,0.6188118577003479,65,0,-0.10059909096557136,-0.09756097560975618,0.44871794871794873,0.3569452885020259,0.4378698224852071,0.44285714285714284,0.46153846153846156,0.4358974358974359,0.22541911602020262,0.4461538461538462
neuma,subjectwise,deepconvnet,1,S41,0.469590213894844,48,0,-0.022222222222222223,-0.019607843137254832,0.48888888888888893,0.3452114476172614,0.45000000000000007,0.4583333333333333,0.6111111111111112,0.36666666666666664,0.10503138415515424,0.4583333333333333
neuma,subjectwise,deepconvnet,1,S42,0.4181723368167877,63,0,0.12333096251870199,0.12274368231046928,0.5626315789473684,0.4943109264996907,0.5684210526315789,0.5603515120186094,0.52,0.6052631578947368,0.03914508294491541,0.5714285714285714
neuma,subjectwise,deepconvnet,1,S43,0.469590213894844,86,0,-0.015210115047844064,-0.013801035077630752,0.49120879120879124,0.24279853018124903,0.5106227106227106,0.4711264436778161,0.42857142857142855,0.5538461538461539,0.2211444949687913,0.5232558139534884
neuma,subjectwise,deepconvnet,1,S44,0.6188118577003479,82,0,-0.2443578191948293,-0.15066469719350084,0.35511363636363635,0.20610293343185732,0.40151515151515155,0.2921399363925488,0.4375,0.2727272727272727,0.4561958182148818,0.3048780487804878
neuma,subjectwise,deepconvnet,2,S01,0.5952380228042603,69,0,0.19878512425892622,0.16795865633074936,0.6203703703703703,0.46133858474093636,0.7,0.5527777777777778,0.6666666666666666,0.5740740740740741,0.3640844325224559,0.5942028985507246
neuma,subjectwise,deepconvnet,2,S02,0.5566068071126938,63,0,-0.045596075258755316,-0.04494382022471921,0.47619047619047616,0.3859618434561756,0.47619047619047616,0.47401023431187717,0.38095238095238093,0.5714285714285714,0.19691090735178146,0.5079365079365079
neuma,subjectwise,deepconvnet,2,S03,0.6255435490608215,65,0,0.06626325397632546,0.06620861961274205,0.5338010204081632,0.3412864165288734,0.6020408163265306,0.5329584504842236,0.3125,0.7551020408163265,0.3152655090277012,0.6461538461538462
neuma,subjectwise,deepconvnet,2,S05,0.5952380228042603,85,0,0.07929347112667368,0.04241219350563297,0.5512820512820513,0.19300382604652605,0.5801282051282051,0.3832693128467777,0.7692307692307693,0.3333333333333333,0.4491952016073115,0.4
neuma,subjectwise,deepconvnet,2,S06,0.6255435490608215,139,0,0.1115597293086216,0.11154279984960513,0.5561868686868687,0.3673893152312123,0.5866161616161616,0.555743560819703,0.375,0.7373737373737373,0.29480875224518255,0.6330935251798561
neuma,subjectwise,deepconvnet,2,S07,0.5431638598442078,86,0,0.008573878601083133,0.005663048607833732,0.5053571428571428,0.26762538438693095,0.5482142857142858,0.4070634585619811,0.625,0.38571428571428573,0.36376584096010345,0.43023255813953487
neuma,subjectwise,deepconvnet,2,S08,0.6255435490608215,83,0,-0.0196505301165903,-0.019508670520231197,0.48963133640552997,0.3376677823230798,0.5138248847926267,0.48876811594202896,0.2857142857142857,0.6935483870967742,0.3288935950721603,0.5903614457831325
neuma,subjectwise,deepconvnet,2,S09,0.5431638598442078,120,0,0.03670808134719497,0.024163568773234223,0.5201863354037267,0.21075042117016377,0.4561335403726708,0.4125874125874126,0.7142857142857143,0.32608695652173914,0.3432994020481904,0.4166666666666667
neuma,subjectwise,deepconvnet,2,S10,0.4516581892967224,273,0,0.15339299776947407,0.1367521367521367,0.5950226244343891,0.2756218348317175,0.5967629655412461,0.5485238976307042,0.5384615384615384,0.6515837104072398,0.24714114743492976,0.63003663003663
neuma,subjectwise,deepconvnet,2,S12,0.4516581892967224,103,0,-0.08994091537703952,-0.07424429909846197,0.45,0.2662425592899803,0.4842857142857143,0.41302038056601953,0.5,0.4,0.20444440689769763,0.42718446601941745
neuma,subjectwise,deepconvnet,2,S13,0.5566068071126938,315,0,-0.11167329088525739,-0.0978741617919816,0.43560931130658653,0.23302979256885245,0.46476078094829437,0.4176819710057188,0.3924050632911392,0.4788135593220339,0.30638719683601745,0.45714285714285713
neuma,subjectwise,deepconvnet,2,S14,0.4516581892967224,55,0,0.1336306209562122,0.12,0.575,0.41913789009944713,0.5716666666666667,0.5378151260504201,0.6,0.55,0.18583461046218874,0.5636363636363636
neuma,subjectwise,deepconvnet,2,S15,0.5566068071126938,215,0,-0.09354738201033681,-0.09078256184618128,0.45055751173708924,0.29164691480473126,0.43877151799687014,0.4468477493681838,0.38028169014084506,0.5208333333333334,0.2232688210731329,0.4744186046511628
neuma,subjectwise,deepconvnet,2,S16,0.6255435490608215,224,0,0.010637445067858202,0.009706871696299912,0.5064885005781832,0.20639941146249963,0.47770782474624174,0.4870569494225408,0.37209302325581395,0.6408839779005525,0.42494329277958187,0.5892857142857143
neuma,subjectwise,deepconvnet,2,S17,0.5566068071126938,90,0,-0.07460470969529907,-0.07317073170731714,0.46031746031746035,0.28023555414573087,0.4656084656084656,0.458720612356479,0.3333333333333333,0.5873015873015873,0.23090428279505837,0.5111111111111111
neuma,subjectwise,deepconvnet,2,S18,0.5431638598442078,56,0,0.021350420507344953,0.019999999999999907,0.5102564102564102,0.4222366948518932,0.43205128205128207,0.4941935483870967,0.6538461538461539,0.36666666666666664,0.10736999767167227,0.5
neuma,subjectwise,deepconvnet,2,S19,0.4516581892967224,118,0,-0.16320522265068857,-0.1132075471698113,0.38666666666666666,0.14962649048033735,0.42388888888888887,0.35705128205128206,0.3333333333333333,0.44,0.3144944658723928,0.423728813559322
neuma,subjectwise,deepconvnet,2,S20,0.6255435490608215,56,0,-0.10090091909944687,-0.09729729729729719,0.4457013574660633,0.30224981177874377,0.3996983408748115,0.44211611130195805,0.35294117647058826,0.5384615384615384,0.31313962702240267,0.48214285714285715
neuma,subjectwise,deepconvnet,2,S21,0.4516581892967224,135,0,0.20664429184963534,0.1791530944625408,0.6178571428571429,0.3287983504301024,0.6214285714285714,0.56209453197405,0.6857142857142857,0.55,0.18651542475929966,0.5851851851851851
neuma,subjectwise,deepconvnet,2,S22,0.6255435490608215,79,0,0.13454609643135776,0.1307102367455818,0.5636363636363637,0.5561825907689342,0.5889610389610389,0.5594051039378063,0.4,0.7272727272727273,0.13999132642263099,0.5822784810126582
neuma,subjectwise,deepconvnet,2,S23,0.4516581892967224,70,0,-0.27648578811369506,-0.2490302560124127,0.36175710594315247,0.3066328860557421,0.3359173126614987,0.34285714285714286,0.4444444444444444,0.27906976744186046,0.07992730821881977,0.34285714285714286
neuma,subjectwise,deepconvnet,2,S24,0.5952380228042603,221,0,-0.0038370974945417862,-0.001864771886956218,0.49731680236861586,0.16501271061228434,0.5024056254626202,0.33808441489474694,0.6785714285714286,0.3160621761658031,0.4794075447240027,0.36199095022624433
neuma,subjectwise,deepconvnet,2,S25,0.5566068071126938,42,0,0.17074252597896666,0.16209476309226933,0.595307917888563,0.3794365356865357,0.6129032258064516,0.5714285714285714,0.5454545454545454,0.6451612903225806,0.2909239040953773,0.6190476190476191
neuma,subjectwise,deepconvnet,2,S26,0.5952380228042603,269,0,-0.03696221278410536,-0.03664056765353574,0.48072715572715574,0.3139126311527636,0.5115830115830116,0.4796425939572586,0.34523809523809523,0.6162162162162163,0.24387532212255617,0.5315985130111525
neuma,subjectwise,deepconvnet,2,S27,0.4516581892967224,49,0,0.09128709291752769,0.07692307692307687,0.55,0.27130737846366393,0.4510204081632653,0.5,0.6428571428571429,0.45714285714285713,0.21164478331196063,0.5102040816326531
neuma,subjectwise,deepconvnet,2,S28,0.6255435490608215,152,0,0.1333751828630115,0.13156269302038304,0.5597140454163162,0.33892621996725425,0.639753294084665,0.5641323723165155,0.2413793103448276,0.8780487804878049,0.34764907989454896,0.756578947368421
neuma,subjectwise,deepconvnet,2,S29,0.6255435490608215,109,0,-0.0708568604714257,-0.06662502602540066,0.45820271682340646,0.20936042354321382,0.45141065830721,0.4538961731158725,0.2727272727272727,0.6436781609195402,0.40223732809407997,0.5688073394495413
neuma,subjectwise,deepconvnet,2,S30,0.5566068071126938,53,0,-0.16403302197465194,-0.16113074204946987,0.4173913043478261,0.38323111386309444,0.4188405797101449,0.4142602495543672,0.43478260869565216,0.4,0.12989374714077642,0.41509433962264153
neuma,subjectwise,deepconvnet,2,S31,0.5952380228042603,99,0,0.03805211953235953,0.037209302325581395,0.5199095022624434,0.33607012930217284,0.485972850678733,0.5134615384615384,0.47058823529411764,0.5692307692307692,0.24065836902820698,0.5353535353535354
neuma,subjectwise,deepconvnet,2,S32,0.4516581892967224,101,0,-0.0009537726157331992,-0.0008257638315440907,0.4994246260069045,0.23684399567914227,0.48619102416570775,0.4679543459174714,0.45454545454545453,0.5443037974683544,0.23029892801279478,0.5247524752475248
neuma,subjectwise,deepconvnet,2,S33,0.5431638598442078,97,0,0.0559037069321334,0.04553347482153203,0.5283653846153846,0.4548148568713819,0.5716346153846154,0.4740031897926635,0.6875,0.36923076923076925,0.22503662293719262,0.4742268041237113
neuma,subjectwise,deepconvnet,2,S34,0.5431638598442078,235,0,0.14700023957810768,0.1365653480937158,0.5899547397535831,0.26467682314235175,0.5919034448076439,0.5567666870789957,0.4634146341463415,0.7164948453608248,0.29121056040550797,0.6723404255319149
neuma,subjectwise,deepconvnet,2,S35,0.5566068071126938,101,0,-0.15598722963844408,-0.14042291110654892,0.41000000000000003,0.23115899508991472,0.45210526315789473,0.40275239221589076,0.32,0.5,0.28920590744750335,0.45544554455445546
neuma,subjectwise,deepconvnet,2,S36,0.5431638598442078,51,0,-0.14136319404844724,-0.1391752577319587,0.42500000000000004,0.3086750279692842,0.40740740740740744,0.42647058823529416,0.26666666666666666,0.5833333333333334,0.2790603174590597,0.49019607843137253
neuma,subjectwise,deepconvnet,2,S37,0.6255435490608215,66,0,0.008178608201095307,0.008016032064128265,0.5038461538461538,0.3890780878198097,0.4826923076923077,0.4994944388270981,0.3076923076923077,0.7,0.21478131323149707,0.5454545454545454
neuma,subjectwise,deepconvnet,2,S38,0.5431638598442078,181,0,0.004398272796543394,0.003957212638347807,0.5024737167594311,0.30085007215366005,0.49582560296846007,0.47740470397404705,0.4897959183673469,0.5151515151515151,0.266623360346694,0.5082872928176796
neuma,subjectwise,deepconvnet,2,S39,0.5952380228042603,39,0,-0.025,-0.022471910112359383,0.4875,0.4609054407995727,0.49722222222222223,0.46153846153846156,0.6,0.375,0.2404086047258133,0.46153846153846156
neuma,subjectwise,deepconvnet,2,S40,0.5952380228042603,65,0,0.11415291512216423,0.11392405063291144,0.5576923076923077,0.47416255049138023,0.5374753451676528,0.5565302144249512,0.5,0.6153846153846154,0.18891450120852543,0.5692307692307692
neuma,subjectwise,deepconvnet,2,S41,0.4516581892967224,48,0,-0.021591675854376522,-0.02127659574468077,0.4888888888888889,0.354977829801578,0.475925925925926,0.4857142857142857,0.4444444444444444,0.5333333333333333,0.1007390208542347,0.5
neuma,subjectwise,deepconvnet,2,S42,0.5431638598442078,63,0,-0.08446877845160874,-0.08291203235591493,0.4568421052631579,0.42075541438471215,0.46842105263157896,0.4535714285714285,0.44,0.47368421052631576,0.18006444615977155,0.4603174603174603
neuma,subjectwise,deepconvnet,2,S43,0.5431638598442078,86,0,0.04164555923406266,0.034464751958224626,0.5241758241758242,0.26961243266933865,0.4769230769230769,0.47434257285003556,0.5714285714285714,0.47692307692307695,0.2992212623357773,0.5
neuma,subjectwise,deepconvnet,2,S44,0.5952380228042603,82,0,-0.16460972155281037,-0.10368893320039896,0.4015151515151515,0.17665913165571145,0.3607954545454546,0.3270516717325228,0.5,0.30303030303030304,0.40707282794684896,0.34146341463414637
neuma,subjectwise,deepconvnet,3,S01,0.5978996586799622,69,0,0.1879007365000867,0.1872791519434629,0.5981481481481481,0.28255239502491264,0.6148148148148148,0.5931603773584906,0.4,0.7962962962962963,0.33748196691706556,0.7101449275362319
neuma,subjectwise,deepconvnet,3,S02,0.4972243702411651,63,0,-0.13608276348795434,-0.1212121212121211,0.42857142857142855,0.26134899334330697,0.35147392290249435,0.4073226544622426,0.47619047619047616,0.38095238095238093,0.1698413197956388,0.4126984126984127
neuma,subjectwise,deepconvnet,3,S03,0.4915469866991043,65,0,0.034380708208626445,0.021613276727132313,0.5178571428571428,0.2800627987399813,0.5025510204081632,0.3994314143567875,0.75,0.2857142857142857,0.2801295881087963,0.4
neuma,subjectwise,deepconvnet,3,S05,0.5978996586799622,85,0,-0.04343387947791317,-0.03406326034063256,0.4700854700854701,0.2920975822383932,0.4903846153846154,0.43333333333333335,0.38461538461538464,0.5555555555555556,0.4304137559498058,0.5294117647058824
neuma,subjectwise,deepconvnet,3,S06,0.5566813135147095,139,0,-0.04062336584761901,-0.03868131868131863,0.4777777777777778,0.36320460360216006,0.5207070707070707,0.46898876404494383,0.4,0.5555555555555556,0.2639909181073844,0.5107913669064749
neuma,subjectwise,deepconvnet,3,S07,0.4915469866991043,86,0,0.10843378150821213,0.08315565031982941,0.5696428571428571,0.2375382615737912,0.5687499999999999,0.48809523809523814,0.625,0.5142857142857142,0.30773135950399,0.5348837209302325
neuma,subjectwise,deepconvnet,3,S08,0.5566813135147095,83,0,0.1315661482741467,0.11370851370851365,0.575652841781874,0.31006737645513455,0.5499231950844854,0.5267375558637695,0.6190476190476191,0.532258064516129,0.28301490272162344,0.5542168674698795
neuma,subjectwise,deepconvnet,3,S09,0.4915469866991043,120,0,-0.09725432863545883,-0.0807860262008735,0.44254658385093165,0.21594766678040017,0.46777950310559,0.41333333333333333,0.42857142857142855,0.45652173913043476,0.25788284117976823,0.45
neuma,subjectwise,deepconvnet,3,S10,0.4753386378288269,273,0,-0.03241018617760822,-0.0295857988165682,0.4802036199095022,0.17894508440958623,0.47058823529411764,0.4668686868686869,0.3269230769230769,0.6334841628959276,0.269613742009624,0.575091575091575
neuma,subjectwise,deepconvnet,3,S12,0.4753386378288269,103,0,-0.03374404878368926,-0.028163992869875143,0.48119047619047617,0.3024309368231539,0.5457142857142858,0.4410852713178295,0.5357142857142857,0.4266666666666667,0.226654345838769,0.4563106796116505
neuma,subjectwise,deepconvnet,3,S13,0.4972243702411651,315,0,0.027438750764010044,0.02231658320162977,0.5157155116927699,0.2686410315242656,0.5077773010083674,0.46305882352941174,0.5822784810126582,0.4491525423728814,0.24560591460220402,0.48253968253968255
neuma,subjectwise,deepconvnet,3,S14,0.4753386378288269,55,0,-0.014907119849998597,-0.012698412698412875,0.4916666666666667,0.4884699050128736,0.5683333333333334,0.45470085470085475,0.5333333333333333,0.45,0.20230640010400253,0.4727272727272727
neuma,subjectwise,deepconvnet,3,S15,0.4972243702411651,215,0,-0.039655247807698205,-0.03747337303829923,0.4789221439749609,0.2893264995632755,0.43397887323943657,0.46707308903329536,0.4647887323943662,0.4930555555555556,0.1765684326027715,0.48372093023255813
neuma,subjectwise,deepconvnet,3,S16,0.5566813135147095,224,0,-0.10500527458073888,-0.06790165497514145,0.43595014775793395,0.1737712419158129,0.42605679044070405,0.35648034145941065,0.5348837209302325,0.3370165745856354,0.37372896234904024,0.375
neuma,subjectwise,deepconvnet,3,S17,0.4972243702411651,90,0,-0.21384434262392824,-0.19047619047619047,0.3835978835978836,0.28277590698681276,0.3838918283362728,0.37142857142857144,0.37037037037037035,0.3968253968253968,0.20251531137360468,0.3888888888888889
neuma,subjectwise,deepconvnet,3,S18,0.5566813135147095,56,0,-0.1665863757796103,-0.1351351351351353,0.42948717948717946,0.5015071687252475,0.4987179487179487,0.37714863498483314,0.6923076923076923,0.16666666666666666,0.10897842581783022,0.4107142857142857
neuma,subjectwise,deepconvnet,3,S19,0.4753386378288269,118,0,-0.09878801100114164,-0.07604327666151467,0.43166666666666664,0.130808527904505,0.40722222222222226,0.40571916346564235,0.3333333333333333,0.53,0.3211358750270585,0.5
neuma,subjectwise,deepconvnet,3,S20,0.4915469866991043,56,0,0.15631503171567185,0.15517241379310343,0.5814479638009049,0.4326777955195871,0.5927601809954751,0.5762162162162162,0.47058823529411764,0.6923076923076923,0.17965134765420643,0.625
neuma,subjectwise,deepconvnet,3,S21,0.4753386378288269,135,0,-0.08013534268268084,-0.07048458149779746,0.4542857142857143,0.23653256644335896,0.4405714285714286,0.4327731092436975,0.42857142857142855,0.48,0.21349015180711392,0.4666666666666667
neuma,subjectwise,deepconvnet,3,S22,0.5978996586799622,79,0,-0.022467338257198557,-0.017403411068569463,0.4918831168831169,0.49503808851435677,0.5811688311688311,0.43971631205673756,0.14285714285714285,0.8409090909090909,0.10862844578827481,0.5316455696202531
neuma,subjectwise,deepconvnet,3,S23,0.5978996586799622,70,0,-0.12321376327627213,-0.12315698178664358,0.4388458225667528,0.3455263212458172,0.34108527131782945,0.4382997180654955,0.2962962962962963,0.5813953488372093,0.22507963946887424,0.4714285714285714
neuma,subjectwise,deepconvnet,3,S24,0.5978996586799622,221,0,0.0389338686728906,0.0251162421014981,0.5292376017764618,0.13509767167511344,0.5466321243523315,0.4262693827911219,0.5714285714285714,0.48704663212435234,0.4609697488098663,0.497737556561086
neuma,subjectwise,deepconvnet,3,S25,0.4972243702411651,42,0,0.1875916198442167,0.15286624203821664,0.6055718475073314,0.3436091055409237,0.6392961876832844,0.5346938775510204,0.7272727272727273,0.4838709677419355,0.24352083816414788,0.5476190476190477
neuma,subjectwise,deepconvnet,3,S26,0.5978996586799622,269,0,-0.0009258087052739908,-0.0009041276906491813,0.49958172458172456,0.3506460379458919,0.5731660231660232,0.4949021672369922,0.2261904761904762,0.772972972972973,0.21824552855527096,0.6022304832713755
neuma,subjectwise,deepconvnet,3,S27,0.5566813135147095,49,0,0.18257418583505539,0.15384615384615385,0.6,0.35476673218012067,0.5387755102040817,0.5416666666666666,0.7142857142857143,0.4857142857142857,0.27384331579111065,0.5510204081632653
neuma,subjectwise,deepconvnet,3,S28,0.5566813135147095,152,0,0.0043231749988676725,0.0038910505836575737,0.5026633024950939,0.20074139646460618,0.5250911129800953,0.48111798591849797,0.3793103448275862,0.6260162601626016,0.31670589303891916,0.5789473684210527
neuma,subjectwise,deepconvnet,3,S29,0.5566813135147095,109,0,-0.031886780870062886,-0.026014033886702093,0.4801462904911181,0.2000838291385096,0.5020898641588297,0.441025641025641,0.45454545454545453,0.5057471264367817,0.35286341293142476,0.4954128440366973
neuma,subjectwise,deepconvnet,3,S30,0.4972243702411651,53,0,0.16447838793172298,0.15523215523215517,0.5811594202898551,0.4966911553860943,0.5797101449275363,0.5654188948306595,0.6956521739130435,0.4666666666666667,0.0741242732641832,0.5660377358490566
neuma,subjectwise,deepconvnet,3,S31,0.5978996586799622,99,0,0.05993677100662795,0.05619668840943304,0.5253393665158371,0.3623394372802822,0.46606334841628955,0.5162037037037037,0.23529411764705882,0.8153846153846154,0.20887044222667966,0.6161616161616161
neuma,subjectwise,deepconvnet,3,S32,0.4753386378288269,101,0,-0.050026676894706884,-0.04844290657439432,0.4718066743383199,0.28052248393955376,0.4718066743383199,0.4692192192192192,0.2727272727272727,0.6708860759493671,0.23364467763959773,0.5841584158415841
neuma,subjectwise,deepconvnet,3,S33,0.5566813135147095,97,0,0.0873117042414844,0.07016871165644156,0.5439903846153846,0.3500577625393664,0.5139423076923076,0.4844812925170068,0.71875,0.36923076923076925,0.24293277343523872,0.4845360824742268
neuma,subjectwise,deepconvnet,3,S34,0.4915469866991043,235,0,0.06774519682222947,0.058453882164396176,0.5435629871762635,0.17626501773315978,0.5267789791299975,0.5019075879610004,0.4634146341463415,0.6237113402061856,0.329981353244883,0.5957446808510638
neuma,subjectwise,deepconvnet,3,S35,0.4972243702411651,101,0,0.12840132034308072,0.09132575114581565,0.5707894736842105,0.26111436680916034,0.5410526315789473,0.4700524700524701,0.76,0.3815789473684211,0.2658108183653048,0.4752475247524752
neuma,subjectwise,deepconvnet,3,S36,0.4753386378288269,51,0,-0.34219405926104035,-0.3341772151898734,0.31666666666666665,0.2873116076194041,0.3277777777777777,0.3257995735607676,0.13333333333333333,0.5,0.1825922889744534,0.39215686274509803
neuma,subjectwise,deepconvnet,3,S37,0.4753386378288269,66,0,-0.08741892047252382,-0.07797681770284504,0.46442307692307694,0.3645581650899167,0.4461538461538461,0.4358974358974359,0.15384615384615385,0.775,0.08468355735143025,0.5303030303030303
neuma,subjectwise,deepconvnet,3,S38,0.4915469866991043,181,0,0.020479457708905177,0.01796479382686289,0.5115182436611008,0.2608448384880052,0.45129870129870125,0.4785531370038413,0.5306122448979592,0.49242424242424243,0.22401494561637963,0.5027624309392266
neuma,subjectwise,deepconvnet,3,S39,0.4915469866991043,39,0,0.008132500607904443,0.008032128514056214,0.5041666666666667,0.47346572747047816,0.48888888888888893,0.501010101010101,0.4666666666666667,0.5416666666666666,0.1231529116630554,0.5128205128205128
neuma,subjectwise,deepconvnet,3,S40,0.5566813135147095,65,0,-0.08844477175087206,-0.0843373493975903,0.4551282051282051,0.37406603365516033,0.4329388560157791,0.4449715370018975,0.5,0.41025641025641024,0.17339745989212624,0.4461538461538462
neuma,subjectwise,deepconvnet,3,S41,0.4753386378288269,48,0,0.11518599423459984,0.08256880733944949,0.55,0.4332770078552414,0.46851851851851856,0.4678492239467849,0.8333333333333334,0.26666666666666666,0.16600578216214973,0.4791666666666667
neuma,subjectwise,deepconvnet,3,S42,0.4915469866991043,63,0,0.10323403107745346,0.10098792535675072,0.5484210526315789,0.5081948607506275,0.5736842105263158,0.5460088691796009,0.36,0.7368421052631579,0.09326974154701308,0.5873015873015873
neuma,subjectwise,deepconvnet,3,S43,0.4915469866991043,86,0,-0.2304431357587475,-0.20032840722495893,0.36593406593406597,0.24398857001194377,0.37216117216117217,0.3612931411096549,0.2857142857142857,0.4461538461538462,0.24675188022990563,0.4069767441860465
neuma,subjectwise,deepconvnet,3,S44,0.5978996586799622,82,0,-0.23424374030084533,-0.18840579710144922,0.3522727272727273,0.15320015274798543,0.33712121212121215,0.3492063492063492,0.25,0.45454545454545453,0.38847236262588974,0.4146341463414634
neuma,subjectwise,deepconvnet,4,S01,0.5554922407865525,69,0,-0.0472877992410959,-0.04392386530014636,0.4722222222222222,0.2311849482577487,0.4345679012345679,0.46215740507920544,0.3333333333333333,0.6111111111111112,0.326767670503561,0.5507246376811594
neuma,subjectwise,deepconvnet,4,S02,0.4962523180246353,63,0,0.18070158058105024,0.17582417582417587,0.5952380952380952,0.468838258286402,0.6349206349206349,0.5825602968460111,0.5714285714285714,0.6190476190476191,0.20352970513086466,0.6031746031746031
neuma,subjectwise,deepconvnet,4,S03,0.6156726002693176,65,0,-0.0817943751494157,-0.07411116675012508,0.4528061224489796,0.29274112780265715,0.5612244897959184,0.4392156862745098,0.375,0.5306122448979592,0.3440126249423394,0.49230769230769234
neuma,subjectwise,deepconvnet,4,S05,0.5554922407865525,85,0,-0.003156192076393147,-0.002621231979030192,0.49786324786324787,0.2366643695714955,0.5341880341880342,0.4635343618513324,0.38461538461538464,0.6111111111111112,0.39464200910399944,0.5764705882352941
neuma,subjectwise,deepconvnet,4,S06,0.5523994433879852,139,0,0.10092697197825493,0.08281533900736349,0.5546717171717173,0.30841350566200715,0.5396464646464647,0.4969315499606609,0.675,0.43434343434343436,0.2810027835716446,0.5035971223021583
neuma,subjectwise,deepconvnet,4,S07,0.4962523180246353,86,0,0.28567741762776644,0.2503113325031133,0.6794642857142856,0.27293224039550634,0.6366071428571428,0.6052459016393442,0.6875,0.6714285714285714,0.29580002884532136,0.6744186046511628
neuma,subjectwise,deepconvnet,4,S08,0.5523994433879852,83,0,-0.06626485045330265,-0.049548387096774116,0.4631336405529954,0.28256970567921413,0.5238095238095237,0.40094270142878186,0.5714285714285714,0.3548387096774194,0.3128460531127079,0.40963855421686746
neuma,subjectwise,deepconvnet,4,S09,0.4962523180246353,120,0,-0.13762491771413704,-0.1268472906403939,0.4200310559006211,0.21498075276096215,0.42274844720496896,0.416779539478926,0.2857142857142857,0.5543478260869565,0.2508174940943718,0.49166666666666664
neuma,subjectwise,deepconvnet,4,S10,0.5523994433879852,273,0,0.1999040690647504,0.15592515592515588,0.627262443438914,0.2759833092551923,0.6339192481726418,0.5318154937906564,0.7115384615384616,0.5429864253393665,0.33188002851310666,0.575091575091575
neuma,subjectwise,deepconvnet,4,S12,0.5389232540130615,103,0,0.1556557277029462,0.15496809480401097,0.5809523809523809,0.3413802769253974,0.5790476190476191,0.5767123287671233,0.42857142857142855,0.7333333333333333,0.24871425345106035,0.6504854368932039
neuma,subjectwise,deepconvnet,4,S13,0.6156726002693176,315,0,0.04613761654766573,0.04174412709143149,0.5264964599871272,0.2845455901201681,0.5091718515340056,0.4992050874403816,0.4936708860759494,0.559322033898305,0.35962772046526276,0.5428571428571428
neuma,subjectwise,deepconvnet,4,S14,0.5523994433879852,55,0,-0.007909649964604158,-0.005714285714285561,0.49583333333333335,0.25471402285961564,0.45333333333333337,0.41644562334217505,0.6666666666666666,0.325,0.2997499631209807,0.41818181818181815
neuma,subjectwise,deepconvnet,4,S15,0.6156726002693176,215,0,0.007204074801791025,0.006552969839536127,0.5038145539906104,0.3284647315675456,0.5043035993740219,0.480174081237911,0.5492957746478874,0.4583333333333333,0.28953751630561303,0.4883720930232558
neuma,subjectwise,deepconvnet,4,S16,0.5389232540130615,224,0,-0.06252042937059304,-0.04013015184381774,0.4619683926506489,0.18919554093060545,0.44699987151484005,0.371237732292499,0.5813953488372093,0.3425414364640884,0.35456292357827934,0.38839285714285715
neuma,subjectwise,deepconvnet,4,S17,0.6156726002693176,90,0,-0.04368674677985593,-0.040723981900452344,0.47619047619047616,0.3339494523839701,0.44914756025867136,0.4623376623376623,0.4444444444444444,0.5079365079365079,0.31044038699732884,0.4888888888888889
neuma,subjectwise,deepconvnet,4,S18,0.5523994433879852,56,0,-0.08520522057286624,-0.04578313253012034,0.4756410256410256,0.445147092199202,0.41666666666666663,0.35584415584415585,0.8846153846153846,0.06666666666666667,0.12670625533376423,0.44642857142857145
neuma,subjectwise,deepconvnet,4,S19,0.5523994433879852,118,0,-0.010754121768232575,-0.004512820512820648,0.4938888888888889,0.13149821534741546,0.41944444444444445,0.2941261261261261,0.7777777777777778,0.21,0.43813248635348623,0.2966101694915254
neuma,subjectwise,deepconvnet,4,S20,0.5554922407865525,56,0,0.08035209481949514,0.07818930041152261,0.5429864253393666,0.3795205871839894,0.48567119155354455,0.5333333333333333,0.47058823529411764,0.6153846153846154,0.2810763237731797,0.5714285714285714
neuma,subjectwise,deepconvnet,4,S21,0.5389232540130615,135,0,-0.15566129331488396,-0.14929056138186292,0.41357142857142853,0.21547223094476844,0.39028571428571424,0.41492368569813454,0.2571428571428571,0.57,0.2700023662160944,0.4888888888888889
neuma,subjectwise,deepconvnet,4,S22,0.5554922407865525,79,0,0.1539633603695869,0.1389645776566757,0.5662337662337662,0.5932597323300652,0.6538961038961039,0.5498575498575499,0.3142857142857143,0.8181818181818182,0.08629134221921995,0.5949367088607594
neuma,subjectwise,deepconvnet,4,S23,0.5523994433879852,70,0,-0.1695901335330382,-0.14623000761614624,0.41731266149870805,0.3028425202280467,0.33936261843238585,0.3845839296667348,0.5555555555555556,0.27906976744186046,0.2101458868810109,0.38571428571428573
neuma,subjectwise,deepconvnet,4,S24,0.5554922407865525,221,0,-0.08316538653221217,-0.05814605529914152,0.4376387860843819,0.11723007655977868,0.463360473723168,0.39787928622272406,0.35714285714285715,0.5181347150259067,0.424614446330394,0.497737556561086
neuma,subjectwise,deepconvnet,4,S25,0.6156726002693176,42,0,0.3471242937824793,0.3385826771653543,0.6891495601173021,0.3980510077550383,0.6950146627565983,0.6657824933687002,0.6363636363636364,0.7419354838709677,0.33255918465909506,0.7142857142857143
neuma,subjectwise,deepconvnet,4,S26,0.5554922407865525,269,0,-0.04868289330969456,-0.04855972515856233,0.47635135135135137,0.32477362739359894,0.5409266409266409,0.47516534391534393,0.25,0.7027027027027027,0.2103376782959722,0.5613382899628253
neuma,subjectwise,deepconvnet,4,S27,0.5523994433879852,49,0,0.10709591052033317,0.08376963350785338,0.5571428571428572,0.4585107900462303,0.6306122448979592,0.4863731656184486,0.7142857142857143,0.4,0.28512375512901617,0.4897959183673469
neuma,subjectwise,deepconvnet,4,S28,0.5389232540130615,152,0,0.09459822310306337,0.08135072908672303,0.5594336977852538,0.27670129104325913,0.5531258760863471,0.5120012230545788,0.5172413793103449,0.6016260162601627,0.3358135121433359,0.5855263157894737
neuma,subjectwise,deepconvnet,4,S29,0.5523994433879852,109,0,0.07321596753251372,0.04295555855734157,0.5415360501567398,0.20403860263237888,0.5229885057471264,0.3986079280196927,0.7727272727272727,0.3103448275862069,0.3688552558695505,0.4036697247706422
neuma,subjectwise,deepconvnet,4,S30,0.6156726002693176,53,0,-0.19769305011128283,-0.19268635724331928,0.4007246376811594,0.40984249749980084,0.39710144927536234,0.396011396011396,0.43478260869565216,0.36666666666666664,0.18469083084250393,0.39622641509433965
neuma,subjectwise,deepconvnet,4,S31,0.5389232540130615,99,0,-0.06031264860167887,-0.0600558659217878,0.47081447963800904,0.3277449219544944,0.4855203619909503,0.4689832089552239,0.2647058823529412,0.676923076923077,0.17287922146344428,0.5353535353535354
neuma,subjectwise,deepconvnet,4,S32,0.5389232540130615,101,0,-0.19515714540326326,-0.1900225620456255,0.39096662830840045,0.1790910808659196,0.3912543153049482,0.3988856527795365,0.13636363636363635,0.6455696202531646,0.2883754996675076,0.5346534653465347
neuma,subjectwise,deepconvnet,4,S33,0.4962523180246353,97,0,-0.054447470345526855,-0.05410404624277443,0.471875,0.3010201884628318,0.4475961538461538,0.47142028985507245,0.34375,0.6,0.16894147783210595,0.5154639175257731
neuma,subjectwise,deepconvnet,4,S34,0.4962523180246353,235,0,-0.020177738290117198,-0.01748875116733184,0.48705054060849884,0.1670809795412751,0.506034699522253,0.4627487896718666,0.36585365853658536,0.6082474226804123,0.30906669706740275,0.5659574468085107
neuma,subjectwise,deepconvnet,4,S35,0.6156726002693176,101,0,0.07450697946957777,0.06463054187192108,0.5431578947368421,0.3055300731180997,0.5563157894736842,0.5016272965879265,0.56,0.5263157894736842,0.36061628354657993,0.5346534653465347
neuma,subjectwise,deepconvnet,4,S36,0.5554922407865525,51,0,0.2231518495721684,0.2153846153846154,0.5972222222222222,0.45687667304627916,0.5907407407407407,0.6025974025974026,0.3333333333333333,0.8611111111111112,0.23729640187001694,0.7058823529411765
neuma,subjectwise,deepconvnet,4,S37,0.5389232540130615,66,0,0.05423871909582417,0.0489082969432314,0.5269230769230769,0.3952969546325576,0.4740384615384615,0.49988518943742827,0.6538461538461539,0.4,0.16724616198828723,0.5
neuma,subjectwise,deepconvnet,4,S38,0.4962523180246353,181,0,-0.016461002292073406,-0.015345928170739542,0.4908008658008658,0.26875829975005955,0.4925788497217069,0.47609541870446154,0.42857142857142855,0.553030303030303,0.2410332830571338,0.5193370165745856
neuma,subjectwise,deepconvnet,4,S39,0.5389232540130615,39,0,0.34877605543113943,0.33725490196078434,0.6791666666666667,0.48308116487083824,0.638888888888889,0.6631229235880398,0.7333333333333333,0.625,0.16225889554390538,0.6666666666666666
neuma,subjectwise,deepconvnet,4,S40,0.4962523180246353,65,0,-0.21377306830183915,-0.21118012422360244,0.391025641025641,0.31088314829394736,0.3254437869822485,0.39077144917087236,0.34615384615384615,0.4358974358974359,0.1628351280322442,0.4
neuma,subjectwise,deepconvnet,4,S41,0.5523994433879852,48,0,-0.09759000729485331,-0.09090909090909083,0.45,0.33502091739439577,0.40740740740740744,0.43529411764705883,0.5,0.4,0.1921130921691656,0.4375
neuma,subjectwise,deepconvnet,4,S42,0.5554922407865525,63,0,-0.1349735909614838,-0.13297002724795637,0.4357894736842105,0.4114083328315705,0.40421052631578946,0.4296296296296296,0.24,0.631578947368421,0.1971096656625233,0.47619047619047616
neuma,subjectwise,deepconvnet,4,S43,0.4962523180246353,86,0,-0.06971302730261862,-0.063254744105808,0.4597069597069597,0.20884405770939682,0.41538461538461535,0.44532773361331934,0.38095238095238093,0.5384615384615384,0.25599259553953657,0.5
neuma,subjectwise,deepconvnet,4,S44,0.5554922407865525,82,0,0.13712555853457373,0.12517780938833567,0.5833333333333333,0.3103392544001303,0.5615530303030303,0.5467943994104643,0.5,0.6666666666666666,0.3483245685333159,0.6341463414634146
neuma,subjectwise,eegnet,0,S01,0.4924129471182823,69,0,-0.01842711517991869,-0.014302741358760418,0.4888888888888889,0.24306954949812093,0.49753086419753084,0.43329633740288565,0.5333333333333333,0.4444444444444444,0.27830955947654834,0.463768115942029
neuma,subjectwise,eegnet,0,S02,0.5153034424781799,63,0,-0.08980265101338744,-0.0851063829787233,0.45238095238095233,0.2965226253340849,0.4036281179138322,0.44334719334719336,0.42857142857142855,0.47619047619047616,0.17883696347948103,0.4603174603174603
neuma,subjectwise,eegnet,0,S03,0.5153034424781799,65,0,0.2287957637295766,0.22860712054965648,0.6167091836734694,0.3952687464555301,0.6007653061224489,0.6141830677913153,0.4375,0.7959183673469388,0.2395177852648956,0.7076923076923077
neuma,subjectwise,eegnet,0,S05,0.4924129471182823,85,0,0.1848499124872225,0.12325941206807633,0.6276709401709402,0.2963417167411101,0.638888888888889,0.48484848484848486,0.7692307692307693,0.4861111111111111,0.3556108025943531,0.5294117647058824
neuma,subjectwise,eegnet,0,S06,0.5168506932258606,139,0,-0.1251071262963002,-0.12481608631682195,0.43573232323232325,0.3065894044077957,0.4585858585858586,0.437039764359352,0.225,0.6464646464646465,0.22171456565102227,0.5251798561151079
neuma,subjectwise,eegnet,0,S07,0.5223933279514312,86,0,0.10225003239326608,0.09880239520958078,0.5589285714285714,0.28140259440716814,0.6294642857142857,0.543939393939394,0.375,0.7428571428571429,0.3180300887933997,0.6744186046511628
neuma,subjectwise,eegnet,0,S08,0.5168506932258606,83,0,0.04075665505663174,0.040462427745664775,0.521505376344086,0.30513149204826445,0.5683563748079877,0.518840579710145,0.3333333333333333,0.7096774193548387,0.2407809919621571,0.6144578313253012
neuma,subjectwise,eegnet,0,S09,0.5223933279514312,120,0,0.051330545887055656,0.048223350253807085,0.5295031055900621,0.2782187048415319,0.5372670807453416,0.511559752523608,0.42857142857142855,0.6304347826086957,0.2759308348099391,0.5833333333333334
neuma,subjectwise,eegnet,0,S10,0.5168506932258606,273,0,-0.014512103038967604,-0.012754085292945305,0.4909502262443439,0.21417450509794847,0.5397667942916812,0.4670807453416149,0.38461538461538464,0.5972850678733032,0.3136568402414357,0.5567765567765568
neuma,subjectwise,eegnet,0,S12,0.5153034424781799,103,0,-0.14023214908405093,-0.13469133236333408,0.4228571428571429,0.22861831337781463,0.40761904761904766,0.4225113720512007,0.2857142857142857,0.56,0.22092982374348685,0.4854368932038835
neuma,subjectwise,eegnet,0,S13,0.5014655089378357,315,0,-0.013396492346341184,-0.010434333751198288,0.4924104269470071,0.2296060541618532,0.4816562969319888,0.43392134181607867,0.5822784810126582,0.4025423728813559,0.2528505197744669,0.44761904761904764
neuma,subjectwise,eegnet,0,S14,0.4924129471182823,55,0,0.04490132550669373,0.03750000000000009,0.525,0.25583387329087365,0.42166666666666663,0.47690217391304346,0.6,0.45,0.28647479306567797,0.4909090909090909
neuma,subjectwise,eegnet,0,S15,0.5014655089378357,215,0,0.11942917378027909,0.10946745562130167,0.5633313771517996,0.4069477696806249,0.5664123630672927,0.5357394676537988,0.6197183098591549,0.5069444444444444,0.17356128138165142,0.5441860465116279
neuma,subjectwise,eegnet,0,S16,0.5153034424781799,224,0,0.12033934082605931,0.09426781891699032,0.5763844275986123,0.20675218258433603,0.5389952460490813,0.49841938883034775,0.627906976744186,0.5248618784530387,0.3176037927291223,0.5446428571428571
neuma,subjectwise,eegnet,0,S17,0.5014655089378357,90,0,-0.06419407387663693,-0.04562737642585568,0.46825396825396826,0.326213717779854,0.4997060552616108,0.38881343375725397,0.6666666666666666,0.2698412698412698,0.2210642092757755,0.3888888888888889
neuma,subjectwise,eegnet,0,S18,0.5223933279514312,56,0,-0.08268982305947231,-0.08247422680412364,0.458974358974359,0.5144620928543586,0.46538461538461534,0.45806451612903226,0.38461538461538464,0.5333333333333333,0.13085029327443665,0.4642857142857143
neuma,subjectwise,eegnet,0,S19,0.5168506932258606,118,0,-0.11848152792281626,-0.10201149425287359,0.4211111111111111,0.15521274892395098,0.375,0.41893939393939394,0.2222222222222222,0.62,0.3546995477656187,0.559322033898305
neuma,subjectwise,eegnet,0,S20,0.4924129471182823,56,0,0.005789445619098958,0.004587155963302836,0.5030165912518854,0.3376782241182136,0.5082956259426847,0.4448353054045411,0.6470588235294118,0.358974358974359,0.19781569338270594,0.44642857142857145
neuma,subjectwise,eegnet,0,S21,0.5153034424781799,135,0,0.09349469900084571,0.09228740936058022,0.55,0.3190073439797616,0.5677142857142857,0.5437073364702764,0.4,0.7,0.23875943974212363,0.6222222222222222
neuma,subjectwise,eegnet,0,S22,0.5014655089378357,79,0,-0.21286311989329623,-0.20811170212765973,0.3983766233766234,0.39949331701719093,0.38376623376623376,0.3894489247311828,0.22857142857142856,0.5681818181818182,0.1618639264680162,0.4177215189873418
neuma,subjectwise,eegnet,0,S23,0.4924129471182823,70,0,-0.038714614072241395,-0.03682946357085681,0.4801894918173988,0.386273447909284,0.46856158484065463,0.46871794871794875,0.5185185185185185,0.4418604651162791,0.10324227724756516,0.4714285714285714
neuma,subjectwise,eegnet,0,S24,0.4924129471182823,221,0,0.021747216985727326,0.013544712944435822,0.5162842339008142,0.15467738938149453,0.515358993338268,0.41082919654348227,0.5714285714285714,0.46113989637305697,0.3728923699165361,0.4751131221719457
neuma,subjectwise,eegnet,0,S25,0.5168506932258606,42,0,0.1531679162134967,0.15094339622641517,0.5821114369501467,0.31692174890858904,0.5571847507331378,0.5728813559322035,0.45454545454545453,0.7096774193548387,0.22622676406587872,0.6428571428571429
neuma,subjectwise,eegnet,0,S26,0.4924129471182823,269,0,-0.002504981366810136,-0.002318456570340466,0.49864864864864866,0.31935100052150933,0.5135135135135135,0.4801820758363035,0.5,0.4972972972972973,0.17274377608609467,0.49814126394052044
neuma,subjectwise,eegnet,0,S27,0.5223933279514312,49,0,0.12810252304406972,0.125,0.5571428571428572,0.35401705360273455,0.5591836734693878,0.5585585585585585,0.2857142857142857,0.8285714285714286,0.21113982127637282,0.673469387755102
neuma,subjectwise,eegnet,0,S28,0.5153034424781799,152,0,0.0475599101289014,0.04033169996230679,0.5299971965236894,0.25267310382137553,0.5668629100084104,0.48708133971291867,0.4827586206896552,0.5772357723577236,0.3150019310414791,0.5592105263157895
neuma,subjectwise,eegnet,0,S29,0.5168506932258606,109,0,0.1110454832067105,0.10926920382909167,0.561128526645768,0.25140457587961207,0.48693834900731453,0.5520723259363626,0.36363636363636365,0.7586206896551724,0.2965447995640816,0.6788990825688074
neuma,subjectwise,eegnet,0,S30,0.5153034424781799,53,0,-0.011511089261379084,-0.011307420494699683,0.49420289855072463,0.4836589463404695,0.5391304347826087,0.48983957219251334,0.5217391304347826,0.4666666666666667,0.07807397617484038,0.49056603773584906
neuma,subjectwise,eegnet,0,S31,0.5168506932258606,99,0,0.03473667371459375,0.03426124197002134,0.516289592760181,0.4115820818516203,0.5570135746606335,0.5142993897331578,0.29411764705882354,0.7384615384615385,0.1435045723361198,0.5858585858585859
neuma,subjectwise,eegnet,0,S32,0.5153034424781799,101,0,-0.042148886999099425,-0.03977538605521769,0.4755466052934407,0.2218649610118077,0.5069044879171462,0.467911877394636,0.3181818181818182,0.6329113924050633,0.2623324096202851,0.5643564356435643
neuma,subjectwise,eegnet,0,S33,0.5223933279514312,97,0,0.06863247767442451,0.06845604530903715,0.5334134615384616,0.40136549892535617,0.5735576923076924,0.5337113274990756,0.34375,0.7230769230769231,0.17285571485450588,0.5979381443298969
neuma,subjectwise,eegnet,0,S34,0.5223933279514312,235,0,0.055539974430445144,0.05365828147063434,0.5322479255720393,0.20944386889465127,0.5687704299723408,0.5213089600804212,0.3170731707317073,0.7474226804123711,0.31506481975951095,0.6723404255319149
neuma,subjectwise,eegnet,0,S35,0.5014655089378357,101,0,0.06658087079221801,0.04949459742070417,0.5373684210526316,0.34762666925147806,0.5710526315789474,0.45633971291866027,0.68,0.39473684210526316,0.2676197358287207,0.46534653465346537
neuma,subjectwise,eegnet,0,S36,0.5014655089378357,51,0,-0.17750268067297048,-0.16548463356973997,0.4027777777777778,0.31204584467606183,0.3907407407407408,0.398046398046398,0.3333333333333333,0.4722222222222222,0.24863505772515837,0.43137254901960786
neuma,subjectwise,eegnet,0,S37,0.5153034424781799,66,0,-0.04013455344230392,-0.04011461318051568,0.47980769230769227,0.43835197294160844,0.451923076923077,0.479818485789348,0.38461538461538464,0.575,0.15216671111005722,0.5
neuma,subjectwise,eegnet,0,S38,0.5223933279514312,181,0,-0.08434665065591462,-0.08433828678129607,0.4581014223871367,0.2538321512533035,0.4645949288806432,0.4578097646372301,0.20408163265306123,0.7121212121212122,0.22258828481587256,0.574585635359116
neuma,subjectwise,eegnet,0,S39,0.4924129471182823,39,0,0.03244428422615251,0.031372549019607954,0.5166666666666666,0.4644436334717664,0.5833333333333333,0.507641196013289,0.5333333333333333,0.5,0.11097251451932469,0.5128205128205128
neuma,subjectwise,eegnet,0,S40,0.5168506932258606,65,0,0.1895438491439364,0.17808219178082196,0.5833333333333333,0.5260725932275704,0.5759368836291913,0.577922077922078,0.34615384615384615,0.8205128205128205,0.09255983050052934,0.6307692307692307
neuma,subjectwise,eegnet,0,S41,0.5014655089378357,48,0,0.16499463776140771,0.1648351648351648,0.5833333333333333,0.4649166386512793,0.5666666666666667,0.5822262940907008,0.5,0.6666666666666666,0.1370500704894463,0.6041666666666666
neuma,subjectwise,eegnet,0,S42,0.5223933279514312,63,0,0.1835325870964494,0.18181818181818188,0.588421052631579,0.4898833012384057,0.5957894736842105,0.5891304347826087,0.44,0.7368421052631579,0.12102225990522474,0.6190476190476191
neuma,subjectwise,eegnet,0,S43,0.5223933279514312,86,0,0.1355870140678612,0.13551749813849578,0.5666666666666667,0.28884980941844773,0.5172161172161172,0.5676782722025694,0.3333333333333333,0.8,0.2552073161269343,0.686046511627907
neuma,subjectwise,eegnet,0,S44,0.4924129471182823,82,0,-0.0991917245091103,-0.08093194359288769,0.4375,0.17474273879047247,0.36837121212121215,0.41184320266889074,0.375,0.5,0.3108671107670157,0.47560975609756095
neuma,subjectwise,eegnet,1,S01,0.5314010679721832,69,0,0.10635890745287926,0.10600706713780927,0.5555555555555556,0.2859787277912304,0.6358024691358025,0.5524764150943396,0.3333333333333333,0.7777777777777778,0.28914667342020123,0.6811594202898551
neuma,subjectwise,eegnet,1,S02,0.5043959963321686,63,0,0.090075469822209,0.08695652173913038,0.5476190476190477,0.42808139673725654,0.564625850340136,0.5357894736842105,0.5238095238095238,0.5714285714285714,0.18809157988381764,0.5555555555555556
neuma,subjectwise,eegnet,1,S03,0.5043959963321686,65,0,0.05315436433149373,0.03440187646598891,0.528061224489796,0.3526878595095058,0.5714285714285714,0.41413662239089183,0.75,0.30612244897959184,0.3399350778414653,0.4153846153846154
neuma,subjectwise,eegnet,1,S05,0.4752979838848114,85,0,0.1272937693043289,0.031890660592255315,0.5486111111111112,0.19334017137184167,0.5619658119658121,0.2314647377938517,1.0,0.09722222222222222,0.36926707204650433,0.23529411764705882
neuma,subjectwise,eegnet,1,S06,0.5314010679721832,139,0,0.01717171717171717,0.01717171717171717,0.5085858585858586,0.34673846877626335,0.5143939393939394,0.5085858585858586,0.3,0.7171717171717171,0.21022223804494458,0.5971223021582733
neuma,subjectwise,eegnet,1,S07,0.5043959963321686,86,0,0.11952286093343936,0.09302325581395354,0.5767857142857142,0.33342804790351827,0.5991071428571428,0.4969251537423129,0.625,0.5285714285714286,0.33078309651031057,0.5465116279069767
neuma,subjectwise,eegnet,1,S08,0.4752979838848114,83,0,-0.03684226275752157,-0.028473503822831425,0.4792626728110599,0.28273806620462266,0.5023041474654377,0.4216456634544107,0.5714285714285714,0.3870967741935484,0.21994385590036228,0.43373493975903615
neuma,subjectwise,eegnet,1,S09,0.5043959963321686,120,0,0.04860689314434064,0.041479820627802755,0.5287267080745341,0.2774264066580773,0.5493012422360248,0.4861392832995267,0.5357142857142857,0.5217391304347826,0.2689327535529932,0.525
neuma,subjectwise,eegnet,1,S10,0.5055845761299134,273,0,0.19548274334719498,0.15525758645024712,0.6244343891402715,0.24325367966213293,0.5995475113122173,0.5352150537634408,0.6923076923076923,0.5565610859728507,0.3079981070844245,0.5824175824175825
neuma,subjectwise,eegnet,1,S12,0.5055845761299134,103,0,-0.053594220075787236,-0.045685279187817285,0.47,0.2975923804104754,0.47333333333333333,0.43715846994535523,0.5,0.44,0.24176450117120468,0.4563106796116505
neuma,subjectwise,eegnet,1,S13,0.5081180334091187,315,0,0.020058736096002578,0.016435837020860822,0.5115050418365158,0.2342332948314222,0.4894335979403561,0.4616852412954362,0.569620253164557,0.4533898305084746,0.2581331613517943,0.48253968253968255
neuma,subjectwise,eegnet,1,S14,0.4752979838848114,55,0,-0.047619047619047616,-0.01951219512195146,0.48333333333333334,0.3515437426874553,0.5433333333333333,0.29008152173913043,0.8666666666666667,0.1,0.2396377774802121,0.3090909090909091
neuma,subjectwise,eegnet,1,S15,0.5081180334091187,215,0,0.19772419382539083,0.1868451941051168,0.6050958528951487,0.43012372422729606,0.6026017214397497,0.5823005292423126,0.6338028169014085,0.5763888888888888,0.17169319668481517,0.5953488372093023
neuma,subjectwise,eegnet,1,S16,0.4752979838848114,224,0,0.06572242744002035,0.008601720344068808,0.511049723756906,0.23822281601026873,0.6023384299113452,0.18511972048093722,1.0,0.022099447513812154,0.333128887627806,0.20982142857142858
neuma,subjectwise,eegnet,1,S17,0.5081180334091187,90,0,-0.18013666095619207,-0.15879828326180268,0.4021164021164021,0.25042603387735823,0.3815402704291593,0.3851214574898786,0.4074074074074074,0.3968253968253968,0.24017393655247152,0.4
neuma,subjectwise,eegnet,1,S18,0.5043959963321686,56,0,-0.08902476018169285,-0.08808290155440401,0.4564102564102564,0.44091904807077587,0.44871794871794873,0.453125,0.34615384615384615,0.5666666666666667,0.08349875413945747,0.4642857142857143
neuma,subjectwise,eegnet,1,S19,0.5055845761299134,118,0,0.04714045207910317,0.03389830508474578,0.5327777777777778,0.22835975191468683,0.5775,0.4506248468512619,0.5555555555555556,0.51,0.3544793474977299,0.5169491525423728
neuma,subjectwise,eegnet,1,S20,0.5081180334091187,56,0,0.038608998192503456,0.02908277404921711,0.5196078431372549,0.3125895500381511,0.5037707390648567,0.4462519936204147,0.7058823529411765,0.3333333333333333,0.217319665742772,0.44642857142857145
neuma,subjectwise,eegnet,1,S21,0.5055845761299134,135,0,0.1194417826690948,0.1123729826658697,0.5671428571428572,0.33309048281611875,0.6271428571428571,0.5441709128859967,0.5142857142857142,0.62,0.23808616223158657,0.5925925925925926
neuma,subjectwise,eegnet,1,S22,0.5055845761299134,79,0,0.2226219973264507,0.22141918528252302,0.6094155844155844,0.5723000928655733,0.6214285714285714,0.6096837944664031,0.5142857142857142,0.7045454545454546,0.08731971888602535,0.620253164556962
neuma,subjectwise,eegnet,1,S23,0.5055845761299134,70,0,0.06161601398077261,0.06119027661357934,0.5314384151593454,0.4022553956479504,0.49009474590869945,0.5290159798149705,0.48148148148148145,0.5813953488372093,0.11917502539498466,0.5428571428571428
neuma,subjectwise,eegnet,1,S24,0.5314010679721832,221,0,-0.037729847488162695,-0.036909602752580595,0.4781643227239082,0.14209394432669953,0.5049962990377499,0.4786096256684492,0.14285714285714285,0.8134715025906736,0.37830676387877493,0.7285067873303167
neuma,subjectwise,eegnet,1,S25,0.4752979838848114,42,0,-0.04843594796964828,-0.029038112522685955,0.47653958944281527,0.4319104743715299,0.6217008797653959,0.3567782189449802,0.7272727272727273,0.22580645161290322,0.23475209942885805,0.35714285714285715
neuma,subjectwise,eegnet,1,S26,0.5314010679721832,269,0,-0.10984421322198301,-0.10850389946531336,0.44874517374517375,0.2852532369116868,0.4543758043758043,0.4430069989903657,0.17857142857142858,0.7189189189189189,0.1785206735189519,0.550185873605948
neuma,subjectwise,eegnet,1,S27,0.4752979838848114,49,0,0.1,0.06896551724137934,0.55,0.47672697867025593,0.6469387755102041,0.4489795918367347,0.7857142857142857,0.3142857142857143,0.22686161496201337,0.4489795918367347
neuma,subjectwise,eegnet,1,S28,0.4752979838848114,152,0,0.0630305819996871,0.05033438929954237,0.54008971124194,0.20576445849187067,0.5466778805719092,0.47872289040235716,0.5517241379310345,0.5284552845528455,0.2721953422419335,0.5328947368421053
neuma,subjectwise,eegnet,1,S29,0.4752979838848114,109,0,-0.022590824197703474,-0.009623481294358305,0.48955067920585166,0.17310836205801314,0.4043887147335423,0.2926253687315634,0.8181818181818182,0.16091954022988506,0.30632603359878613,0.29357798165137616
neuma,subjectwise,eegnet,1,S30,0.4752979838848114,53,0,-0.21234930330463941,-0.14538310412573674,0.4195652173913043,0.4407236057813265,0.4014492753623189,0.330654420206659,0.7391304347826086,0.1,0.15717297567511507,0.37735849056603776
neuma,subjectwise,eegnet,1,S31,0.5055845761299134,99,0,0.04985156654368405,0.04749232343909915,0.5262443438914027,0.4358835022475199,0.5588235294117647,0.5125196437925615,0.5294117647058824,0.5230769230769231,0.16423901223173049,0.5252525252525253
neuma,subjectwise,eegnet,1,S32,0.5055845761299134,101,0,-0.07365867680427729,-0.06794150731158588,0.45655926352128884,0.2285123572138693,0.49654775604142687,0.44808743169398907,0.3181818181818182,0.5949367088607594,0.27356689238902365,0.5346534653465347
neuma,subjectwise,eegnet,1,S33,0.5314010679721832,97,0,0.15662910630096588,0.1534907597535934,0.571875,0.3929991087347535,0.5471153846153846,0.57324016563147,0.34375,0.8,0.18244658303015016,0.6494845360824743
neuma,subjectwise,eegnet,1,S34,0.5043959963321686,235,0,-0.05087166800858496,-0.049792983220745324,0.47127231581594164,0.19955908180399073,0.5360824742268042,0.4714175992977836,0.1951219512195122,0.7474226804123711,0.26610869311905927,0.6510638297872341
neuma,subjectwise,eegnet,1,S35,0.4752979838848114,101,0,0.13969814830363295,0.05634201585503984,0.5523684210526316,0.2744956228371951,0.5457894736842106,0.3355263157894737,0.96,0.14473684210526316,0.2653079850248771,0.3465346534653465
neuma,subjectwise,eegnet,1,S36,0.5043959963321686,51,0,-0.07304174834821295,-0.0691823899371069,0.46944444444444444,0.25410465376805647,0.38518518518518513,0.4551282051282051,0.13333333333333333,0.8055555555555556,0.2220021483360552,0.6078431372549019
neuma,subjectwise,eegnet,1,S37,0.5314010679721832,66,0,-0.03320531306762042,-0.03229061553985879,0.48461538461538456,0.45472816434560415,0.5269230769230769,0.47739463601532567,0.2692307692307692,0.7,0.12781520278164835,0.5303030303030303
neuma,subjectwise,eegnet,1,S38,0.5043959963321686,181,0,0.03476762977060163,0.0289587539659647,0.5194032158317873,0.31361799612100466,0.531230674087817,0.47167383321301903,0.5918367346938775,0.44696969696969696,0.24874542809981665,0.4861878453038674
neuma,subjectwise,eegnet,1,S39,0.5314010679721832,39,0,-0.18446619684315546,-0.18181818181818166,0.4125,0.35616789168192453,0.3666666666666667,0.40522875816993464,0.2,0.625,0.16754655578197572,0.46153846153846156
neuma,subjectwise,eegnet,1,S40,0.5081180334091187,65,0,0.1691882420459899,0.1520467836257311,0.5833333333333333,0.4061831189970436,0.5216962524654831,0.5534233593935086,0.7307692307692307,0.4358974358974359,0.1270616169159229,0.5538461538461539
neuma,subjectwise,eegnet,1,S41,0.5043959963321686,48,0,-0.06477502756312957,-0.061224489795918435,0.4666666666666667,0.33450338855262873,0.44814814814814813,0.4545454545454546,0.5,0.43333333333333335,0.1764746457338333,0.4583333333333333
neuma,subjectwise,eegnet,1,S42,0.4752979838848114,63,0,0.052981294282601746,0.03162055335968372,0.5189473684210526,0.3401534309681517,0.41052631578947374,0.40614058712631296,0.88,0.15789473684210525,0.1170574256352016,0.4444444444444444
neuma,subjectwise,eegnet,1,S43,0.5043959963321686,86,0,-0.0720958998312623,-0.06783767413688668,0.458974358974359,0.22659506439880922,0.48424908424908425,0.45205905205905206,0.3333333333333333,0.5846153846153846,0.24744986552138662,0.5232558139534884
neuma,subjectwise,eegnet,1,S44,0.5081180334091187,82,0,-0.04826595414577784,-0.035934868051656466,0.4696969696969697,0.2212238811851494,0.43844696969696967,0.412700939041859,0.5,0.4393939393939394,0.32012265702573267,0.45121951219512196
neuma,subjectwise,eegnet,2,S01,0.4902714681625366,69,0,0.07305950062660078,0.04166666666666652,0.538888888888889,0.2399102351871936,0.5024691358024691,0.39015151515151514,0.8,0.2777777777777778,0.2943606311860292,0.391304347826087
neuma,subjectwise,eegnet,2,S02,0.5071013009548188,63,0,-0.04662524041201569,-0.046511627906976605,0.47619047619047616,0.29244489498729226,0.38888888888888884,0.47616407982261644,0.3333333333333333,0.6190476190476191,0.1627558985399821,0.5238095238095238
neuma,subjectwise,eegnet,2,S03,0.4935302627086639,65,0,-0.11572751247156894,-0.0956719817767655,0.4330357142857143,0.3921877633659874,0.528061224489796,0.4030776867709109,0.4375,0.42857142857142855,0.2764783432850471,0.4307692307692308
neuma,subjectwise,eegnet,2,S05,0.4902714681625366,85,0,0.14622441296640046,0.041867954911433136,0.5625,0.3082397477759019,0.6997863247863247,0.25717852684144815,1.0,0.125,0.3696507839595571,0.25882352941176473
neuma,subjectwise,eegnet,2,S06,0.4935302627086639,139,0,-0.006251502945795442,-0.004757983347058348,0.4967171717171717,0.28728461484571666,0.4868686868686869,0.42976579944955084,0.65,0.3434343434343434,0.22162397495276634,0.4316546762589928
neuma,subjectwise,eegnet,2,S07,0.510246353149414,86,0,0.15721762906275683,0.11875985286389912,0.6008928571428571,0.28555541227345627,0.5544642857142857,0.5046521931767833,0.6875,0.5142857142857142,0.3247122622506563,0.5465116279069767
neuma,subjectwise,eegnet,2,S08,0.4935302627086639,83,0,-0.008113740489243782,-0.00646725949878757,0.49539170506912444,0.33644624986375044,0.5499231950844854,0.4419542805916629,0.5714285714285714,0.41935483870967744,0.23295510560274124,0.4578313253012048
neuma,subjectwise,eegnet,2,S09,0.510246353149414,120,0,-0.10288464722318984,-0.07793522267206487,0.44021739130434784,0.2267484315380084,0.4545807453416149,0.38964109176875134,0.5,0.3804347826086957,0.28552429998914397,0.4083333333333333
neuma,subjectwise,eegnet,2,S10,0.4760501563549042,273,0,0.07317715294684524,0.048647005168744095,0.5452488687782805,0.2062116239317869,0.5178384963452838,0.4336651583710407,0.6923076923076923,0.39819004524886875,0.29836641224749355,0.4542124542124542
neuma,subjectwise,eegnet,2,S12,0.4760501563549042,103,0,0.029695693545824936,0.0269905533063427,0.5166666666666666,0.2865647700197991,0.5242857142857144,0.4918957011980268,0.5,0.5333333333333333,0.2090272096175592,0.5242718446601942
neuma,subjectwise,eegnet,2,S13,0.5071013009548188,315,0,-0.01638173552386043,-0.0150961351298744,0.49064042051062007,0.23765313413462982,0.4777408281484659,0.4739702998038666,0.4177215189873418,0.5635593220338984,0.26533963609309424,0.526984126984127
neuma,subjectwise,eegnet,2,S14,0.4760501563549042,55,0,-0.20881008401605156,-0.14647887323943665,0.39166666666666666,0.26719098042208245,0.41000000000000003,0.3263819927176431,0.5333333333333333,0.25,0.2500269028273496,0.32727272727272727
neuma,subjectwise,eegnet,2,S15,0.5071013009548188,215,0,-0.08957192445450828,-0.08891389983117604,0.4536384976525822,0.3201014725289354,0.4688967136150234,0.4536984754376059,0.323943661971831,0.5833333333333334,0.17040608608445457,0.49767441860465117
neuma,subjectwise,eegnet,2,S16,0.4935302627086639,224,0,0.01963302014189545,0.010238907849829393,0.510792753436978,0.20103495978725178,0.5035333418990107,0.3504909312696223,0.7674418604651163,0.2541436464088398,0.3262639599187034,0.35267857142857145
neuma,subjectwise,eegnet,2,S17,0.5071013009548188,90,0,-0.11253841574251965,-0.09704641350210963,0.43915343915343913,0.2672053871221734,0.37624926513815404,0.4117647058823529,0.48148148148148145,0.3968253968253968,0.21122932069831424,0.4222222222222222
neuma,subjectwise,eegnet,2,S18,0.510246353149414,56,0,-0.07692307692307693,-0.07692307692307687,0.46153846153846156,0.5334060148556306,0.4833333333333334,0.46153846153846156,0.4230769230769231,0.5,0.06564817098634582,0.4642857142857143
neuma,subjectwise,eegnet,2,S19,0.4760501563549042,118,0,0.039032082717096885,0.01857852667962845,0.5238888888888888,0.20608494874792976,0.5466666666666666,0.33944020356234095,0.7777777777777778,0.27,0.3510751676256374,0.3474576271186441
neuma,subjectwise,eegnet,2,S20,0.4935302627086639,56,0,0.2286714428196424,0.13491246138002067,0.5987933634992458,0.44808179121954006,0.6244343891402715,0.45806451612903226,0.9411764705882353,0.2564102564102564,0.23271310808403145,0.4642857142857143
neuma,subjectwise,eegnet,2,S21,0.4760501563549042,135,0,0.14001286044039396,0.1008563273073263,0.5757142857142857,0.3096338171763504,0.5805714285714285,0.47801590808661065,0.7714285714285715,0.38,0.23465286118012887,0.48148148148148145
neuma,subjectwise,eegnet,2,S22,0.4935302627086639,79,0,-0.05375665708055008,-0.05266497461928932,0.47305194805194806,0.5075354289373699,0.4753246753246753,0.46826923076923077,0.5142857142857142,0.4318181818181818,0.08984239795539954,0.46835443037974683
neuma,subjectwise,eegnet,2,S23,0.4760501563549042,70,0,-0.14437485900899558,-0.12643678160919536,0.4289405684754522,0.36895698530711485,0.4168819982773471,0.39950980392156865,0.5555555555555556,0.3023255813953488,0.10582286545208523,0.4
neuma,subjectwise,eegnet,2,S24,0.4902714681625366,221,0,0.03173958412485483,0.01209238351768005,0.5195225758697262,0.1480707651843235,0.5481125092524056,0.28886138613861384,0.8214285714285714,0.21761658031088082,0.38837686545169187,0.29411764705882354
neuma,subjectwise,eegnet,2,S25,0.5071013009548188,42,0,0.03126526997403612,0.02919708029197088,0.5175953079178885,0.2956873803660638,0.4809384164222874,0.49968652037617556,0.45454545454545453,0.5806451612903226,0.2396554748217265,0.5476190476190477
neuma,subjectwise,eegnet,2,S26,0.4902714681625366,269,0,0.08675938426452777,0.0708937350308837,0.5452380952380953,0.3835640525157565,0.5928571428571429,0.48889813466472504,0.6904761904761905,0.4,0.19221676005306737,0.49070631970260226
neuma,subjectwise,eegnet,2,S27,0.4760501563549042,49,0,-0.02626128657194451,-0.021621621621621623,0.4857142857142857,0.3885309874839991,0.5693877551020408,0.4405919661733615,0.5714285714285714,0.4,0.21280542685061082,0.4489795918367347
neuma,subjectwise,eegnet,2,S28,0.4935302627086639,152,0,0.0008861644779429134,0.0007407407407407085,0.5005606952621251,0.21836879865829498,0.5410709279506588,0.4625230340156382,0.4482758620689655,0.5528455284552846,0.2785909726823631,0.5328947368421053
neuma,subjectwise,eegnet,2,S29,0.4935302627086639,109,0,0.0034806830570938444,0.0023245677756791316,0.5020898641588296,0.18599211798266702,0.4482758620689655,0.4058146577831617,0.6363636363636364,0.367816091954023,0.30799371961059924,0.42201834862385323
neuma,subjectwise,eegnet,2,S30,0.5071013009548188,53,0,-0.04473346389379392,-0.043600562587904346,0.47753623188405797,0.589864329788525,0.5260869565217391,0.47150997150997154,0.5217391304347826,0.43333333333333335,0.07532200161016213,0.4716981132075472
neuma,subjectwise,eegnet,2,S31,0.4902714681625366,99,0,-0.009970190533179412,-0.009016072128577024,0.49479638009049776,0.38707832035604656,0.49638009049773757,0.4703703703703703,0.5588235294117647,0.4307692307692308,0.17839692487861175,0.47474747474747475
neuma,subjectwise,eegnet,2,S32,0.4760501563549042,101,0,-0.06990912963251084,-0.059298104074223534,0.4577100115074799,0.261377975667681,0.451668584579977,0.4316017316017316,0.4090909090909091,0.5063291139240507,0.2647190740202913,0.48514851485148514
neuma,subjectwise,eegnet,2,S33,0.510246353149414,97,0,0.05160706730696842,0.04762899519532082,0.5274038461538462,0.38436516973323365,0.5298076923076922,0.5051557581678063,0.5625,0.49230769230769234,0.17974465409504992,0.5154639175257731
neuma,subjectwise,eegnet,2,S34,0.510246353149414,235,0,0.12649598584021193,0.11061414071907782,0.5808398290168468,0.1979974200195617,0.5810912748302741,0.5321266968325792,0.5121951219512195,0.6494845360824743,0.31546555668749704,0.625531914893617
neuma,subjectwise,eegnet,2,S35,0.5071013009548188,101,0,-0.1099208255639328,-0.09895298706631062,0.43657894736842107,0.2780347899944914,0.4842105263157894,0.4244704870444038,0.36,0.5131578947368421,0.264417944863291,0.4752475247524752
neuma,subjectwise,eegnet,2,S36,0.510246353149414,51,0,-0.18257418583505536,-0.18181818181818188,0.40555555555555556,0.2648138603267982,0.34074074074074073,0.4080357142857143,0.2,0.6111111111111112,0.21965013590513494,0.49019607843137253
neuma,subjectwise,eegnet,2,S37,0.4935302627086639,66,0,-0.07565212586013159,-0.06271186440677967,0.46442307692307694,0.3856090262940173,0.48269230769230775,0.4194444444444444,0.6538461538461539,0.275,0.11604171359177791,0.42424242424242425
neuma,subjectwise,eegnet,2,S38,0.510246353149414,181,0,-0.05880534639121866,-0.05238998714731613,0.4669140383426098,0.2467919828541943,0.4492888064316636,0.44526889699003125,0.4489795918367347,0.48484848484848486,0.24991586845553382,0.47513812154696133
neuma,subjectwise,eegnet,2,S39,0.4902714681625366,39,0,-0.10112997936948633,-0.061224489795918435,0.4625,0.5088485021062154,0.5527777777777777,0.35,0.8,0.125,0.13625368857995057,0.38461538461538464
neuma,subjectwise,eegnet,2,S40,0.4902714681625366,65,0,-0.11821656093586509,-0.10465116279069764,0.4423076923076923,0.4075780706840225,0.45956607495069035,0.41413662239089183,0.5769230769230769,0.3076923076923077,0.1121486645478468,0.4153846153846154
neuma,subjectwise,eegnet,2,S41,0.4760501563549042,48,0,0.03374196088105538,0.029126213592232997,0.5166666666666666,0.5859020365599312,0.6055555555555556,0.47894051237516283,0.6666666666666666,0.36666666666666664,0.11592230511208376,0.4791666666666667
neuma,subjectwise,eegnet,2,S42,0.510246353149414,63,0,-0.1936842105263158,-0.1936842105263159,0.4031578947368421,0.3581652037517105,0.38,0.4031578947368421,0.28,0.5263157894736842,0.17930251028802666,0.42857142857142855
neuma,subjectwise,eegnet,2,S43,0.510246353149414,86,0,-0.12115071777181864,-0.100261096605744,0.4296703296703297,0.20987306038891598,0.41538461538461535,0.4009950248756219,0.42857142857142855,0.4307692307692308,0.2627757212450338,0.43023255813953487
neuma,subjectwise,eegnet,2,S44,0.4902714681625366,82,0,-0.20755021558682002,-0.08483830323393526,0.4043560606060606,0.14866320642510364,0.2973484848484849,0.2306775874906925,0.6875,0.12121212121212122,0.3239054945183963,0.23170731707317074
neuma,subjectwise,eegnet,3,S01,0.5129491603374481,69,0,0.07352146220938077,0.06307490144546657,0.5444444444444445,0.26761775961512124,0.5469135802469136,0.49988309562777644,0.5333333333333333,0.5555555555555556,0.2890423575173253,0.5507246376811594
neuma,subjectwise,eegnet,3,S02,0.4910136568546295,63,0,-0.303064062678102,-0.2524271844660193,0.34523809523809523,0.30884053444441983,0.34920634920634924,0.3167717528373266,0.42857142857142855,0.2619047619047619,0.21648152669270837,0.31746031746031744
neuma,subjectwise,eegnet,3,S03,0.501202929019928,65,0,-0.027554169636087842,-0.02463054187192104,0.4840561224489796,0.41837443805711405,0.548469387755102,0.4616977225672878,0.4375,0.5306122448979592,0.2594826812927539,0.5076923076923077
neuma,subjectwise,eegnet,3,S05,0.5129491603374481,85,0,0.09883630620059274,0.07866212449674814,0.5678418803418803,0.20562658166287962,0.6185897435897436,0.4982290436835891,0.5384615384615384,0.5972222222222222,0.3517683569122763,0.5882352941176471
neuma,subjectwise,eegnet,3,S06,0.48773273229599,139,0,-0.011552131504766423,-0.008419167039856568,0.4940656565656566,0.29567681930181183,0.5070707070707071,0.4167832167832168,0.675,0.31313131313131315,0.21681509065113483,0.4172661870503597
neuma,subjectwise,eegnet,3,S07,0.501202929019928,86,0,0.010591481821704043,0.010071942446043036,0.50625,0.21872312425517185,0.5437500000000001,0.495970695970696,0.3125,0.7,0.296238812596299,0.627906976744186
neuma,subjectwise,eegnet,3,S08,0.48773273229599,83,0,0.11760964856647779,0.10039931545921266,0.5675883256528418,0.31786325436148166,0.575268817204301,0.5168504901960784,0.6190476190476191,0.5161290322580645,0.2351700423891286,0.5421686746987951
neuma,subjectwise,eegnet,3,S09,0.501202929019928,120,0,-0.036860489038724284,-0.030042918454935563,0.4782608695652174,0.21316898060375897,0.4309006211180124,0.43595769682726204,0.5,0.45652173913043476,0.26609743138154346,0.4666666666666667
neuma,subjectwise,eegnet,3,S10,0.5087236881256103,273,0,-0.004879686261093563,-0.004690431519699834,0.4971719457013575,0.24988171609512713,0.5528193525931082,0.4904479578392622,0.28846153846153844,0.7058823529411765,0.29067331440610333,0.6263736263736264
neuma,subjectwise,eegnet,3,S12,0.5087236881256103,103,0,-0.2405664109129778,-0.22972416632358983,0.36714285714285716,0.20075194288875095,0.3214285714285714,0.37247899159663866,0.21428571428571427,0.52,0.21316939592361453,0.4368932038834951
neuma,subjectwise,eegnet,3,S13,0.4910136568546295,315,0,-0.049462316414579724,-0.03431380976121301,0.47323535721948085,0.2263558254475715,0.4313988414503325,0.39011039138764714,0.6329113924050633,0.3135593220338983,0.2565636337749543,0.39365079365079364
neuma,subjectwise,eegnet,3,S14,0.5087236881256103,55,0,-0.10206207261596575,-0.10000000000000009,0.45416666666666666,0.2751888592048551,0.44833333333333336,0.445970695970696,0.13333333333333333,0.775,0.23527298298749055,0.6
neuma,subjectwise,eegnet,3,S15,0.4910136568546295,215,0,0.05271575549392818,0.049661986479459075,0.5280223004694835,0.37344392826836503,0.5240610328638496,0.5111021936864634,0.5352112676056338,0.5208333333333334,0.16069765534511832,0.5255813953488372
neuma,subjectwise,eegnet,3,S16,0.48773273229599,224,0,-0.11828792804036356,-0.06659939455095865,0.43215983553899523,0.19290458263245536,0.43543620711807784,0.31991555242786773,0.6046511627906976,0.2596685082872928,0.3093203652117933,0.32589285714285715
neuma,subjectwise,eegnet,3,S17,0.4910136568546295,90,0,-0.08730871646426866,-0.07929515418502198,0.45238095238095233,0.281091539684222,0.4403292181069959,0.43541159902701315,0.4444444444444444,0.4603174603174603,0.201805454492569,0.45555555555555555
neuma,subjectwise,eegnet,3,S18,0.48773273229599,56,0,-0.12455047375590554,-0.10891089108910901,0.44358974358974357,0.4225304914962945,0.41794871794871796,0.40974967061923584,0.6538461538461539,0.23333333333333334,0.1298966019281319,0.42857142857142855
neuma,subjectwise,eegnet,3,S19,0.5087236881256103,118,0,-0.14925529180129274,-0.14763092269326683,0.4177777777777778,0.17477576803516126,0.39444444444444443,0.42439024390243907,0.05555555555555555,0.78,0.3323168794987565,0.6694915254237288
neuma,subjectwise,eegnet,3,S20,0.501202929019928,56,0,0.046036926786412746,0.04039167686658518,0.5248868778280543,0.32351615672991363,0.4374057315233786,0.48958333333333337,0.5882352941176471,0.46153846153846156,0.19683140463062693,0.5
neuma,subjectwise,eegnet,3,S21,0.5087236881256103,135,0,0.11285714285714285,0.11285714285714288,0.5564285714285715,0.34557467611895326,0.5651428571428572,0.5564285714285715,0.34285714285714286,0.77,0.22525359193483985,0.6592592592592592
neuma,subjectwise,eegnet,3,S22,0.5129491603374481,79,0,-0.1441519697577995,-0.13010899182561309,0.43798701298701304,0.4082921289705583,0.48311688311688317,0.4091880341880342,0.17142857142857143,0.7045454545454546,0.09516952271702928,0.46835443037974683
neuma,subjectwise,eegnet,3,S23,0.5129491603374481,70,0,-0.12321376327627213,-0.12315698178664358,0.4388458225667528,0.3629804286989902,0.4444444444444445,0.4382997180654955,0.2962962962962963,0.5813953488372093,0.11236687004566191,0.4714285714285714
neuma,subjectwise,eegnet,3,S24,0.5129491603374481,221,0,0.08748312287440312,0.061961230473023265,0.5655070318282753,0.13903648299351157,0.5249814951887491,0.4690789310746217,0.5714285714285714,0.5595854922279793,0.3826093439063335,0.5610859728506787
neuma,subjectwise,eegnet,3,S25,0.4910136568546295,42,0,0.07870841545067846,0.047186932849364926,0.5381231671554252,0.3071161633422399,0.5513196480938416,0.40442427680090753,0.8181818181818182,0.25806451612903225,0.2535690913597743,0.40476190476190477
neuma,subjectwise,eegnet,3,S26,0.5129491603374481,269,0,0.10083953613154299,0.10033444816053516,0.5521235521235521,0.3683635850846097,0.5897039897039897,0.5491620111731843,0.42857142857142855,0.6756756756756757,0.17636000453650286,0.5985130111524164
neuma,subjectwise,eegnet,3,S27,0.48773273229599,49,0,-0.16803361008336118,-0.1200000000000001,0.41428571428571426,0.28912058716746447,0.3897959183673469,0.3466666666666667,0.5714285714285714,0.2571428571428571,0.23068183842970402,0.3469387755102041
neuma,subjectwise,eegnet,3,S28,0.48773273229599,152,0,0.03026222499207371,0.019943019943019946,0.5186431174656574,0.2111457551844489,0.5276142416596579,0.41433691756272406,0.6551724137931034,0.3821138211382114,0.30816805931298347,0.4342105263157895
neuma,subjectwise,eegnet,3,S29,0.48773273229599,109,0,-0.027168189210178047,-0.015939483992975845,0.4845872518286311,0.20115477709627705,0.48119122257053293,0.3615991851285969,0.6818181818181818,0.28735632183908044,0.3005972332363829,0.3669724770642202
neuma,subjectwise,eegnet,3,S30,0.4910136568546295,53,0,-0.0251914060535486,-0.02344827586206888,0.4876811594202899,0.46332556630074007,0.5072463768115942,0.47,0.6086956521739131,0.36666666666666664,0.13082517318005837,0.4716981132075472
neuma,subjectwise,eegnet,3,S31,0.5129491603374481,99,0,-0.23827341051346418,-0.23394055608820707,0.3895927601809955,0.295561708819573,0.42307692307692313,0.3782608695652174,0.11764705882352941,0.6615384615384615,0.14095805329505845,0.47474747474747475
neuma,subjectwise,eegnet,3,S32,0.5087236881256103,101,0,0.048280978196273215,0.047668936616029445,0.5261795166858458,0.3598245895088664,0.61795166858458,0.5215789473684211,0.3181818181818182,0.7341772151898734,0.269657032914681,0.6435643564356436
neuma,subjectwise,eegnet,3,S33,0.48773273229599,97,0,-0.08785793700068932,-0.06204379562043805,0.4591346153846154,0.32520106091635526,0.4552884615384616,0.3782051282051282,0.6875,0.23076923076923078,0.17307392715178813,0.38144329896907214
neuma,subjectwise,eegnet,3,S34,0.501202929019928,235,0,0.0125453757851099,0.010427110487266966,0.5081719889363842,0.2191391703551545,0.5737993462408851,0.46808510638297873,0.43902439024390244,0.5773195876288659,0.31435494245366846,0.5531914893617021
neuma,subjectwise,eegnet,3,S35,0.4910136568546295,101,0,0.018434549965446106,0.014456089627755686,0.5105263157894737,0.2916037268414723,0.5236842105263159,0.44975786924939465,0.6,0.42105263157894735,0.24721843328806437,0.46534653465346537
neuma,subjectwise,eegnet,3,S36,0.5087236881256103,51,0,-0.10201227409013414,-0.09846153846153838,0.45555555555555555,0.3669833502595424,0.4407407407407407,0.44363636363636366,0.13333333333333333,0.7777777777777778,0.17744074849521416,0.5882352941176471
neuma,subjectwise,eegnet,3,S37,0.5087236881256103,66,0,0.0685175322622484,0.0611169652265543,0.5278846153846154,0.43132195105338655,0.5826923076923076,0.5086848635235732,0.23076923076923078,0.825,0.09367576828508667,0.5909090909090909
neuma,subjectwise,eegnet,3,S38,0.501202929019928,181,0,-0.02613056812784139,-0.02491506228765572,0.48554421768707484,0.27139950787561296,0.47820037105751395,0.4766472769330204,0.3877551020408163,0.5833333333333334,0.21846352661676827,0.5303867403314917
neuma,subjectwise,eegnet,3,S39,0.501202929019928,39,0,-0.05723111976467626,-0.05691056910569103,0.4708333333333333,0.4094439280476432,0.5416666666666666,0.4701086956521739,0.4,0.5416666666666666,0.1102267266848148,0.48717948717948717
neuma,subjectwise,eegnet,3,S40,0.48773273229599,65,0,-0.09110136110168687,-0.08187134502923965,0.45512820512820507,0.3323902292221996,0.37376725838264296,0.43022980336413175,0.5769230769230769,0.3333333333333333,0.1447401280586536,0.4307692307692308
neuma,subjectwise,eegnet,3,S41,0.5087236881256103,48,0,0.12765694770084507,0.12643678160919536,0.5611111111111111,0.4499444933879442,0.5925925925925926,0.5613275613275613,0.3888888888888889,0.7333333333333333,0.11823863846560319,0.6041666666666666
neuma,subjectwise,eegnet,3,S42,0.501202929019928,63,0,-0.033063568020796345,-0.032786885245901676,0.4831578947368421,0.4913741343951336,0.5021052631578947,0.4814814814814815,0.44,0.5263157894736842,0.12507299345637127,0.49206349206349204
neuma,subjectwise,eegnet,3,S43,0.501202929019928,86,0,-0.06799961383045008,-0.059113300492610765,0.46043956043956047,0.27340496672376363,0.43003663003663,0.436435124508519,0.42857142857142855,0.49230769230769234,0.25661562833675117,0.47674418604651164
neuma,subjectwise,eegnet,3,S44,0.5129491603374481,82,0,-0.025587556897847436,-0.021170610211705965,0.48390151515151514,0.1613508729306087,0.3683712121212121,0.44781144781144777,0.4375,0.5303030303030303,0.31714071369752656,0.5121951219512195
neuma,subjectwise,eegnet,4,S01,0.5088703292608261,69,0,0.04277926319464986,0.03557814485387556,0.5259259259259259,0.26474311220450014,0.5728395061728395,0.47787204769548264,0.5333333333333333,0.5185185185185185,0.2887348217376764,0.5217391304347826
neuma,subjectwise,eegnet,4,S02,0.4940578597784043,63,0,-0.06804138174397717,-0.06060606060606055,0.4642857142857143,0.4534495148653978,0.526077097505669,0.4393592677345538,0.5238095238095238,0.40476190476190477,0.1683532444257585,0.4444444444444444
neuma,subjectwise,eegnet,4,S03,0.5117366909980774,65,0,0.08929344431596865,0.06099518459069031,0.548469387755102,0.33661971823526493,0.5931122448979591,0.44285714285714284,0.75,0.3469387755102041,0.30266294823243073,0.4461538461538462
neuma,subjectwise,eegnet,4,S05,0.5088703292608261,85,0,0.14678414098799653,0.09090909090909105,0.5998931623931625,0.22922320693445106,0.5331196581196581,0.44870283018867924,0.7692307692307693,0.4305555555555556,0.3669190764427186,0.4823529411764706
neuma,subjectwise,eegnet,4,S06,0.513384211063385,139,0,-0.07908798035688552,-0.07802585193889544,0.4580808080808081,0.2770050527773595,0.475,0.45780141843971633,0.3,0.6161616161616161,0.2055778938660519,0.5251798561151079
neuma,subjectwise,eegnet,4,S07,0.4940578597784043,86,0,0.08634744294468638,0.04604437002930095,0.5491071428571428,0.2890563647272669,0.6330357142857144,0.3796107254661767,0.8125,0.2857142857142857,0.3353356192278308,0.38372093023255816
neuma,subjectwise,eegnet,4,S08,0.513384211063385,83,0,0.05670921118633073,0.0564723138980564,0.5295698924731183,0.36318401453788207,0.5706605222734256,0.5274563820018365,0.3333333333333333,0.7258064516129032,0.2213387955905847,0.6265060240963856
neuma,subjectwise,eegnet,4,S09,0.4940578597784043,120,0,0.07938322063985218,0.058764940239043884,0.5458074534161491,0.2686833169017232,0.5194099378881988,0.4615001068452169,0.6785714285714286,0.41304347826086957,0.2773223107059796,0.475
neuma,subjectwise,eegnet,4,S10,0.513384211063385,273,0,0.04467002559421314,0.04203935599284436,0.5265837104072398,0.21141881280175556,0.5480334145492517,0.5100985221674876,0.36538461538461536,0.6877828054298643,0.29181727215702274,0.6263736263736264
neuma,subjectwise,eegnet,4,S12,0.5023163676261903,103,0,0.005652710447335089,0.005651047798446052,0.5028571428571429,0.2964129846257127,0.5385714285714286,0.5027669845755327,0.2857142857142857,0.72,0.18209105686655322,0.6019417475728155
neuma,subjectwise,eegnet,4,S13,0.5117366909980774,315,0,-0.039244463167989525,-0.037640229434935835,0.47808946577987554,0.23466532293945716,0.46513623685904315,0.4719288167782324,0.34177215189873417,0.614406779661017,0.2445227813744356,0.546031746031746
neuma,subjectwise,eegnet,4,S14,0.513384211063385,55,0,0.022917462425705283,0.022222222222222254,0.5125,0.2600271125961796,0.4466666666666667,0.5045045045045045,0.4,0.625,0.23036571090871635,0.5636363636363636
neuma,subjectwise,eegnet,4,S15,0.5117366909980774,215,0,0.025641652614621056,0.02518891687657432,0.5134487480438185,0.316476949153227,0.49990219092331767,0.5085317139624559,0.43661971830985913,0.5902777777777778,0.16639716389567355,0.5395348837209303
neuma,subjectwise,eegnet,4,S16,0.5023163676261903,224,0,-0.00047942489392600846,-0.0002397506593143639,0.49974302968007195,0.2223926989259349,0.5386097905691892,0.333745882822637,0.7674418604651163,0.23204419889502761,0.3333663609144943,0.33482142857142855
neuma,subjectwise,eegnet,4,S17,0.5117366909980774,90,0,-0.11664236870396086,-0.10389610389610393,0.4365079365079365,0.2927367996569531,0.42974720752498524,0.41714285714285715,0.4444444444444444,0.42857142857142855,0.21458182566695747,0.43333333333333335
neuma,subjectwise,eegnet,4,S18,0.513384211063385,56,0,-0.17080336405875962,-0.16666666666666652,0.4179487179487179,0.3893315028430697,0.3730769230769231,0.40974967061923584,0.2692307692307692,0.5666666666666667,0.08716843117560655,0.42857142857142855
neuma,subjectwise,eegnet,4,S19,0.513384211063385,118,0,-0.040184152123335204,-0.035877862595419696,0.4738888888888889,0.16631117507223014,0.46666666666666673,0.46150793650793653,0.2777777777777778,0.67,0.3466717722052235,0.6101694915254238
neuma,subjectwise,eegnet,4,S20,0.5088703292608261,56,0,-0.1277066863290499,-0.09619686800894844,0.43514328808446456,0.24521526556260062,0.3393665158371041,0.3748006379585327,0.5882352941176471,0.28205128205128205,0.22524723729916982,0.375
neuma,subjectwise,eegnet,4,S21,0.5023163676261903,135,0,0.005011760110325881,0.004469273743016644,0.5028571428571429,0.2579739299120986,0.5057142857142858,0.47588235294117653,0.4857142857142857,0.52,0.23883837704305294,0.5111111111111111
neuma,subjectwise,eegnet,4,S22,0.5088703292608261,79,0,0.09434029434410962,0.08514986376021794,0.5405844155844155,0.4752862778691446,0.4772727272727273,0.5217236467236468,0.2857142857142857,0.7954545454545454,0.06358130427100991,0.569620253164557
neuma,subjectwise,eegnet,4,S23,0.513384211063385,70,0,-0.19853447720923648,-0.19496855345911968,0.4065460809646856,0.3182101340612935,0.33462532299741604,0.39764492753623193,0.18518518518518517,0.627906976744186,0.15693403525011881,0.45714285714285713
neuma,subjectwise,eegnet,4,S24,0.5088703292608261,221,0,-0.04682332508138689,-0.023585060605065378,0.46678386380458914,0.10907443735425626,0.43153219837157664,0.3330979133226324,0.6071428571428571,0.32642487046632124,0.3944582898692308,0.36199095022624433
neuma,subjectwise,eegnet,4,S25,0.5117366909980774,42,0,0.25012215979228897,0.23357664233576647,0.6407624633431085,0.3673649592196001,0.6480938416422287,0.6050156739811913,0.6363636363636364,0.6451612903225806,0.22840739218961625,0.6428571428571429
neuma,subjectwise,eegnet,4,S26,0.5088703292608261,269,0,0.11819400679583737,0.11690680284515775,0.5618725868725869,0.34607211646859914,0.5792792792792792,0.5562683284457478,0.4642857142857143,0.6594594594594595,0.16647104378858904,0.5985130111524164
neuma,subjectwise,eegnet,4,S27,0.513384211063385,49,0,0.10846522890932808,0.10738255033557043,0.5571428571428572,0.4169323991184237,0.6285714285714286,0.5517573423206548,0.42857142857142855,0.6857142857142857,0.21527535392313585,0.6122448979591837
neuma,subjectwise,eegnet,4,S28,0.5023163676261903,152,0,0.03220022201800657,0.028803245436105462,0.5199046818054387,0.2443492600971795,0.6030277544154752,0.492769744160178,0.41379310344827586,0.6260162601626016,0.27459116701624897,0.5855263157894737
neuma,subjectwise,eegnet,4,S29,0.513384211063385,109,0,-0.023023889161167835,-0.02233139794551131,0.48693834900731453,0.22415581498462234,0.5041797283176593,0.4830623306233062,0.2727272727272727,0.7011494252873564,0.2942962747648221,0.6146788990825688
neuma,subjectwise,eegnet,4,S30,0.5117366909980774,53,0,-0.09770478002113132,-0.09707351891506066,0.45072463768115945,0.4709411220245232,0.48550724637681164,0.4496956677407805,0.43478260869565216,0.4666666666666667,0.0937484767077104,0.4528301886792453
neuma,subjectwise,eegnet,4,S31,0.5023163676261903,99,0,0.09808348311642495,0.09726443768996962,0.5506787330316743,0.4299321687287404,0.5502262443438914,0.5468613775065387,0.47058823529411764,0.6307692307692307,0.14844339935466497,0.5757575757575758
neuma,subjectwise,eegnet,4,S32,0.5023163676261903,101,0,-0.08034357812356135,-0.08006580751302428,0.4579976985040276,0.290207609859958,0.4689298043728423,0.4592999313658202,0.18181818181818182,0.7341772151898734,0.2536860849007522,0.6138613861386139
neuma,subjectwise,eegnet,4,S33,0.4940578597784043,97,0,-0.03600577734611982,-0.029326644800308665,0.48173076923076924,0.3280723099681365,0.4302884615384615,0.4327485380116959,0.625,0.3384615384615385,0.17695251936765058,0.4329896907216495
neuma,subjectwise,eegnet,4,S34,0.4940578597784043,235,0,-0.018002089098689215,-0.01481716255298915,0.48824490822227806,0.15509998798641658,0.46039728438521493,0.4522144522144522,0.4146341463414634,0.5618556701030928,0.3044581155193613,0.5361702127659574
neuma,subjectwise,eegnet,4,S35,0.5117366909980774,101,0,0.07548957885596548,0.07214877884830828,0.5423684210526316,0.26653103044347626,0.5468421052631579,0.5271211602146854,0.44,0.6447368421052632,0.24706618237023303,0.594059405940594
neuma,subjectwise,eegnet,4,S36,0.5088703292608261,51,0,-0.15820797042109447,-0.15803814713896447,0.4194444444444444,0.3003941736480272,0.4648148148148149,0.4207178555202181,0.2,0.6388888888888888,0.19798240474626128,0.5098039215686274
neuma,subjectwise,eegnet,4,S37,0.5023163676261903,66,0,0.075955452531275,0.06030150753768837,0.5346153846153846,0.4486609212760551,0.5778846153846154,0.4771668219944082,0.7692307692307693,0.3,0.12110953800606009,0.48484848484848486
neuma,subjectwise,eegnet,4,S38,0.4940578597784043,181,0,0.03602406624578946,0.032566811684276,0.5202535559678416,0.28700305886197497,0.5108225108225108,0.493558042686101,0.5102040816326531,0.5303030303030303,0.22225141953368222,0.5248618784530387
neuma,subjectwise,eegnet,4,S39,0.5023163676261903,39,0,0.223606797749979,0.19047619047619047,0.6083333333333334,0.5210294885638135,0.6111111111111112,0.5629531970995385,0.8,0.4166666666666667,0.1418922528242454,0.5641025641025641
neuma,subjectwise,eegnet,4,S40,0.4940578597784043,65,0,-0.19364916731037085,-0.17647058823529416,0.40384615384615385,0.3363835322348333,0.3796844181459566,0.38446969696969696,0.5,0.3076923076923077,0.11268679407926704,0.38461538461538464
neuma,subjectwise,eegnet,4,S41,0.513384211063385,48,0,0.13093073414159542,0.13043478260869568,0.5666666666666667,0.3934704657655498,0.48703703703703705,0.5644283121597096,0.5,0.6333333333333333,0.1300676384319862,0.5833333333333334
neuma,subjectwise,eegnet,4,S42,0.5088703292608261,63,0,-0.058038100008800934,-0.05517241379310356,0.4705263157894737,0.49048441590495556,0.531578947368421,0.4590909090909091,0.52,0.42105263157894735,0.13160546786255306,0.4603174603174603
neuma,subjectwise,eegnet,4,S43,0.4940578597784043,86,0,0.13207147529172122,0.09367681498829028,0.5732600732600732,0.23396066771250973,0.4849816849816849,0.4709501025290499,0.7619047619047619,0.38461538461538464,0.2602915032658466,0.47674418604651164
neuma,subjectwise,eegnet,4,S44,0.5088703292608261,82,0,-0.03520228564348613,-0.024455077086656063,0.47821969696969696,0.3138277752516768,0.5397727272727273,0.4010878010878011,0.5625,0.3939393939393939,0.3182137942895657,0.4268292682926829
neuma,subjectwise,logreg,0,S01,0.4771416395902634,69,0,0.07352146220938077,0.06307490144546657,0.5444444444444445,0.33402088131627955,0.6111111111111112,0.49988309562777644,0.5333333333333333,0.5555555555555556,0.25887112594202905,0.5507246376811594
neuma,subjectwise,logreg,0,S02,0.4992204689979553,63,0,-0.022798037629377658,-0.020000000000000018,0.4880952380952381,0.36162355570691485,0.4727891156462585,0.4568965517241379,0.5714285714285714,0.40476190476190477,0.21046038746031742,0.4603174603174603
neuma,subjectwise,logreg,0,S03,0.4992204689979553,65,0,0.10181380644282834,0.020519397242705906,0.5204081632653061,0.2812401711658069,0.4923469387755102,0.24174733184413005,1.0,0.04081632653061224,0.40666302123076925,0.27692307692307694
neuma,subjectwise,logreg,0,S05,0.4771416395902634,85,0,-0.017575473316593218,-0.010254020041948309,0.4882478632478633,0.2945674601956031,0.5512820512820513,0.3718301695406463,0.6153846153846154,0.3611111111111111,0.34358501176470596,0.4
neuma,subjectwise,logreg,0,S06,0.5179907095432281,139,0,-0.046288143027832365,-0.04265333137226057,0.48169191919191917,0.3305415538526614,0.49217171717171715,0.4644556923774269,0.125,0.8383838383838383,0.16466629748201436,0.6330935251798561
neuma,subjectwise,logreg,0,S07,0.4987420254945755,86,0,0.07485443124240125,0.038907284768211925,0.5419642857142857,0.1921357718109593,0.5116071428571428,0.3690217391304348,0.8125,0.2714285714285714,0.3576653173255814,0.37209302325581395
neuma,subjectwise,logreg,0,S08,0.5179907095432281,83,0,-0.08005771528981234,-0.07947976878612706,0.45775729646697383,0.2763229842039794,0.5268817204301075,0.458695652173913,0.23809523809523808,0.6774193548387096,0.23697030433734947,0.5662650602409639
neuma,subjectwise,logreg,0,S09,0.4987420254945755,120,0,0.08161965430003233,0.06652360515021472,0.5481366459627329,0.2671290111706567,0.5287267080745343,0.4888366627497062,0.6071428571428571,0.4891304347826087,0.28095772708333344,0.5166666666666667
neuma,subjectwise,logreg,0,S10,0.5179907095432281,273,0,0.006838096396695251,0.006837606837606813,0.503393665158371,0.21903122261033653,0.572920292377306,0.5034079204014991,0.19230769230769232,0.8144796380090498,0.2688216616849817,0.6959706959706959
neuma,subjectwise,logreg,0,S12,0.4992204689979553,103,0,0.16304893366851142,0.112635609444799,0.584047619047619,0.36434461574174654,0.6071428571428571,0.47528301886792457,0.8214285714285714,0.3466666666666667,0.28114696601941747,0.47572815533980584
neuma,subjectwise,logreg,0,S13,0.50114821434021,315,0,0.03111494631435242,0.01822105010788766,0.5152864192233426,0.26776061863589523,0.520220982621755,0.38085254362003446,0.7848101265822784,0.2457627118644068,0.3130002467301587,0.38095238095238093
neuma,subjectwise,logreg,0,S14,0.4771416395902634,55,0,-0.13977131156292244,-0.08533333333333326,0.43333333333333335,0.23094676632621566,0.3616666666666667,0.3263819927176431,0.6666666666666666,0.2,0.3077158376363636,0.32727272727272727
neuma,subjectwise,logreg,0,S15,0.50114821434021,215,0,0.015283419964279106,0.012855831037649201,0.5078736306729265,0.3403037223394081,0.4979460093896713,0.46395663956639566,0.6338028169014085,0.3819444444444444,0.1995381159069768,0.46511627906976744
neuma,subjectwise,logreg,0,S16,0.4992204689979553,224,0,0.010698999815817265,0.006346328195829587,0.5062957728382371,0.19999069337467737,0.5123988179365284,0.37937589742552635,0.6976744186046512,0.3149171270718232,0.33990684959821427,0.38839285714285715
neuma,subjectwise,logreg,0,S17,0.50114821434021,90,0,0.0242464322484436,0.019607843137254943,0.5079365079365079,0.325785676985354,0.5326278659611994,0.47916666666666663,0.1111111111111111,0.9047619047619048,0.13713679211111113,0.6666666666666666
neuma,subjectwise,logreg,0,S18,0.4987420254945755,56,0,0.07692307692307693,0.07614213197969555,0.5384615384615384,0.5782860122450381,0.5551282051282052,0.5357142857142857,0.5769230769230769,0.5,0.04643381785714288,0.5357142857142857
neuma,subjectwise,logreg,0,S19,0.5179907095432281,118,0,-0.06174654780291237,-0.05700325732899025,0.4611111111111111,0.1336557193630112,0.4127777777777778,0.4573578595317726,0.2222222222222222,0.7,0.33323405940677964,0.6271186440677966
neuma,subjectwise,logreg,0,S20,0.4771416395902634,56,0,-0.22310032643658012,-0.13749999999999996,0.4004524886877828,0.3045945666662454,0.42081447963800905,0.29797492767598843,0.6470588235294118,0.15384615384615385,0.2698387707142857,0.30357142857142855
neuma,subjectwise,logreg,0,S21,0.4992204689979553,135,0,0.07825189611486456,0.06414899120538031,0.5442857142857143,0.25378796255448194,0.5028571428571429,0.48750637429882715,0.6285714285714286,0.46,0.25334224185185183,0.5037037037037037
neuma,subjectwise,logreg,0,S22,0.50114821434021,79,0,0.04544244414214538,0.043068640646029666,0.5207792207792208,0.45616583858282955,0.4636363636363636,0.5096551724137931,0.3142857142857143,0.7272727272727273,0.04165139886075944,0.5443037974683544
neuma,subjectwise,logreg,0,S23,0.4771416395902634,70,0,0.2780059250116046,0.2667203867848509,0.6425495262704566,0.5372964627695003,0.6580534022394487,0.6258223684210527,0.7037037037037037,0.5813953488372093,0.09826880114285716,0.6285714285714286
neuma,subjectwise,logreg,0,S24,0.4771416395902634,221,0,0.0074090716743689935,0.003960666484567166,0.5053663952627683,0.15549142182483447,0.544041450777202,0.36626694473409804,0.6428571428571429,0.36787564766839376,0.3792890473303167,0.40271493212669685
neuma,subjectwise,logreg,0,S25,0.5179907095432281,42,0,-0.02124056829475902,-0.020460358056265893,0.48826979472140764,0.3089631764889725,0.501466275659824,0.48148148148148145,0.36363636363636365,0.6129032258064516,0.23839692261904755,0.5476190476190477
neuma,subjectwise,logreg,0,S26,0.4771416395902634,269,0,-0.023560055746799105,-0.021743917207970975,0.48729086229086227,0.3254405794728187,0.507979407979408,0.46938250428816464,0.4880952380952381,0.4864864864864865,0.17534731241635684,0.48698884758364314
neuma,subjectwise,logreg,0,S27,0.4987420254945755,49,0,0.13762047064079508,0.136986301369863,0.5714285714285714,0.4090340687171058,0.5795918367346938,0.5676470588235294,0.42857142857142855,0.7142857142857143,0.18297118326530615,0.6326530612244898
neuma,subjectwise,logreg,0,S28,0.4992204689979553,152,0,0.01532455312983649,0.01041666666666663,0.5095318194561256,0.30504723083779733,0.5326604990187833,0.4165198934200425,0.6206896551724138,0.3983739837398374,0.33405498118421056,0.4407894736842105
neuma,subjectwise,logreg,0,S29,0.5179907095432281,109,0,-0.03849394674679372,-0.03154574132492116,0.48824451410658304,0.2669992584580472,0.577324973876698,0.4630541871921182,0.045454545454545456,0.9310344827586207,0.22913216917431192,0.7522935779816514
neuma,subjectwise,logreg,0,S30,0.4992204689979553,53,0,-0.13929712218403822,-0.1276595744680853,0.43260869565217386,0.3570947430344391,0.36666666666666664,0.4117436448263516,0.5652173913043478,0.3,0.1437997403773585,0.41509433962264153
neuma,subjectwise,logreg,0,S31,0.5179907095432281,99,0,0.1620128962190948,0.14244465832531283,0.583710407239819,0.44207728445412336,0.6027149321266969,0.543778801843318,0.7058823529411765,0.46153846153846156,0.19222161636363633,0.5454545454545454
neuma,subjectwise,logreg,0,S32,0.4992204689979553,101,0,0.024878096139192993,0.022947131608549,0.5146720368239356,0.26560556841872496,0.543728423475259,0.4950587141030113,0.4090909090909091,0.620253164556962,0.2589779197029703,0.5742574257425742
neuma,subjectwise,logreg,0,S33,0.4987420254945755,97,0,-0.15333245866587977,-0.14261674379469902,0.4185096153846154,0.2662838125896172,0.3644230769230769,0.4085365853658537,0.40625,0.4307692307692308,0.21760579474226802,0.422680412371134
neuma,subjectwise,logreg,0,S34,0.4987420254945755,235,0,0.13956478148830503,0.12363444917299171,0.5885717877797334,0.257772140239932,0.5964294694493336,0.5414476251693028,0.5121951219512195,0.6649484536082474,0.2997757789787234,0.6382978723404256
neuma,subjectwise,logreg,0,S35,0.50114821434021,101,0,0.12113203887982572,0.10077666224663762,0.5700000000000001,0.3299523017093014,0.5521052631578949,0.5114747350005145,0.64,0.5,0.27001878118811884,0.5346534653465347
neuma,subjectwise,logreg,0,S36,0.50114821434021,51,0,0.1846372364689991,0.1807228915662651,0.5833333333333334,0.46162984207963925,0.587037037037037,0.5870445344129555,0.3333333333333333,0.8333333333333334,0.16020164470588236,0.6862745098039216
neuma,subjectwise,logreg,0,S37,0.4992204689979553,66,0,0.19012643809805077,0.17793594306049831,0.5961538461538461,0.5112220122420587,0.5923076923076923,0.5753676470588236,0.6923076923076923,0.5,0.11920599515151513,0.5757575757575758
neuma,subjectwise,logreg,0,S38,0.4987420254945755,181,0,-0.12907042833664606,-0.09591169694047053,0.4308132343846629,0.2551043459816502,0.43119975262832405,0.37193305696299706,0.5510204081632653,0.3106060606060606,0.25612328071823204,0.3756906077348066
neuma,subjectwise,logreg,0,S39,0.4771416395902634,39,0,0.32530002431617777,0.321285140562249,0.6666666666666666,0.5445381434158524,0.6222222222222221,0.6585858585858586,0.6666666666666666,0.6666666666666666,0.1706890692307692,0.6666666666666666
neuma,subjectwise,logreg,0,S40,0.5179907095432281,65,0,-0.08104408984731078,-0.05839416058394176,0.47435897435897434,0.4583914839650809,0.596646942800789,0.41112152452358636,0.07692307692307693,0.8717948717948718,0.05043968215384616,0.5538461538461539
neuma,subjectwise,logreg,0,S41,0.50114821434021,48,0,0.08606629658238706,0.08333333333333337,0.5444444444444445,0.43819921514569005,0.5444444444444444,0.5343915343915344,0.5555555555555556,0.5333333333333333,0.13220014041666672,0.5416666666666666
neuma,subjectwise,logreg,0,S42,0.4987420254945755,63,0,0.24268260395682942,0.2425509670674333,0.6221052631578947,0.6059191441524381,0.6452631578947369,0.6211764705882353,0.56,0.6842105263157895,0.10138549333333328,0.6349206349206349
neuma,subjectwise,logreg,0,S43,0.4987420254945755,86,0,0.1371867525391971,0.1120289106866289,0.5794871794871794,0.42876474925993213,0.6205128205128205,0.5135746606334841,0.6666666666666666,0.49230769230769234,0.27024058627906977,0.5348837209302325
neuma,subjectwise,logreg,0,S44,0.4771416395902634,82,0,0.06655804502738265,0.04453650958052813,0.540719696969697,0.2184356726648316,0.5,0.43222034159101397,0.6875,0.3939393939393939,0.3530718528048781,0.45121951219512196
neuma,subjectwise,logreg,1,S01,0.4744518309831619,69,0,0.15337984622850856,0.1408045977011494,0.5907407407407408,0.3372298377922219,0.6259259259259261,0.5550595238095237,0.5333333333333333,0.6481481481481481,0.24418988608695655,0.6231884057971014
neuma,subjectwise,logreg,1,S02,0.4747831881046295,63,0,0.0,0.0,0.5,0.3839483055517321,0.4977324263038549,0.4590909090909091,0.6190476190476191,0.38095238095238093,0.1820195912698412,0.4603174603174603
neuma,subjectwise,logreg,1,S03,0.4747831881046295,65,0,0.07142857142857142,0.01015228426395931,0.5102040816326531,0.2609507888918786,0.4770408163265306,0.22,1.0,0.02040816326530612,0.37739553246153856,0.26153846153846155
neuma,subjectwise,logreg,1,S05,0.4962739729881286,85,0,0.012374889538893557,0.009560800717060003,0.5085470085470085,0.2893078858021641,0.5352564102564104,0.45378151260504207,0.46153846153846156,0.5555555555555556,0.34172916294117645,0.5411764705882353
neuma,subjectwise,logreg,1,S06,0.4744518309831619,139,0,-0.0011813024732923265,-0.0009351912466100121,0.49936868686868685,0.3282212008482067,0.5098484848484848,0.44188350628356887,0.625,0.37373737373737376,0.214312957266187,0.4460431654676259
neuma,subjectwise,logreg,1,S07,0.4747831881046295,86,0,0.06308400618805604,0.03192795742939014,0.5348214285714286,0.1860358084788856,0.4732142857142857,0.35829602496269164,0.8125,0.2571428571428571,0.34634499069767444,0.36046511627906974
neuma,subjectwise,logreg,1,S08,0.4962739729881286,83,0,0.19830924082038576,0.11742949607027275,0.5975422427035331,0.3178422731872641,0.5683563748079876,0.4457026713124274,0.9047619047619048,0.2903225806451613,0.31480079168674696,0.4457831325301205
neuma,subjectwise,logreg,1,S09,0.4747831881046295,120,0,-0.02271479224408087,-0.0172064777327936,0.48680124223602483,0.35543408486303585,0.514751552795031,0.4240275091338921,0.5714285714285714,0.40217391304347827,0.2956980203333333,0.44166666666666665
neuma,subjectwise,logreg,1,S10,0.5161359596252442,273,0,0.08046006324823214,0.07883026064844234,0.5350678733031674,0.2258151730966639,0.5800556909154194,0.5368672092051238,0.19230769230769232,0.8778280542986425,0.2546201211355311,0.7472527472527473
neuma,subjectwise,logreg,1,S12,0.5161359596252442,103,0,0.16204736434326322,0.1259334691106585,0.5883333333333334,0.4444283710307947,0.6314285714285715,0.5089626239511823,0.75,0.4266666666666667,0.2737292544660194,0.5145631067961165
neuma,subjectwise,logreg,1,S13,0.5025301009416581,315,0,0.02202319660568916,0.013436541551044234,0.5111027676464278,0.2598558702920605,0.4938317957519846,0.3872768869493353,0.759493670886076,0.2627118644067797,0.3189405207936508,0.3873015873015873
neuma,subjectwise,logreg,1,S14,0.4962739729881286,55,0,-0.0949157995752499,-0.0685714285714285,0.44999999999999996,0.24147327157981985,0.375,0.37997347480106103,0.6,0.3,0.2744538176363637,0.38181818181818183
neuma,subjectwise,logreg,1,S15,0.5025301009416581,215,0,-0.09216377068310082,-0.08283038501560869,0.45133998435054773,0.33776509354816,0.4673317683881064,0.4301079979846218,0.49295774647887325,0.4097222222222222,0.19014513888372098,0.4372093023255814
neuma,subjectwise,logreg,1,S16,0.4962739729881286,224,0,0.08802771020037152,0.05734227453127139,0.5538352820249262,0.23275811148774506,0.5311576512912759,0.43372726338505807,0.7209302325581395,0.3867403314917127,0.3312821684375001,0.45089285714285715
neuma,subjectwise,logreg,1,S17,0.5025301009416581,90,0,0.2083513700705935,0.20765027322404372,0.6005291005291005,0.44327545598672446,0.5890652557319224,0.6032831737346102,0.4074074074074074,0.7936507936507936,0.17701230555555553,0.6777777777777778
neuma,subjectwise,logreg,1,S18,0.4747831881046295,56,0,-0.08177876629180869,-0.06633906633906639,0.4653846153846154,0.4826376091108407,0.48205128205128206,0.41489720256150997,0.7307692307692307,0.2,0.06158635750000001,0.44642857142857145
neuma,subjectwise,logreg,1,S19,0.5161359596252442,118,0,-0.07053268397715345,-0.05665906870726167,0.45166666666666666,0.1457643033337374,0.4522222222222222,0.42683034531484587,0.3333333333333333,0.57,0.3528386801694915,0.5338983050847458
neuma,subjectwise,logreg,1,S20,0.5025301009416581,56,0,-0.1277066863290499,-0.09619686800894844,0.43514328808446456,0.27208999501416403,0.41779788838612375,0.3748006379585327,0.5882352941176471,0.28205128205128205,0.27907825339285713,0.375
neuma,subjectwise,logreg,1,S21,0.5161359596252442,135,0,-0.03140644037758552,-0.026399155227032622,0.4821428571428571,0.28064600943210843,0.48085714285714287,0.4444444444444444,0.5142857142857142,0.45,0.25976428792592593,0.4666666666666667
neuma,subjectwise,logreg,1,S22,0.5161359596252442,79,0,-0.05219720470574678,-0.04163775156141569,0.48051948051948057,0.488959021756111,0.49220779220779215,0.43143939393939396,0.14285714285714285,0.8181818181818182,0.05409105620253159,0.5189873417721519
neuma,subjectwise,logreg,1,S23,0.5161359596252442,70,0,0.15895148836413125,0.1570026761819805,0.5757967269595177,0.5243948522134585,0.6821705426356589,0.576138147566719,0.4074074074074074,0.7441860465116279,0.10412677457142856,0.6142857142857143
neuma,subjectwise,logreg,1,S24,0.4744518309831619,221,0,0.0017235049439188782,0.001150464294519038,0.5012953367875648,0.2024651581887631,0.5468171724648409,0.4205282227307399,0.5,0.5025906735751295,0.34447985963800903,0.502262443438914
neuma,subjectwise,logreg,1,S25,0.4962739729881286,42,0,0.10621013203647137,0.08893709327548793,0.5601173020527859,0.3886167260968356,0.6011730205278593,0.5058823529411764,0.6363636363636364,0.4838709677419355,0.2459997252380952,0.5238095238095238
neuma,subjectwise,logreg,1,S26,0.4744518309831619,269,0,0.09696176672125935,0.06911590424271163,0.5469111969111969,0.33321351505232,0.5156370656370657,0.45664084117321524,0.7857142857142857,0.3081081081081081,0.21087687427509297,0.45724907063197023
neuma,subjectwise,logreg,1,S27,0.4962739729881286,49,0,-0.06666666666666667,-0.06400000000000006,0.4714285714285714,0.2911773910696325,0.5204081632653061,0.4602898550724638,0.14285714285714285,0.8,0.15113680489795914,0.6122448979591837
neuma,subjectwise,logreg,1,S28,0.4962739729881286,152,0,-0.05824265048790673,-0.04724409448818889,0.46299411269974766,0.20951418036855624,0.4681805438744043,0.4291567087743257,0.41379310344827586,0.5121951219512195,0.2934475834868421,0.4934210526315789
neuma,subjectwise,logreg,1,S29,0.4962739729881286,109,0,0.043943623595809785,0.040416166466586634,0.5263845350052246,0.22525880114307265,0.5600835945663531,0.5041356492969397,0.4090909090909091,0.6436781609195402,0.2748286346788992,0.5963302752293578
neuma,subjectwise,logreg,1,S30,0.4962739729881286,53,0,-0.050782453958119485,-0.04486743711760699,0.47608695652173916,0.41522959246656155,0.42898550724637685,0.44572664983772087,0.6521739130434783,0.3,0.1283470279245283,0.4528301886792453
neuma,subjectwise,logreg,1,S31,0.5161359596252442,99,0,0.13494303357514476,0.12855680655066526,0.5710407239819004,0.47919895533348816,0.614027149321267,0.5540073336825564,0.5882352941176471,0.5538461538461539,0.19408384767676767,0.5656565656565656
neuma,subjectwise,logreg,1,S32,0.5161359596252442,101,0,0.05287016184913512,0.05264750378214833,0.5250287686996548,0.2785816504435189,0.5581127733026467,0.5256779275867293,0.22727272727272727,0.8227848101265823,0.25072497524752474,0.693069306930693
neuma,subjectwise,logreg,1,S33,0.4744518309831619,97,0,-0.10991087745076338,-0.1044038668098819,0.4415865384615385,0.329619713854493,0.4341346153846154,0.4341221794166208,0.40625,0.47692307692307695,0.16514124134020616,0.4536082474226804
neuma,subjectwise,logreg,1,S34,0.4747831881046295,235,0,0.09106502428028963,0.07458454753091293,0.5595297963288912,0.2846722026403872,0.5946693487553432,0.49940354464894343,0.5365853658536586,0.5824742268041238,0.2890103808936171,0.574468085106383
neuma,subjectwise,logreg,1,S35,0.4962739729881286,101,0,-0.002488363008967197,-0.0011661807580174433,0.4989473684210526,0.31718088836779457,0.5747368421052631,0.3213438735177866,0.84,0.15789473684210525,0.31126968257425747,0.32673267326732675
neuma,subjectwise,logreg,1,S36,0.4747831881046295,51,0,-0.04088876773716396,-0.03911980440097795,0.4777777777777778,0.43661454667337024,0.5444444444444445,0.4698544698544699,0.4,0.5555555555555556,0.1862836796078431,0.5098039215686274
neuma,subjectwise,logreg,1,S37,0.4744518309831619,66,0,0.17550294029241234,0.16756756756756752,0.5894230769230769,0.4599968068812442,0.6086538461538462,0.5741935483870968,0.6538461538461539,0.525,0.1010786125757576,0.5757575757575758
neuma,subjectwise,logreg,1,S38,0.4747831881046295,181,0,-0.12413827469621662,-0.08185594164724952,0.43753865182436613,0.268435027408506,0.453308596165739,0.34804639804639803,0.6326530612244898,0.24242424242424243,0.2541204493370165,0.34806629834254144
neuma,subjectwise,logreg,1,S39,0.4744518309831619,39,0,0.223606797749979,0.19047619047619047,0.6083333333333334,0.4636331184664518,0.575,0.5629531970995385,0.8,0.4166666666666667,0.13310311974358974,0.5641025641025641
neuma,subjectwise,logreg,1,S40,0.5025301009416581,65,0,0.040291148201269014,0.039735099337748436,0.5192307692307692,0.4821981214296518,0.5325443786982249,0.5167905665214048,0.34615384615384615,0.6923076923076923,0.11496700200000001,0.5538461538461539
neuma,subjectwise,logreg,1,S41,0.4747831881046295,48,0,-0.16765098418171126,-0.09734513274336276,0.4388888888888889,0.36407282325357176,0.45925925925925926,0.3183692166743014,0.7777777777777778,0.1,0.16869884937500002,0.3541666666666667
neuma,subjectwise,logreg,1,S42,0.4962739729881286,63,0,0.17953744535209298,0.1490451793199814,0.5842105263157895,0.553312230751823,0.6052631578947368,0.5354691075514875,0.8,0.3684210526315789,0.14225683142857146,0.5396825396825397
neuma,subjectwise,logreg,1,S43,0.4747831881046295,86,0,0.22113621435382497,0.13586719091306254,0.613919413919414,0.46311060369678225,0.6827838827838828,0.4648268398268398,0.9047619047619048,0.3230769230769231,0.2720434570930232,0.46511627906976744
neuma,subjectwise,logreg,1,S44,0.5025301009416581,82,0,0.06154574548966637,0.04878048780487809,0.5388257575757576,0.23854949311970694,0.5236742424242423,0.4756517461878996,0.5625,0.5151515151515151,0.32285994182926825,0.524390243902439
neuma,subjectwise,logreg,2,S01,0.5099334645271302,69,0,0.057735026918962574,0.05479452054794531,0.5333333333333333,0.298862885501696,0.4666666666666667,0.5174825174825175,0.4,0.6666666666666666,0.27516353840579716,0.6086956521739131
neuma,subjectwise,logreg,2,S02,0.5017490124702454,63,0,0.0,0.0,0.5,0.4480968924222947,0.5068027210884354,0.49876543209876545,0.38095238095238093,0.6190476190476191,0.1639260123809524,0.5396825396825397
neuma,subjectwise,logreg,2,S03,0.5072085225582124,65,0,-0.031904464306208476,-0.012186865267433955,0.4885204081632653,0.4604517463769219,0.5484693877551021,0.2784749034749035,0.875,0.10204081632653061,0.34648587615384613,0.2923076923076923
neuma,subjectwise,logreg,2,S05,0.5099334645271302,85,0,0.03768766949531821,0.02735138152386274,0.5261752136752136,0.30281678049653243,0.5502136752136753,0.44901185770750984,0.5384615384615384,0.5138888888888888,0.35902272964705884,0.5176470588235295
neuma,subjectwise,logreg,2,S06,0.5072085225582124,139,0,0.10382057543535173,0.10149910603768386,0.5465909090909091,0.3709120944639695,0.5287878787878788,0.5469800984675126,0.275,0.8181818181818182,0.16867316338129504,0.6618705035971223
neuma,subjectwise,logreg,2,S07,0.500216156244278,86,0,0.075,0.032583397982932416,0.5375,0.22503757575671807,0.5205357142857143,0.32558139534883723,0.875,0.2,0.37242836825581394,0.32558139534883723
neuma,subjectwise,logreg,2,S08,0.5072085225582124,83,0,0.04800629789469238,0.038264618701158604,0.5272657450076805,0.34849560544985964,0.5391705069124424,0.4667563125653668,0.6190476190476191,0.43548387096774194,0.2587732420481928,0.4819277108433735
neuma,subjectwise,logreg,2,S09,0.500216156244278,120,0,0.12189825208370159,0.11649214659685869,0.5690993788819876,0.31089796823706495,0.5520186335403727,0.5499624968747395,0.4642857142857143,0.6739130434782609,0.24799346624999996,0.625
neuma,subjectwise,logreg,2,S10,0.5000229442119598,273,0,-0.07694416606577127,-0.07692307692307687,0.460972850678733,0.19412322556155628,0.5424643230073094,0.46149228130360204,0.1346153846153846,0.7873303167420814,0.25072204278388277,0.663003663003663
neuma,subjectwise,logreg,2,S12,0.5000229442119598,103,0,0.20703625525257888,0.16089613034623218,0.6128571428571429,0.43792541902247817,0.6238095238095238,0.528604118993135,0.7857142857142857,0.44,0.2618243631067961,0.5339805825242718
neuma,subjectwise,logreg,2,S13,0.5017490124702454,315,0,0.025780446513694405,0.016239850093691444,0.5132482299935636,0.2781159456156128,0.5221518987341771,0.3965273856578204,0.7468354430379747,0.2796610169491525,0.3092534066031745,0.3968253968253968
neuma,subjectwise,logreg,2,S14,0.5000229442119598,55,0,-0.2419513346586043,-0.179710144927536,0.37083333333333335,0.21984854563297787,0.35333333333333333,0.323695579926886,0.4666666666666667,0.275,0.30128040581818183,0.32727272727272727
neuma,subjectwise,logreg,2,S15,0.5017490124702454,215,0,-0.027324937036698232,-0.026576576576576638,0.4855731611893584,0.3453370604228686,0.49647887323943657,0.4799653158086893,0.4225352112676056,0.5486111111111112,0.16747962460465118,0.5069767441860465
neuma,subjectwise,logreg,2,S16,0.5072085225582124,224,0,0.013932652628060004,0.011624946966482752,0.5088012334575357,0.20641699796771346,0.5378388796094051,0.46783625730994155,0.46511627906976744,0.5524861878453039,0.3068250462053571,0.5357142857142857
neuma,subjectwise,logreg,2,S17,0.5017490124702454,90,0,0.043863446330651264,0.04371584699453557,0.5211640211640212,0.31559570996976494,0.5185185185185186,0.521203830369357,0.2962962962962963,0.746031746031746,0.16082842088888893,0.6111111111111112
neuma,subjectwise,logreg,2,S18,0.500216156244278,56,0,-0.08177876629180869,-0.06633906633906639,0.4653846153846154,0.5562700214077028,0.55,0.41489720256150997,0.7307692307692307,0.2,0.11037412696428567,0.44642857142857145
neuma,subjectwise,logreg,2,S19,0.5000229442119598,118,0,-0.06155766288689416,-0.04322200392927322,0.4572222222222222,0.14600764778653932,0.4316666666666667,0.40062888010965086,0.4444444444444444,0.47,0.3477995353389831,0.4661016949152542
neuma,subjectwise,logreg,2,S20,0.5072085225582124,56,0,-0.2105798931586654,-0.1707317073170731,0.3891402714932127,0.2811799214614362,0.39366515837104077,0.35384615384615387,0.47058823529411764,0.3076923076923077,0.24069224714285709,0.35714285714285715
neuma,subjectwise,logreg,2,S21,0.5000229442119598,135,0,-0.013613823851752966,-0.00922934933087216,0.4928571428571429,0.2852727186892732,0.5008571428571429,0.39881246907471546,0.6857142857142857,0.3,0.2715819561481482,0.4
neuma,subjectwise,logreg,2,S22,0.5072085225582124,79,0,-0.022467338257198557,-0.017403411068569463,0.4918831168831169,0.4831934756691256,0.5344155844155845,0.43971631205673756,0.14285714285714285,0.8409090909090909,0.03856827139240498,0.5316455696202531
neuma,subjectwise,logreg,2,S23,0.5000229442119598,70,0,0.16767147660511195,0.16737468139337297,0.5848406546080964,0.5127067507766985,0.6408268733850129,0.5833333333333333,0.5185185185185185,0.6511627906976745,0.10981912814285714,0.6
neuma,subjectwise,logreg,2,S24,0.5099334645271302,221,0,0.0814397730269648,0.05991858390888716,0.5606032568467801,0.17245010951531764,0.5969652109548482,0.47618319443382523,0.5357142857142857,0.5854922279792746,0.36768013660633486,0.579185520361991
neuma,subjectwise,logreg,2,S25,0.5017490124702454,42,0,0.28169134872451085,0.1938579654510557,0.6480938416422287,0.40494157530124414,0.6979472140762464,0.5227272727272727,0.9090909090909091,0.3870967741935484,0.2885590611904762,0.5238095238095238
neuma,subjectwise,logreg,2,S26,0.5099334645271302,269,0,-0.02560075118339024,-0.024016122711750576,0.4861969111969112,0.3354871769139443,0.5089446589446589,0.4723664474443291,0.4642857142857143,0.5081081081081081,0.20488551747211894,0.4944237918215613
neuma,subjectwise,logreg,2,S27,0.5000229442119598,49,0,-0.1,-0.10000000000000009,0.45,0.3003115894529304,0.4795918367346939,0.45,0.21428571428571427,0.6857142857142857,0.16256808020408164,0.5510204081632653
neuma,subjectwise,logreg,2,S28,0.5072085225582124,152,0,0.03989802041105914,0.0347792106291519,0.5249509391645641,0.24298012442436867,0.5099523409027193,0.4902749832327297,0.4482758620689655,0.6016260162601627,0.3081988703289474,0.5723684210526315
neuma,subjectwise,logreg,2,S29,0.5072085225582124,109,0,0.07019960994560569,0.06991467107074034,0.5331765935214211,0.2863338314074098,0.6687565308254964,0.5343805980432685,0.22727272727272727,0.8390804597701149,0.2403986824770643,0.7155963302752294
neuma,subjectwise,logreg,2,S30,0.5017490124702454,53,0,-0.33671165884303467,-0.30327868852459017,0.33913043478260874,0.41560843419075943,0.3579710144927536,0.3146551724137931,0.4782608695652174,0.2,0.215194458490566,0.32075471698113206
neuma,subjectwise,logreg,2,S31,0.5099334645271302,99,0,0.14738099639664223,0.1320864991233196,0.5766968325791856,0.45358865224236733,0.6090497737556559,0.542466878915477,0.6764705882352942,0.47692307692307695,0.18093220959595954,0.5454545454545454
neuma,subjectwise,logreg,2,S32,0.5000229442119598,101,0,-0.005305601999590463,-0.005238344683080154,0.4971231300345224,0.31897551405314833,0.5034522439585731,0.495,0.2727272727272727,0.7215189873417721,0.23521226772277226,0.6237623762376238
neuma,subjectwise,logreg,2,S33,0.500216156244278,97,0,-0.1898681017177347,-0.18867052023121378,0.40192307692307694,0.2626094211930706,0.3504807692307692,0.40394202898550724,0.25,0.5538461538461539,0.21992035896907214,0.4536082474226804
neuma,subjectwise,logreg,2,S34,0.500216156244278,235,0,0.10146671757786031,0.09774826190723251,0.559215489062107,0.2492595385930658,0.5866230827256727,0.5431378730559058,0.36585365853658536,0.7525773195876289,0.2679846767659574,0.6851063829787234
neuma,subjectwise,logreg,2,S35,0.5017490124702454,101,0,0.03348900507736883,0.022313371616078603,0.5178947368421052,0.29506987478238317,0.5631578947368421,0.41377274963108707,0.72,0.3157894736842105,0.28939061534653465,0.4158415841584158
neuma,subjectwise,logreg,2,S36,0.500216156244278,51,0,0.027277236279499045,0.027247956403269824,0.5138888888888888,0.38758668508263083,0.575925925925926,0.5134029986369831,0.3333333333333333,0.6944444444444444,0.15222232215686277,0.5882352941176471
neuma,subjectwise,logreg,2,S37,0.5072085225582124,66,0,0.03516054232038716,0.03508771929824572,0.5173076923076924,0.45903777955989655,0.5798076923076924,0.5170731707317073,0.38461538461538464,0.65,0.09773070075757573,0.5454545454545454
neuma,subjectwise,logreg,2,S38,0.500216156244278,181,0,-0.06832366595859066,-0.06262230919765166,0.4616573902288188,0.26276112500338794,0.45609152752009896,0.4473191712906721,0.40816326530612246,0.5151515151515151,0.2289415787845304,0.4861878453038674
neuma,subjectwise,logreg,2,S39,0.5099334645271302,39,0,0.16351748504193217,0.15325670498084287,0.5833333333333333,0.5993368374947322,0.6222222222222222,0.5629531970995385,0.6666666666666666,0.5,0.16025140230769236,0.5641025641025641
neuma,subjectwise,logreg,2,S40,0.5099334645271302,65,0,0.24216105241892633,0.22619047619047628,0.6217948717948718,0.524580904086174,0.5798816568047338,0.599905303030303,0.7307692307692307,0.5128205128205128,0.12930515076923074,0.6
neuma,subjectwise,logreg,2,S41,0.5000229442119598,48,0,0.2784046650276491,0.2149532710280374,0.6277777777777778,0.41662705722545984,0.55,0.5577007459412022,0.8888888888888888,0.36666666666666664,0.19799166187500006,0.5625
neuma,subjectwise,logreg,2,S42,0.500216156244278,63,0,0.13789473684210526,0.1378947368421053,0.5689473684210526,0.5598245419775324,0.651578947368421,0.5689473684210526,0.48,0.6578947368421053,0.10085239126984125,0.5873015873015873
neuma,subjectwise,logreg,2,S43,0.500216156244278,86,0,0.1371867525391971,0.1120289106866289,0.5794871794871794,0.44540730728279765,0.6461538461538462,0.5135746606334841,0.6666666666666666,0.49230769230769234,0.2704613252325582,0.5348837209302325
neuma,subjectwise,logreg,2,S44,0.5099334645271302,82,0,-0.03961058964021958,-0.03452855245683928,0.4753787878787879,0.2799545240723087,0.4962121212121212,0.4533333333333333,0.375,0.5757575757575758,0.3177459401219512,0.5365853658536586
neuma,subjectwise,logreg,3,S01,0.4815980935096741,69,0,0.14397953016003737,0.1235216819973719,0.587037037037037,0.3813416356480706,0.5987654320987654,0.5321487023614684,0.6,0.5740740740740741,0.26523250768115947,0.5797101449275363
neuma,subjectwise,logreg,3,S02,0.5089013385772705,63,0,0.18835264373920446,0.18823529411764706,0.5952380952380952,0.42732045036720073,0.5544217687074829,0.5940039226674139,0.47619047619047616,0.7142857142857143,0.16744837222222228,0.6349206349206349
neuma,subjectwise,logreg,3,S03,0.4846829509735107,65,0,0.12569752716115998,0.03110823071937774,0.5306122448979592,0.2992919716685852,0.5573979591836735,0.26282051282051283,1.0,0.061224489795918366,0.33557097661538465,0.2923076923076923
neuma,subjectwise,logreg,3,S05,0.4815980935096741,85,0,0.07022527369974753,0.0426551641504912,0.5475427350427351,0.28434095623753874,0.594017094017094,0.4146520146520147,0.6923076923076923,0.4027777777777778,0.35426602705882354,0.4470588235294118
neuma,subjectwise,logreg,3,S06,0.497720650434494,139,0,-0.019642705890112296,-0.01888920214265588,0.491540404040404,0.33469210187561693,0.5275252525252525,0.48341909662664384,0.175,0.8080808080808081,0.16092587086330942,0.6258992805755396
neuma,subjectwise,logreg,3,S07,0.4846829509735107,86,0,0.033037088823366645,0.009216589861751223,0.5116071428571428,0.20077361431921145,0.49375,0.23581681476418317,0.9375,0.08571428571428572,0.3669300320930232,0.2441860465116279
neuma,subjectwise,logreg,3,S08,0.497720650434494,83,0,-0.06288741158190322,-0.05300253735551186,0.4639016897081413,0.2955626972596409,0.49078341013824883,0.4310738766184311,0.47619047619047616,0.45161290322580644,0.2478242749397591,0.4578313253012048
neuma,subjectwise,logreg,3,S09,0.4846829509735107,120,0,0.03587081075327783,0.02777777777777779,0.5209627329192547,0.2503994844768833,0.531832298136646,0.4549780116790426,0.6071428571428571,0.43478260869565216,0.2690010795833333,0.475
neuma,subjectwise,logreg,3,S10,0.5260039448738099,273,0,-0.05758896796455113,-0.05755395683453224,0.47058823529411764,0.18835786503207985,0.521058127392969,0.47112170821535776,0.15384615384615385,0.7873303167420814,0.26700308549450547,0.6666666666666666
neuma,subjectwise,logreg,3,S12,0.5260039448738099,103,0,-0.05554074666403415,-0.04143875352229398,0.47023809523809523,0.2897689373691405,0.5038095238095237,0.4041725936462779,0.6071428571428571,0.3333333333333333,0.28839331708737864,0.4077669902912621
neuma,subjectwise,logreg,3,S13,0.5089013385772705,315,0,-0.00667942671228903,-0.0045119924008547585,0.4964331688478867,0.2598688401986605,0.5030572838446685,0.40099530668392946,0.6835443037974683,0.3093220338983051,0.3032106188571429,0.4031746031746032
neuma,subjectwise,logreg,3,S14,0.5260039448738099,55,0,-0.3278050340535929,-0.24347826086956514,0.325,0.22334924887572932,0.3533333333333333,0.28713858424725824,0.4,0.25,0.3067341727272727,0.2909090909090909
neuma,subjectwise,logreg,3,S15,0.5089013385772705,215,0,-0.0008345944206350328,-0.0008134857865955691,0.49955985915492956,0.33511626876142403,0.4954029733959311,0.4935391652372784,0.43661971830985913,0.5625,0.171829325255814,0.5209302325581395
neuma,subjectwise,logreg,3,S16,0.497720650434494,224,0,0.08136628152754147,0.07274418604651167,0.5502376975459334,0.21229790463900738,0.542721315688038,0.5155403270880416,0.46511627906976744,0.6353591160220995,0.2891883082142857,0.6026785714285714
neuma,subjectwise,logreg,3,S17,0.5089013385772705,90,0,0.02853069950072753,0.0251572327044024,0.5105820105820106,0.3011467510363054,0.48442092886537336,0.49263502454991814,0.14814814814814814,0.873015873015873,0.13406855511111107,0.6555555555555556
neuma,subjectwise,logreg,3,S18,0.497720650434494,56,0,-0.008343479146871391,-0.007444168734491274,0.49615384615384617,0.5245170207149991,0.5282051282051282,0.4684124386252046,0.6923076923076923,0.3,0.07692413535714288,0.48214285714285715
neuma,subjectwise,logreg,3,S19,0.5260039448738099,118,0,-0.08352608117148497,-0.07522295463357898,0.4461111111111111,0.12329312330938522,0.36333333333333334,0.4428930185836263,0.2222222222222222,0.67,0.3399681730508475,0.6016949152542372
neuma,subjectwise,logreg,3,S20,0.4846829509735107,56,0,-0.12845170309984916,-0.07916666666666661,0.442684766214178,0.34031455907212904,0.48265460030165913,0.33397621343619416,0.7058823529411765,0.1794871794871795,0.28344736946428567,0.3392857142857143
neuma,subjectwise,logreg,3,S21,0.5260039448738099,135,0,0.041437096508237244,0.02735978112175108,0.5214285714285715,0.3659447754290973,0.5622857142857143,0.4143006205722445,0.7428571428571429,0.3,0.3059463184444444,0.4148148148148148
neuma,subjectwise,logreg,3,S22,0.4815980935096741,79,0,-0.13538610665371992,-0.13520574787720463,0.4327922077922078,0.44968082312554014,0.4357142857142857,0.4320261437908497,0.34285714285714286,0.5227272727272727,0.09382913810126585,0.4430379746835443
neuma,subjectwise,logreg,3,S23,0.4815980935096741,70,0,0.3089581015617038,0.28515318146111557,0.6563307493540051,0.5452292585795138,0.673557278208441,0.6282679738562091,0.7777777777777778,0.5348837209302325,0.10606325928571422,0.6285714285714286
neuma,subjectwise,logreg,3,S24,0.4815980935096741,221,0,0.04622212986363609,0.031897248330710726,0.5346965210954848,0.1695681591372145,0.555699481865285,0.44611528822055135,0.5357142857142857,0.533678756476684,0.35449060194570137,0.5339366515837104
neuma,subjectwise,logreg,3,S25,0.5089013385772705,42,0,0.1914598952668709,0.13698630136986312,0.6026392961876833,0.3663057023034507,0.6392961876832846,0.49743589743589745,0.8181818181818182,0.3870967741935484,0.28740007095238096,0.5
neuma,subjectwise,logreg,3,S26,0.4815980935096741,269,0,0.019928541679043996,0.019637962711966495,0.5104890604890605,0.315636501133575,0.5236164736164737,0.5065417443640939,0.40476190476190477,0.6162162162162163,0.14932650040892193,0.550185873605948
neuma,subjectwise,logreg,3,S27,0.497720650434494,49,0,0.11677484162422845,0.10055865921787699,0.5642857142857143,0.47074147488452744,0.6183673469387756,0.517757809157039,0.6428571428571429,0.4857142857142857,0.20975787102040816,0.5306122448979592
neuma,subjectwise,logreg,3,S28,0.497720650434494,152,0,0.024397447539670082,0.02235343736819906,0.5148584244463135,0.24493812255065128,0.49257078777684327,0.4945210707081721,0.3793103448275862,0.6504065040650406,0.28007931513157897,0.5986842105263158
neuma,subjectwise,logreg,3,S29,0.497720650434494,109,0,0.04836064504904269,0.04737810487580507,0.526907001044932,0.26467380312958316,0.5867293625914315,0.5201575532900834,0.3181818181818182,0.735632183908046,0.25497478055045875,0.6513761467889908
neuma,subjectwise,logreg,3,S30,0.5089013385772705,53,0,-0.0046939218642500944,-0.004059539918809252,0.49782608695652175,0.3963924529357902,0.37246376811594206,0.4623188405797102,0.6956521739130435,0.3,0.11475983754716977,0.4716981132075472
neuma,subjectwise,logreg,3,S31,0.4815980935096741,99,0,0.09900270210916223,0.06362854686156505,0.5418552036199095,0.4662624848736442,0.5963800904977375,0.43310775637688703,0.8529411764705882,0.23076923076923078,0.20884989686868688,0.4444444444444444
neuma,subjectwise,logreg,3,S32,0.5260039448738099,101,0,-0.02439029033254215,-0.022497187851518552,0.4856156501726122,0.22918620878077806,0.47698504027617955,0.47157307289850015,0.36363636363636365,0.6075949367088608,0.28765866792079203,0.5544554455445545
neuma,subjectwise,logreg,3,S33,0.497720650434494,97,0,-0.14060336164934326,-0.13663497678531944,0.42572115384615383,0.31987951686511096,0.43846153846153846,0.4239775910364146,0.34375,0.5076923076923077,0.20757671762886598,0.4536082474226804
neuma,subjectwise,logreg,3,S34,0.4846829509735107,235,0,0.07011438921665228,0.06489815253434394,0.5430600955494091,0.24788301237515864,0.6100075433744029,0.5192869666861484,0.3902439024390244,0.6958762886597938,0.2635962859148936,0.6425531914893617
neuma,subjectwise,logreg,3,S35,0.5089013385772705,101,0,0.09996959202565056,0.05128969733114652,0.5452631578947369,0.2840185767847099,0.5810526315789474,0.37402852926709296,0.88,0.21052631578947367,0.35031891009900995,0.37623762376237624
neuma,subjectwise,logreg,3,S36,0.5260039448738099,51,0,-0.08131842079168766,-0.08092485549132955,0.46111111111111114,0.2904971486206593,0.4777777777777778,0.4584942084942085,0.2,0.7222222222222222,0.17246823862745103,0.5686274509803921
neuma,subjectwise,logreg,3,S37,0.5260039448738099,66,0,-0.13886751972361294,-0.12101910828025475,0.4451923076923077,0.3852772357843286,0.4721153846153846,0.4087346024636058,0.11538461538461539,0.775,0.10830340015151513,0.5151515151515151
neuma,subjectwise,logreg,3,S38,0.4846829509735107,181,0,-0.09752240563466513,-0.08072109312205744,0.4456555349412492,0.27646688621652604,0.44604205318491036,0.4102756892230576,0.4897959183673469,0.4015151515151515,0.23551762834254145,0.425414364640884
neuma,subjectwise,logreg,3,S39,0.4846829509735107,39,0,0.02702812388086677,0.02150537634408589,0.5125,0.5961072974245849,0.6194444444444445,0.4558139534883721,0.7333333333333333,0.2916666666666667,0.17425007,0.46153846153846156
neuma,subjectwise,logreg,3,S40,0.497720650434494,65,0,0.07453559924999299,0.06896551724137934,0.532051282051282,0.41338768919237645,0.5108481262327416,0.5190463140586462,0.2692307692307692,0.7948717948717948,0.06309200446153845,0.5846153846153846
neuma,subjectwise,logreg,3,S41,0.5260039448738099,48,0,0.28888888888888886,0.28888888888888886,0.6444444444444444,0.6159994346987248,0.6759259259259259,0.6444444444444444,0.5555555555555556,0.7333333333333333,0.1592795879166667,0.6666666666666666
neuma,subjectwise,logreg,3,S42,0.4846829509735107,63,0,0.061052631578947365,0.056065732237796095,0.5305263157894737,0.5407809921168422,0.5757894736842105,0.5079365079365079,0.64,0.42105263157894735,0.10234783952380952,0.5079365079365079
neuma,subjectwise,logreg,3,S43,0.4846829509735107,86,0,0.12745525148741013,0.09672691744015638,0.5725274725274725,0.48337343609363365,0.6754578754578755,0.4883077348830773,0.7142857142857143,0.4307692307692308,0.24840243104651172,0.5
neuma,subjectwise,logreg,3,S44,0.4815980935096741,82,0,-0.07357655945347065,-0.05744431418522855,0.45359848484848486,0.20654867878434482,0.48484848484848486,0.41314248536109305,0.4375,0.4696969696969697,0.3019419915853659,0.4634146341463415
neuma,subjectwise,logreg,4,S01,0.4854539567232132,69,0,0.11979575807744294,0.0840707964601769,0.5703703703703703,0.3815074278851967,0.591358024691358,0.4646551724137931,0.7333333333333333,0.4074074074074074,0.28679845115942026,0.4782608695652174
neuma,subjectwise,logreg,4,S02,0.4971737018227577,63,0,-0.06804138174397717,-0.06666666666666665,0.4642857142857143,0.4528774064412203,0.49433106575963714,0.46153846153846156,0.38095238095238093,0.5476190476190477,0.15763108238095236,0.49206349206349204
neuma,subjectwise,logreg,4,S03,0.4838195574283599,65,0,0.10181380644282834,0.020519397242705906,0.5204081632653061,0.2633113716204837,0.5255102040816326,0.24174733184413005,1.0,0.04081632653061224,0.4103615669230769,0.27692307692307694
neuma,subjectwise,logreg,4,S05,0.4854539567232132,85,0,0.007704169392017071,0.005319148936170248,0.5053418803418803,0.3101187374164906,0.530982905982906,0.42426108374384236,0.5384615384615384,0.4722222222222222,0.3508580385882353,0.4823529411764706
neuma,subjectwise,logreg,4,S06,0.5021812415122986,139,0,0.15746558431218763,0.15039090262970867,0.5667929292929292,0.3554090945554116,0.49873737373737376,0.568291802094619,0.275,0.8585858585858586,0.1596454869784173,0.6906474820143885
neuma,subjectwise,logreg,4,S07,0.4971737018227577,86,0,0.02647071509732926,0.01968911917098437,0.5169642857142858,0.20586425523151564,0.5053571428571428,0.44516129032258067,0.5625,0.4714285714285714,0.32153856232558137,0.4883720930232558
neuma,subjectwise,logreg,4,S08,0.5021812415122986,83,0,0.1611379571110397,0.10037700282752127,0.5817972350230415,0.3888344176879867,0.6198156682027649,0.4457026713124274,0.8571428571428571,0.3064516129032258,0.27065045746987965,0.4457831325301205
neuma,subjectwise,logreg,4,S09,0.4971737018227577,120,0,0.05129133069042426,0.04220779220779214,0.53027950310559,0.28619080747436987,0.5524068322981367,0.4778375986429678,0.5714285714285714,0.4891304347826087,0.27865969116666656,0.5083333333333333
neuma,subjectwise,logreg,4,S10,0.5021812415122986,273,0,0.03610967833209237,0.03470919324577859,0.5209276018099548,0.1992495947693832,0.5407239819004525,0.5104303908651735,0.3269230769230769,0.7149321266968326,0.27750300615384615,0.6410256410256411
neuma,subjectwise,logreg,4,S12,0.4823525953292847,103,0,0.06647843099684919,0.04275092936802982,0.5328571428571429,0.35636020152536574,0.5652380952380952,0.41742081447963797,0.7857142857142857,0.28,0.25106318563106794,0.4174757281553398
neuma,subjectwise,logreg,4,S13,0.4838195574283599,315,0,-0.0028725908616116297,-0.0018650192330107451,0.49849817635700494,0.2509722780086282,0.5008045483801759,0.3927695521845762,0.7088607594936709,0.288135593220339,0.29722073758730155,0.39365079365079364
neuma,subjectwise,logreg,4,S14,0.5021812415122986,55,0,0.0,0.0,0.5,0.24425234322978034,0.43,0.44556451612903225,0.6,0.4,0.24664828781818182,0.45454545454545453
neuma,subjectwise,logreg,4,S15,0.4838195574283599,215,0,0.05206634344137125,0.028580435011032912,0.5199530516431925,0.3246228484652429,0.48640453834115804,0.38065250887653246,0.8732394366197183,0.16666666666666666,0.23120380046511635,0.4
neuma,subjectwise,logreg,4,S16,0.4823525953292847,224,0,0.09816510070947726,0.05119453924914674,0.5539637671848902,0.245316407551509,0.5592959013233972,0.3773671685963965,0.8372093023255814,0.27071823204419887,0.3299432804910715,0.3794642857142857
neuma,subjectwise,logreg,4,S17,0.4838195574283599,90,0,0.140028008402801,0.13793103448275867,0.5740740740740741,0.36905293509438164,0.5802469135802469,0.5660559305689489,0.48148148148148145,0.6666666666666666,0.1789594487777778,0.6111111111111112
neuma,subjectwise,logreg,4,S18,0.5021812415122986,56,0,0.1149016990146055,0.08029197080291961,0.5423076923076923,0.5629165826601263,0.5794871794871795,0.46891464699683877,0.8846153846153846,0.2,0.09386926375,0.5178571428571429
neuma,subjectwise,logreg,4,S19,0.5021812415122986,118,0,-0.19578084810653187,-0.13912549687677456,0.36388888888888893,0.1262157440171882,0.3477777777777778,0.3489126906848426,0.2777777777777778,0.45,0.35113763974576273,0.423728813559322
neuma,subjectwise,logreg,4,S20,0.4854539567232132,56,0,-0.044548844068273225,-0.03355704697986561,0.47737556561085975,0.380236255372749,0.47662141779788836,0.4105263157894737,0.6470588235294118,0.3076923076923077,0.22948349535714285,0.4107142857142857
neuma,subjectwise,logreg,4,S21,0.4823525953292847,135,0,-0.025482359571881278,-0.016129032258064724,0.48714285714285716,0.3582364706777187,0.5657142857142856,0.37774363476733974,0.7142857142857143,0.26,0.2761873337037037,0.37777777777777777
neuma,subjectwise,logreg,4,S22,0.4854539567232132,79,0,-0.051685613776008034,-0.05053191489361719,0.4753246753246753,0.43701370003869017,0.4805194805194805,0.46908602150537637,0.3142857142857143,0.6363636363636364,0.041182138481012695,0.4936708860759494
neuma,subjectwise,logreg,4,S23,0.5021812415122986,70,0,0.23886756104874862,0.23721709974853322,0.6218776916451335,0.5317248400216144,0.6847545219638242,0.6173254835996635,0.5925925925925926,0.6511627906976745,0.13077143842857147,0.6285714285714286
neuma,subjectwise,logreg,4,S24,0.4854539567232132,221,0,0.08679789372164713,0.05832954122367939,0.5652294596595114,0.156475268936624,0.5508882309400444,0.4552351322244825,0.6071428571428571,0.5233160621761658,0.3544377540723982,0.5339366515837104
neuma,subjectwise,logreg,4,S25,0.4838195574283599,42,0,0.16023529361103026,0.12681912681912688,0.5894428152492669,0.4035138248847926,0.6627565982404692,0.5138888888888888,0.7272727272727273,0.45161290322580644,0.2401432054761905,0.5238095238095238
neuma,subjectwise,logreg,4,S26,0.4854539567232132,269,0,-0.016621990743908393,-0.01578603673944534,0.4910553410553411,0.338072395150522,0.5164736164736166,0.4796905222437137,0.4523809523809524,0.5297297297297298,0.17061528617100372,0.5055762081784386
neuma,subjectwise,logreg,4,S27,0.5021812415122986,49,0,0.09128709291752769,0.08695652173913049,0.55,0.4842765469173196,0.5979591836734695,0.5333333333333333,0.5,0.6,0.2169902553061224,0.5714285714285714
neuma,subjectwise,logreg,4,S28,0.4823525953292847,152,0,0.016743584773354764,0.013157894736842146,0.5106532099803757,0.1969839514036953,0.47434819175777965,0.4544149318018665,0.5172413793103449,0.5040650406504065,0.2904752968421054,0.506578947368421
neuma,subjectwise,logreg,4,S29,0.5021812415122986,109,0,0.11593986903922222,0.11573823688480267,0.5559038662486938,0.26786213680161824,0.6520376175548589,0.5576298701298701,0.2727272727272727,0.8390804597701149,0.2558240948623853,0.7247706422018348
neuma,subjectwise,logreg,4,S30,0.4838195574283599,53,0,-0.1705458277344201,-0.14749661705006778,0.42101449275362324,0.42274287920241094,0.4057971014492754,0.3855072463768116,0.6086956521739131,0.23333333333333334,0.17770749471698113,0.39622641509433965
neuma,subjectwise,logreg,4,S31,0.4823525953292847,99,0,0.04594946790741402,0.03956629256229793,0.5235294117647059,0.525163290371545,0.6004524886877829,0.48400613183444047,0.6470588235294118,0.4,0.17526524848484853,0.48484848484848486
neuma,subjectwise,logreg,4,S32,0.4823525953292847,101,0,0.08030860956052659,0.0651754724257616,0.5486191024165707,0.33322638509965097,0.5293440736478711,0.48817567567567566,0.5909090909090909,0.5063291139240507,0.2658899255445545,0.5247524752475248
neuma,subjectwise,logreg,4,S33,0.4971737018227577,97,0,-0.1826547787061613,-0.1711501800466002,0.4028846153846154,0.26921576458425,0.35625,0.39593575876761716,0.375,0.4307692307692308,0.2175936098969072,0.41237113402061853
neuma,subjectwise,logreg,4,S34,0.4971737018227577,235,0,0.06872957580793268,0.06772084706934123,0.5380940407342217,0.23676539924154608,0.5740507920543123,0.5316491228070175,0.2926829268292683,0.7835051546391752,0.26115130931914887,0.6978723404255319
neuma,subjectwise,logreg,4,S35,0.4838195574283599,101,0,0.11228763075598631,0.059194711538461564,0.5518421052631579,0.3241174124891891,0.5373684210526316,0.3846305031446541,0.88,0.2236842105263158,0.33513669346534647,0.38613861386138615
neuma,subjectwise,logreg,4,S36,0.4854539567232132,51,0,-0.024618298195866545,-0.02409638554216853,0.48888888888888893,0.29648074780085776,0.5,0.4838056680161943,0.2,0.7777777777777778,0.13962500392156857,0.6078431372549019
neuma,subjectwise,logreg,4,S37,0.4823525953292847,66,0,0.011322770341445958,0.011235955056179914,0.5057692307692307,0.4502342074191877,0.5865384615384616,0.5037593984962406,0.46153846153846156,0.55,0.08629671666666672,0.5151515151515151
neuma,subjectwise,logreg,4,S38,0.4971737018227577,181,0,-0.07241350745561195,-0.059937995177402614,0.45964749536178107,0.2681757541180386,0.4485157699443414,0.42161654135338344,0.5102040816326531,0.4090909090909091,0.23158507966850828,0.43646408839779005
neuma,subjectwise,logreg,4,S39,0.4823525953292847,39,0,0.08333333333333333,0.07490636704119857,0.5416666666666666,0.4954832259019901,0.5527777777777778,0.5128205128205128,0.6666666666666666,0.4166666666666667,0.13092765538461543,0.5128205128205128
neuma,subjectwise,logreg,4,S40,0.4971737018227577,65,0,0.12598815766974242,0.125,0.5641025641025641,0.44925561689519167,0.5650887573964498,0.5608108108108107,0.5384615384615384,0.5897435897435898,0.09903871415384619,0.5692307692307692
neuma,subjectwise,logreg,4,S41,0.5021812415122986,48,0,0.3333333333333333,0.2941176470588235,0.6666666666666667,0.49260100055231,0.5981481481481481,0.625,0.8333333333333334,0.5,0.13799439125000007,0.625
neuma,subjectwise,logreg,4,S42,0.4854539567232132,63,0,0.12373764497794919,0.11976047904191622,0.5631578947368421,0.5345072007853584,0.6326315789473684,0.552738336713996,0.6,0.5263157894736842,0.09279629253968251,0.5555555555555556
neuma,subjectwise,logreg,4,S43,0.4971737018227577,86,0,0.10742898608472079,0.09842748980780436,0.5619047619047619,0.3924165646297899,0.6095238095238096,0.5317604355716878,0.5238095238095238,0.6,0.2577381977906977,0.5813953488372093
neuma,subjectwise,logreg,4,S44,0.4854539567232132,82,0,0.13505326626463512,0.11626387981711306,0.584280303030303,0.2053728963062027,0.4962121212121212,0.5304528891202499,0.5625,0.6060606060606061,0.28902730036585367,0.5975609756097561
neuma,subjectwise,mlp,0,S01,0.5137077212333679,69,0,0.019611613513818404,0.015113350125944502,0.5055555555555555,0.2242742535524976,0.5123456790123457,0.48120300751879697,0.06666666666666667,0.9444444444444444,0.2375755973913043,0.7536231884057971
neuma,subjectwise,mlp,0,S02,0.4875384640693664,63,0,-0.10114434748483472,-0.07339449541284404,0.45238095238095233,0.33555407611503185,0.47845804988662133,0.3784467493043258,0.6666666666666666,0.23809523809523808,0.18310014634920627,0.38095238095238093
neuma,subjectwise,mlp,0,S03,0.4875384640693664,65,0,-0.10309826235529032,-0.0331125827814569,0.46811224489795916,0.46324816297739646,0.5943877551020408,0.23976608187134502,0.875,0.061224489795918366,0.35749754707692316,0.26153846153846155
neuma,subjectwise,mlp,0,S05,0.5137077212333679,85,0,0.04297399616936208,0.03470031545741337,0.5293803418803419,0.28802147162897856,0.5470085470085471,0.4774590163934426,0.46153846153846156,0.5972222222222222,0.349227402117647,0.5764705882352941
neuma,subjectwise,mlp,0,S06,0.4966652882099152,139,0,-0.03092041337072335,-0.02991751712568158,0.48648989898989903,0.2724592989453655,0.4383838383838383,0.4788851948786871,0.175,0.797979797979798,0.17958171021582744,0.6187050359712231
neuma,subjectwise,mlp,0,S07,0.5434242272377015,86,0,-0.05447047794019222,-0.05179856115107917,0.46785714285714286,0.18244263990102777,0.4839285714285715,0.4644688644688645,0.25,0.6857142857142857,0.3349552359302326,0.6046511627906976
neuma,subjectwise,mlp,0,S08,0.4966652882099152,83,0,0.03405587363801822,0.025025536261491288,0.5188172043010753,0.3323566706960015,0.5130568356374807,0.4391891891891892,0.6666666666666666,0.3709677419354839,0.2507019671084336,0.4457831325301205
neuma,subjectwise,mlp,0,S09,0.5434242272377015,120,0,-0.08833906504195109,-0.04729729729729715,0.483695652173913,0.2845140023875635,0.5225155279503105,0.4258373205741627,0.0,0.967391304347826,0.25425556166666663,0.7416666666666667
neuma,subjectwise,mlp,0,S10,0.4966652882099152,273,0,0.023598922733765244,0.02279202279202286,0.5135746606334841,0.21316108918664806,0.5737904629307344,0.5052884615384615,0.3076923076923077,0.7194570135746606,0.28323328227106226,0.6410256410256411
neuma,subjectwise,mlp,0,S12,0.4875384640693664,103,0,0.03,0.019659853331252863,0.515,0.36896350409724404,0.588095238095238,0.4077669902912621,0.75,0.28,0.25089659310679613,0.4077669902912621
neuma,subjectwise,mlp,0,S13,0.5174981087446213,315,0,0.02032811748095965,0.01824000669358039,0.5116927697918902,0.26321771640090996,0.5108882214117143,0.4849382716049383,0.4810126582278481,0.5423728813559322,0.2575446143809524,0.526984126984127
neuma,subjectwise,mlp,0,S14,0.5137077212333679,55,0,-0.27500954910846337,-0.21492537313432836,0.35,0.22982685652951898,0.36166666666666664,0.3191702910672466,0.4,0.3,0.2671556485454545,0.32727272727272727
neuma,subjectwise,mlp,0,S15,0.5174981087446213,215,0,-0.015594433368489704,-0.015554177203110697,0.4920285602503912,0.3829124117662677,0.5410798122065728,0.49162865126943567,0.352112676056338,0.6319444444444444,0.1657793250232557,0.5395348837209303
neuma,subjectwise,mlp,0,S16,0.4875384640693664,224,0,0.022438170127571516,0.009016072128577024,0.5103430553771039,0.19550140602852986,0.5063600154182192,0.2937420178799489,0.8604651162790697,0.16022099447513813,0.33423100026785707,0.29464285714285715
neuma,subjectwise,mlp,0,S17,0.5174981087446213,90,0,0.0657951694959769,0.02877697841726612,0.5105820105820106,0.3529894143371692,0.5020576131687242,0.4450787851107559,0.037037037037037035,0.9841269841269841,0.15753927088888886,0.7
neuma,subjectwise,mlp,0,S18,0.5434242272377015,56,0,-0.20672455764868075,-0.1351351351351351,0.4358974358974359,0.4463581796826598,0.48717948717948717,0.34375,0.038461538461538464,0.8333333333333334,0.02466142964285712,0.4642857142857143
neuma,subjectwise,mlp,0,S19,0.4966652882099152,118,0,-0.20737876550156328,-0.16831683168316847,0.35833333333333334,0.11620437063921328,0.3488888888888889,0.36898395721925137,0.16666666666666666,0.55,0.33477355398305086,0.4915254237288136
neuma,subjectwise,mlp,0,S20,0.5137077212333679,56,0,-0.21790239675880746,-0.1974842767295597,0.3815987933634992,0.2601688957768098,0.37254901960784315,0.3728590250329381,0.35294117647058826,0.41025641025641024,0.21373030625000003,0.39285714285714285
neuma,subjectwise,mlp,0,S21,0.4875384640693664,135,0,-0.04358831072997003,-0.033814022874191885,0.4757142857142857,0.26285682817396483,0.4611428571428571,0.4193061840120664,0.5714285714285714,0.38,0.23525185266666665,0.42962962962962964
neuma,subjectwise,mlp,0,S22,0.5174981087446213,79,0,0.12808871643330913,0.12014849814377326,0.5577922077922077,0.5174021973626473,0.5512987012987014,0.5471599791558104,0.34285714285714286,0.7727272727272727,0.06901892063291142,0.5822784810126582
neuma,subjectwise,mlp,0,S23,0.5137077212333679,70,0,0.08433794717352606,0.06342913776015857,0.5275624461670974,0.43936041805913084,0.5279931093884582,0.4857142857142857,0.14814814814814814,0.9069767441860465,0.08294625300000003,0.6142857142857143
neuma,subjectwise,mlp,0,S24,0.5137077212333679,221,0,0.05870555157136577,0.04563745215428394,0.5430236861584012,0.16426237327257665,0.5510732790525537,0.4798887462558836,0.4642857142857143,0.6217616580310881,0.3735043943438914,0.6018099547511312
neuma,subjectwise,mlp,0,S25,0.4966652882099152,42,0,0.03126526997403612,0.02919708029197088,0.5175953079178885,0.27816125362688554,0.407624633431085,0.49968652037617556,0.45454545454545453,0.5806451612903226,0.2314567788095238,0.5476190476190477
neuma,subjectwise,mlp,0,S26,0.5137077212333679,269,0,0.047601688783145864,0.046844033391387874,0.525096525096525,0.3216132814573701,0.5123552123552123,0.5199334543254689,0.42857142857142855,0.6216216216216216,0.18278480765799263,0.5613382899628253
neuma,subjectwise,mlp,0,S27,0.5434242272377015,49,0,0.20107367308916746,0.1984732824427481,0.5928571428571429,0.48238529037482236,0.5632653061224488,0.5972602739726027,0.35714285714285715,0.8285714285714286,0.2581776934693877,0.6938775510204082
neuma,subjectwise,mlp,0,S28,0.4875384640693664,152,0,-0.025542265137845986,-0.017186311787072084,0.4841603588449678,0.3061405502819031,0.5231286795626577,0.3975860205368402,0.5862068965517241,0.3821138211382114,0.32281764598684215,0.42105263157894735
neuma,subjectwise,mlp,0,S29,0.4966652882099152,109,0,0.026528066486212903,0.025285229725562797,0.5107105538140021,0.2287710496458779,0.5417972831765935,0.5064793130366901,0.13636363636363635,0.8850574712643678,0.2559424933944955,0.7339449541284404
neuma,subjectwise,mlp,0,S30,0.4875384640693664,53,0,-0.1759394253414055,-0.1584699453551912,0.41594202898550725,0.4398205305950206,0.45072463768115945,0.3908045977011494,0.5652173913043478,0.26666666666666666,0.119250402264151,0.39622641509433965
neuma,subjectwise,mlp,0,S31,0.4966652882099152,99,0,0.10434052842240159,0.09351256575102274,0.5542986425339367,0.3744928634713182,0.5443438914027149,0.5221320735339426,0.6470588235294118,0.46153846153846156,0.1762797107070707,0.5252525252525253
neuma,subjectwise,mlp,0,S32,0.4875384640693664,101,0,-0.06628358289857957,-0.059062700620586384,0.46029919447640966,0.20679036896618155,0.4884925201380898,0.4442448062886019,0.36363636363636365,0.5569620253164557,0.26006699594059407,0.5148514851485149
neuma,subjectwise,mlp,0,S33,0.5434242272377015,97,0,-0.1109434785530697,-0.07616191904047964,0.46947115384615384,0.33998850897583144,0.5134615384615384,0.4062861869313482,0.03125,0.9076923076923077,0.15438268402061853,0.6185567010309279
neuma,subjectwise,mlp,0,S34,0.5434242272377015,235,0,0.2214332056522628,0.20401732965734543,0.5814055820970581,0.3547807179649528,0.6161679658033694,0.5949737464427431,0.21951219512195122,0.9432989690721649,0.31138050034042547,0.8170212765957446
neuma,subjectwise,mlp,0,S35,0.5174981087446213,101,0,-0.04048131881647982,-0.035793283732153736,0.4765789473684211,0.3227734199779977,0.5121052631578948,0.4530105129021981,0.44,0.5131578947368421,0.27230886722772285,0.49504950495049505
neuma,subjectwise,mlp,0,S36,0.5174981087446213,51,0,0.07200822998230956,0.06965174129353235,0.538888888888889,0.5045229308463929,0.562962962962963,0.5277777777777778,0.4666666666666667,0.6111111111111112,0.23558961431372535,0.5686274509803921
neuma,subjectwise,mlp,0,S37,0.4875384640693664,66,0,0.027735009811261455,0.017699115044247926,0.510576923076923,0.47500572811854413,0.55,0.40885984023238925,0.8461538461538461,0.175,0.15180750969696974,0.4393939393939394
neuma,subjectwise,mlp,0,S38,0.5434242272377015,181,0,0.024103647358624133,0.022502250225022613,0.5096629560915276,0.2694446027612587,0.41017316017316013,0.5003680529996319,0.16326530612244897,0.8560606060606061,0.23622303033149167,0.6685082872928176
neuma,subjectwise,mlp,0,S39,0.5137077212333679,39,0,0.018569533817705187,0.01777777777777767,0.5083333333333333,0.4793908710041433,0.5249999999999999,0.4996226415094339,0.26666666666666666,0.75,0.13041989179487182,0.5641025641025641
neuma,subjectwise,mlp,0,S40,0.4966652882099152,65,0,0.10411584125907071,0.09356725146198841,0.5512820512820513,0.4167894124790731,0.534516765285996,0.5226249703861644,0.6923076923076923,0.41025641025641024,0.09926140261538462,0.5230769230769231
neuma,subjectwise,mlp,0,S41,0.5174981087446213,48,0,-0.07699749762199026,-0.06930693069306937,0.46111111111111114,0.4055632590244337,0.4296296296296296,0.43725575336517586,0.5555555555555556,0.36666666666666664,0.1765713204166666,0.4375
neuma,subjectwise,mlp,0,S42,0.5434242272377015,63,0,0.022941573387056175,0.01680672268907557,0.5073684210526316,0.4196392593485044,0.5410526315789473,0.4554521276595745,0.12,0.8947368421052632,0.09376222619047625,0.5873015873015873
neuma,subjectwise,mlp,0,S43,0.5434242272377015,86,0,0.1277597600435674,0.10501419110690646,0.5406593406593406,0.40824788996085687,0.6190476190476191,0.5307539682539683,0.14285714285714285,0.9384615384615385,0.2401677123255814,0.7441860465116279
neuma,subjectwise,mlp,0,S44,0.5137077212333679,82,0,-0.06352097575605492,-0.05398457583547556,0.4602272727272727,0.2017057617743593,0.4270833333333333,0.4368131868131868,0.375,0.5454545454545454,0.31956405121951215,0.5121951219512195
neuma,subjectwise,mlp,1,S01,0.4900023460388183,69,0,0.08357108940373449,0.08349146110056926,0.5407407407407407,0.2818959841777477,0.562962962962963,0.5416007592534009,0.26666666666666666,0.8148148148148148,0.24470377057971016,0.6956521739130435
neuma,subjectwise,mlp,1,S02,0.4845883506536483,63,0,0.0,0.0,0.5,0.3372316706433481,0.4580498866213152,0.42727272727272725,0.7142857142857143,0.2857142857142857,0.18343266126984123,0.42857142857142855
neuma,subjectwise,mlp,1,S03,0.4845883506536483,65,0,0.07142857142857142,0.01015228426395931,0.5102040816326531,0.30139509614737503,0.5153061224489796,0.22,1.0,0.02040816326530612,0.3824919752307692,0.26153846153846155
neuma,subjectwise,mlp,1,S05,0.5213603448867798,85,0,0.08548071113070338,0.07293796864349011,0.5571581196581197,0.28856320012145953,0.5491452991452992,0.5093795093795094,0.46153846153846156,0.6527777777777778,0.3405434795294118,0.6235294117647059
neuma,subjectwise,mlp,1,S06,0.4900023460388183,139,0,-0.06852778235936939,-0.06633574007220222,0.4628787878787879,0.2904881615618574,0.4734848484848485,0.45902014652014655,0.35,0.5757575757575758,0.1850493771223021,0.5107913669064749
neuma,subjectwise,mlp,1,S07,0.4845883506536483,86,0,-0.0017857142857142857,-0.0007757951900699833,0.49910714285714286,0.16975632934157003,0.4482142857142857,0.3023255813953488,0.8125,0.18571428571428572,0.34946106372093033,0.3023255813953488
neuma,subjectwise,mlp,1,S08,0.5213603448867798,83,0,0.1602463746625647,0.12772837510105084,0.5910138248847926,0.31439194507701873,0.5752688172043011,0.5163603765127746,0.7142857142857143,0.46774193548387094,0.28059865409638557,0.5301204819277109
neuma,subjectwise,mlp,1,S09,0.4845883506536483,120,0,-0.005301404289424247,-0.004784688995215225,0.49689440993788814,0.29090687198797793,0.49572981366459623,0.475,0.42857142857142855,0.5652173913043478,0.26106455258333333,0.5333333333333333
neuma,subjectwise,mlp,1,S10,0.5083522915840148,273,0,0.021337811262789563,0.02133632790567097,0.5107466063348416,0.20424015099422557,0.5385485555168814,0.5106575963718821,0.21153846153846154,0.8099547511312217,0.27030139739926745,0.6959706959706959
neuma,subjectwise,mlp,1,S12,0.5083522915840148,103,0,-0.031064495306013365,-0.01709653647752396,0.4861904761904762,0.3192447589354864,0.52,0.34556661925082977,0.7857142857142857,0.18666666666666668,0.2682980425242718,0.34951456310679613
neuma,subjectwise,mlp,1,S13,0.5296493744850159,315,0,-0.018016605154118296,-0.012756121721902769,0.4901576914825145,0.24129839536311065,0.48718086247586356,0.40802104814051054,0.6455696202531646,0.3347457627118644,0.30613174526984127,0.4126984126984127
neuma,subjectwise,mlp,1,S14,0.5213603448867798,55,0,-0.25,-0.24,0.36250000000000004,0.22566118373856575,0.3716666666666667,0.3687523139577934,0.2,0.525,0.2414232461818182,0.43636363636363634
neuma,subjectwise,mlp,1,S15,0.5296493744850159,215,0,-0.0036899143704008353,-0.0036307053941908585,0.4982883411580595,0.362983047545983,0.5076291079812206,0.4948308270676692,0.2535211267605634,0.7430555555555556,0.1663204912558139,0.5813953488372093
neuma,subjectwise,mlp,1,S16,0.5213603448867798,224,0,-0.02072266900220498,-0.018368846436443764,0.4871514840035976,0.24102416021323736,0.5374534241295131,0.46598598502179306,0.37209302325581395,0.6022099447513812,0.31634329464285715,0.5580357142857143
neuma,subjectwise,mlp,1,S17,0.5296493744850159,90,0,0.10506787307658894,0.08496732026143794,0.5343915343915344,0.41313940334946075,0.5984714873603761,0.5138888888888888,0.14814814814814814,0.9206349206349206,0.1633436551111111,0.6888888888888889
neuma,subjectwise,mlp,1,S18,0.4845883506536483,56,0,-0.2773500981126146,-0.2727272727272727,0.3653846153846154,0.4257750151962627,0.41923076923076924,0.3584288052373159,0.23076923076923078,0.5,0.1276947785714286,0.375
neuma,subjectwise,mlp,1,S19,0.5083522915840148,118,0,-0.24798804530056417,-0.2194663660278089,0.3377777777777778,0.11443488806998267,0.33999999999999997,0.3639125747329217,0.05555555555555555,0.62,0.33241317737288145,0.5338983050847458
neuma,subjectwise,mlp,1,S20,0.5296493744850159,56,0,-0.15929450376496404,-0.13468414779499405,0.4147812971342383,0.3495730853897526,0.4947209653092006,0.3858064516129032,0.47058823529411764,0.358974358974359,0.2383026105357143,0.39285714285714285
neuma,subjectwise,mlp,1,S21,0.5083522915840148,135,0,0.03450327796711771,0.027027027027026973,0.5192857142857142,0.2632605921202108,0.4968571428571429,0.4558889386475593,0.6285714285714286,0.41,0.26338655237037034,0.4666666666666667
neuma,subjectwise,mlp,1,S22,0.5083522915840148,79,0,-0.013515711908321888,-0.011068834313386455,0.4948051948051948,0.4449999892226882,0.4831168831168831,0.45272420894963494,0.17142857142857143,0.8181818181818182,0.03527563594936703,0.5316455696202531
neuma,subjectwise,mlp,1,S23,0.5083522915840148,70,0,0.11739345417674983,0.10596026490066235,0.5482342807924203,0.49669256073679957,0.6296296296296295,0.5343680709534369,0.25925925925925924,0.8372093023255814,0.09900150214285709,0.6142857142857143
neuma,subjectwise,mlp,1,S24,0.4900023460388183,221,0,0.03441377514977419,0.02691337258200155,0.5251665433012583,0.14745768907619405,0.5538490007401925,0.47093633160287274,0.42857142857142855,0.6217616580310881,0.34479852022624435,0.5972850678733032
neuma,subjectwise,mlp,1,S25,0.5213603448867798,42,0,-0.2150107550982225,-0.19714964370546317,0.3782991202346041,0.30563621483740516,0.5131964809384164,0.37777777777777777,0.2727272727272727,0.4838709677419355,0.24824605023809523,0.42857142857142855
neuma,subjectwise,mlp,1,S26,0.4900023460388183,269,0,0.0430517892698888,0.02861111111111103,0.5198841698841699,0.33779116614453875,0.5024453024453024,0.4171666666666667,0.7857142857142857,0.25405405405405407,0.21752280524163578,0.4200743494423792
neuma,subjectwise,mlp,1,S27,0.5213603448867798,49,0,0.0,0.0,0.5,0.29968234249330306,0.5163265306122449,0.48484848484848486,0.14285714285714285,0.8571428571428571,0.15400609857142855,0.6530612244897959
neuma,subjectwise,mlp,1,S28,0.5213603448867798,152,0,0.09811299233439237,0.09635868218974497,0.5545276142416597,0.21134164699481345,0.4740678441267171,0.5453639082751744,0.3448275862068966,0.7642276422764228,0.27392924500000004,0.6842105263157895
neuma,subjectwise,mlp,1,S29,0.5213603448867798,109,0,-0.09199599492937839,-0.0919599280760337,0.45323928944618597,0.1693309421739056,0.40804597701149425,0.4539499036608863,0.13636363636363635,0.7701149425287356,0.26481126302752295,0.6422018348623854
neuma,subjectwise,mlp,1,S30,0.5213603448867798,53,0,-0.17824040365484461,-0.17603550295857984,0.413768115942029,0.43009140573067317,0.37826086956521743,0.40848214285714285,0.2608695652173913,0.5666666666666667,0.21138479584905656,0.4339622641509434
neuma,subjectwise,mlp,1,S31,0.5083522915840148,99,0,0.1619850213403412,0.1501297664204433,0.5850678733031675,0.41575542155689854,0.571945701357466,0.5591798695246971,0.6470588235294118,0.5230769230769231,0.1753912328282828,0.5656565656565656
neuma,subjectwise,mlp,1,S32,0.5083522915840148,101,0,-0.12039308555572022,-0.11945812807881784,0.44418872266973536,0.26167843571772637,0.5132336018411968,0.4388888888888889,0.09090909090909091,0.7974683544303798,0.24284427277227721,0.6435643564356436
neuma,subjectwise,mlp,1,S33,0.4900023460388183,97,0,-0.024079855254572805,-0.023864157870582936,0.4875,0.3401906348179302,0.451923076923077,0.4859447004608295,0.375,0.6,0.15129798484536083,0.5257731958762887
neuma,subjectwise,mlp,1,S34,0.4845883506536483,235,0,0.16965896664655883,0.14439387670666104,0.6096932361076188,0.2660612028001619,0.6009554940910234,0.5447340612891863,0.5853658536585366,0.634020618556701,0.30175341859574467,0.625531914893617
neuma,subjectwise,mlp,1,S35,0.5213603448867798,101,0,0.06284293746396974,0.05607476635514019,0.5363157894736843,0.2946257842126736,0.5352631578947369,0.5036324786324786,0.52,0.5526315789473685,0.26450864970297033,0.5445544554455446
neuma,subjectwise,mlp,1,S36,0.4845883506536483,51,0,0.1536134171562343,0.15223097112860884,0.5805555555555555,0.4176614455590977,0.5222222222222223,0.5744400527009222,0.4666666666666667,0.6944444444444444,0.18960104392156862,0.6274509803921569
neuma,subjectwise,mlp,1,S37,0.4900023460388183,66,0,-0.037603552349761676,-0.0369685767097967,0.4807692307692308,0.48767835386283465,0.5644230769230769,0.4771668219944082,0.46153846153846156,0.5,0.0987596503030303,0.48484848484848486
neuma,subjectwise,mlp,1,S38,0.4845883506536483,181,0,0.010798434016663612,0.005172971225347545,0.5043290043290043,0.3022934539061579,0.45500927643784783,0.3326827152461505,0.8571428571428571,0.15151515151515152,0.2868184626519337,0.3425414364640884
neuma,subjectwise,mlp,1,S39,0.4900023460388183,39,0,0.13788820796114815,0.13333333333333341,0.5708333333333333,0.46980209064686196,0.5916666666666667,0.5594684385382059,0.6,0.5416666666666666,0.11529510256410258,0.5641025641025641
neuma,subjectwise,mlp,1,S40,0.5296493744850159,65,0,0.040291148201269014,0.039735099337748436,0.5192307692307692,0.5121006452360655,0.5335305719921105,0.5167905665214048,0.34615384615384615,0.6923076923076923,0.11965800892307696,0.5538461538461539
neuma,subjectwise,mlp,1,S41,0.4845883506536483,48,0,-0.04572299568592125,-0.026548672566371723,0.48333333333333334,0.44679021981728523,0.48703703703703705,0.3623453962437013,0.8333333333333334,0.13333333333333333,0.18836772604166666,0.3958333333333333
neuma,subjectwise,mlp,1,S42,0.5213603448867798,63,0,0.2446197692922267,0.23929747530186596,0.6147368421052631,0.4662090822478035,0.5736842105263158,0.6158536585365854,0.44,0.7894736842105263,0.08316563571428567,0.6507936507936508
neuma,subjectwise,mlp,1,S43,0.4845883506536483,86,0,0.2600602101056247,0.24470018170805574,0.647985347985348,0.4185312542746862,0.6637362637362637,0.6124320124320124,0.6190476190476191,0.676923076923077,0.22661136395348835,0.6627906976744186
neuma,subjectwise,mlp,1,S44,0.5296493744850159,82,0,-0.13632697454381432,-0.13494809688581322,0.42613636363636365,0.2067985612059505,0.46117424242424243,0.4305555555555556,0.125,0.7272727272727273,0.31073597158536587,0.6097560975609756
neuma,subjectwise,mlp,2,S01,0.4837256050109863,69,0,-0.05810642093722459,-0.04674046740467408,0.4648148148148148,0.30408718680603786,0.45925925925925926,0.42461122379986477,0.4666666666666667,0.46296296296296297,0.2913168631884058,0.463768115942029
neuma,subjectwise,mlp,2,S02,0.5315428495407104,63,0,0.08574929257125442,0.07999999999999996,0.5357142857142857,0.41734577628092184,0.40702947845804993,0.5278592375366569,0.23809523809523808,0.8333333333333334,0.2362102088888889,0.6349206349206349
neuma,subjectwise,mlp,2,S03,0.4897267651557922,65,0,0.0,0.0,0.5,0.3366908549171869,0.4553571428571429,0.19753086419753085,1.0,0.0,0.3370432033846154,0.24615384615384617
neuma,subjectwise,mlp,2,S05,0.4837256050109863,85,0,-0.06391288954696123,-0.03882099209202017,0.4567307692307692,0.3331698893806343,0.545940170940171,0.3648351648351648,0.5384615384615384,0.375,0.3566685756470589,0.4
neuma,subjectwise,mlp,2,S06,0.4897267651557922,139,0,0.22779395393095542,0.22749166357910333,0.6162878787878787,0.4717180030543699,0.5972222222222222,0.6135310472659871,0.475,0.7575757575757576,0.16471534517985606,0.6762589928057554
neuma,subjectwise,mlp,2,S07,0.5036063015460968,86,0,0.075,0.032583397982932416,0.5375,0.2149358823728556,0.5366071428571428,0.32558139534883723,0.875,0.2,0.365306293372093,0.32558139534883723
neuma,subjectwise,mlp,2,S08,0.4897267651557922,83,0,0.03555626283670829,0.022148916116870976,0.5180491551459293,0.3596802679878201,0.5791090629800306,0.3975029036004646,0.7619047619047619,0.27419354838709675,0.27036518313253005,0.39759036144578314
neuma,subjectwise,mlp,2,S09,0.5036063015460968,120,0,0.105115948061066,0.10483870967741937,0.5504658385093167,0.2985299000433569,0.5349378881987578,0.5520129149429926,0.2857142857142857,0.8152173913043478,0.22432003283333327,0.6916666666666667
neuma,subjectwise,mlp,2,S10,0.497507266998291,273,0,0.05320746118028254,0.05212968849332478,0.5231900452488688,0.21094074311999153,0.5422032718412808,0.5234430703415042,0.17307692307692307,0.8733031674208145,0.2542830517216117,0.73992673992674
neuma,subjectwise,mlp,2,S12,0.497507266998291,103,0,0.09216805029374059,0.06575963718820854,0.5483333333333333,0.3960587551414182,0.6,0.455026455026455,0.75,0.3466666666666667,0.250603505145631,0.4563106796116505
neuma,subjectwise,mlp,2,S13,0.5315428495407104,315,0,-0.003061085130922658,-0.001892055000081383,0.4984445397983266,0.266118129274224,0.5047736537223773,0.38085254362003446,0.7341772151898734,0.2627118644067797,0.33480878377777773,0.38095238095238093
neuma,subjectwise,mlp,2,S14,0.497507266998291,55,0,-0.10694815798662465,-0.08358208955223878,0.44166666666666665,0.22996635136845311,0.3916666666666667,0.39277350284376045,0.5333333333333333,0.35,0.23946542454545455,0.4
neuma,subjectwise,mlp,2,S15,0.5315428495407104,215,0,0.012556309444993552,0.010371147235331835,0.5043525039123631,0.35549885693540995,0.4943270735524257,0.47416488653602057,0.1267605633802817,0.8819444444444444,0.1512604866976744,0.6325581395348837
neuma,subjectwise,mlp,2,S16,0.4897267651557922,224,0,0.017437470039691733,0.011358970849870031,0.510664268277014,0.22336641709143878,0.547603751766671,0.406104203062378,0.6511627906976745,0.3701657458563536,0.31210125924107146,0.42410714285714285
neuma,subjectwise,mlp,2,S17,0.5315428495407104,90,0,0.05292561240249631,0.03448275862068961,0.5132275132275133,0.41270867902932684,0.5343915343915344,0.46790540540540543,0.07407407407407407,0.9523809523809523,0.15009387700000001,0.6888888888888889
neuma,subjectwise,mlp,2,S18,0.5036063015460968,56,0,0.07161148740394328,0.0714285714285714,0.5358974358974359,0.5327106396622534,0.5346153846153846,0.5351213282247764,0.5384615384615384,0.5333333333333333,0.05905851071428575,0.5357142857142857
neuma,subjectwise,mlp,2,S19,0.497507266998291,118,0,-0.15315819641002573,-0.11660561660561641,0.3938888888888889,0.12921291252026573,0.4083333333333333,0.38042005420054203,0.2777777777777778,0.51,0.3417245848305085,0.4745762711864407
neuma,subjectwise,mlp,2,S20,0.4897267651557922,56,0,-0.09691463032223054,-0.06217070600632235,0.45550527903469085,0.31898032657223163,0.4660633484162896,0.35384615384615387,0.7058823529411765,0.20512820512820512,0.2295796871428571,0.35714285714285715
neuma,subjectwise,mlp,2,S21,0.497507266998291,135,0,0.01569412051435861,0.011560693641618491,0.5085714285714286,0.2563257358869102,0.47171428571428575,0.43176783340717767,0.6571428571428571,0.36,0.2567285284444444,0.43703703703703706
neuma,subjectwise,mlp,2,S22,0.4897267651557922,79,0,0.008160021839214947,0.007470288624787713,0.5035714285714286,0.4561566670834369,0.5285714285714286,0.48402471315092677,0.2571428571428571,0.75,0.04608377772151898,0.5316455696202531
neuma,subjectwise,mlp,2,S23,0.497507266998291,70,0,0.11739345417674983,0.10596026490066235,0.5482342807924203,0.4515996178912156,0.5521102497846684,0.5343680709534369,0.25925925925925924,0.8372093023255814,0.10083740514285719,0.6142857142857143
neuma,subjectwise,mlp,2,S24,0.4837256050109863,221,0,0.031914263769151366,0.019169805691269137,0.5237786824574389,0.17783469010917644,0.5932642487046632,0.40522875816993464,0.6071428571428571,0.44041450777202074,0.36573312665158364,0.46153846153846156
neuma,subjectwise,mlp,2,S25,0.5315428495407104,42,0,0.17910983818070983,0.10160427807486638,0.5835777126099706,0.3863479938259059,0.6950146627565983,0.42727272727272725,0.9090909090909091,0.25806451612903225,0.30790185214285715,0.42857142857142855
neuma,subjectwise,mlp,2,S26,0.4837256050109863,269,0,0.0748790345312176,0.058559668753388916,0.5382239382239382,0.34497486589432197,0.5222651222651223,0.4717612567761921,0.7142857142857143,0.3621621621621622,0.19853783486988846,0.4721189591078067
neuma,subjectwise,mlp,2,S27,0.497507266998291,49,0,0.029235267310234306,0.02919708029197088,0.5142857142857142,0.35015578949606796,0.5448979591836735,0.5143453312467396,0.2857142857142857,0.7428571428571429,0.18472244,0.6122448979591837
neuma,subjectwise,mlp,2,S28,0.4897267651557922,152,0,0.003966959706274013,0.003066439522998343,0.5025231286795626,0.2882060346056332,0.5032239977572189,0.44475544380663223,0.5172413793103449,0.4878048780487805,0.30324619256578944,0.4934210526315789
neuma,subjectwise,mlp,2,S29,0.4897267651557922,109,0,0.1621746739766232,0.14047313405464878,0.6000522466039708,0.3704075270079559,0.7053291536050157,0.5441104950880264,0.5909090909090909,0.6091954022988506,0.27029307495412835,0.6055045871559633
neuma,subjectwise,mlp,2,S30,0.5315428495407104,53,0,-0.2608051450249737,-0.24275862068965504,0.37246376811594206,0.39286811575341657,0.39855072463768115,0.35642857142857143,0.4782608695652174,0.26666666666666666,0.16223123698113207,0.3584905660377358
neuma,subjectwise,mlp,2,S31,0.4837256050109863,99,0,0.077785634003507,0.07363710333604567,0.540950226244344,0.4451365006822529,0.5900452488687782,0.5244360902255639,0.5588235294117647,0.5230769230769231,0.14388897585858584,0.5353535353535354
neuma,subjectwise,mlp,2,S32,0.497507266998291,101,0,0.012056216079594367,0.011474856564292923,0.5048906789413119,0.23622755904360992,0.5109321058688148,0.49888793840889645,0.13636363636363635,0.8734177215189873,0.23241175079207915,0.7128712871287128
neuma,subjectwise,mlp,2,S33,0.5036063015460968,97,0,-0.1517259464933774,-0.15168403198449232,0.4247596153846154,0.27638871162318235,0.3778846153846154,0.42408821034775235,0.21875,0.6307692307692307,0.18933141731958764,0.4948453608247423
neuma,subjectwise,mlp,2,S34,0.5036063015460968,235,0,0.08965834612922378,0.08267883177350333,0.5552552175006286,0.24460906251864933,0.5896404324867991,0.5277354059223748,0.4146341463414634,0.6958762886597938,0.3087368945106383,0.6468085106382979
neuma,subjectwise,mlp,2,S35,0.5315428495407104,101,0,0.08019115917337383,0.05703615684943142,0.5442105263157895,0.3438041884182489,0.5715789473684211,0.45005445005445,0.72,0.3684210526315789,0.3087437879207921,0.45544554455445546
neuma,subjectwise,mlp,2,S36,0.5036063015460968,51,0,0.1536134171562343,0.15223097112860884,0.5805555555555555,0.4308344306152565,0.5962962962962963,0.5744400527009222,0.4666666666666667,0.6944444444444444,0.21629445313725487,0.6274509803921569
neuma,subjectwise,mlp,2,S37,0.4897267651557922,66,0,0.18208712839312402,0.16419213973799118,0.5903846153846154,0.48326168209373255,0.5817307692307693,0.5605051664753158,0.7307692307692307,0.45,0.13254030954545454,0.5606060606060606
neuma,subjectwise,mlp,2,S38,0.5036063015460968,181,0,-0.08809753736062298,-0.07516320649297192,0.45060296846011133,0.27381357572491927,0.4421768707482993,0.42157886410378104,0.46938775510204084,0.4318181818181818,0.24270401734806635,0.4419889502762431
neuma,subjectwise,mlp,2,S39,0.4837256050109863,39,0,0.010040241611281236,0.00694444444444442,0.5041666666666667,0.5480572701098518,0.6055555555555555,0.4171195652173913,0.8,0.20833333333333334,0.15237289333333326,0.4358974358974359
neuma,subjectwise,mlp,2,S40,0.4837256050109863,65,0,0.07610194341477615,0.07185628742514971,0.5384615384615385,0.5167120358173807,0.5562130177514792,0.5226249703861644,0.6153846153846154,0.46153846153846156,0.13002387107692306,0.5230769230769231
neuma,subjectwise,mlp,2,S41,0.497507266998291,48,0,0.11547005383792515,0.0714285714285714,0.5444444444444444,0.4497639538325813,0.537037037037037,0.4337568058076225,0.8888888888888888,0.2,0.182355464375,0.4583333333333333
neuma,subjectwise,mlp,2,S42,0.5036063015460968,63,0,0.11272429603813561,0.10358565737051784,0.5478947368421052,0.5591989938163114,0.631578947368421,0.5358090185676393,0.28,0.8157894736842105,0.10175421396825396,0.6031746031746031
neuma,subjectwise,mlp,2,S43,0.5036063015460968,86,0,0.08281780913656599,0.06763035622096036,0.547985347985348,0.4235497135418459,0.6117216117216118,0.48925339366515835,0.6190476190476191,0.47692307692307695,0.2837488986046512,0.5116279069767442
neuma,subjectwise,mlp,2,S44,0.4837256050109863,82,0,0.025587556897847436,0.019362186788154823,0.5160984848484849,0.2697210159539726,0.5047348484848485,0.44807692307692304,0.5625,0.4696969696969697,0.3265340775609757,0.4878048780487805
neuma,subjectwise,mlp,3,S01,0.4806811201572418,69,0,0.07422781156526177,0.035414725069897623,0.5351851851851852,0.35027000583119583,0.6123456790123456,0.3472776960269077,0.8666666666666667,0.2037037037037037,0.2913451456521739,0.34782608695652173
neuma,subjectwise,mlp,3,S02,0.5185347241163254,63,0,-0.04662524041201569,-0.046511627906976605,0.47619047619047616,0.343794841710064,0.5068027210884354,0.47616407982261644,0.3333333333333333,0.6190476190476191,0.17364555952380947,0.5238095238095238
neuma,subjectwise,mlp,3,S03,0.4720668768882751,65,0,0.07142857142857142,0.01015228426395931,0.5102040816326531,0.2669153946958377,0.5051020408163265,0.22,1.0,0.02040816326530612,0.3050153139999999,0.26153846153846155
neuma,subjectwise,mlp,3,S05,0.4806811201572418,85,0,-0.049908609148974055,-0.027305282005371634,0.4674145299145299,0.18082588147360287,0.5181623931623932,0.3442857142857143,0.6153846153846154,0.3194444444444444,0.353225634,0.36470588235294116
neuma,subjectwise,mlp,3,S06,0.5149385166168213,139,0,-0.02445463599979425,-0.024010914051841636,0.48888888888888893,0.34983733564742214,0.5358585858585858,0.484478021978022,0.2,0.7777777777777778,0.15650217237410072,0.6115107913669064
neuma,subjectwise,mlp,3,S07,0.4720668768882751,86,0,0.10559273546969092,0.022053756030324,0.5285714285714286,0.21457392664471295,0.5107142857142857,0.21731936017650302,1.0,0.05714285714285714,0.3447602047674419,0.23255813953488372
neuma,subjectwise,mlp,3,S08,0.5149385166168213,83,0,-0.06423377887317995,-0.05119913769873352,0.46351766513056836,0.29577129715676576,0.48463901689708133,0.417152248617959,0.5238095238095238,0.4032258064516129,0.26558009361445784,0.43373493975903615
neuma,subjectwise,mlp,3,S09,0.4720668768882751,120,0,0.07142857142857142,0.03979238754325254,0.5357142857142857,0.2891397627064857,0.5605590062111802,0.38333333333333336,0.8214285714285714,0.25,0.26402715916666664,0.38333333333333336
neuma,subjectwise,mlp,3,S10,0.5129711627960205,273,0,0.017267626004672326,0.017213555675094083,0.5090497737556561,0.1933012760299952,0.5033936651583711,0.5081081081081081,0.23076923076923078,0.7873303167420814,0.26861782128205125,0.6813186813186813
neuma,subjectwise,mlp,3,S12,0.5129711627960205,103,0,-0.26487308915356683,-0.16366412213740467,0.37238095238095237,0.31089120283400895,0.4185714285714286,0.28094339622641507,0.5714285714285714,0.17333333333333334,0.28031539087378643,0.2815533980582524
neuma,subjectwise,mlp,3,S13,0.5185347241163254,315,0,-0.14083607279127938,-0.08247422680412386,0.4308088393048702,0.2440557087127281,0.4589680326110277,0.31735024040157644,0.6582278481012658,0.2033898305084746,0.31595388025396837,0.31746031746031744
neuma,subjectwise,mlp,3,S14,0.5129711627960205,55,0,-0.0601929265428846,-0.0303797468354432,0.47500000000000003,0.25853414183729195,0.40666666666666673,0.3191702910672466,0.8,0.15,0.3015166641818182,0.32727272727272727
neuma,subjectwise,mlp,3,S15,0.5185347241163254,215,0,0.0029568075292280634,0.0026826133124685514,0.5011737089201878,0.35395001717141983,0.5144757433489828,0.4836665605740575,0.16901408450704225,0.8333333333333334,0.13715607762790694,0.6139534883720931
neuma,subjectwise,mlp,3,S16,0.5149385166168213,224,0,0.04112415688780643,0.034482758620689724,0.5259540023127329,0.21538019573655953,0.526146730052679,0.48127937636134355,0.4883720930232558,0.56353591160221,0.307844024375,0.5491071428571429
neuma,subjectwise,mlp,3,S17,0.5185347241163254,90,0,-0.0507346289431841,-0.04790419161676662,0.47883597883597884,0.3325177213480243,0.5049970605526161,0.4652860295365812,0.14814814814814814,0.8095238095238095,0.16452315399999995,0.6111111111111112
neuma,subjectwise,mlp,3,S18,0.5149385166168213,56,0,-0.01849000654084097,-0.01754385964912286,0.49102564102564106,0.48774487802419964,0.46153846153846156,0.47798135647701706,0.6153846153846154,0.36666666666666664,0.1458379923214286,0.48214285714285715
neuma,subjectwise,mlp,3,S19,0.5129711627960205,118,0,-0.20578087552989496,-0.19292333614153345,0.37277777777777776,0.11049011950894146,0.31277777777777777,0.3909677419354839,0.05555555555555555,0.69,0.32703713466101697,0.5932203389830508
neuma,subjectwise,mlp,3,S20,0.4720668768882751,56,0,-0.20186045040988826,-0.08003857280617144,0.4374057315233786,0.4349982687960165,0.5173453996983408,0.25133689839572193,0.8235294117647058,0.05128205128205128,0.23724280767857137,0.2857142857142857
neuma,subjectwise,mlp,3,S21,0.5129711627960205,135,0,-0.005568244644643669,-0.0036264732547599543,0.49714285714285716,0.335530429537626,0.5465714285714286,0.3922924901185771,0.7142857142857143,0.28,0.2956781699259259,0.3925925925925926
neuma,subjectwise,mlp,3,S22,0.4806811201572418,79,0,0.013872587370490993,0.01379763469119577,0.5068181818181818,0.42046568824313835,0.41688311688311686,0.5055994729907773,0.4,0.6136363636363636,0.07999347189873415,0.5189873417721519
neuma,subjectwise,mlp,3,S23,0.4806811201572418,70,0,0.01589907501872233,0.013709063214013661,0.5077519379844961,0.4600285829315987,0.5676141257536607,0.47045593948067876,0.6666666666666666,0.3488372093023256,0.11409456600000006,0.4714285714285714
neuma,subjectwise,mlp,3,S24,0.4806811201572418,221,0,0.032063141915536705,0.020397756246812726,0.5240562546262028,0.15369349559298934,0.5508882309400444,0.42010913735051664,0.5714285714285714,0.47668393782383417,0.35625687859728505,0.48868778280542985
neuma,subjectwise,mlp,3,S25,0.5185347241163254,42,0,0.2058527788710052,0.1234119782214157,0.5997067448680352,0.38014950817412557,0.6217008797653959,0.45207033465683494,0.9090909090909091,0.2903225806451613,0.2896196026190476,0.4523809523809524
neuma,subjectwise,mlp,3,S26,0.4806811201572418,269,0,0.06462511059366187,0.047240702627674436,0.5317567567567567,0.31652506359577387,0.5045045045045046,0.4496239769962398,0.75,0.31351351351351353,0.18927632743494424,0.44981412639405205
neuma,subjectwise,mlp,3,S27,0.5149385166168213,49,0,0.051726060011187174,0.045454545454545525,0.5285714285714286,0.42609369298318156,0.6224489795918368,0.49310344827586206,0.5714285714285714,0.4857142857142857,0.21876656551020407,0.5102040816326531
neuma,subjectwise,mlp,3,S28,0.5149385166168213,152,0,0.13660934030726327,0.12587859424920134,0.5828427249789739,0.21049506752504688,0.5060274740678441,0.5491100856954516,0.4827586206896552,0.6829268292682927,0.27550983414473684,0.6447368421052632
neuma,subjectwise,mlp,3,S29,0.5149385166168213,109,0,0.03187042842215256,0.031870428422152486,0.5159352142110762,0.2872996828330545,0.5219435736677116,0.5159352142110762,0.22727272727272727,0.8045977011494253,0.2529641364220184,0.6880733944954128
neuma,subjectwise,mlp,3,S30,0.5185347241163254,53,0,-0.041458289013694784,-0.035016835016834946,0.48115942028985503,0.4907905654676701,0.527536231884058,0.4400728597449909,0.6956521739130435,0.26666666666666666,0.1121493526415094,0.4528301886792453
neuma,subjectwise,mlp,3,S31,0.4806811201572418,99,0,0.09050190039895431,0.07238655153408047,0.5445701357466064,0.5087605306328095,0.614027149321267,0.4846381545371032,0.7352941176470589,0.35384615384615387,0.169474671010101,0.48484848484848486
neuma,subjectwise,mlp,3,S32,0.5129711627960205,101,0,0.00793390814100695,0.0074871314927468235,0.5046029919447641,0.21953443598499545,0.4821634062140391,0.4920977011494253,0.36363636363636365,0.6455696202531646,0.2719461601980198,0.5841584158415841
neuma,subjectwise,mlp,3,S33,0.5149385166168213,97,0,-0.19115102906789677,-0.18973717146433033,0.40889423076923076,0.3091770443497845,0.3990384615384615,0.40326428123038294,0.15625,0.6615384615384615,0.1755715551546391,0.4948453608247423
neuma,subjectwise,mlp,3,S34,0.4720668768882751,235,0,0.12593627230437246,0.10467214758371779,0.5820341966306262,0.2792904351215933,0.6063615790797083,0.5187436676798379,0.5609756097560976,0.6030927835051546,0.28500378812765953,0.5957446808510638
neuma,subjectwise,mlp,3,S35,0.5185347241163254,101,0,0.04598972797874938,0.020836347851251436,0.5189473684210526,0.3337521785696416,0.6263157894736842,0.33006633006633007,0.88,0.15789473684210525,0.3261256263366336,0.33663366336633666
neuma,subjectwise,mlp,3,S36,0.5129711627960205,51,0,-0.04599986370430946,-0.039301310043668325,0.475,0.2586154563774601,0.40925925925925927,0.44043887147335425,0.5333333333333333,0.4166666666666667,0.24766127176470593,0.45098039215686275
neuma,subjectwise,mlp,3,S37,0.5129711627960205,66,0,-0.027735009811261455,-0.0235294117647058,0.4894230769230769,0.44369784868168105,0.5067307692307692,0.4554765291607397,0.15384615384615385,0.825,0.058222109090909066,0.5606060606060606
neuma,subjectwise,mlp,3,S38,0.4720668768882751,181,0,0.08081156233234414,0.061971523648464366,0.543908472479901,0.2823093296348449,0.4914965986394558,0.46989548971853135,0.6938775510204082,0.3939393939393939,0.22608427342541443,0.47513812154696133
neuma,subjectwise,mlp,3,S39,0.4720668768882751,39,0,0.12824729401064427,0.032362459546925404,0.5208333333333334,0.4011474139621335,0.41388888888888886,0.3230188679245283,1.0,0.041666666666666664,0.137101841025641,0.41025641025641024
neuma,subjectwise,mlp,3,S40,0.5149385166168213,65,0,0.056143461404434596,0.05405405405405406,0.5256410256410257,0.46641287650561014,0.5207100591715976,0.5190274841437632,0.3076923076923077,0.7435897435897436,0.0969070786153846,0.5692307692307692
neuma,subjectwise,mlp,3,S41,0.5129711627960205,48,0,0.23619372616738768,0.2359550561797753,0.6166666666666667,0.5643842231974882,0.7037037037037037,0.6177985948477751,0.5,0.7333333333333333,0.11165162833333334,0.6458333333333334
neuma,subjectwise,mlp,3,S42,0.4720668768882751,63,0,0.10056531140956397,0.07776761207685268,0.5447368421052632,0.5570680377675823,0.6063157894736843,0.4814814814814815,0.8,0.2894736842105263,0.10519069269841269,0.49206349206349204
neuma,subjectwise,mlp,3,S43,0.4720668768882751,86,0,0.18946618668626836,0.16279069767441856,0.6102564102564103,0.40413588009376866,0.641025641025641,0.5520833333333333,0.6666666666666666,0.5538461538461539,0.23155613511627904,0.5813953488372093
neuma,subjectwise,mlp,3,S44,0.4806811201572418,82,0,-0.13412757551971435,-0.07152682255845955,0.42613636363636365,0.19197511642843174,0.43560606060606055,0.30228392297357815,0.625,0.22727272727272727,0.30545968865853657,0.3048780487804878
neuma,subjectwise,mlp,4,S01,0.4662141409516334,69,0,-0.09772811843159819,-0.06858407079646023,0.4425925925925926,0.20312209663212502,0.4037037037037037,0.3754310344827586,0.5333333333333333,0.35185185185185186,0.26460596144927545,0.391304347826087
neuma,subjectwise,mlp,4,S02,0.4941967970132828,63,0,-0.13608276348795434,-0.1333333333333333,0.4285714285714286,0.4142461859133887,0.48185941043083896,0.4278846153846154,0.3333333333333333,0.5238095238095238,0.1415017222222223,0.4603174603174603
neuma,subjectwise,mlp,4,S03,0.4902321314811707,65,0,0.07142857142857142,0.01015228426395931,0.5102040816326531,0.25097490678028095,0.47066326530612246,0.22,1.0,0.02040816326530612,0.31837197569230774,0.26153846153846155
neuma,subjectwise,mlp,4,S05,0.4662141409516334,85,0,0.1307440900921227,0.05315614617940201,0.5726495726495726,0.3093144308897744,0.5705128205128206,0.32792342904702454,0.9230769230769231,0.2222222222222222,0.3533438242352941,0.32941176470588235
neuma,subjectwise,mlp,4,S06,0.4913101363182068,139,0,-0.0029876047465584215,-0.002985817367504362,0.49848484848484853,0.32185102024178425,0.4835858585858586,0.4983822797411648,0.3,0.696969696969697,0.17515451654676262,0.5827338129496403
neuma,subjectwise,mlp,4,S07,0.4941967970132828,86,0,-0.08634744294468638,-0.0840336134453783,0.45089285714285715,0.1873461097238607,0.4464285714285714,0.45286292654713706,0.1875,0.7142857142857143,0.2839543006976744,0.6162790697674418
neuma,subjectwise,mlp,4,S08,0.4913101363182068,83,0,0.12929469035621147,0.0657691458839108,0.5572196620583717,0.39831127133689803,0.6036866359447004,0.3823143148985846,0.9047619047619048,0.20967741935483872,0.2834968472289156,0.3855421686746988
neuma,subjectwise,mlp,4,S09,0.4941967970132828,120,0,0.02271479224408087,0.020935960591133118,0.5131987577639752,0.271234279782427,0.5275621118012422,0.4932674687275914,0.42857142857142855,0.5978260869565217,0.2560245761666667,0.5583333333333333
neuma,subjectwise,mlp,4,S10,0.4913101363182068,273,0,0.08038454813782707,0.073139974779319,0.5492081447963801,0.22868532317732684,0.5674382178907066,0.5194064883896388,0.4423076923076923,0.6561085972850679,0.26327057820512817,0.6153846153846154
neuma,subjectwise,mlp,4,S12,0.46859588265419,103,0,-0.02225775067952074,-0.01126191163730872,0.4907142857142857,0.2963422788317715,0.4990476190476191,0.3321891685736079,0.8214285714285714,0.16,0.24685552941747574,0.33980582524271846
neuma,subjectwise,mlp,4,S13,0.4902321314811707,315,0,-0.02691202725214858,-0.017676894491035933,0.48583994850890366,0.25569219998943044,0.49372452263462774,0.3860889234466671,0.6835443037974683,0.288135593220339,0.2691175666349206,0.3873015873015873
neuma,subjectwise,mlp,4,S14,0.4913101363182068,55,0,-0.20881008401605156,-0.14647887323943665,0.39166666666666666,0.27080186632413056,0.45166666666666666,0.3263819927176431,0.5333333333333333,0.25,0.25086651127272735,0.32727272727272727
neuma,subjectwise,mlp,4,S15,0.4902321314811707,215,0,-0.00438810644624116,-0.0033662305867951936,0.49784820031298904,0.3204872314140994,0.4782863849765258,0.4322510822510822,0.6901408450704225,0.3055555555555556,0.18213211762790701,0.4325581395348837
neuma,subjectwise,mlp,4,S16,0.46859588265419,224,0,0.10770291237504458,0.03127472179737345,0.5380958499293331,0.2341675638236004,0.5927020429140434,0.2593548387096774,0.9767441860465116,0.09944751381215469,0.32993413406250005,0.26785714285714285
neuma,subjectwise,mlp,4,S17,0.4902321314811707,90,0,0.047619047619047616,0.04761904761904756,0.5238095238095238,0.39643826058781045,0.5584950029394473,0.5238095238095238,0.3333333333333333,0.7142857142857143,0.16257620877777781,0.6
neuma,subjectwise,mlp,4,S18,0.4913101363182068,56,0,0.06010025069647601,0.04390243902439017,0.5230769230769231,0.5100499359062839,0.5397435897435897,0.4555555555555556,0.8461538461538461,0.2,0.07097256857142861,0.5
neuma,subjectwise,mlp,4,S19,0.4913101363182068,118,0,-0.1941083786910361,-0.10798122065727678,0.37222222222222223,0.10479128282112475,0.2694444444444445,0.2976190476190476,0.4444444444444444,0.3,0.361502283559322,0.3220338983050847
neuma,subjectwise,mlp,4,S20,0.4662141409516334,56,0,-0.06458659072005167,-0.03810504634397516,0.4720965309200603,0.4048021025911469,0.5143288084464556,0.34967741935483876,0.7647058823529411,0.1794871794871795,0.20145725660714286,0.35714285714285715
neuma,subjectwise,mlp,4,S21,0.46859588265419,135,0,0.02072789286028605,0.009888751545117369,0.5085714285714286,0.3547834623483286,0.5505714285714285,0.3335736868378723,0.8571428571428571,0.16,0.2600632678518519,0.34074074074074073
neuma,subjectwise,mlp,4,S22,0.4662141409516334,79,0,-0.07662337662337662,-0.07465991774754821,0.4616883116883117,0.44336123026504,0.4493506493506493,0.45569620253164556,0.5142857142857142,0.4090909090909091,0.09354443848101265,0.45569620253164556
neuma,subjectwise,mlp,4,S23,0.4913101363182068,70,0,0.24937940429085179,0.23016496465043212,0.6261843238587425,0.44333287099461444,0.6192937123169682,0.5996732026143792,0.7407407407407407,0.5116279069767442,0.12680941571428567,0.6
neuma,subjectwise,mlp,4,S24,0.4662141409516334,221,0,0.018407949218426655,0.008121393460141069,0.5123056994818653,0.17460851309736092,0.5834566987416728,0.32059727711901626,0.75,0.27461139896373055,0.36153836574660636,0.334841628959276
neuma,subjectwise,mlp,4,S25,0.4902321314811707,42,0,0.04741339532986816,0.03262955854126681,0.5249266862170088,0.2922737390959897,0.5073313782991202,0.42727272727272725,0.7272727272727273,0.3225806451612903,0.24809238476190476,0.42857142857142855
neuma,subjectwise,mlp,4,S26,0.4662141409516334,269,0,-0.02239920036207304,-0.017874035349763506,0.48844916344916345,0.34951854844716135,0.49819819819819816,0.43399778516057586,0.6309523809523809,0.34594594594594597,0.18422632728624536,0.4349442379182156
neuma,subjectwise,mlp,4,S27,0.4913101363182068,49,0,0.14224666503076472,0.1250000000000001,0.5785714285714285,0.4400009156542257,0.5918367346938775,0.5353448275862069,0.6428571428571429,0.5142857142857142,0.22668302163265303,0.5510204081632653
neuma,subjectwise,mlp,4,S28,0.46859588265419,152,0,-0.03026222499207371,-0.027237354085603016,0.4813568825343426,0.21780869591743174,0.4482758620689655,0.46490292297845104,0.3448275862068966,0.6178861788617886,0.2648873739473684,0.5657894736842105
neuma,subjectwise,mlp,4,S29,0.4913101363182068,109,0,0.12398009489511697,0.10327323647820763,0.5770637408568443,0.24894006226238846,0.5606060606060606,0.5160132262635806,0.5909090909090909,0.5632183908045977,0.2877215033944954,0.5688073394495413
neuma,subjectwise,mlp,4,S30,0.4902321314811707,53,0,-0.0046939218642500944,-0.004059539918809252,0.49782608695652175,0.518667288266581,0.5260869565217391,0.4623188405797102,0.6956521739130435,0.3,0.07395251000000004,0.4716981132075472
neuma,subjectwise,mlp,4,S31,0.46859588265419,99,0,0.12660707175188088,0.09045936395759724,0.5579185520361991,0.5327580619402023,0.6479638009049774,0.4703703703703703,0.8235294117647058,0.2923076923076923,0.17655466909090906,0.47474747474747475
neuma,subjectwise,mlp,4,S32,0.46859588265419,101,0,-0.11190666708289351,-0.10772605410675129,0.4364211737629459,0.22110218599890363,0.46490218642117376,0.43784786641929496,0.22727272727272727,0.6455696202531646,0.22769506534653472,0.5544554455445545
neuma,subjectwise,mlp,4,S33,0.4941967970132828,97,0,-0.1898681017177347,-0.18867052023121378,0.40192307692307694,0.28807837056180685,0.41009615384615383,0.40394202898550724,0.25,0.5538461538461539,0.17969648546391748,0.4536082474226804
neuma,subjectwise,mlp,4,S34,0.4941967970132828,235,0,0.16796582868782162,0.16316768535742754,0.5964923309026905,0.24722700837711856,0.5771938647221523,0.5775309238240898,0.4146341463414634,0.7783505154639175,0.2626532912340426,0.7148936170212766
neuma,subjectwise,mlp,4,S35,0.4902321314811707,101,0,0.12780298603266826,0.07748031496062979,0.5647368421052632,0.29413504396220724,0.5963157894736842,0.4256862745098039,0.84,0.2894736842105263,0.2708416703960396,0.42574257425742573
neuma,subjectwise,mlp,4,S36,0.4662141409516334,51,0,-0.21466262799949395,-0.17118997912317324,0.3861111111111111,0.25463844242139383,0.4037037037037037,0.34893617021276596,0.4666666666666667,0.3055555555555556,0.19147572823529418,0.35294117647058826
neuma,subjectwise,mlp,4,S37,0.46859588265419,66,0,0.19124092337878795,0.1482098251457118,0.5855769230769231,0.5247232493118023,0.5923076923076924,0.5214035087719298,0.8461538461538461,0.325,0.110269796969697,0.5303030303030303
neuma,subjectwise,mlp,4,S38,0.4941967970132828,181,0,-0.03476762977060163,-0.03254246078050049,0.4805967841682127,0.2904875277884612,0.4567099567099567,0.46821581196581197,0.40816326530612246,0.553030303030303,0.21449417508287294,0.5138121546961326
neuma,subjectwise,mlp,4,S39,0.46859588265419,39,0,-0.17748239349298847,-0.15555555555555545,0.4125,0.47784539705652257,0.4833333333333333,0.38421052631578945,0.5333333333333333,0.2916666666666667,0.10521323923076925,0.38461538461538464
neuma,subjectwise,mlp,4,S40,0.4941967970132828,65,0,0.16666666666666666,0.16666666666666663,0.5833333333333333,0.5455088000335947,0.5690335305719921,0.5833333333333333,0.5,0.6666666666666666,0.09245499538461538,0.6
neuma,subjectwise,mlp,4,S41,0.4913101363182068,48,0,0.0778498944161523,0.03448275862068961,0.5222222222222223,0.41403701786913405,0.5722222222222222,0.36242884250474383,0.9444444444444444,0.1,0.19019718208333336,0.4166666666666667
neuma,subjectwise,mlp,4,S42,0.4662141409516334,63,0,0.11239029738980327,0.10572687224669608,0.5568421052631579,0.46300548579377865,0.5442105263157895,0.53921815889029,0.64,0.47368421052631576,0.08419685650793651,0.5396825396825397
neuma,subjectwise,mlp,4,S43,0.4941967970132828,86,0,0.03862280348103337,0.036341611144760866,0.521978021978022,0.3637004339278669,0.5772893772893772,0.5055167055167056,0.42857142857142855,0.6153846153846154,0.23784565081395348,0.5697674418604651
neuma,subjectwise,mlp,4,S44,0.4662141409516334,82,0,-0.03482128725155604,-0.02193419740777669,0.47916666666666663,0.19651921375437437,0.44602272727272724,0.3768996960486322,0.625,0.3333333333333333,0.28459159621951213,0.3902439024390244
neuma,subjectwise,svm_rbf,0,S01,0.2959605840560667,69,0,0.2300894966542111,0.1005586592178771,0.5333333333333333,0.27426412055455524,0.4814814814814815,0.5051229508196722,0.06666666666666667,1.0,0.05428153705714031,0.7971014492753623
neuma,subjectwise,svm_rbf,0,S02,0.2257594232883982,63,0,-0.17960530202677488,-0.031999999999999806,0.47619047619047616,0.3841967804086632,0.5102040816326531,0.24096385542168675,0.9523809523809523,0.0,0.09208120584793486,0.31746031746031744
neuma,subjectwise,svm_rbf,0,S03,0.2257594232883982,65,0,0.0,0.0,0.5,0.4469957827801093,0.6836734693877551,0.19753086419753085,1.0,0.0,0.007223891354478179,0.24615384615384617
neuma,subjectwise,svm_rbf,0,S05,0.2959605840560667,85,0,0.14967871403054583,0.09648405560098106,0.531517094017094,0.21320976412496337,0.5235042735042735,0.524731182795699,0.07692307692307693,0.9861111111111112,0.11326831445299845,0.8470588235294118
neuma,subjectwise,svm_rbf,0,S06,0.290684411956774,139,0,-0.038095469344767464,-0.02692497126908555,0.48964646464646466,0.2783035988089635,0.4588383838383838,0.4425630514214419,0.05,0.9292929292929293,0.009010139747179735,0.6762589928057554
neuma,subjectwise,svm_rbf,0,S07,0.2774702536711196,86,0,0.00890870806374748,0.007290400972053468,0.5026785714285714,0.19894856918333592,0.5044642857142857,0.4847051403342794,0.0625,0.9428571428571428,0.0696400627001687,0.7790697674418605
neuma,subjectwise,svm_rbf,0,S08,0.290684411956774,83,0,0.0,0.0,0.5,0.31150162808069165,0.5015360983102919,0.42758620689655175,0.0,1.0,0.020988256559117957,0.7469879518072289
neuma,subjectwise,svm_rbf,0,S09,0.2774702536711196,120,0,0.11707874272593882,0.07079646017699115,0.5248447204968945,0.34007844482680993,0.5170807453416149,0.4951923076923077,0.07142857142857142,0.9782608695652174,0.0276933833397906,0.7666666666666667
neuma,subjectwise,svm_rbf,0,S10,0.290684411956774,273,0,-0.019672236884115842,-0.01183431952662728,0.49604072398190047,0.17349609871812785,0.4520536025060912,0.4584275919674242,0.019230769230769232,0.9728506787330317,0.08422181333106893,0.7912087912087912
neuma,subjectwise,svm_rbf,0,S12,0.2257594232883982,103,0,-0.0672825561040135,-0.023132398965845624,0.4797619047619048,0.31702811332965125,0.5366666666666666,0.26349299637574686,0.8928571428571429,0.06666666666666667,0.03260747644442136,0.2912621359223301
neuma,subjectwise,svm_rbf,0,S13,0.3299787178209342,315,0,-0.0462487898269695,-0.012540180165879766,0.4957627118644068,0.2573049785937913,0.4833726668096974,0.4262295081967213,0.0,0.9915254237288136,0.012392710122871234,0.7428571428571429
neuma,subjectwise,svm_rbf,0,S14,0.2959605840560667,55,0,-0.08333333333333333,-0.03529411764705892,0.4875,0.4241496282929034,0.6083333333333334,0.4148936170212766,0.0,0.975,0.008151049118867049,0.7090909090909091
neuma,subjectwise,svm_rbf,0,S15,0.3299787178209342,215,0,-0.023489157882197877,-0.008870604872404764,0.49662558685446007,0.33411336000445435,0.4809272300469484,0.41051643192488263,0.014084507042253521,0.9791666666666666,0.08789226013527078,0.6604651162790698
neuma,subjectwise,svm_rbf,0,S16,0.2257594232883982,224,0,-0.005466023271366267,-0.0014035452513385671,0.49826545034048564,0.1911136290200797,0.43350892971861754,0.2199546485260771,0.9302325581395349,0.06629834254143646,0.04819533705855639,0.23214285714285715
neuma,subjectwise,svm_rbf,0,S17,0.3299787178209342,90,0,0.14858083138673644,0.07801418439716323,0.5291005291005291,0.4320823267965294,0.5631981187536743,0.48,0.07407407407407407,0.9841269841269841,0.03489094809880201,0.7111111111111111
neuma,subjectwise,svm_rbf,0,S18,0.2774702536711196,56,0,0.0,0.0,0.5,0.48640369119032956,0.5333333333333334,0.3488372093023256,0.0,1.0,0.20573838617568835,0.5357142857142857
neuma,subjectwise,svm_rbf,0,S19,0.290684411956774,118,0,0.0,0.0,0.5,0.18301873099715477,0.5844444444444443,0.45871559633027525,0.0,1.0,0.12153266338081756,0.847457627118644
neuma,subjectwise,svm_rbf,0,S20,0.2959605840560667,56,0,0.0,0.0,0.5,0.5350228579195061,0.6108597285067874,0.4105263157894737,0.0,1.0,0.036959518145837755,0.6964285714285714
neuma,subjectwise,svm_rbf,0,S21,0.2257594232883982,135,0,0.0,0.0,0.5,0.32155004567583256,0.514,0.20588235294117646,1.0,0.0,0.015336469598592917,0.25925925925925924
neuma,subjectwise,svm_rbf,0,S22,0.3299787178209342,79,0,0.0,0.0,0.5,0.43964129151900927,0.4720779220779221,0.35772357723577236,0.0,1.0,0.17867581773350005,0.5569620253164557
neuma,subjectwise,svm_rbf,0,S23,0.2959605840560667,70,0,0.04026562259260908,0.01664932362122784,0.5068906115417743,0.34798123487369137,0.37381567614125755,0.41286113699906807,0.037037037037037035,0.9767441860465116,0.10935011488227636,0.6142857142857143
neuma,subjectwise,svm_rbf,0,S24,0.2959605840560667,221,0,0.05032791806977337,0.03183411214953258,0.5100851221317543,0.140613510101169,0.46669133974833465,0.4946646341463415,0.03571428571428571,0.9844559585492227,0.14219042978293867,0.8642533936651584
neuma,subjectwise,svm_rbf,0,S25,0.290684411956774,42,0,-0.0930301170323837,-0.045643153526971014,0.4838709677419355,0.3078195192434791,0.5190615835777126,0.4166666666666667,0.0,0.967741935483871,0.010943563158307745,0.7142857142857143
neuma,subjectwise,svm_rbf,0,S26,0.2959605840560667,269,0,0.061187628587933245,0.026118438065683813,0.5097490347490348,0.3576638813324836,0.5281853281853283,0.4395833333333333,0.03571428571428571,0.9837837837837838,0.03964691875876546,0.6877323420074349
neuma,subjectwise,svm_rbf,0,S27,0.2774702536711196,49,0,0.0,0.0,0.5,0.2995382181141981,0.5081632653061224,0.4166666666666667,0.0,1.0,0.02623569191034486,0.7142857142857143
neuma,subjectwise,svm_rbf,0,S28,0.2257594232883982,152,0,0.026803135402091772,0.00565472890564378,0.5071488645920942,0.19331746293502494,0.4751892346509672,0.2070733863837312,0.9655172413793104,0.04878048780487805,0.051948946774885624,0.2236842105263158
neuma,subjectwise,svm_rbf,0,S29,0.290684411956774,109,0,-0.08459786616109806,-0.050906286155032676,0.4827586206896552,0.17740947897585896,0.4090909090909091,0.43523316062176165,0.0,0.9655172413793104,0.07597466995212315,0.7706422018348624
neuma,subjectwise,svm_rbf,0,S30,0.2257594232883982,53,0,0.21447610589527216,0.08795411089866156,0.55,0.6373642605334212,0.6115942028985507,0.4059775840597758,1.0,0.1,0.19233847885614958,0.49056603773584906
neuma,subjectwise,svm_rbf,0,S31,0.290684411956774,99,0,-0.09455316327882023,-0.05912162162162171,0.47624434389140274,0.3268391344173219,0.40542986425339367,0.404746835443038,0.029411764705882353,0.9230769230769231,0.06703381339216413,0.6161616161616161
neuma,subjectwise,svm_rbf,0,S32,0.2257594232883982,101,0,0.0,0.0,0.5,0.20957839290800606,0.43383199079401613,0.17886178861788618,1.0,0.0,0.02800181174195196,0.21782178217821782
neuma,subjectwise,svm_rbf,0,S33,0.2774702536711196,97,0,0.18391962913260815,0.1187159297395518,0.5471153846153847,0.46742279764479433,0.6399038461538461,0.5091093117408907,0.125,0.9692307692307692,0.0666634251317258,0.6907216494845361
neuma,subjectwise,svm_rbf,0,S34,0.2774702536711196,235,0,-0.06778165170886508,-0.039423076923077005,0.48711340206185566,0.14436929405978075,0.4224289665577068,0.44575471698113206,0.0,0.9742268041237113,0.08494751205219533,0.8042553191489362
neuma,subjectwise,svm_rbf,0,S35,0.3299787178209342,101,0,0.0,0.0,0.5,0.2517394824235306,0.45526315789473687,0.4293785310734463,0.0,1.0,0.0026446291353584075,0.7524752475247525
neuma,subjectwise,svm_rbf,0,S36,0.3299787178209342,51,0,0.0,0.0,0.5,0.4494453777178499,0.5777777777777778,0.41379310344827586,0.0,1.0,0.05271743600022948,0.7058823529411765
neuma,subjectwise,svm_rbf,0,S37,0.2257594232883982,66,0,-0.15384615384615385,-0.03046458492003068,0.4807692307692308,0.33773058826840463,0.3730769230769231,0.27472527472527475,0.9615384615384616,0.0,0.1531212933150234,0.3787878787878788
neuma,subjectwise,svm_rbf,0,S38,0.2774702536711196,181,0,0.0,0.0,0.5,0.29560652083877803,0.5293753865182436,0.4217252396166134,0.0,1.0,0.014247938008119299,0.7292817679558011
neuma,subjectwise,svm_rbf,0,S39,0.2959605840560667,39,0,0.0,0.0,0.5,0.46787885153177156,0.45555555555555555,0.38095238095238093,0.0,1.0,0.1146233030053515,0.6153846153846154
neuma,subjectwise,svm_rbf,0,S40,0.290684411956774,65,0,0.0,0.0,0.5,0.32379889664184436,0.34812623274161736,0.375,0.0,1.0,0.12286618654968356,0.6
neuma,subjectwise,svm_rbf,0,S41,0.3299787178209342,48,0,-0.2,-0.1200000000000001,0.45,0.3117645379056835,0.3203703703703703,0.36,0.0,0.9,0.14029056200534765,0.5625
neuma,subjectwise,svm_rbf,0,S42,0.2774702536711196,63,0,-0.18136906252750293,-0.09293680297397766,0.4605263157894737,0.3317374511865605,0.3684210526315789,0.35714285714285715,0.0,0.9210526315789473,0.13677975520126806,0.5555555555555556
neuma,subjectwise,svm_rbf,0,S43,0.2774702536711196,86,0,-0.08770580193070292,-0.04435058078141485,0.4846153846153846,0.2501101332818335,0.5267399267399266,0.4228187919463087,0.0,0.9692307692307692,0.011885565290316202,0.7325581395348837
neuma,subjectwise,svm_rbf,0,S44,0.2959605840560667,82,0,-0.05470732932414788,-0.023494860499265746,0.49242424242424243,0.2818865932166005,0.65625,0.4421768707482993,0.0,0.9848484848484849,0.07431773635411948,0.7926829268292683
neuma,subjectwise,svm_rbf,1,S01,0.2688809500315473,69,0,0.1183776456867665,0.07008086253369272,0.5240740740740741,0.25177459983056744,0.3802469135802469,0.49684005833738454,0.06666666666666667,0.9814814814814815,0.04046198272412846,0.782608695652174
neuma,subjectwise,svm_rbf,1,S02,0.3233317042850309,63,0,0.17960530202677488,0.06250000000000011,0.5238095238095238,0.41799497622268394,0.46258503401360546,0.4493006993006993,0.047619047619047616,1.0,0.06732216424438227,0.6825396825396826
neuma,subjectwise,svm_rbf,1,S03,0.3233317042850309,65,0,0.0,0.0,0.5,0.3425070385224245,0.6619897959183674,0.4298245614035088,0.0,1.0,0.014647961262551745,0.7538461538461538
neuma,subjectwise,svm_rbf,1,S05,0.2714278667369467,85,0,-0.05992437462555623,-0.011216859279401747,0.4823717948717949,0.23920276075356237,0.4658119658119659,0.1671332586786114,0.9230769230769231,0.041666666666666664,0.12913708033665267,0.17647058823529413
neuma,subjectwise,svm_rbf,1,S06,0.2688809500315473,139,0,0.0,0.0,0.5,0.2823327893682852,0.4997474747474748,0.41596638655462187,0.0,1.0,0.032896285630870215,0.7122302158273381
neuma,subjectwise,svm_rbf,1,S07,0.3233317042850309,86,0,0.03629750281770625,0.027638190954773934,0.5098214285714286,0.17398728440023142,0.4160714285714286,0.4907894736842105,0.0625,0.9571428571428572,0.09017926991823651,0.7906976744186046
neuma,subjectwise,svm_rbf,1,S08,0.2714278667369467,83,0,0.0015590174152634452,0.0004014452027297777,0.5003840245775729,0.22422227639906117,0.4278033794162826,0.24545454545454548,0.9523809523809523,0.04838709677419355,0.027736698180724884,0.27710843373493976
neuma,subjectwise,svm_rbf,1,S09,0.3233317042850309,120,0,0.22684006403150647,0.13716814159292035,0.5481366459627329,0.3935469602924414,0.5197981366459627,0.53125,0.10714285714285714,0.9891304347826086,0.0916938352311654,0.7833333333333333
neuma,subjectwise,svm_rbf,1,S10,0.2675154615987994,273,0,-0.013001274187308594,-0.009615384615384581,0.49660633484162897,0.18966352680551685,0.42316394013226594,0.46900933609958506,0.038461538461538464,0.9547511312217195,0.06773550745632234,0.7802197802197802
neuma,subjectwise,svm_rbf,1,S12,0.2675154615987994,103,0,-0.060499014198202014,-0.01910610713067218,0.49333333333333335,0.2998445382252361,0.5228571428571429,0.4180790960451977,0.0,0.9866666666666667,0.019488592956196094,0.7184466019417476
neuma,subjectwise,svm_rbf,1,S13,0.2413092200762535,315,0,0.006148459345780489,0.00589712284904742,0.5034327397554172,0.2750464056516705,0.5380283201029821,0.4940856496406842,0.379746835443038,0.6271186440677966,0.010878531706680572,0.5650793650793651
neuma,subjectwise,svm_rbf,1,S14,0.2714278667369467,55,0,0.14708710135363803,0.042352941176470704,0.5375,0.42019670876452475,0.6000000000000001,0.2936480388753905,1.0,0.075,0.024237935314235567,0.32727272727272727
neuma,subjectwise,svm_rbf,1,S15,0.2413092200762535,215,0,-0.09236608541704894,-0.092321091595297,0.45334507042253525,0.31612735949427073,0.47055946791862285,0.4537205081669691,0.28169014084507044,0.625,0.09178540395740145,0.5116279069767442
neuma,subjectwise,svm_rbf,1,S16,0.2714278667369467,224,0,-0.12975465697626795,-0.020848020948735835,0.473403571887447,0.21547154642875846,0.45766413979185405,0.169299485729506,0.9302325581395349,0.016574585635359115,0.08962667594141768,0.19196428571428573
neuma,subjectwise,svm_rbf,1,S17,0.2413092200762535,90,0,0.051817744397510426,0.04458598726114649,0.5185185185185185,0.3606859550283047,0.49794238683127573,0.4996293550778354,0.14814814814814814,0.8888888888888888,0.06453520092355802,0.6666666666666666
neuma,subjectwise,svm_rbf,1,S18,0.3233317042850309,56,0,0.0,0.0,0.5,0.47745764661993056,0.5512820512820513,0.3488372093023256,0.0,1.0,0.2141926556262546,0.5357142857142857
neuma,subjectwise,svm_rbf,1,S19,0.2675154615987994,118,0,0.08121461201353397,0.05400843881856532,0.5177777777777778,0.18619094994183075,0.5238888888888888,0.5034330011074197,0.05555555555555555,0.98,0.1034878566752204,0.8389830508474576
neuma,subjectwise,svm_rbf,1,S20,0.2413092200762535,56,0,-0.09299019479515987,-0.08667529107373872,0.44947209653092,0.2570879611730994,0.4012066365007541,0.4385026737967914,0.4117647058823529,0.48717948717948717,0.06337870490493736,0.4642857142857143
neuma,subjectwise,svm_rbf,1,S21,0.2675154615987994,135,0,-0.051107145278399796,-0.014613778705636848,0.495,0.2910268067959493,0.5242857142857142,0.4230769230769231,0.0,0.99,0.0037223292444949485,0.7333333333333333
neuma,subjectwise,svm_rbf,1,S22,0.2675154615987994,79,0,-0.10098581681669559,-0.02523431867339565,0.48863636363636365,0.4217919702856549,0.4662337662337662,0.3524590163934426,0.0,0.9772727272727273,0.18399737845150183,0.5443037974683544
neuma,subjectwise,svm_rbf,1,S23,0.2675154615987994,70,0,-0.095394450112334,-0.02833158447009443,0.4883720930232558,0.3290488120406664,0.38070628768303183,0.375,0.0,0.9767441860465116,0.12763358650073664,0.6
neuma,subjectwise,svm_rbf,1,S24,0.2688809500315473,221,0,0.05106741419837699,0.04870865428183058,0.5198926720947447,0.14210766835791191,0.47705403404885266,0.5204431247144815,0.10714285714285714,0.9326424870466321,0.1300180502837157,0.8280542986425339
neuma,subjectwise,svm_rbf,1,S25,0.2714278667369467,42,0,-0.17569564951772032,-0.06546644844517191,0.4413489736070382,0.3003911777372188,0.4809384164222874,0.24081632653061225,0.8181818181818182,0.06451612903225806,0.018731660385229443,0.2619047619047619
neuma,subjectwise,svm_rbf,1,S26,0.2688809500315473,269,0,-0.09273353546322172,-0.03636206224838734,0.4864864864864865,0.2790165586237624,0.46750321750321744,0.40089086859688194,0.0,0.972972972972973,0.058978405136096534,0.6691449814126395
neuma,subjectwise,svm_rbf,1,S27,0.2714278667369467,49,0,0.0,0.0,0.5,0.3468444761641463,0.563265306122449,0.2222222222222222,1.0,0.0,0.00039116297633973174,0.2857142857142857
neuma,subjectwise,svm_rbf,1,S28,0.2714278667369467,152,0,0.05606809642135502,0.006267559974065362,0.508130081300813,0.2311868087117259,0.49341183067003086,0.17801117318435755,1.0,0.016260162601626018,0.0930787590087673,0.20394736842105263
neuma,subjectwise,svm_rbf,1,S29,0.2714278667369467,109,0,0.0687503356958181,0.009408745856944178,0.5114942528735632,0.2976771235228562,0.6415882967607105,0.19301454577127428,1.0,0.022988505747126436,0.08099251075349123,0.22018348623853212
neuma,subjectwise,svm_rbf,1,S30,0.2714278667369467,53,0,-0.02638599092686087,-0.008883248730964466,0.49492753623188407,0.5442009911806229,0.5289855072463768,0.3285472972972973,0.9565217391304348,0.03333333333333333,0.15335936536963823,0.4339622641509434
neuma,subjectwise,svm_rbf,1,S31,0.2675154615987994,99,0,0.0,0.0,0.5,0.32968625745500985,0.45384615384615384,0.39634146341463417,0.0,1.0,0.08696442660980419,0.6565656565656566
neuma,subjectwise,svm_rbf,1,S32,0.2675154615987994,101,0,-0.05277130021690084,-0.01930671347082047,0.4936708860759494,0.23749286341489623,0.4372842347525892,0.43575418994413406,0.0,0.9873417721518988,0.03871198748666363,0.7722772277227723
neuma,subjectwise,svm_rbf,1,S33,0.2688809500315473,97,0,-0.08294057203634066,-0.0707613925842061,0.4699519230769231,0.33381892288945003,0.5158653846153847,0.43579418344519016,0.09375,0.8461538461538461,0.07082997841771355,0.5979381443298969
neuma,subjectwise,svm_rbf,1,S34,0.3233317042850309,235,0,-0.0522766438649124,-0.0243709134139094,0.49226804123711343,0.1376470292736761,0.3906210711591652,0.44835680751173707,0.0,0.9845360824742269,0.0928417120173709,0.8127659574468085
neuma,subjectwise,svm_rbf,1,S35,0.2714278667369467,101,0,-0.14702026543559724,-0.041519674355495084,0.45973684210526317,0.2537403784547201,0.44684210526315793,0.21991869918699186,0.88,0.039473684210526314,0.03281112564219446,0.24752475247524752
neuma,subjectwise,svm_rbf,1,S36,0.3233317042850309,51,0,0.21908902300206645,0.09160305343511443,0.5333333333333333,0.36241444998555167,0.4981481481481481,0.4811046511627907,0.06666666666666667,1.0,0.024434953073232502,0.7254901960784313
neuma,subjectwise,svm_rbf,1,S37,0.2688809500315473,66,0,0.0,0.0,0.5,0.3482223013643252,0.44134615384615383,0.37735849056603776,0.0,1.0,0.13873621101956768,0.6060606060606061
neuma,subjectwise,svm_rbf,1,S38,0.3233317042850309,181,0,0.0,0.0,0.5,0.31708977858406107,0.5256648113790972,0.4217252396166134,0.0,1.0,0.02433625029509092,0.7292817679558011
neuma,subjectwise,svm_rbf,1,S39,0.2688809500315473,39,0,0.20519567041703082,0.08080808080808077,0.5333333333333333,0.5594604090215881,0.5722222222222222,0.4495967741935484,0.06666666666666667,1.0,0.13151980722520046,0.6410256410256411
neuma,subjectwise,svm_rbf,1,S40,0.2413092200762535,65,0,0.30151134457776363,0.25531914893617025,0.6153846153846154,0.6430713466812051,0.6765285996055226,0.6033129904097646,0.3076923076923077,0.9230769230769231,0.16229535224003408,0.676923076923077
neuma,subjectwise,svm_rbf,1,S41,0.3233317042850309,48,0,0.0,0.0,0.5,0.31769581863012974,0.3851851851851852,0.38461538461538464,0.0,1.0,0.17149715648665845,0.625
neuma,subjectwise,svm_rbf,1,S42,0.2714278667369467,63,0,0.10301070542879115,0.020999580008399965,0.5131578947368421,0.35958474800532453,0.4242105263157895,0.3129973474801061,1.0,0.02631578947368421,0.11543664651688174,0.4126984126984127
neuma,subjectwise,svm_rbf,1,S43,0.3233317042850309,86,0,0.0,0.0,0.5,0.2232036246888626,0.45128205128205123,0.4304635761589404,0.0,1.0,0.0355131115226401,0.7558139534883721
neuma,subjectwise,svm_rbf,1,S44,0.2413092200762535,82,0,-0.14900989016981744,-0.12328767123287676,0.40625,0.19466924730007473,0.40340909090909094,0.3925925925925926,0.3125,0.5,0.04525684505599478,0.4634146341463415
neuma,subjectwise,svm_rbf,2,S01,0.2597186042652504,69,0,-0.08906439003627367,-0.06912991656734202,0.4462962962962963,0.24107105616523197,0.4444444444444444,0.40266370699223086,0.4666666666666667,0.42592592592592593,0.04289634206794965,0.43478260869565216
neuma,subjectwise,svm_rbf,2,S02,0.2185541444863289,63,0,-0.17960530202677488,-0.031999999999999806,0.47619047619047616,0.4000065535864467,0.4773242630385487,0.24096385542168675,0.9523809523809523,0.0,0.08950419207239435,0.31746031746031744
neuma,subjectwise,svm_rbf,2,S03,0.2823696496535217,65,0,0.0,0.0,0.5,0.4442598342940631,0.5790816326530612,0.4298245614035088,0.0,1.0,0.005107463724731254,0.7538461538461538
neuma,subjectwise,svm_rbf,2,S05,0.2597186042652504,85,0,-0.017699933922154524,-0.013053348467650494,0.4877136752136752,0.15226544624597066,0.47435897435897434,0.43007662835249044,0.46153846153846156,0.5138888888888888,0.10586114972664873,0.5058823529411764
neuma,subjectwise,svm_rbf,2,S06,0.2823696496535217,139,0,-0.056816219808660196,-0.03415623943185686,0.48724747474747476,0.2816209863510148,0.425,0.426911544227886,0.025,0.9494949494949495,0.030976926192356313,0.6834532374100719
neuma,subjectwise,svm_rbf,2,S07,0.2630609544821845,86,0,-0.09089344255870231,-0.062418725617685133,0.4785714285714286,0.1683754822280032,0.40535714285714286,0.43790849673202614,0.0,0.9571428571428572,0.06794736651380334,0.7790697674418605
neuma,subjectwise,svm_rbf,2,S08,0.2823696496535217,83,0,-0.1127014325695366,-0.067524115755627,0.47580645161290325,0.2543689279374285,0.41013824884792627,0.4154929577464789,0.0,0.9516129032258065,0.00297068182976834,0.7108433734939759
neuma,subjectwise,svm_rbf,2,S09,0.2630609544821845,120,0,0.11489011838790002,0.08613445378151263,0.531832298136646,0.3373214302612763,0.500388198757764,0.5149825783972125,0.10714285714285714,0.9565217391304348,0.022568573328682617,0.7583333333333333
neuma,subjectwise,svm_rbf,2,S10,0.2568451893528937,273,0,0.05113099925649136,0.0052151238591917615,0.5067873303167421,0.18021735042082476,0.448746954403063,0.17488354037267081,1.0,0.013574660633484163,0.08853985279738312,0.20146520146520147
neuma,subjectwise,svm_rbf,2,S12,0.2568451893528937,103,0,0.060499014198202014,0.007293566032821053,0.5066666666666667,0.28647584370576407,0.4804761904761904,0.2285425101214575,1.0,0.013333333333333334,0.00421223572842333,0.2815533980582524
neuma,subjectwise,svm_rbf,2,S13,0.2185541444863289,315,0,-0.10998116501069449,-0.030707274100176374,0.47055352928556105,0.2483917901941267,0.48659086033040116,0.22819986597420006,0.8987341772151899,0.0423728813559322,0.013753245964161137,0.2571428571428571
neuma,subjectwise,svm_rbf,2,S14,0.2568451893528937,55,0,0.14708710135363803,0.042352941176470704,0.5375,0.47604998855816116,0.6733333333333333,0.2936480388753905,1.0,0.075,0.015922951578501827,0.32727272727272727
neuma,subjectwise,svm_rbf,2,S15,0.2185541444863289,215,0,-0.0011171225093474734,-0.00026210602188614374,0.4998043818466354,0.3515103648748207,0.5157472613458528,0.2730952380952381,0.971830985915493,0.027777777777777776,0.08993657054558746,0.3395348837209302
neuma,subjectwise,svm_rbf,2,S16,0.2823696496535217,224,0,0.07423591846868577,0.027856277755349268,0.5088654760375176,0.1933186668667551,0.4814338943851985,0.4688723462917011,0.023255813953488372,0.994475138121547,0.05763924108441931,0.8080357142857143
neuma,subjectwise,svm_rbf,2,S17,0.2185541444863289,90,0,0.0,0.0,0.5,0.45165287417387845,0.5761316872427984,0.23076923076923078,1.0,0.0,0.05592183447856913,0.3
neuma,subjectwise,svm_rbf,2,S18,0.2630609544821845,56,0,0.0,0.0,0.5,0.46957618575983595,0.5217948717948718,0.3488372093023256,0.0,1.0,0.2120295965308825,0.5357142857142857
neuma,subjectwise,svm_rbf,2,S19,0.2568451893528937,118,0,-0.05568791572157348,-0.013379135780148266,0.47944444444444445,0.19605603093940163,0.5538888888888889,0.19020443545474247,0.8888888888888888,0.07,0.12273735116037993,0.19491525423728814
neuma,subjectwise,svm_rbf,2,S20,0.2823696496535217,56,0,0.0,0.0,0.5,0.39843859524031355,0.6018099547511313,0.4105263157894737,0.0,1.0,0.056851249245059104,0.6964285714285714
neuma,subjectwise,svm_rbf,2,S21,0.2568451893528937,135,0,0.02651974176527183,0.0060721062618595,0.5057142857142857,0.309387396373245,0.5348571428571429,0.24415584415584415,0.9714285714285714,0.04,0.013952708703237227,0.2814814814814815
neuma,subjectwise,svm_rbf,2,S22,0.2823696496535217,79,0,-0.10098581681669559,-0.02523431867339565,0.48863636363636365,0.4096041068063878,0.4493506493506494,0.3524590163934426,0.0,0.9772727272727273,0.18769672456673941,0.5443037974683544
neuma,subjectwise,svm_rbf,2,S23,0.2568451893528937,70,0,-0.15192449462334673,-0.02872411489645965,0.48148148148148145,0.3023619431232746,0.33936261843238585,0.2708333333333333,0.9629629629629629,0.0,0.1401588020956806,0.37142857142857144
neuma,subjectwise,svm_rbf,2,S24,0.2597186042652504,221,0,0.12983811074579446,0.10335733847246165,0.5942820133234641,0.18688861712281596,0.6471132494448557,0.5158817086527929,0.5357142857142857,0.6528497409326425,0.13116121324721386,0.6380090497737556
neuma,subjectwise,svm_rbf,2,S25,0.2185541444863289,42,0,0.0930301170323837,0.01716068642745716,0.5161290322580645,0.2443134081343203,0.41055718475073316,0.24278846153846154,1.0,0.03225806451612903,0.02722561039065552,0.2857142857142857
neuma,subjectwise,svm_rbf,2,S26,0.2597186042652504,269,0,-0.05356126994424616,-0.05309517983851242,0.472072072072072,0.30645715684311736,0.5046332046332047,0.47138295259150087,0.3333333333333333,0.6108108108108108,0.054732372803193485,0.5241635687732342
neuma,subjectwise,svm_rbf,2,S27,0.2568451893528937,49,0,0.0,0.0,0.5,0.2861286564823794,0.46734693877551015,0.2222222222222222,1.0,0.0,0.029967340425366376,0.2857142857142857
neuma,subjectwise,svm_rbf,2,S28,0.2823696496535217,152,0,0.0,0.0,0.5,0.20703923317931489,0.48107653490328006,0.44727272727272727,0.0,1.0,0.06110466436960968,0.8092105263157895
neuma,subjectwise,svm_rbf,2,S29,0.2823696496535217,109,0,0.0,0.0,0.5,0.17197239267504805,0.40804597701149425,0.44387755102040816,0.0,1.0,0.054619395195526,0.7981651376146789
neuma,subjectwise,svm_rbf,2,S30,0.2185541444863289,53,0,0.04973358977281673,0.020395156150414318,0.5115942028985507,0.4622507519060876,0.5492753623188406,0.3619759236197592,0.9565217391304348,0.06666666666666667,0.19728344551018367,0.4528301886792453
neuma,subjectwise,svm_rbf,2,S31,0.2597186042652504,99,0,0.024780875500320376,0.024421593830334154,0.5128959276018099,0.3984730069501533,0.5479638009049774,0.5088438308886971,0.4411764705882353,0.5846153846153846,0.08496192249481627,0.5353535353535354
neuma,subjectwise,svm_rbf,2,S32,0.2568451893528937,101,0,0.0,0.0,0.5,0.22896400656359833,0.4821634062140391,0.17886178861788618,1.0,0.0,0.06285028498296065,0.21782178217821782
neuma,subjectwise,svm_rbf,2,S33,0.2630609544821845,97,0,0.05852923671697378,0.04017991004497756,0.5161057692307692,0.4110077437665295,0.5875,0.4704714640198511,0.09375,0.9384615384615385,0.07330839180424309,0.6597938144329897
neuma,subjectwise,svm_rbf,2,S34,0.2630609544821845,235,0,-0.0522766438649124,-0.0243709134139094,0.49226804123711343,0.1440921039762878,0.4212974603972844,0.44835680751173707,0.0,0.9845360824742269,0.07995722084259152,0.8127659574468085
neuma,subjectwise,svm_rbf,2,S35,0.2185541444863289,101,0,0.018337320140672693,0.006373839545517623,0.5060526315789474,0.25983961444981685,0.491578947368421,0.2789341377576672,0.92,0.09210526315789473,0.014790168777365553,0.297029702970297
neuma,subjectwise,svm_rbf,2,S36,0.2630609544821845,51,0,-0.13041013273932525,-0.07434944237918217,0.4722222222222222,0.36841763339858785,0.5166666666666666,0.4,0.0,0.9444444444444444,0.038799889088220796,0.6666666666666666
neuma,subjectwise,svm_rbf,2,S37,0.2823696496535217,66,0,0.0,0.0,0.5,0.33972686712391575,0.3730769230769231,0.37735849056603776,0.0,1.0,0.14375251879347795,0.6060606060606061
neuma,subjectwise,svm_rbf,2,S38,0.2630609544821845,181,0,0.0,0.0,0.5,0.31847851259125365,0.5231910946196661,0.4217252396166134,0.0,1.0,0.016974343723068108,0.7292817679558011
neuma,subjectwise,svm_rbf,2,S39,0.2597186042652504,39,0,-0.04905524551257965,-0.04597701149425282,0.475,0.5194059384461862,0.5194444444444444,0.46011865524060647,0.5333333333333333,0.4166666666666667,0.12485749125064233,0.46153846153846156
neuma,subjectwise,svm_rbf,2,S40,0.2597186042652504,65,0,0.2983352891851307,0.26573426573426573,0.6217948717948718,0.6385838168672636,0.719921104536489,0.6153846153846154,0.34615384615384615,0.8974358974358975,0.14397588652327414,0.676923076923077
neuma,subjectwise,svm_rbf,2,S41,0.2568451893528937,48,0,-0.0778498944161523,-0.034482758620689724,0.47777777777777775,0.34231675517925153,0.37222222222222223,0.31688804554079697,0.8888888888888888,0.06666666666666667,0.1336239052581227,0.375
neuma,subjectwise,svm_rbf,2,S42,0.2630609544821845,63,0,0.0,0.0,0.5,0.3267050410844951,0.3326315789473684,0.37623762376237624,0.0,1.0,0.14239649439087537,0.6031746031746031
neuma,subjectwise,svm_rbf,2,S43,0.2630609544821845,86,0,0.0,0.0,0.5,0.22149638486096462,0.441025641025641,0.4304635761589404,0.0,1.0,0.008230056942219566,0.7558139534883721
neuma,subjectwise,svm_rbf,2,S44,0.2597186042652504,82,0,-0.16081082609810307,-0.13120784794604545,0.39867424242424243,0.2093310072798934,0.356060606060606,0.3844870725604671,0.3125,0.48484848484848486,0.06502320246018439,0.45121951219512196
neuma,subjectwise,svm_rbf,3,S01,0.260783982885639,69,0,-0.09105972745135885,-0.0539083557951483,0.48148148148148145,0.19334544841390672,0.3827160493827161,0.4297520661157025,0.0,0.9629629629629629,0.03219657918935387,0.7536231884057971
neuma,subjectwise,svm_rbf,3,S02,0.2483011425686398,63,0,0.24571804673358047,0.21917808219178092,0.5952380952380952,0.4853362296217093,0.5476190476190477,0.5935483870967742,0.2857142857142857,0.9047619047619048,0.08526881318140145,0.6984126984126984
neuma,subjectwise,svm_rbf,3,S03,0.2682087328893107,65,0,-0.0817943751494157,-0.07411116675012508,0.4528061224489796,0.21840220481843167,0.41326530612244894,0.4392156862745098,0.375,0.5306122448979592,0.020441997419536673,0.49230769230769234
neuma,subjectwise,svm_rbf,3,S05,0.260783982885639,85,0,0.0,0.0,0.5,0.15751038835200398,0.4508547008547009,0.4585987261146497,0.0,1.0,0.0924184443923809,0.8470588235294118
neuma,subjectwise,svm_rbf,3,S06,0.1933177779506492,139,0,-0.014947753467643602,-0.002797408716136651,0.4976010101010101,0.24766138397079807,0.41868686868686866,0.241198752228164,0.975,0.020202020202020204,0.07769956736707909,0.2949640287769784
neuma,subjectwise,svm_rbf,3,S07,0.2682087328893107,86,0,0.01447300768338894,0.013114754098360715,0.5089285714285714,0.35415306502901966,0.5919642857142857,0.48765957446808506,0.375,0.6428571428571429,0.07933337299759341,0.5930232558139535
neuma,subjectwise,svm_rbf,3,S08,0.1933177779506492,83,0,-0.18974890186966387,-0.02428991185112639,0.47619047619047616,0.2796808673452904,0.5046082949308756,0.1941747572815534,0.9523809523809523,0.0,0.02215493664066436,0.24096385542168675
neuma,subjectwise,svm_rbf,3,S09,0.2682087328893107,120,0,0.046638906156164936,0.046242774566473965,0.5248447204968945,0.2556308128874931,0.5015527950310559,0.5215657847046031,0.32142857142857145,0.7282608695652174,0.02831009603380885,0.6333333333333333
neuma,subjectwise,svm_rbf,3,S10,0.3052658076162539,273,0,-0.00908940683375748,-0.005128205128205332,0.4983031674208145,0.19878548788055692,0.4664984336930039,0.45986433013001693,0.019230769230769232,0.9773755656108597,0.08652865521391885,0.7948717948717948
neuma,subjectwise,svm_rbf,3,S12,0.3052658076162539,103,0,-0.060499014198202014,-0.01910610713067218,0.49333333333333335,0.34653013977495223,0.5442857142857144,0.4180790960451977,0.0,0.9866666666666667,0.008777803824108697,0.7184466019417476
neuma,subjectwise,svm_rbf,3,S13,0.2483011425686398,315,0,0.04674762461926652,0.04360644196074992,0.5265769148251448,0.2837475584327676,0.532718300793821,0.5071428571428571,0.45569620253164556,0.597457627118644,0.0025376462541231437,0.5619047619047619
neuma,subjectwise,svm_rbf,3,S14,0.3052658076162539,55,0,-0.08333333333333333,-0.03529411764705892,0.4875,0.28724411527020155,0.47,0.4148936170212766,0.0,0.975,0.01257708968358878,0.7090909090909091
neuma,subjectwise,svm_rbf,3,S15,0.2483011425686398,215,0,0.09881609314493707,0.09337912446202679,0.5525234741784038,0.34211217673629624,0.5223004694835681,0.5342890958218888,0.5633802816901409,0.5416666666666666,0.08194503232789879,0.5488372093023256
neuma,subjectwise,svm_rbf,3,S16,0.1933177779506492,224,0,-0.059297306159885634,-0.012358288223879077,0.4844532956443531,0.20002641118832892,0.4847745085442631,0.19229123800598935,0.9302325581395349,0.03867403314917127,0.05213841692250243,0.20982142857142858
neuma,subjectwise,svm_rbf,3,S17,0.2483011425686398,90,0,-0.041589377290777545,-0.040462427745664664,0.4814814814814815,0.3232991153407372,0.45443856554967665,0.4743672939649578,0.18518518518518517,0.7777777777777778,0.05192373520223886,0.6
neuma,subjectwise,svm_rbf,3,S18,0.1933177779506492,56,0,0.16592595585242373,0.08915662650602418,0.5474358974358975,0.4604879911702333,0.4794871794871795,0.43896103896103894,0.9615384615384616,0.13333333333333333,0.2320196182954239,0.5178571428571429
neuma,subjectwise,svm_rbf,3,S19,0.3052658076162539,118,0,0.12689181442098543,0.07167832167832155,0.5227777777777778,0.25296139526012157,0.6188888888888889,0.5083333333333333,0.05555555555555555,0.99,0.12393426969826325,0.847457627118644
neuma,subjectwise,svm_rbf,3,S20,0.2682087328893107,56,0,-0.10106823093618779,-0.07814269535673835,0.4479638009049774,0.2818950083918037,0.4253393665158371,0.39208173690932313,0.5882352941176471,0.3076923076923077,0.03163011653383463,0.39285714285714285
neuma,subjectwise,svm_rbf,3,S21,0.3052658076162539,135,0,0.0,0.0,0.5,0.2809471677152448,0.4982857142857143,0.425531914893617,0.0,1.0,0.01337103154905631,0.7407407407407407
neuma,subjectwise,svm_rbf,3,S22,0.260783982885639,79,0,0.1269535982838459,0.03172314347512628,0.5142857142857142,0.4932427362307738,0.459090909090909,0.38843351548269583,0.02857142857142857,1.0,0.19507060275554272,0.569620253164557
neuma,subjectwise,svm_rbf,3,S23,0.260783982885639,70,0,-0.13589647625005566,-0.05619146722164414,0.47674418604651164,0.32646810037338486,0.3660637381567614,0.36936936936936937,0.0,0.9534883720930233,0.13599237986821694,0.5857142857142857
neuma,subjectwise,svm_rbf,3,S24,0.260783982885639,221,0,-0.05171309012673961,-0.032710280373831946,0.4896373056994819,0.10864899688218738,0.398038490007402,0.4609756097560976,0.0,0.9792746113989638,0.12143812130163834,0.8552036199095022
neuma,subjectwise,svm_rbf,3,S25,0.2483011425686398,42,0,0.10621013203647137,0.08893709327548793,0.5601173020527859,0.3602440696558344,0.5835777126099707,0.5058823529411764,0.6363636363636364,0.4838709677419355,0.01354715616559829,0.5238095238095238
neuma,subjectwise,svm_rbf,3,S26,0.260783982885639,269,0,-0.09273353546322172,-0.03636206224838734,0.4864864864864865,0.3087665193609769,0.5173745173745173,0.40089086859688194,0.0,0.972972972972973,0.06269596880521919,0.6691449814126395
neuma,subjectwise,svm_rbf,3,S27,0.1933177779506492,49,0,-0.026919095102908276,-0.00847457627118664,0.4928571428571429,0.28392776675887743,0.4857142857142857,0.2692982456140351,0.9285714285714286,0.05714285714285714,0.057983179839193544,0.30612244897959184
neuma,subjectwise,svm_rbf,3,S28,0.1933177779506492,152,0,0.05606809642135502,0.006267559974065362,0.508130081300813,0.22989170981927737,0.4695822820297168,0.17801117318435755,1.0,0.016260162601626018,0.06845419009058822,0.20394736842105263
neuma,subjectwise,svm_rbf,3,S29,0.1933177779506492,109,0,0.0,0.0,0.5,0.18438265703470086,0.4535005224660397,0.16793893129770993,1.0,0.0,0.06182879490400408,0.2018348623853211
neuma,subjectwise,svm_rbf,3,S30,0.2483011425686398,53,0,-0.13075198502827867,-0.12926136363636354,0.4340579710144927,0.4541489215863287,0.4289855072463768,0.43214285714285716,0.43478260869565216,0.43333333333333335,0.18567217321098,0.4339622641509434
neuma,subjectwise,svm_rbf,3,S31,0.260783982885639,99,0,-0.07305833027953698,-0.020017662643509126,0.49230769230769234,0.3140907427207408,0.3990950226244344,0.39263803680981596,0.0,0.9846153846153847,0.09858299551975688,0.6464646464646465
neuma,subjectwise,svm_rbf,3,S32,0.3052658076162539,101,0,0.09716668235270205,0.048801369863013644,0.5163981588032222,0.2641166800974863,0.49769850402761795,0.47986891385767794,0.045454545454545456,0.9873417721518988,0.07570107222253983,0.7821782178217822
neuma,subjectwise,svm_rbf,3,S33,0.1933177779506492,97,0,0.0,0.0,0.5,0.45128736707201456,0.579326923076923,0.24806201550387597,1.0,0.0,0.07361307602231151,0.32989690721649484
neuma,subjectwise,svm_rbf,3,S34,0.2682087328893107,235,0,0.15172591845866737,0.14391935725335592,0.5906462157405079,0.23609105356768056,0.6333920040231331,0.5640295814379019,0.43902439024390244,0.7422680412371134,0.08701737616264768,0.6893617021276596
neuma,subjectwise,svm_rbf,3,S35,0.2483011425686398,101,0,0.021374789840405965,0.013992840872111945,0.5113157894736842,0.24983685278039106,0.511578947368421,0.4044811320754717,0.72,0.3026315789473684,0.0009227321808960021,0.40594059405940597
neuma,subjectwise,svm_rbf,3,S36,0.3052658076162539,51,0,0.31298431857438064,0.1784386617100372,0.5666666666666667,0.4840389221922797,0.6240740740740741,0.5411764705882353,0.13333333333333333,1.0,0.020008182212555584,0.7450980392156863
neuma,subjectwise,svm_rbf,3,S37,0.3052658076162539,66,0,-0.1,-0.03005780346820819,0.4875,0.3823992736433865,0.4740384615384615,0.37142857142857144,0.0,0.975,0.11049389252491991,0.5909090909090909
neuma,subjectwise,svm_rbf,3,S38,0.2682087328893107,181,0,0.003425353108549543,0.003345647173625177,0.5018552875695733,0.25771169712541525,0.46536796536796543,0.4966027107903538,0.3673469387755102,0.6363636363636364,0.006485061505410616,0.56353591160221
neuma,subjectwise,svm_rbf,3,S39,0.2682087328893107,39,0,0.04905524551257965,0.04878048780487809,0.525,0.40923619243312337,0.48611111111111116,0.5230978260869565,0.4666666666666667,0.5833333333333334,0.1171947215522452,0.5384615384615384
neuma,subjectwise,svm_rbf,3,S40,0.1933177779506492,65,0,0.0,0.0,0.5,0.35828219180909093,0.4053254437869822,0.2857142857142857,1.0,0.0,0.14640437123185268,0.4
neuma,subjectwise,svm_rbf,3,S41,0.3052658076162539,48,0,-0.0778498944161523,-0.05263157894736836,0.4777777777777778,0.3006591867316145,0.31851851851851853,0.4103194103194103,0.05555555555555555,0.9,0.15568899928990407,0.5833333333333334
neuma,subjectwise,svm_rbf,3,S42,0.2682087328893107,63,0,0.018731716231633878,0.01869158878504662,0.5094736842105263,0.47541420026774184,0.5536842105263158,0.5088357588357588,0.44,0.5789473684210527,0.13236252526607745,0.5238095238095238
neuma,subjectwise,svm_rbf,3,S43,0.2682087328893107,86,0,-0.025920077668696223,-0.021166752710376713,0.48498168498168504,0.3360247931700739,0.5018315018315018,0.4406108597285068,0.5238095238095238,0.4461538461538462,0.024642060078199357,0.46511627906976744
neuma,subjectwise,svm_rbf,3,S44,0.260783982885639,82,0,-0.0778498944161523,-0.04532577903682733,0.48484848484848486,0.25452280321621845,0.6051136363636364,0.4383561643835616,0.0,0.9696969696969697,0.05281074008009118,0.7804878048780488
neuma,subjectwise,svm_rbf,4,S01,0.271182491567529,69,0,-0.0639137490706142,-0.027932960893854775,0.49074074074074076,0.23815043581028236,0.5160493827160495,0.4344262295081967,0.0,0.9814814814814815,0.04024249586394016,0.7681159420289855
neuma,subjectwise,svm_rbf,4,S02,0.2686395764828351,63,0,0.1386750490563073,0.13157894736842113,0.5595238095238095,0.4262012970032818,0.5226757369614512,0.5569053708439898,0.2857142857142857,0.8333333333333334,0.06802756475054444,0.6507936507936508
neuma,subjectwise,svm_rbf,4,S03,0.1947619274799132,65,0,0.12569752716115998,0.03110823071937774,0.5306122448979592,0.33278555752381167,0.6186224489795918,0.26282051282051283,1.0,0.061224489795918366,0.01742360068885855,0.2923076923076923
neuma,subjectwise,svm_rbf,4,S05,0.271182491567529,85,0,-0.046362386688682235,-0.022336769759450092,0.4930555555555556,0.15841559802654043,0.5,0.4551282051282051,0.0,0.9861111111111112,0.10341051935625634,0.8352941176470589
neuma,subjectwise,svm_rbf,4,S06,0.2380423979215731,139,0,-0.05664076850716069,-0.008649124092941607,0.492550505050505,0.2852064765258706,0.47500000000000003,0.23023997314985736,0.975,0.010101010101010102,0.036392108382857336,0.28776978417266186
neuma,subjectwise,svm_rbf,4,S07,0.2686395764828351,86,0,0.06469364618834571,0.0579896907216495,0.5401785714285714,0.21418925926278432,0.5598214285714285,0.508736559139785,0.4375,0.6428571428571429,0.08013537741546467,0.6046511627906976
neuma,subjectwise,svm_rbf,4,S08,0.2380423979215731,83,0,-0.035778232561757654,-0.007963368504877666,0.49231950844854067,0.22896677376975474,0.4139784946236559,0.2287890327494288,0.9523809523809523,0.03225806451612903,0.004624922002083365,0.26506024096385544
neuma,subjectwise,svm_rbf,4,S09,0.2686395764828351,120,0,0.12199204220078959,0.11885245901639341,0.5675465838509317,0.25385348094100674,0.5097049689440993,0.5548270209645414,0.42857142857142855,0.7065217391304348,0.032840108444681104,0.6416666666666667
neuma,subjectwise,svm_rbf,4,S10,0.2380423979215731,273,0,0.09458617445074398,0.017734426956328875,0.5226244343891403,0.21330297344321433,0.47067525234946045,0.20836940836940837,1.0,0.04524886877828054,0.05811270134313934,0.2271062271062271
neuma,subjectwise,svm_rbf,4,S12,0.2312434842191668,103,0,0.21287541034515992,0.10771007796708054,0.5888095238095238,0.36808871014774663,0.5823809523809524,0.4107551487414187,0.9642857142857143,0.21333333333333335,0.025411730747126632,0.4174757281553398
neuma,subjectwise,svm_rbf,4,S13,0.1947619274799132,315,0,-0.13768942797811656,-0.03258689608431653,0.46840806693842524,0.22798703765095327,0.45569620253164556,0.21307276349492457,0.9113924050632911,0.025423728813559324,0.015051401649825014,0.24761904761904763
neuma,subjectwise,svm_rbf,4,S14,0.2380423979215731,55,0,-0.14291548761875736,-0.04761904761904745,0.45833333333333337,0.3013347158173281,0.5016666666666667,0.24242424242424243,0.8666666666666667,0.05,0.024074641514745504,0.2727272727272727
neuma,subjectwise,svm_rbf,4,S15,0.1947619274799132,215,0,0.07133918167776827,0.03856903297931791,0.5269953051643192,0.35153504539172753,0.5432316118935836,0.3843951324266285,0.8873239436619719,0.16666666666666666,0.1079826008548859,0.4046511627906977
neuma,subjectwise,svm_rbf,4,S16,0.2312434842191668,224,0,-0.12975465697626795,-0.020848020948735835,0.473403571887447,0.15592568182109426,0.4028009764872157,0.169299485729506,0.9302325581395349,0.016574585635359115,0.06185366896435293,0.19196428571428573
neuma,subjectwise,svm_rbf,4,S17,0.1947619274799132,90,0,-0.0657951694959769,-0.012861736334405016,0.4894179894179894,0.29504581958642595,0.4750146972369194,0.24147157190635452,0.9629629629629629,0.015873015873015872,0.05498391320335418,0.3
neuma,subjectwise,svm_rbf,4,S18,0.2380423979215731,56,0,0.12552918289216958,0.031026252983293645,0.5166666666666667,0.4636127632659246,0.5358974358974359,0.35324571883711664,1.0,0.03333333333333333,0.2149337670038444,0.48214285714285715
neuma,subjectwise,svm_rbf,4,S19,0.2380423979215731,118,0,0.05570860145311556,0.00618769336541769,0.51,0.2307640977173075,0.6416666666666666,0.1539362013462101,1.0,0.02,0.09617432762533093,0.1694915254237288
neuma,subjectwise,svm_rbf,4,S20,0.271182491567529,56,0,0.20423327335800123,0.0800821355236141,0.5294117647058824,0.47137345838361594,0.5972850678733033,0.47044917257683216,0.058823529411764705,1.0,0.047467790347767824,0.7142857142857143
neuma,subjectwise,svm_rbf,4,S21,0.2312434842191668,135,0,0.003692073504303206,0.0007552870090634656,0.5007142857142857,0.3165992749747427,0.5874285714285714,0.23366543095458758,0.9714285714285714,0.03,0.0046391296242271896,0.2740740740740741
neuma,subjectwise,svm_rbf,4,S22,0.271182491567529,79,0,-0.022521001469639562,-0.012099644128113818,0.49448051948051946,0.4798477530708702,0.4662337662337663,0.3974576271186441,0.05714285714285714,0.9318181818181818,0.18322546372689635,0.5443037974683544
neuma,subjectwise,svm_rbf,4,S23,0.2380423979215731,70,0,0.0,0.0,0.5,0.3965747130483075,0.36778639104220506,0.27835051546391754,1.0,0.0,0.1357234899567896,0.38571428571428573
neuma,subjectwise,svm_rbf,4,S24,0.271182491567529,221,0,0.020073511182467006,0.01476734466425178,0.5049037749814952,0.13014692439950912,0.4019245003700962,0.49019607843137253,0.03571428571428571,0.9740932642487047,0.13292979316145043,0.8552036199095022
neuma,subjectwise,svm_rbf,4,S25,0.1947619274799132,42,0,-0.1210898699241207,-0.031695721077654504,0.47067448680351903,0.2803861677781157,0.4574780058651027,0.22638146167557932,0.9090909090909091,0.03225806451612903,0.05510877054057214,0.2619047619047619
neuma,subjectwise,svm_rbf,4,S26,0.271182491567529,269,0,-0.01650807232119289,-0.005826086956521648,0.49784427284427285,0.29636761043574483,0.48024453024453023,0.4158080808080808,0.011904761904761904,0.9837837837837838,0.05320331211653406,0.6802973977695167
neuma,subjectwise,svm_rbf,4,S27,0.2380423979215731,49,0,-0.026919095102908276,-0.00847457627118664,0.4928571428571429,0.26397956327796507,0.42448979591836733,0.2692982456140351,0.9285714285714286,0.05714285714285714,0.03866823879872655,0.30612244897959184
neuma,subjectwise,svm_rbf,4,S28,0.2312434842191668,152,0,0.03951463453633662,0.0031179443070636914,0.5040650406504065,0.2498623828845918,0.5149985982618447,0.16917562724014337,1.0,0.008130081300813009,0.08316742123086619,0.19736842105263158
neuma,subjectwise,svm_rbf,4,S29,0.2380423979215731,109,0,0.04838824115063252,0.0046719048630283755,0.5057471264367817,0.1955371094721571,0.44618599791013586,0.1805944055944056,1.0,0.011494252873563218,0.047438801101859024,0.21100917431192662
neuma,subjectwise,svm_rbf,4,S30,0.1947619274799132,53,0,0.0,0.0,0.5,0.5602588131355462,0.6043478260869565,0.3026315789473684,1.0,0.0,0.20475382959385582,0.4339622641509434
neuma,subjectwise,svm_rbf,4,S31,0.2312434842191668,99,0,-0.027473435185598388,-0.008917197452229297,0.49366515837104075,0.30133642877688427,0.42533936651583715,0.29285714285714287,0.9411764705882353,0.046153846153846156,0.08963800250493414,0.35353535353535354
neuma,subjectwise,svm_rbf,4,S32,0.2312434842191668,101,0,-0.19025687412196668,-0.03483606557377028,0.46087456846950514,0.27830636874692916,0.5322209436133487,0.17886178861788618,0.9090909090909091,0.012658227848101266,0.04456720963883212,0.2079207920792079
neuma,subjectwise,svm_rbf,4,S33,0.2686395764828351,97,0,-0.18495573345819297,-0.18017085166968694,0.41634615384615387,0.2542195355527887,0.3341346153846154,0.40366252452583384,0.125,0.7076923076923077,0.06462104764949017,0.5154639175257731
neuma,subjectwise,svm_rbf,4,S34,0.2686395764828351,235,0,0.055539974430445144,0.05365828147063434,0.5322479255720393,0.20323583888469504,0.5944179029419161,0.5213089600804212,0.3170731707317073,0.7474226804123711,0.09042874862196817,0.6723404255319149
neuma,subjectwise,svm_rbf,4,S35,0.1947619274799132,101,0,0.13089184634115483,0.03368818218568903,0.5328947368421053,0.26324136673043974,0.44999999999999996,0.2683399653096623,1.0,0.06578947368421052,0.03765696390095256,0.297029702970297
neuma,subjectwise,svm_rbf,4,S36,0.271182491567529,51,0,0.0,0.0,0.5,0.35285851216493036,0.5425925925925926,0.41379310344827586,0.0,1.0,0.03344076100809468,0.7058823529411765
neuma,subjectwise,svm_rbf,4,S37,0.2312434842191668,66,0,-0.15384615384615385,-0.03046458492003068,0.4807692307692308,0.30705980656538556,0.325,0.27472527472527475,0.9615384615384616,0.0,0.13356283162767868,0.3787878787878788
neuma,subjectwise,svm_rbf,4,S38,0.2686395764828351,181,0,-0.07990409455923655,-0.07387559808612432,0.4552411873840445,0.2587555406372358,0.4294990723562152,0.44373946664023,0.3877551020408163,0.5227272727272727,0.002956215444325616,0.4861878453038674
neuma,subjectwise,svm_rbf,4,S39,0.2312434842191668,39,0,0.03042903097250923,0.013201320132013139,0.5083333333333333,0.48414836588624693,0.5333333333333334,0.3485838779956427,0.9333333333333333,0.08333333333333333,0.128819689542568,0.41025641025641024
neuma,subjectwise,svm_rbf,4,S40,0.2686395764828351,65,0,0.21237274928075955,0.21052631578947367,0.6025641025641026,0.6286714929473503,0.636094674556213,0.6036585365853658,0.46153846153846156,0.7435897435897436,0.1326986327732919,0.6307692307692307
neuma,subjectwise,svm_rbf,4,S41,0.2380423979215731,48,0,-0.09759000729485333,-0.05263157894736836,0.4666666666666667,0.2854152842227731,0.2925925925925926,0.3333333333333333,0.8333333333333334,0.1,0.12595112909553693,0.375
neuma,subjectwise,svm_rbf,4,S42,0.271182491567529,63,0,0.0,0.0,0.5,0.38311312711000706,0.48947368421052634,0.37623762376237624,0.0,1.0,0.13787954015720993,0.6031746031746031
neuma,subjectwise,svm_rbf,4,S43,0.2686395764828351,86,0,0.03862280348103337,0.036341611144760866,0.521978021978022,0.2874395138019483,0.5106227106227106,0.5055167055167056,0.42857142857142855,0.6153846153846154,0.023010138421077908,0.5697674418604651
neuma,subjectwise,svm_rbf,4,S44,0.271182491567529,82,0,-0.0778498944161523,-0.04532577903682733,0.48484848484848486,0.21969933402499905,0.5549242424242424,0.4383561643835616,0.0,0.9696969696969697,0.06388305151772139,0.7804878048780488
neuma,subjectwise,xgboost,0,S01,0.4920942127704621,69,0,-0.20632681531245795,-0.20614828209764924,0.39444444444444443,0.22700784124842277,0.4555555555555556,0.39674404582454026,0.06666666666666667,0.7222222222222222,0.23090206710144928,0.5797101449275363
neuma,subjectwise,xgboost,0,S02,0.500235378742218,63,0,-0.04490132550669372,-0.04210526315789487,0.47619047619047616,0.31347738425717725,0.4665532879818594,0.4626518480227449,0.47619047619047616,0.47619047619047616,0.16378800047619044,0.47619047619047616
neuma,subjectwise,xgboost,0,S03,0.500235378742218,65,0,0.1917770947524421,0.14995640802092425,0.6096938775510204,0.3397471172363877,0.5682397959183674,0.5248538011695907,0.75,0.46938775510204084,0.251841738,0.5384615384615384
neuma,subjectwise,xgboost,0,S05,0.4920942127704621,85,0,-0.0334642611545314,-0.0266336327036234,0.4770299145299145,0.1878905139440058,0.4540598290598291,0.44088379153314217,0.38461538461538464,0.5694444444444444,0.3192346607058824,0.5411764705882353
neuma,subjectwise,xgboost,0,S06,0.4846806898713112,139,0,0.051282259406837075,0.0422799874725962,0.5170454545454546,0.3406599975989552,0.49646464646464644,0.49437830687830686,0.125,0.9090909090909091,0.12249734028776975,0.6834532374100719
neuma,subjectwise,xgboost,0,S07,0.4839449501037597,86,0,-0.21287850370039174,-0.09564876519012167,0.39107142857142857,0.18830160032898619,0.36875,0.24408384043272482,0.625,0.15714285714285714,0.3392484453488372,0.2441860465116279
neuma,subjectwise,xgboost,0,S08,0.4846806898713112,83,0,-0.11936683505902582,-0.11391162029459911,0.43317972350230416,0.22901118886658392,0.40168970814132104,0.4317916179662715,0.2857142857142857,0.5806451612903226,0.24834155265060237,0.5060240963855421
neuma,subjectwise,xgboost,0,S09,0.4839449501037597,120,0,0.027618408833305373,0.023972602739726123,0.5163043478260869,0.3019662714397928,0.5524068322981367,0.4808349146110057,0.5,0.532608695652174,0.24476889649999994,0.525
neuma,subjectwise,xgboost,0,S10,0.4846806898713112,273,0,0.029699786060217902,0.02719932001699943,0.5180995475113123,0.20299458804101322,0.5068743473720849,0.49694859094213306,0.38461538461538464,0.6515837104072398,0.264919346996337,0.6007326007326007
neuma,subjectwise,xgboost,0,S12,0.500235378742218,103,0,0.08175597908945827,0.06099784518481688,0.5438095238095239,0.3477396403670197,0.5850000000000001,0.4627785680417259,0.7142857142857143,0.37333333333333335,0.2312434752427185,0.46601941747572817
neuma,subjectwise,xgboost,0,S13,0.5098461055755615,315,0,0.06667235603080718,0.06394692589435857,0.5372237717228062,0.26823511767278074,0.5211328041192876,0.5236280934572866,0.43037974683544306,0.6440677966101694,0.21871651168253972,0.5904761904761905
neuma,subjectwise,xgboost,0,S14,0.4920942127704621,55,0,-0.3130495168499705,-0.289655172413793,0.325,0.2256382857289525,0.3883333333333333,0.33214285714285713,0.2,0.45,0.26156131872727273,0.38181818181818183
neuma,subjectwise,xgboost,0,S15,0.5098461055755615,215,0,0.0002762378661867326,0.000255961776374769,0.5001467136150235,0.3584493756574858,0.5073356807511737,0.4815380190703746,0.5211267605633803,0.4791666666666667,0.17550050232558143,0.4930232558139535
neuma,subjectwise,xgboost,0,S16,0.500235378742218,224,0,-0.013932652628060004,-0.010298428925806125,0.4911987665424643,0.18100618121612108,0.44854169343440825,0.4257882594206614,0.5348837209302325,0.44751381215469616,0.30692447982142856,0.4642857142857143
neuma,subjectwise,xgboost,0,S17,0.5098461055755615,90,0,0.01782401883890466,0.017341040462427793,0.5079365079365079,0.3018120330804563,0.46266901822457374,0.5035691109669046,0.2222222222222222,0.7936507936507936,0.12669192244444444,0.6222222222222222
neuma,subjectwise,xgboost,0,S18,0.4839449501037597,56,0,-0.043730129600824195,-0.04370179948586128,0.47820512820512817,0.5177682464722656,0.4833333333333333,0.47798135647701706,0.4230769230769231,0.5333333333333333,0.011527054464285704,0.48214285714285715
neuma,subjectwise,xgboost,0,S19,0.4846806898713112,118,0,-0.10148639881440633,-0.07211811470755247,0.4294444444444444,0.11817106558214682,0.35833333333333334,0.3872119441739695,0.3888888888888889,0.47,0.331454591440678,0.4576271186440678
neuma,subjectwise,xgboost,0,S20,0.4920942127704621,56,0,0.08621595118433771,0.0813648293963255,0.5467571644042233,0.3959590583917912,0.5867269984917044,0.5281429052915403,0.5294117647058824,0.5641025641025641,0.1777905735714286,0.5535714285714286
neuma,subjectwise,xgboost,0,S21,0.500235378742218,135,0,0.0025125152302068413,0.002111932418162654,0.5014285714285714,0.24249326909592397,0.45199999999999996,0.45987654320987653,0.5428571428571428,0.46,0.23954730348148146,0.48148148148148145
neuma,subjectwise,xgboost,0,S22,0.5098461055755615,79,0,0.1849370793447216,0.17347283158960514,0.5834415584415584,0.5897463732380782,0.5948051948051949,0.5746048289039429,0.37142857142857144,0.7954545454545454,0.0680126417721519,0.6075949367088608
neuma,subjectwise,xgboost,0,S23,0.4920942127704621,70,0,0.2052861921693524,0.1965105601469238,0.5921619293712317,0.5445981410412808,0.6606373815676141,0.5906432748538011,0.37037037037037035,0.813953488372093,0.07434648842857138,0.6428571428571429
neuma,subjectwise,xgboost,0,S24,0.4920942127704621,221,0,0.09813002688925472,0.07084712407192062,0.573279052553664,0.172008494037405,0.6186158401184307,0.4782499497689371,0.5714285714285714,0.5751295336787565,0.3496779709049774,0.5746606334841629
neuma,subjectwise,xgboost,0,S25,0.4846806898713112,42,0,0.17074252597896666,0.16209476309226933,0.595307917888563,0.3148103275043408,0.5747800586510264,0.5714285714285714,0.5454545454545454,0.6451612903225806,0.2056969309523809,0.6190476190476191
neuma,subjectwise,xgboost,0,S26,0.4920942127704621,269,0,-0.04499368815367943,-0.04473014597562597,0.4785070785070785,0.3563208368967389,0.5034105534105534,0.4763726674721439,0.23809523809523808,0.7189189189189189,0.12938333724907067,0.5687732342007435
neuma,subjectwise,xgboost,0,S27,0.4839449501037597,49,0,0.09128709291752769,0.08695652173913049,0.55,0.29389478085199106,0.5,0.5333333333333333,0.5,0.6,0.19101166408163267,0.5714285714285714
neuma,subjectwise,xgboost,0,S28,0.500235378742218,152,0,0.07733561926894605,0.06027820710973719,0.5492010092514719,0.2030433202981903,0.5248107653490328,0.47855917667238423,0.5862068965517241,0.5121951219512195,0.3072457337500001,0.5263157894736842
neuma,subjectwise,xgboost,0,S29,0.4846806898713112,109,0,0.1618335981784995,0.15986297459320586,0.5731452455590387,0.35064356853639833,0.6353187042842215,0.578427159432746,0.2727272727272727,0.8735632183908046,0.21937505073394498,0.7522935779816514
neuma,subjectwise,xgboost,0,S30,0.500235378742218,53,0,-0.07536231884057971,-0.07536231884057987,0.4623188405797102,0.4934337084054847,0.47101449275362317,0.4623188405797102,0.391304347826087,0.5333333333333333,0.0639968515094339,0.4716981132075472
neuma,subjectwise,xgboost,0,S31,0.4846806898713112,99,0,0.12483315640812603,0.12430167597765363,0.5604072398190045,0.4030051728982835,0.49140271493212667,0.5613339552238805,0.38235294117647056,0.7384615384615385,0.15503843484848479,0.6161616161616161
neuma,subjectwise,xgboost,0,S32,0.500235378742218,101,0,-0.02825942751026506,-0.02494714587737845,0.48302646720368236,0.3154217021239987,0.5178365937859608,0.45989304812834225,0.4090909090909091,0.5569620253164557,0.2781425057425742,0.5247524752475248
neuma,subjectwise,xgboost,0,S33,0.4839449501037597,97,0,-0.08035982044678931,-0.07021063189568699,0.4579326923076923,0.28902352841316326,0.41875000000000007,0.42910647405029423,0.53125,0.38461538461538464,0.16261937917525765,0.4329896907216495
neuma,subjectwise,xgboost,0,S34,0.4839449501037597,235,0,0.0951126418690104,0.0782853294243494,0.5621071159165201,0.2561828603739604,0.6287402564747298,0.502470007057163,0.5365853658536586,0.5876288659793815,0.3060304174893617,0.5787234042553191
neuma,subjectwise,xgboost,0,S35,0.5098461055755615,101,0,0.04007294646525045,0.03853127833182235,0.5223684210526316,0.3044800150828029,0.5052631578947369,0.5112903225806451,0.4,0.6447368421052632,0.2368833672277228,0.5841584158415841
neuma,subjectwise,xgboost,0,S36,0.5098461055755615,51,0,0.1491905987582152,0.14749262536873153,0.5694444444444444,0.4879237096167248,0.6222222222222222,0.5718518518518518,0.3333333333333333,0.8055555555555556,0.19174202843137253,0.6666666666666666
neuma,subjectwise,xgboost,0,S37,0.500235378742218,66,0,0.006329621044272917,0.005025125628140614,0.5028846153846154,0.5078317326178982,0.5995192307692307,0.44641192917054984,0.7307692307692307,0.275,0.10963515575757575,0.45454545454545453
neuma,subjectwise,xgboost,0,S38,0.4839449501037597,181,0,0.15156270601814634,0.11170383015043206,0.5809369202226344,0.30172977283419533,0.5522572665429809,0.48907707412862056,0.7755102040816326,0.38636363636363635,0.2266176448066298,0.49171270718232046
neuma,subjectwise,xgboost,0,S39,0.4920942127704621,39,0,-0.18446619684315546,-0.18181818181818166,0.4125,0.4304415665564505,0.4888888888888889,0.40522875816993464,0.2,0.625,0.16215046487179485,0.46153846153846156
neuma,subjectwise,xgboost,0,S40,0.4846806898713112,65,0,0.3715802678087691,0.3537414965986394,0.6666666666666667,0.5754989521310407,0.675542406311637,0.6698743651430099,0.46153846153846156,0.8717948717948718,0.045912108461538426,0.7076923076923077
neuma,subjectwise,xgboost,0,S41,0.5098461055755615,48,0,-0.11547005383792515,-0.10000000000000009,0.4555555555555556,0.39349495314914784,0.4462962962962963,0.4197802197802198,0.1111111111111111,0.8,0.10913244125000003,0.5416666666666666
neuma,subjectwise,xgboost,0,S42,0.4839449501037597,63,0,0.20107367308916743,0.1984732824427481,0.6026315789473684,0.5261361625799633,0.5752631578947369,0.5966709346991037,0.6,0.6052631578947368,0.09494233555555565,0.6031746031746031
neuma,subjectwise,xgboost,0,S43,0.4839449501037597,86,0,0.032119410261203164,0.023189777567439562,0.5179487179487179,0.3057024372208537,0.5157509157509158,0.4342105263157895,0.6666666666666666,0.36923076923076925,0.26173938337209296,0.4418604651162791
neuma,subjectwise,xgboost,0,S44,0.4920942127704621,82,0,-0.11380893224547903,-0.09797517962116253,0.4289772727272727,0.21828938652807273,0.3787878787878788,0.41662328648273467,0.3125,0.5454545454545454,0.3192571770731708,0.5
neuma,subjectwise,xgboost,1,S01,0.4961383491754532,69,0,0.006958047678723884,0.006908462867012077,0.5037037037037037,0.21868685033291016,0.43950617283950616,0.5021645021645021,0.26666666666666666,0.7407407407407407,0.2417975562318841,0.6376811594202898
neuma,subjectwise,xgboost,1,S02,0.4969266945123672,63,0,-0.024455799402225923,-0.024390243902439046,0.4880952380952381,0.4532347605949156,0.49206349206349204,0.48720930232558135,0.2857142857142857,0.6904761904761905,0.16154498714285714,0.5555555555555556
neuma,subjectwise,xgboost,1,S03,0.4969266945123672,65,0,-0.16071428571428573,-0.08490566037735836,0.42538265306122447,0.2751788913338664,0.4419642857142857,0.29079696394686905,0.6875,0.16326530612244897,0.2738734130769231,0.2923076923076923
neuma,subjectwise,xgboost,1,S05,0.5019161653518677,85,0,-0.06327974328867356,-0.04815032295948307,0.45619658119658124,0.2488023584845908,0.4887820512820513,0.41818774445893087,0.38461538461538464,0.5277777777777778,0.33880430282352936,0.5058823529411764
neuma,subjectwise,xgboost,1,S06,0.4961383491754532,139,0,-0.07908798035688552,-0.07802585193889544,0.4580808080808081,0.28847410188450384,0.4080808080808081,0.45780141843971633,0.3,0.6161616161616161,0.2146039746043166,0.5251798561151079
neuma,subjectwise,xgboost,1,S07,0.4969266945123672,86,0,0.008573878601083133,0.005663048607833732,0.5053571428571428,0.18953293208371552,0.4982142857142857,0.4070634585619811,0.625,0.38571428571428573,0.3223204768604651,0.43023255813953487
neuma,subjectwise,xgboost,1,S08,0.5019161653518677,83,0,-0.03684226275752157,-0.028473503822831425,0.4792626728110599,0.30954353921751454,0.5376344086021505,0.4216456634544107,0.5714285714285714,0.3870967741935484,0.24817286385542175,0.43373493975903615
neuma,subjectwise,xgboost,1,S09,0.4969266945123672,120,0,0.28376665370217025,0.2796610169491526,0.6537267080745341,0.34089083246260565,0.658773291925466,0.6377840909090908,0.5357142857142857,0.7717391304347826,0.24428203533333334,0.7166666666666667
neuma,subjectwise,xgboost,1,S10,0.5016570687294006,273,0,-0.021493212669683258,-0.02149321266968318,0.4892533936651584,0.18785010824215415,0.4822485207100592,0.4892533936651584,0.17307692307692307,0.8054298642533937,0.24453202820512823,0.684981684981685
neuma,subjectwise,xgboost,1,S12,0.5016570687294006,103,0,0.1632540997050479,0.13323983169705467,0.5904761904761905,0.3411225964752841,0.5409523809523809,0.5238828967642527,0.7142857142857143,0.4666666666666667,0.2610589800970875,0.5339805825242718
neuma,subjectwise,xgboost,1,S13,0.4859073382616043,315,0,0.02009606269724112,0.017170452512967227,0.5115854966745333,0.26772014337408584,0.500268182793392,0.4724743730599793,0.5316455696202531,0.4915254237288136,0.24468921371428567,0.5015873015873016
neuma,subjectwise,xgboost,1,S14,0.5019161653518677,55,0,-0.20205596478012178,-0.16874999999999996,0.3875,0.20967473843725815,0.325,0.3648097826086957,0.4,0.375,0.2209400067272727,0.38181818181818183
neuma,subjectwise,xgboost,1,S15,0.4859073382616043,215,0,-0.027924184064841606,-0.027479091995221028,0.4853775430359937,0.3441695184665656,0.4790688575899843,0.4824074074074074,0.39436619718309857,0.5763888888888888,0.1381785077674419,0.5162790697674419
neuma,subjectwise,xgboost,1,S16,0.5019161653518677,224,0,0.06013842706680231,0.03888851052237274,0.5366825131697289,0.24988490457352217,0.5758062443787743,0.42083230731346954,0.6976744186046512,0.3756906077348066,0.31326379281249994,0.4375
neuma,subjectwise,xgboost,1,S17,0.4859073382616043,90,0,0.02853069950072753,0.0251572327044024,0.5105820105820106,0.36142326812977676,0.4326866549088771,0.49263502454991814,0.14814814814814814,0.873015873015873,0.1258058118888889,0.6555555555555556
neuma,subjectwise,xgboost,1,S18,0.4969266945123672,56,0,0.043730129600824195,0.04303797468354431,0.5217948717948717,0.5257455464924264,0.5275641025641025,0.5177033492822967,0.5769230769230769,0.4666666666666667,0.04002161428571431,0.5178571428571429
neuma,subjectwise,xgboost,1,S19,0.5016570687294006,118,0,-0.09747551545795977,-0.08073270013568523,0.4338888888888889,0.12481450660120194,0.38555555555555554,0.4211482558139535,0.2777777777777778,0.59,0.3397626778813559,0.5423728813559322
neuma,subjectwise,xgboost,1,S20,0.4859073382616043,56,0,-0.264122488890764,-0.21882352941176486,0.3597285067873303,0.2839024203703918,0.39819004524886875,0.33397621343619416,0.4117647058823529,0.3076923076923077,0.2101523567857143,0.3392857142857143
neuma,subjectwise,xgboost,1,S21,0.5016570687294006,135,0,0.07421765299749607,0.06789413118527032,0.542142857142857,0.32968144806661054,0.5045714285714287,0.5150862068965517,0.5142857142857142,0.57,0.23677404170370367,0.5555555555555556
neuma,subjectwise,xgboost,1,S22,0.5016570687294006,79,0,0.15297376907814628,0.12827586206896546,0.5603896103896104,0.5316259227699672,0.5428571428571428,0.5318518518518518,0.2571428571428571,0.8636363636363636,0.044670145443037934,0.5949367088607594
neuma,subjectwise,xgboost,1,S23,0.5016570687294006,70,0,0.16767147660511195,0.16737468139337297,0.5848406546080964,0.48875880306670977,0.6012058570198106,0.5833333333333333,0.5185185185185185,0.6511627906976745,0.09566344800000001,0.6
neuma,subjectwise,xgboost,1,S24,0.4961383491754532,221,0,0.02591206405306314,0.018116723461157003,0.5194300518134716,0.14707905226850027,0.550240562546262,0.44127537370216735,0.5,0.538860103626943,0.3565331312669683,0.5339366515837104
neuma,subjectwise,xgboost,1,S25,0.5019161653518677,42,0,-0.12108986992412069,-0.08982035928143728,0.43401759530791784,0.4267018965882602,0.5425219941348973,0.37528604118993136,0.5454545454545454,0.3225806451612903,0.24433767333333334,0.38095238095238093
neuma,subjectwise,xgboost,1,S26,0.4961383491754532,269,0,-0.019928541679043996,-0.016649642492339023,0.4895109395109395,0.3640203796201727,0.517020592020592,0.446440489432703,0.5952380952380952,0.3837837837837838,0.20212151189591074,0.44981412639405205
neuma,subjectwise,xgboost,1,S27,0.5019161653518677,49,0,-0.051726060011187174,-0.04790419161676662,0.4714285714285714,0.2999841912892478,0.5326530612244897,0.4572441293752769,0.42857142857142855,0.5142857142857142,0.20716443306122445,0.4897959183673469
neuma,subjectwise,xgboost,1,S28,0.5019161653518677,152,0,0.012360200655852971,0.010845986984815648,0.5077095598542193,0.2212885752589962,0.503784693019344,0.47912772585669783,0.41379310344827586,0.6016260162601627,0.29516856736842106,0.5657894736842105
neuma,subjectwise,xgboost,1,S29,0.5019161653518677,109,0,0.05686227576990037,0.029015016543649796,0.5297805642633229,0.2128642318951744,0.5028735632183908,0.35731132075471694,0.8181818181818182,0.2413793103448276,0.307992513853211,0.3577981651376147
neuma,subjectwise,xgboost,1,S30,0.5019161653518677,53,0,0.2440839369410049,0.21109607577807843,0.6130434782608696,0.5140632089695996,0.5934782608695651,0.577536231884058,0.8260869565217391,0.4,0.07419372981132072,0.5849056603773585
neuma,subjectwise,xgboost,1,S31,0.5016570687294006,99,0,0.14886877828054298,0.1488687782805429,0.5744343891402715,0.44698906401332617,0.5407239819004525,0.5744343891402715,0.4411764705882353,0.7076923076923077,0.1391044932323233,0.6161616161616161
neuma,subjectwise,xgboost,1,S32,0.5016570687294006,101,0,0.08091408551043386,0.07740384615384621,0.5463176064441887,0.25925775545916285,0.5540851553509781,0.5305772994129159,0.4090909090909091,0.6835443037974683,0.24449954821782177,0.6237623762376238
neuma,subjectwise,xgboost,1,S33,0.4961383491754532,97,0,-0.03872588204305026,-0.03826007743110904,0.4798076923076923,0.3385402156067415,0.49615384615384617,0.4779571739379366,0.375,0.5846153846153846,0.15215214432989688,0.5154639175257731
neuma,subjectwise,xgboost,1,S34,0.4969266945123672,235,0,0.16632975544096343,0.15395547134059695,0.6021498617048027,0.27260808723558894,0.5778224792557204,0.5650691603350867,0.4878048780487805,0.7164948453608248,0.3000626502978723,0.676595744680851
neuma,subjectwise,xgboost,1,S35,0.5019161653518677,101,0,0.16985641606743107,0.08954326923076927,0.578421052631579,0.35146318269328825,0.6068421052631578,0.4044811320754717,0.92,0.23684210526315788,0.261590405049505,0.40594059405940597
neuma,subjectwise,xgboost,1,S36,0.4969266945123672,51,0,0.12565617248750865,0.12371134020618557,0.5666666666666667,0.43048964426295844,0.5796296296296296,0.5588235294117647,0.4666666666666667,0.6666666666666666,0.23259622725490195,0.6078431372549019
neuma,subjectwise,xgboost,1,S37,0.4961383491754532,66,0,0.1375338948501256,0.13746369796708624,0.5682692307692307,0.5809118714935514,0.6038461538461539,0.5686274509803921,0.46153846153846156,0.675,0.08621378303030296,0.5909090909090909
neuma,subjectwise,xgboost,1,S38,0.4969266945123672,181,0,-0.08841020838184208,-0.0799254195152268,0.45029375386518244,0.2674587349769526,0.4506029684601114,0.43466944299843835,0.40816326530612246,0.49242424242424243,0.22771068110497242,0.4696132596685083
neuma,subjectwise,xgboost,1,S39,0.4961383491754532,39,0,0.06761234037828133,0.0675105485232067,0.5333333333333333,0.4258220328795335,0.49722222222222223,0.5334271639690359,0.4,0.6666666666666666,0.12090328128205123,0.5641025641025641
neuma,subjectwise,xgboost,1,S40,0.4859073382616043,65,0,0.29814239699997197,0.27586206896551724,0.6282051282051282,0.5793749977913407,0.6331360946745562,0.6259249109345026,0.38461538461538464,0.8717948717948718,0.08809054353846152,0.676923076923077
neuma,subjectwise,xgboost,1,S41,0.4969266945123672,48,0,-0.06477502756312957,-0.061224489795918435,0.4666666666666667,0.3252457715010638,0.37592592592592594,0.4545454545454546,0.5,0.43333333333333335,0.1245353122916666,0.4583333333333333
neuma,subjectwise,xgboost,1,S42,0.5019161653518677,63,0,0.04532471038866811,0.044489383215369105,0.523157894736842,0.5166176575423821,0.578421052631579,0.5178571428571428,0.52,0.5263157894736842,0.10318726952380954,0.5238095238095238
neuma,subjectwise,xgboost,1,S43,0.4969266945123672,86,0,0.09290655434719011,0.062244434348023625,0.5501831501831502,0.30142524854081687,0.5813186813186813,0.4391304347826087,0.7619047619047619,0.3384615384615385,0.26438618906976746,0.4418604651162791
neuma,subjectwise,xgboost,1,S44,0.4859073382616043,82,0,0.12309149097933274,0.09756097560975607,0.5776515151515151,0.2774611697657342,0.5274621212121211,0.5025414002295459,0.625,0.5303030303030303,0.3005266284146342,0.5487804878048781
neuma,subjectwise,xgboost,2,S01,0.4994172751903534,69,0,0.0030633942587241993,0.0026281208935611255,0.5018518518518519,0.29387156241474943,0.5413580246913581,0.4676174888940846,0.4666666666666667,0.5370370370370371,0.28111954246376814,0.5217391304347826
neuma,subjectwise,xgboost,2,S02,0.5071410822868347,63,0,-0.04662524041201569,-0.046511627906976605,0.47619047619047616,0.47813592002010763,0.4710884353741496,0.47616407982261644,0.3333333333333333,0.6190476190476191,0.1808189407936508,0.5238095238095238
neuma,subjectwise,xgboost,2,S03,0.5035939288139343,65,0,0.0441245203088741,0.04303510758776907,0.5242346938775511,0.27161456316337107,0.5089285714285715,0.5165903890160183,0.375,0.673469387755102,0.22448824707692314,0.6
neuma,subjectwise,xgboost,2,S05,0.4994172751903534,85,0,-0.053366711136478465,-0.04123095309232161,0.46314102564102566,0.22618167828500366,0.5021367521367521,0.4257703081232493,0.38461538461538464,0.5416666666666666,0.34222498788235295,0.5176470588235295
neuma,subjectwise,xgboost,2,S06,0.5035939288139343,139,0,0.10408399316646932,0.08581271531475088,0.5345959595959596,0.32343658748275245,0.5224747474747475,0.5173611111111112,0.15,0.9191919191919192,0.14715175446043166,0.697841726618705
neuma,subjectwise,xgboost,2,S07,0.4834166967868805,86,0,0.1105479562635502,0.052863436123347984,0.5589285714285714,0.24548170300725897,0.5214285714285715,0.3596859347502369,0.875,0.24285714285714285,0.34232894500000005,0.36046511627906974
neuma,subjectwise,xgboost,2,S08,0.5035939288139343,83,0,-0.11790504197102504,-0.10872941907424671,0.43279569892473113,0.2602567472198848,0.4062980030721966,0.4255593111218413,0.3333333333333333,0.532258064516129,0.24756462180722894,0.4819277108433735
neuma,subjectwise,xgboost,2,S09,0.4834166967868805,120,0,0.05736342485375429,0.05701754385964919,0.53027950310559,0.3818424181506015,0.5900621118012422,0.5274292517629819,0.32142857142857145,0.7391304347826086,0.22573006691666664,0.6416666666666667
neuma,subjectwise,xgboost,2,S10,0.5126693236827851,273,0,0.0011766367133809626,0.0011743981209630938,0.5005656108597285,0.21416441526371674,0.5364601461886529,0.5003050640634533,0.17307692307692307,0.8280542986425339,0.25267110139194143,0.7032967032967034
neuma,subjectwise,xgboost,2,S12,0.5126693236827851,103,0,0.15341806812965939,0.1426872770511297,0.5857142857142856,0.3838705644256262,0.5919047619047619,0.5571253071253071,0.5714285714285714,0.6,0.2259820902912621,0.5922330097087378
neuma,subjectwise,xgboost,2,S13,0.5071410822868347,315,0,-0.02830778241382342,-0.02204852149546488,0.4839626689551598,0.2605719239562416,0.5033791031967388,0.4274146905725853,0.569620253164557,0.3983050847457627,0.2645035519047619,0.44126984126984126
neuma,subjectwise,xgboost,2,S14,0.5126693236827851,55,0,-0.20830952244882409,-0.20377358490566033,0.38749999999999996,0.22455395021192334,0.3166666666666667,0.3923809523809524,0.2,0.575,0.29441237436363626,0.4727272727272727
neuma,subjectwise,xgboost,2,S15,0.5071410822868347,215,0,0.026150999099455886,0.025960804275897198,0.5124706572769953,0.35784227595848056,0.5083137715179968,0.5114759120733232,0.29577464788732394,0.7291666666666666,0.16820261809302328,0.586046511627907
neuma,subjectwise,xgboost,2,S16,0.5035939288139343,224,0,0.05889906042568636,0.058064516129032295,0.5323782603109342,0.21395849203449574,0.5522292175253759,0.526728604092501,0.3023255813953488,0.7624309392265194,0.26797094066964283,0.6741071428571429
neuma,subjectwise,xgboost,2,S17,0.5071410822868347,90,0,0.051817744397510426,0.04458598726114649,0.5185185185185185,0.2724531742003127,0.39653145208700763,0.4996293550778354,0.14814814814814814,0.8888888888888888,0.18447430833333328,0.6666666666666666
neuma,subjectwise,xgboost,2,S18,0.4834166967868805,56,0,0.18170219010581326,0.1806615776081425,0.591025641025641,0.5074390673924009,0.5564102564102564,0.5891547049441785,0.6153846153846154,0.5666666666666667,0.08337741410714289,0.5892857142857143
neuma,subjectwise,xgboost,2,S19,0.5126693236827851,118,0,-0.09878801100114164,-0.07604327666151467,0.43166666666666664,0.13226506600895158,0.3938888888888889,0.40571916346564235,0.3333333333333333,0.53,0.3468051346610169,0.5
neuma,subjectwise,xgboost,2,S20,0.5035939288139343,56,0,-0.23823691271043296,-0.201430274135876,0.37254901960784315,0.2573399362074327,0.3378582202111614,0.34967741935483876,0.4117647058823529,0.3333333333333333,0.2246684892857143,0.35714285714285715
neuma,subjectwise,xgboost,2,S21,0.5126693236827851,135,0,-0.07035042644579156,-0.06396344945745303,0.46,0.2589674080148153,0.46628571428571425,0.4449079315892974,0.4,0.52,0.23591435296296295,0.4888888888888889
neuma,subjectwise,xgboost,2,S22,0.5035939288139343,79,0,0.001538042956509323,0.0013665869490946392,0.5006493506493507,0.46522290623047524,0.43506493506493504,0.47475292003593894,0.22857142857142856,0.7727272727272727,0.12143033354430374,0.5316455696202531
neuma,subjectwise,xgboost,2,S23,0.5126693236827851,70,0,0.2056247991946301,0.20524017467248912,0.6012058570198104,0.5367951834941537,0.6451335055986218,0.6022727272727273,0.48148148148148145,0.7209302325581395,0.10926061242857141,0.6285714285714286
neuma,subjectwise,xgboost,2,S24,0.4994172751903534,221,0,0.0850349080095446,0.06295511107014473,0.5631939304219097,0.15977563070133485,0.5726313841598816,0.47920081967213113,0.5357142857142857,0.5906735751295337,0.36953866171945704,0.583710407239819
neuma,subjectwise,xgboost,2,S25,0.5071410822868347,42,0,-0.03829197905337418,-0.02739726027397249,0.47947214076246336,0.28748929665159995,0.49266862170087977,0.4017094017094017,0.6363636363636364,0.3225806451612903,0.25945676785714283,0.40476190476190477
neuma,subjectwise,xgboost,2,S26,0.4994172751903534,269,0,0.09046507775487064,0.08958136414915996,0.5472651222651223,0.39656193597285966,0.5438223938223938,0.5427762039660057,0.44047619047619047,0.654054054054054,0.185703080669145,0.587360594795539
neuma,subjectwise,xgboost,2,S27,0.5126693236827851,49,0,0.06003002251876642,0.05970149253731338,0.5285714285714286,0.3571168995252101,0.5244897959183674,0.5288461538461539,0.2857142857142857,0.7714285714285715,0.19770828938775512,0.6326530612244898
neuma,subjectwise,xgboost,2,S28,0.5035939288139343,152,0,0.0067012958510414295,0.0065359477124183885,0.5037846930193439,0.24319104921308557,0.4788337538547799,0.4989010989010989,0.27586206896551724,0.7317073170731707,0.2466352177631579,0.6447368421052632
neuma,subjectwise,xgboost,2,S29,0.5035939288139343,109,0,0.13044966887529877,0.1299201761629507,0.5616509926854754,0.2695946480832946,0.5977011494252873,0.5644205594598318,0.2727272727272727,0.8505747126436781,0.2291967078899083,0.7339449541284404
neuma,subjectwise,xgboost,2,S30,0.5071410822868347,53,0,-0.04473346389379392,-0.043600562587904346,0.47753623188405797,0.39946824611643317,0.4514492753623188,0.47150997150997154,0.5217391304347826,0.43333333333333335,0.08324604452830187,0.4716981132075472
neuma,subjectwise,xgboost,2,S31,0.4994172751903534,99,0,0.2645180933589615,0.25626043405676124,0.6389140271493212,0.5166819102834381,0.6563348416289593,0.6224576271186442,0.6470588235294118,0.6307692307692307,0.15532831131313135,0.6363636363636364
neuma,subjectwise,xgboost,2,S32,0.5126693236827851,101,0,0.025164536095957802,0.025153553670663964,0.5123705408515535,0.32537969238012354,0.5425776754890679,0.5125054848617815,0.22727272727272727,0.7974683544303798,0.20866764346534655,0.6732673267326733
neuma,subjectwise,xgboost,2,S33,0.4834166967868805,97,0,-0.089988730850375,-0.0898876404494382,0.45576923076923076,0.3152234696159356,0.4625,0.45478983382209187,0.25,0.6615384615384615,0.13452883979381441,0.5257731958762887
neuma,subjectwise,xgboost,2,S34,0.4834166967868805,235,0,0.12593627230437246,0.10467214758371779,0.5820341966306262,0.2496610987456888,0.607367362333417,0.5187436676798379,0.5609756097560976,0.6030927835051546,0.30003276331914885,0.5957446808510638
neuma,subjectwise,xgboost,2,S35,0.5071410822868347,101,0,0.053655424502276276,0.04153983885407331,0.5305263157894737,0.2504218167526905,0.48500000000000004,0.4617395676219206,0.64,0.42105263157894735,0.2776261020792079,0.4752475247524752
neuma,subjectwise,xgboost,2,S36,0.4834166967868805,51,0,0.2197771265872563,0.2102689486552567,0.6194444444444445,0.479456344905827,0.6185185185185185,0.5970893970893971,0.6,0.6388888888888888,0.18733940686274514,0.6274509803921569
neuma,subjectwise,xgboost,2,S37,0.5035939288139343,66,0,0.248143288394209,0.24477611940298505,0.6182692307692308,0.6352463120066734,0.6903846153846154,0.6200250312891114,0.46153846153846156,0.775,0.08689537909090905,0.6515151515151515
neuma,subjectwise,xgboost,2,S38,0.4834166967868805,181,0,0.00126954176993664,0.0012262415695891704,0.5006957328385899,0.2796611728389101,0.48036487322201604,0.4929971988795518,0.3877551020408163,0.6136363636363636,0.21885912160220986,0.5524861878453039
neuma,subjectwise,xgboost,2,S39,0.4994172751903534,39,0,-0.11385500851066221,-0.10852713178294571,0.44166666666666665,0.42242729290010794,0.48888888888888893,0.43253968253968256,0.4666666666666667,0.4166666666666667,0.11688998179487178,0.4358974358974359
neuma,subjectwise,xgboost,2,S40,0.4994172751903534,65,0,0.11945967147042726,0.10404624277456653,0.5576923076923077,0.409720954441814,0.52465483234714,0.521263958184842,0.7307692307692307,0.38461538461538464,0.10979445446153843,0.5230769230769231
neuma,subjectwise,xgboost,2,S41,0.5126693236827851,48,0,0.06477502756312957,0.06382978723404253,0.5333333333333333,0.474237110506633,0.55,0.5285714285714286,0.5,0.5666666666666667,0.16992869,0.5416666666666666
neuma,subjectwise,xgboost,2,S42,0.4834166967868805,63,0,0.12621945220296465,0.1259338313767343,0.5621052631578948,0.5397690777540045,0.6357894736842105,0.5625,0.44,0.6842105263157895,0.07113986619047624,0.5873015873015873
neuma,subjectwise,xgboost,2,S43,0.4834166967868805,86,0,0.11916542836899739,0.08298562818729727,0.5655677655677656,0.3143934050153801,0.5501831501831502,0.4604473540643753,0.7619047619047619,0.36923076923076925,0.26993597279069764,0.46511627906976744
neuma,subjectwise,xgboost,2,S44,0.4994172751903534,82,0,-0.1846372364689991,-0.14634146341463405,0.3835227272727273,0.22302545196821102,0.3835227272727273,0.36809313002131494,0.3125,0.45454545454545453,0.3057439180487804,0.4268292682926829
neuma,subjectwise,xgboost,3,S01,0.5022561818361282,69,0,-0.022222222222222223,-0.022222222222222143,0.48888888888888893,0.23109175605884136,0.5012345679012346,0.48888888888888893,0.2,0.7777777777777778,0.2566530747826087,0.6521739130434783
neuma,subjectwise,xgboost,3,S02,0.5017178654670715,63,0,-0.022798037629377658,-0.020000000000000018,0.4880952380952381,0.29692260834632894,0.4370748299319728,0.4568965517241379,0.5714285714285714,0.40476190476190477,0.16723534761904768,0.4603174603174603
neuma,subjectwise,xgboost,3,S03,0.4952981734275817,65,0,0.11572751247156894,0.10344827586206906,0.5669642857142857,0.23921318357424987,0.475765306122449,0.5289855072463768,0.5625,0.5714285714285714,0.2520212421538462,0.5692307692307692
neuma,subjectwise,xgboost,3,S05,0.5022561818361282,85,0,0.053366711136478465,0.03558535327488399,0.5368589743589743,0.15974783291276196,0.4855769230769232,0.43333333333333335,0.6153846153846154,0.4583333333333333,0.35348952447058823,0.4823529411764706
neuma,subjectwise,xgboost,3,S06,0.5050443112850189,139,0,0.10183275377843146,0.09570623102501075,0.5417929292929293,0.32406776675037474,0.5042929292929292,0.5382059800664452,0.225,0.8585858585858586,0.14381872323741002,0.6762589928057554
neuma,subjectwise,xgboost,3,S07,0.4952981734275817,86,0,0.16821137900632907,0.12899786780383793,0.6080357142857142,0.33274998747771495,0.6660714285714286,0.5136904761904761,0.6875,0.5285714285714286,0.31564992174418605,0.5581395348837209
neuma,subjectwise,xgboost,3,S08,0.5050443112850189,83,0,-0.03394900214465134,-0.031877590054191884,0.4807987711213518,0.2557583963429143,0.4285714285714286,0.4697788697788698,0.38095238095238093,0.5806451612903226,0.23842459939759034,0.5301204819277109
neuma,subjectwise,xgboost,3,S09,0.4952981734275817,120,0,0.20198059402174692,0.20118343195266275,0.6055900621118012,0.32943962314790437,0.59472049689441,0.6000000000000001,0.42857142857142855,0.782608695652174,0.2073450654166667,0.7
neuma,subjectwise,xgboost,3,S10,0.4969801902770996,273,0,0.04262930267696734,0.03746512554802717,0.5265837104072398,0.20863044365095149,0.5227984684998259,0.4935064935064935,0.4423076923076923,0.6108597285067874,0.30395226373626366,0.5787545787545788
neuma,subjectwise,xgboost,3,S12,0.4969801902770996,103,0,0.11585149385075266,0.08519736842105263,0.5616666666666666,0.3782468700373285,0.5616666666666666,0.4732954545454545,0.75,0.37333333333333335,0.22851657805825237,0.47572815533980584
neuma,subjectwise,xgboost,3,S13,0.5017178654670715,315,0,-0.002414551868548804,-0.0017766722927954337,0.4986590860330401,0.2532903539883041,0.4856522205535293,0.42422571454829516,0.6329113924050633,0.3644067796610169,0.24979749755555566,0.43174603174603177
neuma,subjectwise,xgboost,3,S14,0.4969801902770996,55,0,-0.14708710135363803,-0.10000000000000009,0.425,0.27818263388806913,0.4316666666666667,0.34523809523809523,0.6,0.25,0.22611442036363638,0.34545454545454546
neuma,subjectwise,xgboost,3,S15,0.5017178654670715,215,0,0.05947253857157976,0.05910310103053973,0.5307120500782472,0.3432655431536011,0.5147691705790297,0.528208395271466,0.4225352112676056,0.6388888888888888,0.16904348958139548,0.5674418604651162
neuma,subjectwise,xgboost,3,S16,0.5050443112850189,224,0,0.01679938907721354,0.016623741512526324,0.5091224463574457,0.2072705203843242,0.4924836181421046,0.5065644550180632,0.2558139534883721,0.7624309392265194,0.2694309351785714,0.6651785714285714
neuma,subjectwise,xgboost,3,S17,0.5017178654670715,90,0,0.08147883221029001,0.0604026845637583,0.5238095238095238,0.3522794654260172,0.5902410346854792,0.492344883158743,0.1111111111111111,0.9365079365079365,0.19752193955555555,0.6888888888888889
neuma,subjectwise,xgboost,3,S18,0.5050443112850189,56,0,-0.07692307692307693,-0.07692307692307687,0.46153846153846156,0.5337762680205198,0.4987179487179487,0.46153846153846156,0.4230769230769231,0.5,0.14762431089285713,0.4642857142857143
neuma,subjectwise,xgboost,3,S19,0.4969801902770996,118,0,-0.10556358815269186,-0.04631754642186525,0.4383333333333333,0.11753605632622999,0.3502777777777778,0.2754460738279275,0.6666666666666666,0.21,0.35083174440677967,0.2796610169491525
neuma,subjectwise,xgboost,3,S20,0.4952981734275817,56,0,0.07753272307144268,0.06555423122765203,0.5414781297134239,0.2848052921588503,0.4570135746606335,0.4941935483870967,0.6470588235294118,0.4358974358974359,0.20720171482142857,0.5
neuma,subjectwise,xgboost,3,S21,0.4969801902770996,135,0,0.0320174067067011,0.020852221214868405,0.5164285714285715,0.2700859689501841,0.49014285714285716,0.40711462450592883,0.7428571428571429,0.29,0.2440404848888889,0.4074074074074074
neuma,subjectwise,xgboost,3,S22,0.5022561818361282,79,0,-0.004161251892882395,-0.004013377926421535,0.498051948051948,0.4398675033814876,0.45227272727272716,0.4894557823129252,0.3142857142857143,0.6818181818181818,0.07913524227848105,0.5189873417721519
neuma,subjectwise,xgboost,3,S23,0.5022561818361282,70,0,-0.001735405116567213,-0.0017346053772766545,0.4991386735572782,0.42730057756967615,0.5159345391903531,0.4990240728692258,0.37037037037037035,0.627906976744186,0.10139477814285722,0.5285714285714286
neuma,subjectwise,xgboost,3,S24,0.5022561818361282,221,0,0.13329648532918498,0.11109903250353315,0.594559585492228,0.17208695670747326,0.6423945225758697,0.5284313725490196,0.5,0.689119170984456,0.3558653595927603,0.665158371040724
neuma,subjectwise,xgboost,3,S25,0.5017178654670715,42,0,0.04741339532986816,0.03262955854126681,0.5249266862170088,0.2928032824584549,0.5498533724340176,0.42727272727272725,0.7272727272727273,0.3225806451612903,0.2390873245238096,0.42857142857142855
neuma,subjectwise,xgboost,3,S26,0.5022561818361282,269,0,0.07690867007841169,0.07690580802411717,0.5385778635778635,0.3711006276253417,0.5342342342342342,0.5384455027982232,0.36904761904761907,0.7081081081081081,0.16720943557620824,0.6022304832713755
neuma,subjectwise,xgboost,3,S27,0.5050443112850189,49,0,0.03879454500839038,0.03592814371257469,0.5214285714285714,0.3031053369917627,0.49387755102040815,0.5006645990252547,0.5,0.5428571428571428,0.19917619999999997,0.5306122448979592
neuma,subjectwise,xgboost,3,S28,0.5050443112850189,152,0,-0.114579848519596,-0.11455451023796348,0.4419680403700589,0.1915990760527191,0.40594336977852535,0.4426841923209962,0.10344827586206896,0.7804878048780488,0.25434948164473686,0.6513157894736842
neuma,subjectwise,xgboost,3,S29,0.5050443112850189,109,0,0.0358345824538106,0.03539823008849563,0.51619644723093,0.25762622854574785,0.5992685475444096,0.5159719237931528,0.18181818181818182,0.8505747126436781,0.24360508458715596,0.7155963302752294
neuma,subjectwise,xgboost,3,S30,0.5017178654670715,53,0,0.07536231884057971,0.072778166550035,0.5376811594202899,0.5368297412185845,0.5847826086956522,0.5283018867924528,0.6086956521739131,0.4666666666666667,0.06520610509433956,0.5283018867924528
neuma,subjectwise,xgboost,3,S31,0.5022561818361282,99,0,0.2218677818890312,0.2149415692821368,0.6165158371040724,0.5264467211781458,0.6271493212669683,0.6014830508474576,0.6176470588235294,0.6153846153846154,0.15192537656565658,0.6161616161616161
neuma,subjectwise,xgboost,3,S32,0.4969801902770996,101,0,-0.042148886999099425,-0.03977538605521769,0.4755466052934407,0.23502004321938974,0.489355581127733,0.467911877394636,0.3181818181818182,0.6329113924050633,0.2777920113861386,0.5643564356435643
neuma,subjectwise,xgboost,3,S33,0.5050443112850189,97,0,-0.07505134249289587,-0.07485840925880338,0.4634615384615385,0.3423054117377893,0.4754807692307692,0.4619746086527795,0.25,0.676923076923077,0.13435273731958763,0.5360824742268041
neuma,subjectwise,xgboost,3,S34,0.4952981734275817,235,0,0.19523455355288302,0.1744118824209543,0.623271310032688,0.3131970424762046,0.6433241136535077,0.5695072463768116,0.5609756097560976,0.6855670103092784,0.2964759694042553,0.6638297872340425
neuma,subjectwise,xgboost,3,S35,0.5017178654670715,101,0,0.1519351313453071,0.0638813631826608,0.5589473684210526,0.2761867534809519,0.5589473684210526,0.34722084120513075,0.96,0.15789473684210525,0.25549119633663375,0.3564356435643564
neuma,subjectwise,xgboost,3,S36,0.4969801902770996,51,0,-0.07200822998230956,-0.06021505376344094,0.46111111111111114,0.37124479780052533,0.5027777777777778,0.4233918128654971,0.5333333333333333,0.3888888888888889,0.20548352294117644,0.43137254901960786
neuma,subjectwise,xgboost,3,S37,0.4969801902770996,66,0,0.175,0.17500000000000004,0.5875,0.4544780022880156,0.6009615384615384,0.5875,0.5,0.675,0.10336026393939393,0.6060606060606061
neuma,subjectwise,xgboost,3,S38,0.4952981734275817,181,0,0.05378672945676712,0.053319773354641886,0.5283704390847248,0.28371334348393806,0.48314780457637607,0.5249343832020997,0.3673469387755102,0.6893939393939394,0.19189187259668508,0.6022099447513812
neuma,subjectwise,xgboost,3,S39,0.4952981734275817,39,0,-0.13788820796114815,-0.1349206349206351,0.4291666666666667,0.45215622064744865,0.4361111111111111,0.42647058823529416,0.4,0.4583333333333333,0.19679384794871796,0.4358974358974359
neuma,subjectwise,xgboost,3,S40,0.5050443112850189,65,0,0.012745318548364543,0.01273885350318471,0.5064102564102564,0.5384485387756857,0.5285996055226824,0.5062484685126194,0.4230769230769231,0.5897435897435898,0.11637359461538464,0.5230769230769231
neuma,subjectwise,xgboost,3,S41,0.4969801902770996,48,0,-0.034815531191139566,-0.02857142857142847,0.4833333333333333,0.436785300755889,0.5675925925925926,0.43529411764705883,0.6666666666666666,0.3,0.12758671500000002,0.4375
neuma,subjectwise,xgboost,3,S42,0.4952981734275817,63,0,0.0044253636380814365,0.004359673024523114,0.5021052631578947,0.47354926384443113,0.5578947368421053,0.49876543209876545,0.32,0.6842105263157895,0.06727485888888884,0.5396825396825397
neuma,subjectwise,xgboost,3,S43,0.4952981734275817,86,0,0.043381676799887324,0.03394907638542177,0.5249084249084249,0.33678205747859236,0.547985347985348,0.460326314321573,0.6190476190476191,0.4307692307692308,0.2603049054651163,0.47674418604651164
neuma,subjectwise,xgboost,3,S44,0.5022561818361282,82,0,-0.1990970608513336,-0.16698292220113853,0.375,0.15609703927873542,0.362689393939394,0.37276899541050484,0.25,0.5,0.3002539502439025,0.45121951219512196
neuma,subjectwise,xgboost,4,S01,0.497615247964859,69,0,0.0030633942587241993,0.0026281208935611255,0.5018518518518519,0.2200858349245096,0.45740740740740743,0.4676174888940846,0.4666666666666667,0.5370370370370371,0.2755572436231884,0.5217391304347826
neuma,subjectwise,xgboost,4,S02,0.4856204628944397,63,0,0.0,0.0,0.5,0.44394300445375967,0.5317460317460319,0.4951923076923077,0.42857142857142855,0.5714285714285714,0.16768744126984128,0.5238095238095238
neuma,subjectwise,xgboost,4,S03,0.4827103054523468,65,0,0.11572751247156894,0.10344827586206906,0.5669642857142857,0.31378233070865313,0.5599489795918366,0.5289855072463768,0.5625,0.5714285714285714,0.22957715553846159,0.5692307692307692
neuma,subjectwise,xgboost,4,S05,0.497615247964859,85,0,-0.0930654695700715,-0.06754116662015064,0.43536324786324787,0.1949494169870369,0.4588675213675214,0.3952569169960475,0.38461538461538464,0.4861111111111111,0.347563481764706,0.47058823529411764
neuma,subjectwise,xgboost,4,S06,0.511793782711029,139,0,-0.046288143027832365,-0.04265333137226057,0.48169191919191917,0.33514618896989157,0.49469696969696975,0.4644556923774269,0.125,0.8383838383838383,0.1743226465467626,0.6330935251798561
neuma,subjectwise,xgboost,4,S07,0.4856204628944397,86,0,-0.031118922779266905,-0.026944274341702545,0.48035714285714287,0.20667999368411316,0.5486607142857143,0.456490034030141,0.375,0.5857142857142857,0.29197878069767447,0.5465116279069767
neuma,subjectwise,xgboost,4,S08,0.511793782711029,83,0,0.006682366395822602,0.0057045065601823985,0.5038402457757296,0.29203037975221335,0.49769585253456217,0.46599264705882354,0.5238095238095238,0.4838709677419355,0.24968976819277106,0.4939759036144578
neuma,subjectwise,xgboost,4,S09,0.4856204628944397,120,0,-0.023762422826087877,-0.021126760563380254,0.4860248447204969,0.24522475930721943,0.45419254658385094,0.46279715961716583,0.42857142857142855,0.5434782608695652,0.2589557819166667,0.5166666666666667
neuma,subjectwise,xgboost,4,S10,0.511793782711029,273,0,-0.0723483272839234,-0.07019230769230766,0.45871040723981904,0.188335343889141,0.49173337974242953,0.45914324162679426,0.21153846153846154,0.7058823529411765,0.2523895121611722,0.6117216117216118
neuma,subjectwise,xgboost,4,S12,0.4983158248662948,103,0,-0.1792848352288953,-0.1356498496491816,0.4033333333333333,0.241428651267957,0.4019047619047618,0.3542933130699088,0.5,0.30666666666666664,0.29038738165048544,0.3592233009708738
neuma,subjectwise,xgboost,4,S13,0.4827103054523468,315,0,0.03901966122210314,0.03586670690175464,0.5223128084102124,0.29747029489945764,0.5336837588500323,0.4997987117552335,0.46835443037974683,0.576271186440678,0.22162669806349208,0.5492063492063493
neuma,subjectwise,xgboost,4,S14,0.511793782711029,55,0,-0.19166666666666668,-0.19166666666666665,0.4041666666666667,0.21960352809675468,0.33,0.4041666666666667,0.13333333333333333,0.675,0.22210297927272726,0.5272727272727272
neuma,subjectwise,xgboost,4,S15,0.4827103054523468,215,0,-0.11791056251844281,-0.09170641637174937,0.4417057902973396,0.29278503630694547,0.4227308294209703,0.3859269517050372,0.6056338028169014,0.2777777777777778,0.19676576855813963,0.386046511627907
neuma,subjectwise,xgboost,4,S16,0.4983158248662948,224,0,0.04626835240720713,0.038025350233489075,0.5292946164717975,0.2360038534708351,0.5630219709623538,0.47856351843062805,0.5116279069767442,0.5469613259668509,0.3077933749553571,0.5401785714285714
neuma,subjectwise,xgboost,4,S17,0.4827103054523468,90,0,0.043863446330651264,0.04371584699453557,0.5211640211640212,0.3638544502591871,0.5449735449735449,0.521203830369357,0.2962962962962963,0.746031746031746,0.14225641544444442,0.6111111111111112
neuma,subjectwise,xgboost,4,S18,0.511793782711029,56,0,0.08621595118433771,0.0813648293963255,0.5397435897435897,0.53909000666379,0.5282051282051282,0.5281429052915403,0.34615384615384615,0.7333333333333333,0.0780362607142857,0.5535714285714286
neuma,subjectwise,xgboost,4,S19,0.511793782711029,118,0,-0.24292807275259465,-0.1726291879613855,0.33111111111111113,0.12138465522520174,0.35444444444444445,0.3297630639402791,0.2222222222222222,0.44,0.3382338561864407,0.4067796610169492
neuma,subjectwise,xgboost,4,S20,0.497615247964859,56,0,0.06952899289059493,0.06203473945409421,0.5377073906485671,0.4250198793668202,0.5354449472096531,0.5050736497545009,0.5882352941176471,0.48717948717948717,0.21603057196428568,0.5178571428571429
neuma,subjectwise,xgboost,4,S21,0.4983158248662948,135,0,0.07421765299749607,0.06789413118527032,0.542142857142857,0.30593477180138684,0.5228571428571428,0.5150862068965517,0.5142857142857142,0.57,0.23909913844444444,0.5555555555555556
neuma,subjectwise,xgboost,4,S22,0.497615247964859,79,0,-0.03506894317320271,-0.03354579000335467,0.48376623376623373,0.44130265163429927,0.4788961038961039,0.47252182845403184,0.2857142857142857,0.6818181818181818,0.05196421215189879,0.5063291139240507
neuma,subjectwise,xgboost,4,S23,0.511793782711029,70,0,0.23886756104874862,0.23721709974853322,0.6218776916451335,0.5657636481357948,0.6244616709732987,0.6173254835996635,0.5925925925925926,0.6511627906976745,0.12769693399999996,0.6285714285714286
neuma,subjectwise,xgboost,4,S24,0.497615247964859,221,0,0.09813002688925472,0.07084712407192062,0.573279052553664,0.16979515101645343,0.6013138415988156,0.4782499497689371,0.5714285714285714,0.5751295336787565,0.3631983402262443,0.5746606334841629
neuma,subjectwise,xgboost,4,S25,0.4827103054523468,42,0,0.09027241525272583,0.08695652173913049,0.5498533724340176,0.3892804145601685,0.6304985337243402,0.5360623781676412,0.45454545454545453,0.6451612903225806,0.19605734523809523,0.5952380952380952
neuma,subjectwise,xgboost,4,S26,0.497615247964859,269,0,0.044531931797961555,0.04437519476472418,0.5229086229086228,0.41550206914210763,0.5453667953667953,0.5214419475655431,0.38095238095238093,0.6648648648648648,0.18357048754646835,0.5762081784386617
neuma,subjectwise,xgboost,4,S27,0.511793782711029,49,0,-0.13245323570650439,-0.12903225806451624,0.42857142857142855,0.3148574834827259,0.546938775510204,0.4289044289044289,0.2857142857142857,0.5714285714285714,0.19594950979591838,0.4897959183673469
neuma,subjectwise,xgboost,4,S28,0.4983158248662948,152,0,-0.030443921104240483,-0.030437188710569885,0.48458088029156154,0.2076280072090716,0.4838800112139052,0.4847457627118644,0.1724137931034483,0.7967479674796748,0.24795138710526313,0.6776315789473685
neuma,subjectwise,xgboost,4,S29,0.511793782711029,109,0,0.022590824197703474,0.022421524663677084,0.5104493207941484,0.22833947672495775,0.538662486938349,0.5101123595505618,0.18181818181818182,0.8390804597701149,0.22228015229357798,0.7064220183486238
neuma,subjectwise,xgboost,4,S30,0.4827103054523468,53,0,-0.08777205561801552,-0.08621908127208489,0.4557971014492754,0.42490431458469424,0.427536231884058,0.45204991087344026,0.4782608695652174,0.43333333333333335,0.13234192830188682,0.4528301886792453
neuma,subjectwise,xgboost,4,S31,0.4983158248662948,99,0,0.29880544660724634,0.295449644166487,0.6549773755656109,0.4919203726201795,0.6438914027149321,0.6458536585365854,0.6176470588235294,0.6923076923076923,0.16483527878787876,0.6666666666666666
neuma,subjectwise,xgboost,4,S32,0.4983158248662948,101,0,-0.005305601999590463,-0.005238344683080154,0.4971231300345224,0.23816637537359892,0.4971231300345224,0.495,0.2727272727272727,0.7215189873417721,0.2516368605940594,0.6237623762376238
neuma,subjectwise,xgboost,4,S33,0.4856204628944397,97,0,-0.1976586561563111,-0.18775510204081636,0.39495192307692306,0.26077441785164784,0.36923076923076925,0.39141441937259214,0.34375,0.4461538461538462,0.15708264649484532,0.41237113402061853
neuma,subjectwise,xgboost,4,S34,0.4856204628944397,235,0,0.09082191388331723,0.08822747807600317,0.5521750062861454,0.27276791552723423,0.5662559718380689,0.5396978722262471,0.34146341463414637,0.7628865979381443,0.2815445681702127,0.6893617021276596
neuma,subjectwise,xgboost,4,S35,0.4827103054523468,101,0,0.07625758772174131,0.06055079336129865,0.5436842105263158,0.260977324625259,0.528421052631579,0.4784853700516351,0.64,0.4473684210526316,0.25223595811881183,0.49504950495049505
neuma,subjectwise,xgboost,4,S36,0.497615247964859,51,0,0.010369516947304253,0.010126582278480956,0.5055555555555555,0.43581132758258556,0.5472222222222223,0.4997867803837953,0.4,0.6111111111111112,0.21272316588235302,0.5490196078431373
neuma,subjectwise,xgboost,4,S37,0.4983158248662948,66,0,0.06113316405499531,0.0608439646712462,0.5298076923076923,0.5815632850154819,0.6432692307692308,0.5293828374723384,0.38461538461538464,0.675,0.08555576727272723,0.5606060606060606
neuma,subjectwise,xgboost,4,S38,0.4856204628944397,181,0,0.05983910781235022,0.049841361407556906,0.5333951762523191,0.29045182010839626,0.5081941867656155,0.4830356862622014,0.6122448979591837,0.45454545454545453,0.22274492679558008,0.4972375690607735
neuma,subjectwise,xgboost,4,S39,0.4983158248662948,39,0,-0.18446619684315546,-0.18181818181818166,0.4125,0.45017005055437853,0.4222222222222222,0.40522875816993464,0.2,0.625,0.13979175923076922,0.46153846153846156
neuma,subjectwise,xgboost,4,S40,0.4856204628944397,65,0,0.13819269959814165,0.1358024691358024,0.5705128205128205,0.5836380273426014,0.6183431952662721,0.564176245210728,0.5769230769230769,0.5641025641025641,0.13980672446153847,0.5692307692307692
neuma,subjectwise,xgboost,4,S41,0.511793782711029,48,0,0.29436420748842185,0.27710843373493976,0.6277777777777778,0.5963313519659388,0.5925925925925926,0.629439011837365,0.3888888888888889,0.8666666666666667,0.166505869375,0.6875
neuma,subjectwise,xgboost,4,S42,0.497615247964859,63,0,-0.022941573387056175,-0.022727272727272707,0.4889473684210527,0.5058951425039984,0.5642105263157895,0.48641304347826086,0.32,0.6578947368421053,0.0866861806349207,0.5238095238095238
neuma,subjectwise,xgboost,4,S43,0.4856204628944397,86,0,0.04164555923406266,0.034464751958224626,0.5241758241758242,0.303839248765186,0.5743589743589743,0.47434257285003556,0.5714285714285714,0.47692307692307695,0.24032663116279074,0.5
neuma,subjectwise,xgboost,4,S44,0.497615247964859,82,0,-0.027549614851423928,-0.024307900067521926,0.48295454545454547,0.23418319118788872,0.43939393939393945,0.4615794143744454,0.375,0.5909090909090909,0.3105902362195122,0.5487804878048781
restaurant_logo,subjectwise,deepconvnet,0,S1,0.381251851717631,30,0,-0.01848684666616339,-0.018099547511312153,0.4910714285714286,0.6625967077444004,0.5267857142857142,0.4857142857142857,0.625,0.35714285714285715,0.13764982455306582,0.5
restaurant_logo,subjectwise,deepconvnet,0,S10,0.7433346740404765,29,0,-0.10803395392536073,-0.08830022075055188,0.44047619047619047,0.7614811446126148,0.4464285714285714,0.40242424242424246,0.38095238095238093,0.5,0.1292586655452334,0.41379310344827586
restaurant_logo,subjectwise,deepconvnet,0,S11,0.6715433220068614,30,0,0.22291128503014115,0.15094339622641517,0.6,0.7907232230234525,0.645,0.4949494949494949,0.3,0.9,0.14418010434342754,0.5
restaurant_logo,subjectwise,deepconvnet,0,S12,0.6715433220068614,30,0,-0.017857142857142856,-0.008403361344537785,0.48214285714285715,0.9442630438649471,0.4464285714285714,0.3650793650793651,0.4642857142857143,0.5,0.31277114101814935,0.4666666666666667
restaurant_logo,subjectwise,deepconvnet,0,S13,0.3886262306571006,29,0,-0.013801311186847083,-0.009280742459396807,0.49,0.8910408060971798,0.5800000000000001,0.41295546558704455,0.48,0.5,0.47163677866431486,0.4827586206896552
restaurant_logo,subjectwise,deepconvnet,0,S14,0.3886262306571006,28,0,-0.3721042037676254,-0.3711340206185567,0.3153846153846154,0.4790300711521154,0.3384615384615385,0.3135483870967742,0.4,0.23076923076923078,0.1554168959458669,0.32142857142857145
restaurant_logo,subjectwise,deepconvnet,0,S15,0.7433346740404765,28,0,0.08268982305947231,0.08080808080808077,0.5416666666666667,0.613860253813057,0.47395833333333337,0.5351213282247764,0.5,0.5833333333333334,0.1641745865345001,0.5357142857142857
restaurant_logo,subjectwise,deepconvnet,0,S2,0.3886262306571006,30,0,-0.14433756729740643,-0.1428571428571428,0.4305555555555556,0.6226657031140207,0.4907407407407408,0.4258373205741627,0.6111111111111112,0.25,0.19441025853157046,0.4666666666666667
restaurant_logo,subjectwise,deepconvnet,0,S3,0.5650905124346416,26,0,0.12139539573337679,0.02904564315352709,0.64,0.978552371080558,0.56,0.26875,0.28,1.0,0.4181825549174578,0.3076923076923077
restaurant_logo,subjectwise,deepconvnet,0,S4,0.7433346740404765,30,0,-0.1111111111111111,-0.06666666666666665,0.4666666666666667,0.4745908623614909,0.4488888888888889,0.3650793650793651,0.06666666666666667,0.8666666666666667,0.18020248346858547,0.4666666666666667
restaurant_logo,subjectwise,deepconvnet,0,S5,0.381251851717631,30,0,-0.13130643285972254,-0.06451612903225823,0.475,0.7122193033680447,0.53,0.3877551020408163,0.95,0.0,0.16615420281887053,0.6333333333333333
restaurant_logo,subjectwise,deepconvnet,0,S6,0.6715433220068614,30,0,0.04212627318711346,0.03433476394849799,0.5178571428571428,0.5858677285590063,0.46875,0.4712103407755582,0.25,0.7857142857142857,0.14309041351079937,0.5
restaurant_logo,subjectwise,deepconvnet,0,S7,0.381251851717631,30,0,0.11664236870396086,0.08163265306122458,0.6071428571428572,0.9743894138682834,0.6785714285714286,0.4990723562152134,0.7142857142857143,0.5,0.5274006563756201,0.7
restaurant_logo,subjectwise,deepconvnet,0,S8,0.5650905124346416,30,0,-0.01848684666616339,-0.018099547511312153,0.4910714285714286,0.5748893435425942,0.5044642857142857,0.4857142857142857,0.625,0.35714285714285715,0.06012671308384999,0.5
restaurant_logo,subjectwise,deepconvnet,0,S9,0.5650905124346416,30,0,-0.04528334128517262,-0.04477611940298498,0.47619047619047616,0.8017374446139056,0.5714285714285714,0.475,0.6190476190476191,0.3333333333333333,0.12571446067757083,0.5333333333333333
restaurant_logo,subjectwise,deepconvnet,1,S1,0.5336820185184479,30,0,0.43179430016791304,0.37788018433179715,0.6830357142857143,0.7581372678111895,0.7053571428571428,0.6703296703296704,0.9375,0.42857142857142855,0.11566567752096393,0.7
restaurant_logo,subjectwise,deepconvnet,1,S10,0.4104001073042552,29,0,-0.16448792373994225,-0.15999999999999992,0.4107142857142857,0.7459259436527381,0.47023809523809523,0.41295546558704455,0.5714285714285714,0.25,0.30484018860192136,0.4827586206896552
restaurant_logo,subjectwise,deepconvnet,1,S11,0.5336820185184479,30,0,0.1414213562373095,0.1333333333333333,0.575,0.71138737370628,0.535,0.5542857142857143,0.55,0.6,0.13635762623614742,0.5666666666666667
restaurant_logo,subjectwise,deepconvnet,1,S12,0.5336820185184479,30,0,-0.11952286093343936,-0.10526315789473673,0.4107142857142857,0.9599613701835742,0.5357142857142857,0.4339622641509434,0.8214285714285714,0.0,0.3599145909150441,0.7666666666666667
restaurant_logo,subjectwise,deepconvnet,1,S13,0.4791241796811422,29,0,0.041602514716892185,0.03084832904884327,0.53,0.9154800785460634,0.5900000000000001,0.45911047345767575,0.56,0.5,0.3931578086025414,0.5517241379310345
restaurant_logo,subjectwise,deepconvnet,1,S14,0.4791241796811422,28,0,-0.16233926856661637,-0.160621761658031,0.4205128205128205,0.5300258104119997,0.46153846153846156,0.41666666666666663,0.5333333333333333,0.3076923076923077,0.19124921375796905,0.42857142857142855
restaurant_logo,subjectwise,deepconvnet,1,S15,0.4104001073042552,28,0,0.10758287072798381,0.1063829787234043,0.5520833333333334,0.6763074082986966,0.546875,0.5508021390374331,0.6875,0.4166666666666667,0.14848331574882787,0.5714285714285714
restaurant_logo,subjectwise,deepconvnet,1,S2,0.4791241796811422,30,0,-0.08471737420873575,-0.07594936708860756,0.45833333333333337,0.5803925598913522,0.4861111111111111,0.43270300333704115,0.3333333333333333,0.5833333333333334,0.21297778818342425,0.43333333333333335
restaurant_logo,subjectwise,deepconvnet,1,S3,0.5825044790903727,26,0,0.13333333333333333,0.034934497816593746,0.66,0.9629819415101284,0.36,0.29505582137161085,0.32,1.0,0.40925125242807925,0.34615384615384615
restaurant_logo,subjectwise,deepconvnet,1,S4,0.4104001073042552,30,0,0.07881104062391008,0.06666666666666665,0.5333333333333333,0.49670106496704963,0.49777777777777776,0.49760765550239233,0.8,0.26666666666666666,0.18264666332138907,0.5333333333333333
restaurant_logo,subjectwise,deepconvnet,1,S5,0.5316244006156922,30,0,-0.18898223650461363,-0.17391304347826098,0.4,0.6704058920591974,0.42500000000000004,0.3891402714932127,0.4,0.4,0.16249587991171416,0.4
restaurant_logo,subjectwise,deepconvnet,1,S6,0.5316244006156922,30,0,-0.3546040716334876,-0.3513513513513513,0.32589285714285715,0.47609673146381354,0.3303571428571429,0.3212669683257918,0.4375,0.21428571428571427,0.22844487991597914,0.3333333333333333
restaurant_logo,subjectwise,deepconvnet,1,S7,0.5316244006156922,30,0,0.0,0.0,0.5,0.9459547731882554,0.4642857142857143,0.4827586206896552,1.0,0.0,0.31173124876287245,0.9333333333333333
restaurant_logo,subjectwise,deepconvnet,1,S8,0.5825044790903727,30,0,0.2672612419124244,0.2666666666666667,0.6339285714285714,0.650358597431681,0.5714285714285714,0.6329254727474972,0.625,0.6428571428571429,0.05569950242837263,0.6333333333333333
restaurant_logo,subjectwise,deepconvnet,1,S9,0.5825044790903727,30,0,-0.0657951694959769,-0.06557377049180335,0.46825396825396826,0.7571107244803763,0.4920634920634921,0.466484268125855,0.7142857142857143,0.2222222222222222,0.09118756088945593,0.5666666666666667
restaurant_logo,subjectwise,deepconvnet,2,S1,0.425911008020242,30,0,0.11664236870396086,0.10958904109589052,0.5535714285714286,0.5352236058897243,0.46875,0.5417156286721504,0.75,0.35714285714285715,0.09344039658705391,0.5666666666666667
restaurant_logo,subjectwise,deepconvnet,2,S10,0.5950456150372824,29,0,0.09094160465856899,0.07727272727272727,0.5505952380952381,0.7903632641510552,0.5238095238095237,0.5024509803921569,0.47619047619047616,0.625,0.12914418591850105,0.5172413793103449
restaurant_logo,subjectwise,deepconvnet,2,S11,0.425911008020242,30,0,-0.09782319760890369,-0.09756097560975618,0.44999999999999996,0.6945501495941871,0.45999999999999996,0.45054945054945056,0.6,0.3,0.23373165263070003,0.5
restaurant_logo,subjectwise,deepconvnet,2,S12,0.4680190327763557,30,0,0.0,0.0,0.5,0.9384875208064067,0.48214285714285715,0.38440492476060195,0.5,0.5,0.4728296698898905,0.5
restaurant_logo,subjectwise,deepconvnet,2,S13,0.4244955366849899,29,0,0.07559289460184544,0.011363636363636354,0.52,0.9431514974841655,0.69,0.16346153846153846,0.04,1.0,0.4627429623713438,0.1724137931034483
restaurant_logo,subjectwise,deepconvnet,2,S14,0.4680190327763557,28,0,0.20672455764868078,0.20618556701030932,0.6025641025641025,0.5209575005890795,0.482051282051282,0.6025806451612903,0.6666666666666666,0.5384615384615384,0.13479586814840636,0.6071428571428571
restaurant_logo,subjectwise,deepconvnet,2,S15,0.5950456150372824,28,0,-0.13245323570650439,-0.12903225806451624,0.4375,0.5862381021756021,0.47916666666666674,0.42857142857142855,0.625,0.25,0.03331783520323887,0.4642857142857143
restaurant_logo,subjectwise,deepconvnet,2,S2,0.4244955366849899,30,0,-0.24715576637149037,-0.23376623376623384,0.375,0.56035260484891,0.3611111111111111,0.3659621802002225,0.3333333333333333,0.4166666666666667,0.1794910391171773,0.36666666666666664
restaurant_logo,subjectwise,deepconvnet,2,S3,0.7590722640355428,26,0,0.18516401995451032,0.06629834254143652,0.74,0.9934557413600893,0.84,0.390990990990991,0.48,1.0,0.22477101859373919,0.5
restaurant_logo,subjectwise,deepconvnet,2,S4,0.5950456150372824,30,0,0.13608276348795434,0.1333333333333333,0.5666666666666667,0.6675495066874377,0.6355555555555555,0.5622895622895623,0.4666666666666667,0.6666666666666666,0.09733632206916809,0.5666666666666667
restaurant_logo,subjectwise,deepconvnet,2,S5,0.4680190327763557,30,0,0.053300179088902604,0.05263157894736836,0.525,0.6214060699727937,0.45499999999999996,0.5238095238095238,0.75,0.3,0.2857400230235524,0.6
restaurant_logo,subjectwise,deepconvnet,2,S6,0.7590722640355428,30,0,-0.2588158533262875,-0.24454148471615733,0.375,0.5286258498305278,0.3794642857142857,0.3602693602693603,0.25,0.5,0.20192912485864425,0.36666666666666664
restaurant_logo,subjectwise,deepconvnet,2,S7,0.425911008020242,30,0,-0.035955873264830976,-0.015936254980079667,0.4642857142857143,0.9697516006419151,0.6785714285714286,0.3453145057766367,0.42857142857142855,0.5,0.5126198440790176,0.43333333333333335
restaurant_logo,subjectwise,deepconvnet,2,S8,0.4244955366849899,30,0,-0.3424747597107866,-0.2931034482758621,0.3482142857142857,0.4596124183152216,0.39285714285714285,0.3055555555555555,0.125,0.5714285714285714,0.1633657733599345,0.3333333333333333
restaurant_logo,subjectwise,deepconvnet,2,S9,0.7590722640355428,30,0,-0.2624453295839119,-0.23376623376623384,0.3571428571428571,0.691051085441754,0.39682539682539686,0.34857142857142853,0.38095238095238093,0.3333333333333333,0.15246629946761658,0.36666666666666664
restaurant_logo,subjectwise,deepconvnet,3,S1,0.5279263868927955,30,0,0.026207120918047958,0.01869158878504662,0.5089285714285714,0.5502965633400416,0.5223214285714286,0.4444444444444444,0.875,0.14285714285714285,0.07286266220940485,0.5333333333333333
restaurant_logo,subjectwise,deepconvnet,3,S10,0.5404432241121928,29,0,-0.1330992843749875,-0.12077294685990347,0.4255952380952381,0.7825432108652437,0.488095238095238,0.41414141414141414,0.47619047619047616,0.375,0.18687520236119462,0.4482758620689655
restaurant_logo,subjectwise,deepconvnet,3,S11,0.5047258162498474,30,0,0.2,0.16000000000000003,0.6000000000000001,0.8075239184798386,0.63,0.5333333333333333,0.4,0.8,0.19682497440112962,0.5333333333333333
restaurant_logo,subjectwise,deepconvnet,3,S12,0.5279263868927955,30,0,0.32732683535398854,0.19354838709677413,0.8214285714285714,0.9790615561805859,0.7321428571428572,0.5341614906832298,0.6428571428571429,1.0,0.39014464103513297,0.6666666666666666
restaurant_logo,subjectwise,deepconvnet,3,S13,0.4843271434307098,29,0,0.08215838362577492,0.08144796380090502,0.5449999999999999,0.9502738018012471,0.71,0.5396825396825397,0.84,0.25,0.3401064848762819,0.7586206896551724
restaurant_logo,subjectwise,deepconvnet,3,S14,0.5047258162498474,28,0,-0.11322770341445958,-0.10526315789473673,0.4487179487179487,0.58556469891764,0.5282051282051281,0.42857142857142855,0.6666666666666666,0.23076923076923078,0.043232627567790824,0.4642857142857143
restaurant_logo,subjectwise,deepconvnet,3,S15,0.5404432241121928,28,0,-0.10555008273018728,-0.10526315789473695,0.44791666666666663,0.6163923297415146,0.453125,0.44664031620553357,0.5625,0.3333333333333333,0.11355762112708317,0.4642857142857143
restaurant_logo,subjectwise,deepconvnet,3,S2,0.4843271434307098,30,0,0.0,0.0,0.5,0.5456636000664845,0.41666666666666663,0.49760765550239233,0.6666666666666666,0.3333333333333333,0.16914278417825698,0.5333333333333333
restaurant_logo,subjectwise,deepconvnet,3,S3,0.4782084282239278,26,0,-0.2748737083745107,-0.07834101382488479,0.16,0.949537497065684,0.24,0.23529411764705882,0.32,0.0,0.5041160142192473,0.3076923076923077
restaurant_logo,subjectwise,deepconvnet,3,S4,0.5404432241121928,30,0,-0.16666666666666666,-0.1333333333333333,0.4333333333333333,0.42301160585052844,0.3466666666666667,0.3772893772893773,0.13333333333333333,0.7333333333333333,0.18612376575668657,0.43333333333333335
restaurant_logo,subjectwise,deepconvnet,3,S5,0.5279263868927955,30,0,0.21320071635561041,0.21052631578947367,0.6000000000000001,0.641489179819208,0.5050000000000001,0.6031746031746031,0.8,0.4,0.12053425113360086,0.6666666666666666
restaurant_logo,subjectwise,deepconvnet,3,S6,0.4782084282239278,30,0,0.27865801780244004,0.27312775330396477,0.6383928571428572,0.695292983697589,0.6116071428571428,0.6329254727474972,0.5625,0.7142857142857143,0.07048972679509055,0.6333333333333333
restaurant_logo,subjectwise,deepconvnet,3,S7,0.5047258162498474,30,0,0.6813851438692469,0.6341463414634146,0.9642857142857143,0.9951559934318555,0.9285714285714286,0.8148148148148148,0.9285714285714286,1.0,0.38549723989433715,0.9333333333333333
restaurant_logo,subjectwise,deepconvnet,3,S8,0.4843271434307098,30,0,-0.11080065755348979,-0.10091743119266039,0.45089285714285715,0.507825970122511,0.42410714285714285,0.4258373205741627,0.6875,0.21428571428571427,0.1356944339142905,0.4666666666666667
restaurant_logo,subjectwise,deepconvnet,3,S9,0.4782084282239278,30,0,-0.196227812235748,-0.19402985074626855,0.3968253968253968,0.6732374656275284,0.33333333333333337,0.4,0.5714285714285714,0.2222222222222222,0.20494997534486986,0.4666666666666667
restaurant_logo,subjectwise,deepconvnet,4,S1,0.5487727936108907,30,0,-0.236227795630767,-0.22727272727272707,0.38839285714285715,0.5545461372954978,0.41517857142857145,0.375,0.5625,0.21428571428571427,0.06366805798477593,0.4
restaurant_logo,subjectwise,deepconvnet,4,S10,0.7689652210474014,29,0,0.16786059681442292,0.10424710424710426,0.5803571428571428,0.8305012654386219,0.6130952380952381,0.4476190476190476,0.2857142857142857,0.875,0.08260287053283603,0.4482758620689655
restaurant_logo,subjectwise,deepconvnet,4,S11,0.5690677543481192,30,0,0.282842712474619,0.2666666666666667,0.6499999999999999,0.8075500530704839,0.6900000000000001,0.6228571428571429,0.6,0.7,0.16820432348176834,0.6333333333333333
restaurant_logo,subjectwise,deepconvnet,4,S12,0.6274537907044092,30,0,0.2033553133277973,0.07942238267148027,0.6964285714285714,0.9765726139633828,0.6964285714285714,0.3772893772893773,0.39285714285714285,1.0,0.34600883308384156,0.43333333333333335
restaurant_logo,subjectwise,deepconvnet,4,S13,0.5336679339408874,29,0,0.041602514716892185,0.03084832904884327,0.53,0.9129960699903749,0.62,0.45911047345767575,0.56,0.5,0.3221819931748269,0.5517241379310345
restaurant_logo,subjectwise,deepconvnet,4,S14,0.5336679339408874,28,0,-0.14871794871794872,-0.14871794871794863,0.4256410256410257,0.5202181030756883,0.4461538461538461,0.4256410256410257,0.4666666666666667,0.38461538461538464,0.07269778776736491,0.42857142857142855
restaurant_logo,subjectwise,deepconvnet,4,S15,0.7689652210474014,28,0,-0.2708333333333333,-0.26,0.36458333333333337,0.5226827052054412,0.31770833333333337,0.35714285714285715,0.3125,0.4166666666666667,0.30362030961329023,0.35714285714285715
restaurant_logo,subjectwise,deepconvnet,4,S2,0.5336679339408874,30,0,-0.14433756729740643,-0.1428571428571428,0.4305555555555556,0.5901142706760835,0.375,0.4258373205741627,0.6111111111111112,0.25,0.04134198427200327,0.4666666666666667
restaurant_logo,subjectwise,deepconvnet,4,S3,0.5487727936108907,26,0,-0.18516401995451032,-0.07643312101910826,0.26,0.9438232113513982,0.2,0.3333333333333333,0.52,0.0,0.4103787598701623,0.5
restaurant_logo,subjectwise,deepconvnet,4,S4,0.7689652210474014,30,0,-0.3333333333333333,-0.2666666666666666,0.36666666666666664,0.4151448403109043,0.3466666666666666,0.304029304029304,0.06666666666666667,0.6666666666666666,0.30247071608901027,0.36666666666666664
restaurant_logo,subjectwise,deepconvnet,4,S5,0.6274537907044092,30,0,-0.06324555320336758,-0.036363636363636154,0.47500000000000003,0.715642660408645,0.575,0.34857142857142853,0.15,0.8,0.16760419209798183,0.36666666666666664
restaurant_logo,subjectwise,deepconvnet,4,S6,0.5690677543481192,30,0,-0.008988968316207744,-0.008968609865470878,0.4955357142857143,0.5318442676789278,0.4642857142857143,0.4949494949494949,0.5625,0.42857142857142855,0.13811369571420878,0.5
restaurant_logo,subjectwise,deepconvnet,4,S7,0.5690677543481192,30,0,-0.11952286093343936,-0.10526315789473673,0.4107142857142857,0.9656605138761389,0.5892857142857143,0.4339622641509434,0.8214285714285714,0.0,0.335891181230545,0.7666666666666667
restaurant_logo,subjectwise,deepconvnet,4,S8,0.6274537907044092,30,0,-0.09449111825230681,-0.09090909090909083,0.45535714285714285,0.5394630095536681,0.4330357142857143,0.4444444444444444,0.625,0.2857142857142857,0.13210614406400245,0.4666666666666667
restaurant_logo,subjectwise,deepconvnet,4,S9,0.5487727936108907,30,0,-0.0890870806374748,-0.08695652173913038,0.45238095238095233,0.7821163829982638,0.4920634920634921,0.45054945054945056,0.5714285714285714,0.3333333333333333,0.13899855117003115,0.5
restaurant_logo,subjectwise,eegnet,0,S1,0.4871513823668162,30,0,0.19851666679418603,0.07582938388625593,0.5357142857142857,0.5195467506459989,0.4955357142857143,0.4222222222222222,1.0,0.07142857142857142,0.033568126956621785,0.5666666666666667
restaurant_logo,subjectwise,eegnet,0,S10,0.5033574755986532,29,0,-0.09094160465856899,-0.08478802992518708,0.4494047619047619,0.6898498327269712,0.47619047619047616,0.44015444015444016,0.5238095238095238,0.375,0.21978140493919102,0.4827586206896552
restaurant_logo,subjectwise,eegnet,0,S11,0.5240633130073548,30,0,-0.11145564251507058,-0.07547169811320753,0.44999999999999996,0.6821992154051356,0.56,0.3602693602693603,0.2,0.7,0.2569372775964439,0.36666666666666664
restaurant_logo,subjectwise,eegnet,0,S12,0.5240633130073548,30,0,0.1749635530559413,0.05940594059405957,0.6607142857142857,0.9785005382511469,0.7321428571428571,0.3301997649823737,0.32142857142857145,1.0,0.4474468225483887,0.36666666666666664
restaurant_logo,subjectwise,eegnet,0,S13,0.5056596204638482,29,0,0.24688535993934707,0.1149012567324954,0.66,0.9167271571071935,0.55,0.40242424242424246,0.32,1.0,0.36092423399289447,0.41379310344827586
restaurant_logo,subjectwise,eegnet,0,S14,0.5056596204638482,28,0,-0.12403473458920847,-0.10344827586206895,0.4461538461538461,0.49865030031696694,0.44102564102564096,0.40106951871657753,0.2,0.6923076923076923,0.03528621757314318,0.42857142857142855
restaurant_logo,subjectwise,eegnet,0,S15,0.5033574755986532,28,0,-0.2708333333333333,-0.26,0.36458333333333337,0.575240079214264,0.38541666666666663,0.35714285714285715,0.3125,0.4166666666666667,0.06863711171206979,0.35714285714285715
restaurant_logo,subjectwise,eegnet,0,S2,0.5056596204638482,30,0,0.4330127018922193,0.375,0.7083333333333333,0.8449397714948763,0.7175925925925927,0.6651785714285714,0.5,0.9166666666666666,0.1919222325086594,0.6666666666666666
restaurant_logo,subjectwise,eegnet,0,S3,0.4971404413382213,26,0,-0.25298221281347033,-0.07804878048780473,0.18,0.8858232113513982,0.0,0.2571428571428571,0.36,0.0,0.4670760379387782,0.34615384615384615
restaurant_logo,subjectwise,eegnet,0,S4,0.5033574755986532,30,0,0.06917144638660747,0.06666666666666665,0.5333333333333333,0.6082756033553135,0.5466666666666666,0.5248868778280543,0.6666666666666666,0.4,0.012971549895074574,0.5333333333333333
restaurant_logo,subjectwise,eegnet,0,S5,0.4871513823668162,30,0,0.06324555320336758,0.05714285714285727,0.525,0.7607431958099194,0.575,0.5111111111111111,0.85,0.2,0.17130325006114117,0.6333333333333333
restaurant_logo,subjectwise,eegnet,0,S6,0.5240633130073548,30,0,0.2588158533262875,0.25339366515837114,0.625,0.7914934337846238,0.75,0.6228571428571429,0.75,0.5,0.11018464863300322,0.6333333333333333
restaurant_logo,subjectwise,eegnet,0,S7,0.4871513823668162,30,0,0.6813851438692469,0.6341463414634146,0.9642857142857143,0.9974929627023222,0.9642857142857143,0.8148148148148148,0.9285714285714286,1.0,0.4363016833861668,0.9333333333333333
restaurant_logo,subjectwise,eegnet,0,S8,0.4971404413382213,30,0,-0.07142857142857142,-0.0714285714285714,0.4642857142857143,0.5405004019073546,0.4642857142857143,0.4642857142857143,0.5,0.42857142857142855,0.036120509770181455,0.4666666666666667
restaurant_logo,subjectwise,eegnet,0,S9,0.4971404413382213,30,0,-0.04528334128517262,-0.04477611940298498,0.47619047619047616,0.6923192886800436,0.44973544973544977,0.475,0.6190476190476191,0.3333333333333333,0.19929560456011036,0.5333333333333333
restaurant_logo,subjectwise,eegnet,1,S1,0.5095777841409047,30,0,0.26068008117002456,0.2600896860986547,0.6294642857142857,0.6868284071348163,0.6160714285714285,0.6296296296296295,0.6875,0.5714285714285714,0.05469363199339969,0.6333333333333333
restaurant_logo,subjectwise,eegnet,1,S10,0.507464336156845,29,0,0.09094160465856899,0.07727272727272727,0.5505952380952381,0.833188591101452,0.6845238095238095,0.5024509803921569,0.47619047619047616,0.625,0.22181766334621392,0.5172413793103449
restaurant_logo,subjectwise,eegnet,1,S11,0.5095777841409047,30,0,0.04724555912615341,0.045454545454545525,0.525,0.7679846523418546,0.635,0.513888888888889,0.55,0.5,0.1556530283557043,0.5333333333333333
restaurant_logo,subjectwise,eegnet,1,S12,0.5095777841409047,30,0,0.07394738666465356,0.046242774566474076,0.5714285714285714,0.8918896808157099,0.4642857142857143,0.45990180032733224,0.6428571428571429,0.5,0.42401431442962756,0.6333333333333333
restaurant_logo,subjectwise,eegnet,1,S13,0.5029505260785421,29,0,0.1924870958045813,0.1899441340782123,0.585,0.9423848408596545,0.7,0.5938375350140056,0.92,0.25,0.34598893954836096,0.8275862068965517
restaurant_logo,subjectwise,eegnet,1,S14,0.5029505260785421,28,0,-0.17541160386140583,-0.12903225806451624,0.43846153846153846,0.5225336014100317,0.4358974358974359,0.36651583710407243,0.8,0.07692307692307693,0.05486644414209181,0.4642857142857143
restaurant_logo,subjectwise,eegnet,1,S15,0.507464336156845,28,0,-0.25332019855244947,-0.25263157894736854,0.375,0.4445463327344721,0.234375,0.3728590250329381,0.5,0.25,0.12770384372699833,0.39285714285714285
restaurant_logo,subjectwise,eegnet,1,S2,0.5029505260785421,30,0,-0.0890870806374748,-0.08695652173913038,0.4583333333333333,0.5271577605695956,0.37037037037037035,0.45054945054945056,0.6666666666666666,0.25,0.08866116305192306,0.5
restaurant_logo,subjectwise,eegnet,1,S3,0.5259760841727257,26,0,-0.2160246899469287,-0.07734806629834257,0.22,0.9438232113513982,0.2,0.2972972972972973,0.44,0.0,0.4385521274346573,0.4230769230769231
restaurant_logo,subjectwise,eegnet,1,S4,0.507464336156845,30,0,0.1414213562373095,0.1333333333333333,0.5666666666666667,0.7385667770706135,0.7066666666666667,0.5542857142857143,0.7333333333333333,0.4,0.04176632000340359,0.5666666666666667
restaurant_logo,subjectwise,eegnet,1,S5,0.5191323806842169,30,0,0.09449111825230681,0.08695652173913038,0.55,0.7077695388650471,0.48,0.5248868778280543,0.5,0.6,0.1564484751886792,0.5333333333333333
restaurant_logo,subjectwise,eegnet,1,S6,0.5191323806842169,30,0,-0.0625,-0.06194690265486735,0.46875,0.5790571813384947,0.5178571428571428,0.4666666666666667,0.4375,0.5,0.017484941416316624,0.4666666666666667
restaurant_logo,subjectwise,eegnet,1,S7,0.5191323806842169,30,0,0.14744195615489714,0.04255319148936154,0.625,0.9730968896122041,0.6785714285714286,0.28,0.25,1.0,0.4246533013052409,0.3
restaurant_logo,subjectwise,eegnet,1,S8,0.5259760841727257,30,0,0.09449111825230681,0.08695652173913038,0.5446428571428572,0.5848607830336405,0.5714285714285714,0.5248868778280543,0.375,0.7142857142857143,0.04543931848473011,0.5333333333333333
restaurant_logo,subjectwise,eegnet,1,S9,0.5259760841727257,30,0,0.04528334128517262,0.03614457831325313,0.5238095238095237,0.6807896918756197,0.5026455026455026,0.4642857142857143,0.38095238095238093,0.6666666666666666,0.17967134846581356,0.4666666666666667
restaurant_logo,subjectwise,eegnet,2,S1,0.490313338637352,30,0,-0.1749635530559413,-0.1643835616438356,0.41964285714285715,0.539020248918581,0.375,0.40070505287896596,0.625,0.21428571428571427,0.04497619271278374,0.43333333333333335
restaurant_logo,subjectwise,eegnet,2,S10,0.503255037466685,29,0,-0.1330992843749875,-0.12077294685990347,0.4255952380952381,0.7663434106542966,0.4642857142857143,0.41414141414141414,0.47619047619047616,0.375,0.21972848800407058,0.4482758620689655
restaurant_logo,subjectwise,eegnet,2,S11,0.490313338637352,30,0,0.1386750490563073,0.11764705882352933,0.55,0.8051112933083124,0.615,0.5341614906832298,0.9,0.2,0.1507471630970638,0.6666666666666666
restaurant_logo,subjectwise,eegnet,2,S12,0.509831505616506,30,0,0.2033553133277973,0.07942238267148027,0.6964285714285714,0.9730968896122041,0.6785714285714286,0.3772893772893773,0.39285714285714285,1.0,0.4535839366830058,0.43333333333333335
restaurant_logo,subjectwise,eegnet,2,S13,0.4958349148432414,29,0,0.10660035817780522,0.06072874493927127,0.575,0.9059345216570134,0.54,0.41414141414141414,0.4,0.75,0.3786767628686182,0.4482758620689655
restaurant_logo,subjectwise,eegnet,2,S14,0.509831505616506,28,0,0.027381336560563567,0.02487562189054726,0.5128205128205128,0.5414094720209272,0.5282051282051282,0.48958333333333337,0.3333333333333333,0.6923076923076923,0.09448469749518808,0.5
restaurant_logo,subjectwise,eegnet,2,S15,0.503255037466685,28,0,0.25103950552320115,0.23913043478260865,0.6145833333333334,0.5508536228205346,0.5208333333333333,0.6111111111111112,0.8125,0.4166666666666667,0.1064669273438908,0.6428571428571429
restaurant_logo,subjectwise,eegnet,2,S2,0.4958349148432414,30,0,-0.13608276348795434,-0.1333333333333333,0.4305555555555556,0.5744106949685501,0.47685185185185175,0.4276094276094276,0.4444444444444444,0.4166666666666667,0.1212355580594805,0.43333333333333335
restaurant_logo,subjectwise,eegnet,2,S3,0.5461172338326772,26,0,0.13333333333333333,0.034934497816593746,0.66,1.0,1.0,0.29505582137161085,0.32,1.0,0.4717265505057115,0.34615384615384615
restaurant_logo,subjectwise,eegnet,2,S4,0.503255037466685,30,0,0.20180183819889375,0.19999999999999996,0.6,0.5349904164064692,0.56,0.5982142857142857,0.6666666666666666,0.5333333333333333,0.13741360737217795,0.6
restaurant_logo,subjectwise,eegnet,2,S5,0.509831505616506,30,0,0.12649110640673517,0.07272727272727286,0.55,0.7634298884390673,0.585,0.41714285714285715,0.2,0.9,0.18397438294357726,0.43333333333333335
restaurant_logo,subjectwise,eegnet,2,S6,0.5461172338326772,30,0,0.21821789023599236,0.21052631578947367,0.6071428571428572,0.6582360637838414,0.5982142857142857,0.5982142857142857,0.5,0.7142857142857143,0.026833330425951263,0.6
restaurant_logo,subjectwise,eegnet,2,S7,0.490313338637352,30,0,0.48445214165180484,0.3801652892561983,0.9107142857142857,0.9976190476190476,0.9642857142857143,0.673202614379085,0.8214285714285714,1.0,0.434954951206843,0.8333333333333334
restaurant_logo,subjectwise,eegnet,2,S8,0.4958349148432414,30,0,0.0625,0.0625,0.53125,0.605346401964049,0.5401785714285714,0.53125,0.5625,0.5,0.06932805445459155,0.5333333333333333
restaurant_logo,subjectwise,eegnet,2,S9,0.5461172338326772,30,0,-0.2182178902359924,-0.19999999999999996,0.38095238095238093,0.708049328744345,0.4391534391534392,0.375,0.42857142857142855,0.3333333333333333,0.1717090437809627,0.4
restaurant_logo,subjectwise,eegnet,3,S1,0.4879969815413157,30,0,0.040291148201269014,0.03669724770642213,0.5178571428571428,0.5589508467860829,0.4732142857142857,0.49760765550239233,0.75,0.2857142857142857,0.07707634833123944,0.5333333333333333
restaurant_logo,subjectwise,eegnet,3,S10,0.4793512074152629,29,0,0.12313775728090239,0.09185803757828814,0.5654761904761905,0.8327392479556106,0.5833333333333333,0.48028673835125446,0.38095238095238093,0.75,0.2813533813446418,0.4827586206896552
restaurant_logo,subjectwise,eegnet,3,S11,0.4930330936113993,30,0,0.2,0.16000000000000003,0.6000000000000001,0.8097988520559782,0.695,0.5333333333333333,0.4,0.8,0.17740427090062033,0.5333333333333333
restaurant_logo,subjectwise,eegnet,3,S12,0.4879969815413157,30,0,0.3056249227510633,0.17085427135678388,0.8035714285714286,0.9891776980208656,0.8571428571428572,0.5111111111111111,0.6071428571428571,1.0,0.4403255565298928,0.6333333333333333
restaurant_logo,subjectwise,eegnet,3,S13,0.481422730286916,29,0,0.15947630641475338,0.10176991150442471,0.615,0.9215616718603246,0.59,0.46578947368421053,0.48,0.75,0.3839053751408369,0.5172413793103449
restaurant_logo,subjectwise,eegnet,3,S14,0.4930330936113993,28,0,0.09607689228305229,0.08999999999999997,0.5461538461538462,0.6534531651922956,0.5692307692307692,0.5303225806451612,0.4,0.6923076923076923,0.04630021999279663,0.5357142857142857
restaurant_logo,subjectwise,eegnet,3,S15,0.4793512074152629,28,0,-0.35143174800275734,-0.3434343434343434,0.32291666666666663,0.4654459638546494,0.3125,0.3205619412515964,0.3125,0.3333333333333333,0.179483154256429,0.32142857142857145
restaurant_logo,subjectwise,eegnet,3,S2,0.481422730286916,30,0,-0.1846372364689991,-0.17647058823529393,0.41666666666666663,0.5171580302802294,0.3564814814814815,0.4,0.6666666666666666,0.16666666666666666,0.11956277522775863,0.4666666666666667
restaurant_logo,subjectwise,eegnet,3,S3,0.4860112810134887,26,0,0.17126976771553504,0.05699481865284972,0.72,0.9984615384615385,0.96,0.3680555555555556,0.44,1.0,0.4795713676856115,0.46153846153846156
restaurant_logo,subjectwise,eegnet,3,S4,0.4793512074152629,30,0,-0.19611613513818404,-0.1333333333333333,0.43333333333333335,0.46041181384834634,0.4488888888888889,0.3453145057766367,0.06666666666666667,0.8,0.23090418887635067,0.43333333333333335
restaurant_logo,subjectwise,eegnet,3,S5,0.4879969815413157,30,0,0.0,0.0,0.5,0.7347500330129642,0.535,0.4857142857142857,0.5,0.5,0.17812852693928616,0.5
restaurant_logo,subjectwise,eegnet,3,S6,0.4860112810134887,30,0,0.2588158533262875,0.25339366515837114,0.625,0.6758815255986901,0.65625,0.6228571428571429,0.75,0.5,0.12092041108343338,0.6333333333333333
restaurant_logo,subjectwise,eegnet,3,S7,0.4930330936113993,30,0,0.2033553133277973,0.07942238267148027,0.6964285714285714,0.9947965850059446,0.9285714285714286,0.3772893772893773,0.39285714285714285,1.0,0.44237171510855366,0.43333333333333335
restaurant_logo,subjectwise,eegnet,3,S8,0.481422730286916,30,0,-0.08183170883849714,-0.08108108108108092,0.4598214285714286,0.559373692333885,0.4464285714285714,0.4570135746606335,0.5625,0.35714285714285715,0.04111733933289846,0.4666666666666667
restaurant_logo,subjectwise,eegnet,3,S9,0.4860112810134887,30,0,0.16146816171752817,0.15492957746478864,0.5873015873015873,0.7405403028167066,0.5343915343915344,0.569377990430622,0.6190476190476191,0.5555555555555556,0.21050254470772212,0.6
restaurant_logo,subjectwise,eegnet,4,S1,0.4948543839653333,30,0,0.03340765523905305,0.02777777777777768,0.5133928571428571,0.5556264760144072,0.5223214285714286,0.475,0.8125,0.21428571428571427,0.022768126924832578,0.5333333333333333
restaurant_logo,subjectwise,eegnet,4,S10,0.4980393292506536,29,0,0.1927288333795226,0.19195046439628483,0.5922619047619048,0.8895351747670173,0.6904761904761905,0.5953488372093023,0.8095238095238095,0.375,0.218711413186172,0.6896551724137931
restaurant_logo,subjectwise,eegnet,4,S11,0.5032421251138052,30,0,-0.06933752452815364,-0.05882352941176472,0.475,0.6367456059266405,0.48,0.4409937888198757,0.85,0.1,0.14897320734130018,0.6
restaurant_logo,subjectwise,eegnet,4,S12,0.4872956462701162,30,0,0.14101901870444156,0.10447761194029848,0.625,0.9792526855586405,0.7678571428571428,0.52,0.75,0.5,0.4310984217458301,0.7333333333333333
restaurant_logo,subjectwise,eegnet,4,S13,0.5101871573925019,29,0,0.041602514716892185,0.03084832904884327,0.53,0.8568143599130125,0.46,0.45911047345767575,0.56,0.5,0.3496486311671378,0.5517241379310345
restaurant_logo,subjectwise,eegnet,4,S14,0.5101871573925019,28,0,-0.3949827793858816,-0.3854166666666665,0.31025641025641026,0.40672456099494286,0.22564102564102564,0.29907773386034253,0.4666666666666667,0.15384615384615385,0.05277300555081584,0.32142857142857145
restaurant_logo,subjectwise,eegnet,4,S15,0.4980393292506536,28,0,-0.24019223070763068,-0.13953488372093026,0.4375,0.5202974523966372,0.36979166666666663,0.3333333333333333,0.875,0.0,0.05810581892728813,0.5
restaurant_logo,subjectwise,eegnet,4,S2,0.5101871573925019,30,0,-0.13608276348795434,-0.1333333333333333,0.4305555555555556,0.6073421109974873,0.44907407407407407,0.4276094276094276,0.4444444444444444,0.4166666666666667,0.09103575613763606,0.43333333333333335
restaurant_logo,subjectwise,eegnet,4,S3,0.4948543839653333,26,0,0.18516401995451032,0.06629834254143652,0.74,1.0,1.0,0.390990990990991,0.48,1.0,0.46740972422636473,0.5
restaurant_logo,subjectwise,eegnet,4,S4,0.4980393292506536,30,0,0.07881104062391008,0.06666666666666665,0.5333333333333333,0.6083030549697216,0.6622222222222223,0.49760765550239233,0.8,0.26666666666666666,0.08342463705274789,0.5333333333333333
restaurant_logo,subjectwise,eegnet,4,S5,0.4872956462701162,30,0,-0.4242640687119285,-0.3999999999999999,0.275,0.5186629428323675,0.2,0.28,0.35,0.2,0.26424358752038746,0.3
restaurant_logo,subjectwise,eegnet,4,S6,0.5032421251138052,30,0,0.19851666679418603,0.07582938388625593,0.5357142857142857,0.6576002129530741,0.6473214285714285,0.4222222222222222,1.0,0.07142857142857142,0.017961572938495207,0.5666666666666667
restaurant_logo,subjectwise,eegnet,4,S7,0.5032421251138052,30,0,-0.0890870806374748,-0.0869565217391306,0.44642857142857145,0.9531619837623391,0.4821428571428571,0.45454545454545453,0.8928571428571429,0.0,0.4208782937791613,0.8333333333333334
restaurant_logo,subjectwise,eegnet,4,S8,0.4872956462701162,30,0,-0.04212627318711346,-0.03686635944700467,0.48214285714285715,0.6330166390019276,0.5491071428571429,0.45054945054945056,0.75,0.21428571428571427,0.02517599562803905,0.5
restaurant_logo,subjectwise,eegnet,4,S9,0.4948543839653333,30,0,0.20634920634920634,0.20634920634920628,0.6031746031746031,0.7029028938904414,0.46031746031746035,0.6031746031746031,0.7619047619047619,0.4444444444444444,0.19040621121724446,0.6666666666666666
restaurant_logo,subjectwise,logreg,0,S1,0.4679949516057968,30,0,-0.3118047822311618,-0.19718309859154926,0.40625,0.7159146314715734,0.5357142857142857,0.3023255813953488,0.8125,0.0,0.31340251716666667,0.43333333333333335
restaurant_logo,subjectwise,logreg,0,S10,0.5094525575637818,29,0,0.16786059681442292,0.10424710424710426,0.5803571428571428,0.8447642397705184,0.6071428571428571,0.4476190476190476,0.2857142857142857,0.875,0.2955698877586207,0.4482758620689655
restaurant_logo,subjectwise,logreg,0,S11,0.5845801532268524,30,0,0.3805211953235953,0.37209302325581395,0.7,0.8419631228426241,0.74,0.6827262044653349,0.7,0.7,0.09210256199999997,0.7
restaurant_logo,subjectwise,logreg,0,S12,0.5845801532268524,30,0,0.14744195615489714,0.04255319148936154,0.625,0.9797724145230231,0.75,0.28,0.25,1.0,0.5372294893333333,0.3
restaurant_logo,subjectwise,logreg,0,S13,0.5319588911533356,29,0,0.20430156738209967,0.08013355592654425,0.62,0.9248609553884006,0.6499999999999999,0.34169653524492233,0.24,1.0,0.5351806494482759,0.3448275862068966
restaurant_logo,subjectwise,logreg,0,S14,0.5319588911533356,28,0,-0.015710251796769326,-0.015544041450777035,0.49230769230769234,0.7705700483091786,0.6461538461538462,0.48958333333333337,0.6,0.38461538461538464,0.26436483949999995,0.5
restaurant_logo,subjectwise,logreg,0,S15,0.5094525575637818,28,0,0.22821773229381923,0.1923076923076923,0.6041666666666667,0.6485396095450443,0.5833333333333333,0.5625,0.375,0.8333333333333334,0.25650080353571425,0.5714285714285714
restaurant_logo,subjectwise,logreg,0,S2,0.5319588911533356,30,0,0.5773502691896257,0.5,0.7777777777777778,0.9658007197480882,0.9351851851851852,0.7321428571428572,0.5555555555555556,1.0,0.1910550552,0.7333333333333333
restaurant_logo,subjectwise,logreg,0,S3,0.5796569132804871,26,0,-0.25298221281347033,-0.07804878048780473,0.18,0.9438232113513982,0.2,0.2571428571428571,0.36,0.0,0.4728854930769232,0.34615384615384615
restaurant_logo,subjectwise,logreg,0,S4,0.5094525575637818,30,0,0.0,0.0,0.5,0.6213293418732014,0.5688888888888889,0.4949494949494949,0.6,0.4,0.2514071453333333,0.5
restaurant_logo,subjectwise,logreg,0,S5,0.4679949516057968,30,0,0.0,0.0,0.5,0.8497208945269292,0.69,0.4,1.0,0.0,0.3150710010000001,0.6666666666666666
restaurant_logo,subjectwise,logreg,0,S6,0.5845801532268524,30,0,0.600099198148979,0.5945945945945946,0.7946428571428572,0.9504532163742689,0.9241071428571428,0.7963800904977376,0.875,0.7142857142857143,0.18563414866666667,0.8
restaurant_logo,subjectwise,logreg,0,S7,0.4679949516057968,30,0,-0.07142857142857142,-0.0714285714285714,0.4642857142857143,0.895024620425396,0.30357142857142855,0.4642857142857143,0.9285714285714286,0.0,0.16716786533333342,0.8666666666666667
restaurant_logo,subjectwise,logreg,0,S8,0.5796569132804871,30,0,-0.03340765523905305,-0.02564102564102555,0.48660714285714285,0.583573994346687,0.4732142857142857,0.4258373205741627,0.1875,0.7857142857142857,0.28579336536666666,0.4666666666666667
restaurant_logo,subjectwise,logreg,0,S9,0.5796569132804871,30,0,-0.20634920634920634,-0.149425287356322,0.39682539682539686,0.686440156030188,0.4603174603174603,0.3333333333333333,0.23809523809523808,0.5555555555555556,0.42455398933333327,0.3333333333333333
restaurant_logo,subjectwise,logreg,1,S1,0.5534349250793457,30,0,-0.236227795630767,-0.22727272727272707,0.38839285714285715,0.6731433329601433,0.48214285714285715,0.375,0.5625,0.21428571428571427,0.3635485523333333,0.4
restaurant_logo,subjectwise,logreg,1,S10,0.4456454133987427,29,0,-0.21932975241184285,-0.1863636363636363,0.37797619047619047,0.714129261498913,0.40476190476190477,0.3602941176470588,0.38095238095238093,0.375,0.32361429448275864,0.3793103448275862
restaurant_logo,subjectwise,logreg,1,S11,0.5534349250793457,30,0,0.37796447300922725,0.2500000000000001,0.6,0.7837788689825305,0.64,0.5833333333333334,1.0,0.2,0.26090898599999995,0.7333333333333333
restaurant_logo,subjectwise,logreg,1,S12,0.5534349250793457,30,0,0.16116459280507606,0.05063291139240522,0.6428571428571428,0.9697516006419151,0.6785714285714286,0.3055555555555555,0.2857142857142857,1.0,0.5775113279733333,0.3333333333333333
restaurant_logo,subjectwise,logreg,1,S13,0.5553824973106385,29,0,0.18257418583505536,0.06451612903225812,0.6,0.9523957201574904,0.72,0.30952380952380953,0.2,1.0,0.4942573679310344,0.3103448275862069
restaurant_logo,subjectwise,logreg,1,S14,0.5553824973106385,28,0,0.005128205128205128,0.005076142131979822,0.5025641025641026,0.7087172304819362,0.6051282051282052,0.5,0.4666666666666667,0.5384615384615384,0.20866717357142858,0.5
restaurant_logo,subjectwise,logreg,1,S15,0.4456454133987427,28,0,0.13245323570650439,0.1165048543689321,0.5625,0.6448185699104817,0.578125,0.5303225806451612,0.375,0.75,0.23977887132142855,0.5357142857142857
restaurant_logo,subjectwise,logreg,1,S2,0.5553824973106385,30,0,0.5773502691896257,0.5,0.7777777777777778,0.9306254103080729,0.8796296296296297,0.7321428571428572,0.5555555555555556,1.0,0.22510891223333337,0.7333333333333333
restaurant_logo,subjectwise,logreg,1,S3,0.5646994113922119,26,0,-0.25298221281347033,-0.07804878048780473,0.18,0.9629819415101284,0.36,0.2571428571428571,0.36,0.0,0.48956602596153853,0.34615384615384615
restaurant_logo,subjectwise,logreg,1,S4,0.4456454133987427,30,0,0.0,0.0,0.5,0.6253492440747341,0.6133333333333333,0.4857142857142857,0.6666666666666666,0.3333333333333333,0.27394600099999994,0.5
restaurant_logo,subjectwise,logreg,1,S5,0.5878480076789856,30,0,0.17677669529663687,0.16666666666666663,0.575,0.8679489720276337,0.725,0.5738636363636364,0.85,0.3,0.11261994453333335,0.6666666666666666
restaurant_logo,subjectwise,logreg,1,S6,0.5878480076789856,30,0,0.6446583712203042,0.5871559633027523,0.7857142857142857,0.8753872098081656,0.8705357142857142,0.784688995215311,1.0,0.5714285714285714,0.18987131166666663,0.8
restaurant_logo,subjectwise,logreg,1,S7,0.5878480076789856,30,0,0.16850509274845385,0.1322314049586777,0.6428571428571428,0.9072466783155644,0.4464285714285714,0.542483660130719,0.7857142857142857,0.5,0.19768411366666666,0.7666666666666667
restaurant_logo,subjectwise,logreg,1,S8,0.5646994113922119,30,0,-0.1913829539560278,-0.16379310344827602,0.41517857142857145,0.5783952540620876,0.46875,0.375,0.1875,0.6428571428571429,0.29393558896666666,0.4
restaurant_logo,subjectwise,logreg,1,S9,0.5646994113922119,30,0,-0.047619047619047616,-0.034482758620689724,0.47619047619047616,0.7193209466340824,0.4814814814814815,0.4,0.2857142857142857,0.6666666666666666,0.39033857213333334,0.4
restaurant_logo,subjectwise,logreg,2,S1,0.4622340160608292,30,0,0.0625,0.0625,0.53125,0.7193911691883983,0.5446428571428572,0.53125,0.5625,0.5,0.24323437316666668,0.5333333333333333
restaurant_logo,subjectwise,logreg,2,S10,0.5094525575637818,29,0,0.16786059681442292,0.10424710424710426,0.5803571428571428,0.8447642397705184,0.6071428571428571,0.4476190476190476,0.2857142857142857,0.875,0.2955698877586207,0.4482758620689655
restaurant_logo,subjectwise,logreg,2,S11,0.4622340160608292,30,0,0.09449111825230681,0.06250000000000011,0.525,0.8964075930455244,0.785,0.47916666666666663,0.95,0.1,0.209138438,0.6666666666666666
restaurant_logo,subjectwise,logreg,2,S12,0.4903894305229187,30,0,0.05455447255899809,0.03225806451612889,0.5535714285714286,0.9751977299483385,0.6964285714285714,0.4409937888198757,0.6071428571428571,0.5,0.35246269133333324,0.6
restaurant_logo,subjectwise,logreg,2,S13,0.5532179164886475,29,0,0.1358732440973515,0.03625377643504546,0.56,0.9372236980694095,0.64,0.24047619047619045,0.12,1.0,0.5678018174827586,0.2413793103448276
restaurant_logo,subjectwise,logreg,2,S14,0.4903894305229187,28,0,-0.13712555853457373,-0.1170212765957448,0.44358974358974357,0.6236445716688234,0.45641025641025634,0.40256045519203415,0.7333333333333333,0.15384615384615385,0.3267446114285714,0.4642857142857143
restaurant_logo,subjectwise,logreg,2,S15,0.5094525575637818,28,0,0.22821773229381923,0.1923076923076923,0.6041666666666667,0.6485396095450443,0.5833333333333333,0.5625,0.375,0.8333333333333334,0.25650080353571425,0.5714285714285714
restaurant_logo,subjectwise,logreg,2,S2,0.5532179164886475,30,0,0.5773502691896257,0.5,0.7777777777777778,0.9820747520976356,0.9675925925925926,0.7321428571428572,0.5555555555555556,1.0,0.21573218460000004,0.7333333333333333
restaurant_logo,subjectwise,logreg,2,S3,0.6020388841629029,26,0,-0.18516401995451032,-0.07643312101910826,0.26,0.9699516384798255,0.44,0.3333333333333333,0.52,0.0,0.3264683053846154,0.5
restaurant_logo,subjectwise,logreg,2,S4,0.5094525575637818,30,0,0.0,0.0,0.5,0.6213293418732014,0.5688888888888889,0.4949494949494949,0.6,0.4,0.2514071453333333,0.5
restaurant_logo,subjectwise,logreg,2,S5,0.4903894305229187,30,0,0.3466876226407682,0.2941176470588235,0.625,0.8854712031361649,0.75,0.6273291925465838,0.95,0.3,0.1847975773333333,0.7333333333333333
restaurant_logo,subjectwise,logreg,2,S6,0.6020388841629029,30,0,0.600099198148979,0.5945945945945946,0.7946428571428572,0.9540407154764741,0.9419642857142857,0.7963800904977376,0.875,0.7142857142857143,0.19382130499999997,0.8
restaurant_logo,subjectwise,logreg,2,S7,0.4622340160608292,30,0,0.16850509274845385,0.1322314049586777,0.6428571428571428,0.9120837929433193,0.5178571428571429,0.542483660130719,0.7857142857142857,0.5,0.30921299666666663,0.7666666666666667
restaurant_logo,subjectwise,logreg,2,S8,0.5532179164886475,30,0,0.08183170883849714,0.07894736842105254,0.5401785714285714,0.7060929997149571,0.5669642857142858,0.53125,0.4375,0.6428571428571429,0.22001995153333334,0.5333333333333333
restaurant_logo,subjectwise,logreg,2,S9,0.6020388841629029,30,0,-0.047619047619047616,-0.034482758620689724,0.47619047619047616,0.742728997430582,0.47089947089947093,0.4,0.2857142857142857,0.6666666666666666,0.3546504946666666,0.4
restaurant_logo,subjectwise,logreg,3,S1,0.5845106840133667,30,0,-0.30066889715147743,-0.2500000000000002,0.3794642857142857,0.6748167048780804,0.4419642857142857,0.325,0.6875,0.07142857142857142,0.4520704916666667,0.4
restaurant_logo,subjectwise,logreg,3,S10,0.6331029951572418,29,0,0.12478414765452428,0.07156308851224102,0.5565476190476191,0.7928825317787942,0.5,0.41099163679808837,0.23809523809523808,0.875,0.3153766368965517,0.41379310344827586
restaurant_logo,subjectwise,logreg,3,S11,0.5834877395629883,30,0,0.23782574707724705,0.2325581395348837,0.625,0.8359182691885532,0.71,0.6122209165687427,0.65,0.6,0.15440318233333333,0.6333333333333333
restaurant_logo,subjectwise,logreg,3,S12,0.5845106840133667,30,0,0.25,0.11764705882352944,0.75,0.9872122176309368,0.8214285714285714,0.4444444444444444,0.5,1.0,0.44645941496666663,0.5333333333333333
restaurant_logo,subjectwise,logreg,3,S13,0.5457313895225525,29,0,0.10886621079036346,0.02342606149341131,0.54,0.9546014419719079,0.74,0.2031063321385902,0.08,1.0,0.6203939271724138,0.20689655172413793
restaurant_logo,subjectwise,logreg,3,S14,0.5834877395629883,28,0,-0.09095880536541953,-0.059459459459459296,0.4717948717948718,0.7273490460157126,0.6102564102564103,0.3875,0.8666666666666667,0.07692307692307693,0.3102678071428571,0.5
restaurant_logo,subjectwise,logreg,3,S15,0.6331029951572418,28,0,0.34426518632954817,0.31372549019607854,0.6666666666666667,0.6805788603703657,0.65625,0.641025641025641,0.5,0.8333333333333334,0.12887880928571427,0.6428571428571429
restaurant_logo,subjectwise,logreg,3,S2,0.5457313895225525,30,0,0.338869496834943,0.30379746835443044,0.6666666666666667,0.816834220226893,0.7453703703703703,0.6329254727474972,0.5,0.8333333333333334,0.2121253239,0.6333333333333333
restaurant_logo,subjectwise,logreg,3,S3,0.4405612730979919,26,0,0.2748737083745107,0.1404958677685949,0.8400000000000001,0.9877327976371455,0.72,0.5047619047619047,0.68,1.0,0.4059689215384616,0.6923076923076923
restaurant_logo,subjectwise,logreg,3,S4,0.6331029951572418,30,0,0.2182178902359924,0.19999999999999996,0.6000000000000001,0.6078872559802219,0.5733333333333334,0.5833333333333333,0.4,0.8,0.2070265236666667,0.6
restaurant_logo,subjectwise,logreg,3,S5,0.5845106840133667,30,0,0.4,0.4,0.7,0.8985126982671998,0.7999999999999999,0.7,0.8,0.6,0.08090773966666667,0.7333333333333333
restaurant_logo,subjectwise,logreg,3,S6,0.4405612730979919,30,0,0.43179430016791304,0.37788018433179715,0.6830357142857143,0.7944864172742462,0.7589285714285714,0.6703296703296704,0.9375,0.42857142857142855,0.13062549013333333,0.7
restaurant_logo,subjectwise,logreg,3,S7,0.5834877395629883,30,0,0.017857142857142856,0.009433962264150941,0.5178571428571428,0.9487774359177504,0.5714285714285714,0.4034090909090909,0.5357142857142857,0.5,0.35686972233333336,0.5333333333333333
restaurant_logo,subjectwise,logreg,3,S8,0.5457313895225525,30,0,0.2672612419124244,0.2666666666666667,0.6339285714285714,0.7153873742786282,0.6383928571428571,0.6329254727474972,0.625,0.6428571428571429,0.24606237266666664,0.6333333333333333
restaurant_logo,subjectwise,logreg,3,S9,0.4405612730979919,30,0,-0.1543033499620919,-0.15384615384615374,0.42063492063492064,0.6760190824393177,0.4444444444444445,0.42233632862644416,0.6190476190476191,0.2222222222222222,0.3770264463333334,0.5
restaurant_logo,subjectwise,logreg,4,S1,0.5121237903833389,30,0,-0.20009979763878896,-0.17511520737327202,0.4151785714285714,0.5954401790701288,0.4508928571428571,0.3772893772893773,0.6875,0.14285714285714285,0.3151075353333333,0.43333333333333335
restaurant_logo,subjectwise,logreg,4,S10,0.5637859737873078,29,0,-0.10803395392536073,-0.08830022075055188,0.44047619047619047,0.7218210381457855,0.4226190476190476,0.40242424242424246,0.38095238095238093,0.5,0.3103784475862069,0.41379310344827586
restaurant_logo,subjectwise,logreg,4,S11,0.5414055347442627,30,0,0.4629100498862757,0.46153846153846156,0.725,0.9316792157583236,0.85,0.730423620025674,0.85,0.6,0.16298554866666667,0.7666666666666667
restaurant_logo,subjectwise,logreg,4,S12,0.5695693016052246,30,0,0.23371317622140134,0.10358565737051795,0.7321428571428572,0.9891776980208656,0.8571428571428572,0.42233632862644416,0.4642857142857143,1.0,0.40434896533333337,0.5
restaurant_logo,subjectwise,logreg,4,S13,0.5482425093650818,29,0,-0.13,-0.040561622464898583,0.435,0.8823332270949972,0.6000000000000001,0.20689655172413793,0.12,0.75,0.5013830979310344,0.20689655172413793
restaurant_logo,subjectwise,logreg,4,S14,0.5482425093650818,28,0,-0.16233926856661637,-0.160621761658031,0.4205128205128205,0.7304340396445659,0.6,0.41666666666666663,0.5333333333333333,0.3076923076923077,0.27901451857142856,0.42857142857142855
restaurant_logo,subjectwise,logreg,4,S15,0.5637859737873078,28,0,0.34426518632954817,0.31372549019607854,0.6666666666666667,0.711347105927698,0.65625,0.641025641025641,0.5,0.8333333333333334,0.23315507071428568,0.6428571428571429
restaurant_logo,subjectwise,logreg,4,S2,0.5482425093650818,30,0,0.45044261646145084,0.33734939759036153,0.6944444444444444,0.9577406389906391,0.9212962962962963,0.6228571428571429,0.3888888888888889,1.0,0.27111116450000006,0.6333333333333333
restaurant_logo,subjectwise,logreg,4,S3,0.5121237903833389,26,0,0.3,0.1651376146788991,0.86,0.9897327976371455,0.76,0.5297157622739018,0.72,1.0,0.3225070311538461,0.7307692307692307
restaurant_logo,subjectwise,logreg,4,S4,0.5637859737873078,30,0,0.30151134457776363,0.2666666666666667,0.6333333333333333,0.6475912623663748,0.6355555555555555,0.6122209165687427,0.4,0.8666666666666667,0.19875073233333332,0.6333333333333333
restaurant_logo,subjectwise,logreg,4,S5,0.5695693016052246,30,0,0.4458225700602823,0.43243243243243246,0.7,0.907395375666745,0.8049999999999999,0.7127222982216143,0.9,0.5,0.11962237599999997,0.7666666666666667
restaurant_logo,subjectwise,logreg,4,S6,0.5414055347442627,30,0,0.3974672033225129,0.38914027149321273,0.6919642857142857,0.8353532170443936,0.7946428571428572,0.6914285714285715,0.8125,0.5714285714285714,0.19974882066666666,0.7
restaurant_logo,subjectwise,logreg,4,S7,0.5414055347442627,30,0,0.4642857142857143,0.4642857142857143,0.7321428571428572,0.9499649799008609,0.5892857142857143,0.7321428571428572,0.9642857142857143,0.5,0.16606856266666664,0.9333333333333333
restaurant_logo,subjectwise,logreg,4,S8,0.5695693016052246,30,0,0.0,0.0,0.5,0.6897625072907146,0.5446428571428571,0.4994438264738599,0.5,0.5,0.2279422923333333,0.5
restaurant_logo,subjectwise,logreg,4,S9,0.5121237903833389,30,0,-0.196227812235748,-0.19402985074626855,0.3968253968253968,0.7237073966420637,0.43915343915343913,0.4,0.5714285714285714,0.2222222222222222,0.3132453103333333,0.4666666666666667
restaurant_logo,subjectwise,mlp,0,S1,0.5074780380725861,30,0,0.1336306209562122,0.08450704225352113,0.5401785714285714,0.6304179061717595,0.5535714285714286,0.466484268125855,0.9375,0.14285714285714285,0.034485140999999955,0.5666666666666667
restaurant_logo,subjectwise,mlp,0,S10,0.5537538313865662,29,0,0.06419407387663693,0.05985037406483795,0.5357142857142857,0.8009896055441186,0.5535714285714286,0.5148005148005148,0.5714285714285714,0.5,0.14171796241379317,0.5517241379310345
restaurant_logo,subjectwise,mlp,0,S11,0.4923723697662353,30,0,-0.18898223650461363,-0.17391304347826098,0.4,0.6713083850832411,0.36,0.3891402714932127,0.4,0.4,0.18507322066666668,0.4
restaurant_logo,subjectwise,mlp,0,S12,0.4923723697662353,30,0,0.2033553133277973,0.07942238267148027,0.6964285714285714,0.9616581174630283,0.5714285714285714,0.3772893772893773,0.39285714285714285,1.0,0.4510825809999999,0.43333333333333335
restaurant_logo,subjectwise,mlp,0,S13,0.4671147942543029,29,0,0.2683281572999748,0.1343283582089554,0.6799999999999999,0.9462922626432373,0.69,0.43137254901960786,0.36,1.0,0.44525756862068966,0.4482758620689655
restaurant_logo,subjectwise,mlp,0,S14,0.4671147942543029,28,0,-0.22739701341354884,-0.22680412371134007,0.3871794871794872,0.5772624661200513,0.4820512820512821,0.3858064516129032,0.4666666666666667,0.3076923076923077,0.10248780928571426,0.39285714285714285
restaurant_logo,subjectwise,mlp,0,S15,0.5537538313865662,28,0,0.1473139127471974,0.09259259259259245,0.5520833333333333,0.6810030257584605,0.5052083333333333,0.4555555555555556,0.1875,0.9166666666666666,0.3245548482142857,0.5
restaurant_logo,subjectwise,mlp,0,S2,0.4671147942543029,30,0,-0.08006407690254358,-0.04651162790697683,0.4722222222222222,0.634302267796844,0.48148148148148145,0.354066985645933,0.1111111111111111,0.8333333333333334,0.25490461066666675,0.4
restaurant_logo,subjectwise,mlp,0,S3,0.4978692460060119,26,0,0.08528028654224416,0.014440433212996373,0.58,0.9968615384615386,0.92,0.18140929535232383,0.16,1.0,0.5077378938461539,0.19230769230769232
restaurant_logo,subjectwise,mlp,0,S4,0.5537538313865662,30,0,0.07881104062391008,0.06666666666666665,0.5333333333333333,0.5515978835978835,0.5066666666666667,0.49760765550239233,0.26666666666666666,0.8,0.25244599966666664,0.5333333333333333
restaurant_logo,subjectwise,mlp,0,S5,0.5074780380725861,30,0,0.21320071635561041,0.21052631578947367,0.6000000000000001,0.7062764868330893,0.5900000000000001,0.6031746031746031,0.8,0.4,0.20208946800000002,0.6666666666666666
restaurant_logo,subjectwise,mlp,0,S6,0.4923723697662353,30,0,0.15713819666238882,0.14847161572052392,0.5758928571428572,0.691938338336031,0.5044642857142857,0.5622895622895623,0.4375,0.7142857142857143,0.06561583200000001,0.5666666666666667
restaurant_logo,subjectwise,mlp,0,S7,0.5074780380725861,30,0,-0.10482848367219183,-0.09756097560975618,0.42857142857142855,0.9135581023987276,0.39285714285714285,0.4444444444444444,0.8571428571428571,0.0,0.38956832733333346,0.8
restaurant_logo,subjectwise,mlp,0,S8,0.4978692460060119,30,0,-0.11584725126456202,-0.09442060085836901,0.45089285714285715,0.5823191955215137,0.4375,0.40070505287896596,0.1875,0.7142857142857143,0.10712883400000002,0.43333333333333335
restaurant_logo,subjectwise,mlp,0,S9,0.4978692460060119,30,0,0.1111111111111111,0.08045977011494243,0.5555555555555556,0.7144791564290087,0.455026455026455,0.4666666666666667,0.3333333333333333,0.7777777777777778,0.21477465866666662,0.4666666666666667
restaurant_logo,subjectwise,mlp,1,S1,0.5039700746536255,30,0,0.2624453295839119,0.24657534246575352,0.6205357142857143,0.6938602834932703,0.6428571428571429,0.6122209165687427,0.8125,0.42857142857142855,0.16406941766666663,0.6333333333333333
restaurant_logo,subjectwise,mlp,1,S10,0.4353331661224365,29,0,0.0,0.0,0.5,0.7006749549681655,0.4345238095238095,0.42,1.0,0.0,0.20455557689655168,0.7241379310344828
restaurant_logo,subjectwise,mlp,1,S11,0.5039700746536255,30,0,-0.25,-0.19999999999999996,0.375,0.6980144238155916,0.57,0.3333333333333333,0.25,0.5,0.30678664366666664,0.3333333333333333
restaurant_logo,subjectwise,mlp,1,S12,0.5039700746536255,30,0,0.2033553133277973,0.07942238267148027,0.6964285714285714,0.9785005382511469,0.7321428571428571,0.3772893772893773,0.39285714285714285,1.0,0.47614985533333337,0.43333333333333335
restaurant_logo,subjectwise,mlp,1,S13,0.4721326208114624,29,0,0.16,0.04992199687987531,0.58,0.934324497118802,0.6599999999999999,0.27586206896551724,0.16,1.0,0.44052951206896546,0.27586206896551724
restaurant_logo,subjectwise,mlp,1,S14,0.4721326208114624,28,0,0.005128205128205128,0.005076142131979822,0.5025641025641026,0.4905754297186073,0.42051282051282046,0.5,0.4666666666666667,0.5384615384615384,0.17932168857142866,0.5
restaurant_logo,subjectwise,mlp,1,S15,0.4353331661224365,28,0,-0.026919095102908276,-0.022471910112359383,0.4895833333333333,0.7169681528911405,0.5572916666666667,0.4509803921568627,0.8125,0.16666666666666666,0.09727996928571428,0.5357142857142857
restaurant_logo,subjectwise,mlp,1,S2,0.4721326208114624,30,0,-0.19094065395649332,-0.1842105263157896,0.4027777777777778,0.5395089922451345,0.37962962962962965,0.3973214285714286,0.3888888888888889,0.4166666666666667,0.24285389533333335,0.4
restaurant_logo,subjectwise,mlp,1,S3,0.4270887315273285,26,0,0.15811388300841897,0.04878048780487809,0.7,0.966618305146492,0.4,0.3445378151260504,0.4,1.0,0.5642824142307693,0.4230769230769231
restaurant_logo,subjectwise,mlp,1,S4,0.4353331661224365,30,0,-0.1111111111111111,-0.06666666666666665,0.4666666666666667,0.45909232571526426,0.36,0.3650793650793651,0.06666666666666667,0.8666666666666667,0.13117094999999995,0.4666666666666667
restaurant_logo,subjectwise,mlp,1,S5,0.5474028348922729,30,0,-0.05572782125753529,-0.054054054054053946,0.475,0.7818493103695944,0.62,0.466484268125855,0.75,0.2,0.06849017666666662,0.5666666666666667
restaurant_logo,subjectwise,mlp,1,S6,0.5474028348922729,30,0,0.6141922686399942,0.5909090909090909,0.7901785714285714,0.6975666067342269,0.7678571428571429,0.7916666666666667,0.9375,0.6428571428571429,0.1850653103333333,0.8
restaurant_logo,subjectwise,mlp,1,S7,0.5474028348922729,30,0,-0.23371317622140134,-0.1306532663316584,0.26785714285714285,0.8217866335056864,0.0,0.3333333333333333,0.5357142857142857,0.0,0.36902236466666677,0.5
restaurant_logo,subjectwise,mlp,1,S8,0.4270887315273285,30,0,0.1438234930593239,0.1409691629955947,0.5714285714285714,0.6443869368656187,0.5178571428571428,0.5661846496106786,0.5,0.6428571428571429,0.211807218,0.5666666666666667
restaurant_logo,subjectwise,mlp,1,S9,0.4270887315273285,30,0,-0.07273929674533079,-0.06666666666666665,0.4603174603174603,0.7412472660389209,0.4920634920634921,0.4444444444444444,0.47619047619047616,0.4444444444444444,0.259634435,0.4666666666666667
restaurant_logo,subjectwise,mlp,2,S1,0.396886319220066,30,0,0.11584725126456202,0.10138248847926257,0.5491071428571428,0.7200338209443813,0.6517857142857143,0.5238095238095237,0.8125,0.2857142857142857,0.12049200533333332,0.5666666666666667
restaurant_logo,subjectwise,mlp,2,S10,0.4985192656517029,29,0,0.06567586718659173,0.06451612903225812,0.5297619047619048,0.80394017846078,0.5654761904761905,0.5292207792207793,0.8095238095238095,0.25,0.12804173103448274,0.6551724137931034
restaurant_logo,subjectwise,mlp,2,S11,0.396886319220066,30,0,0.053300179088902604,0.05263157894736836,0.525,0.6896188010121076,0.495,0.5238095238095238,0.75,0.3,0.25469277399999996,0.6
restaurant_logo,subjectwise,mlp,2,S12,0.4721623986959457,30,0,0.09449111825230681,0.06250000000000011,0.5892857142857143,0.9642091378711914,0.5892857142857143,0.47916666666666663,0.6785714285714286,0.5,0.44708007299999997,0.6666666666666666
restaurant_logo,subjectwise,mlp,2,S13,0.406317366361618,29,0,0.10886621079036346,0.02342606149341131,0.54,0.9326738683669482,0.62,0.2031063321385902,0.08,1.0,0.5114475072413792,0.20689655172413793
restaurant_logo,subjectwise,mlp,2,S14,0.4721623986959457,28,0,-0.1259541481785924,-0.11442786069651745,0.441025641025641,0.5561357438305434,0.3487179487179487,0.41666666666666663,0.26666666666666666,0.6153846153846154,0.17946055785714282,0.42857142857142855
restaurant_logo,subjectwise,mlp,2,S15,0.4985192656517029,28,0,0.16666666666666666,0.1333333333333333,0.5729166666666667,0.6932080200501253,0.5677083333333334,0.5204216073781291,0.3125,0.8333333333333334,0.19037708464285713,0.5357142857142857
restaurant_logo,subjectwise,mlp,2,S2,0.406317366361618,30,0,0.1647705109143269,0.15584415584415579,0.5833333333333333,0.7374353402397777,0.6574074074074074,0.5661846496106786,0.5,0.6666666666666666,0.18447921700000003,0.5666666666666667
restaurant_logo,subjectwise,mlp,2,S3,0.4769259303808212,26,0,0.10954451150103321,0.02371541501976271,0.62,0.9589819415101284,0.32,0.2411674347158218,0.24,1.0,0.5217672796153846,0.2692307692307692
restaurant_logo,subjectwise,mlp,2,S4,0.4985192656517029,30,0,0.06726727939963124,0.06666666666666665,0.5333333333333333,0.61251933557031,0.568888888888889,0.53125,0.4666666666666667,0.6,0.21065566299999997,0.5333333333333333
restaurant_logo,subjectwise,mlp,2,S5,0.4721623986959457,30,0,0.2626128657194451,0.12903225806451601,0.55,0.8824184241202939,0.765,0.4990723562152134,1.0,0.1,0.147043428,0.7
restaurant_logo,subjectwise,mlp,2,S6,0.4769259303808212,30,0,0.472455591261534,0.4545454545454546,0.7232142857142857,0.8735631402910815,0.84375,0.7222222222222222,0.875,0.5714285714285714,0.14515688999999996,0.7333333333333333
restaurant_logo,subjectwise,mlp,2,S7,0.396886319220066,30,0,-0.23371317622140134,-0.1306532663316584,0.26785714285714285,0.8553608965442352,0.125,0.3333333333333333,0.5357142857142857,0.0,0.5276618326666667,0.5
restaurant_logo,subjectwise,mlp,2,S8,0.406317366361618,30,0,-0.008988968316207744,-0.008968609865470878,0.4955357142857143,0.588222510740893,0.5,0.4949494949494949,0.5625,0.42857142857142855,0.12128350500000004,0.5
restaurant_logo,subjectwise,mlp,2,S9,0.4769259303808212,30,0,-0.20786985482077452,-0.1728395061728396,0.38888888888888884,0.6853458642896593,0.4497354497354497,0.3602693602693603,0.3333333333333333,0.4444444444444444,0.243543069,0.36666666666666664
restaurant_logo,subjectwise,mlp,3,S1,0.522487023472786,30,0,0.20009979763878896,0.16309012875536488,0.5848214285714286,0.6620975491899405,0.6071428571428572,0.5417156286721504,0.3125,0.8571428571428571,0.06044602366666667,0.5666666666666667
restaurant_logo,subjectwise,mlp,3,S10,0.4986488175392151,29,0,0.30618621784789724,0.17142857142857149,0.5625,0.8197402851229554,0.6309523809523809,0.5396825396825397,1.0,0.125,0.1720245720689655,0.7586206896551724
restaurant_logo,subjectwise,mlp,3,S11,0.4833448576927185,30,0,0.23570226039551584,0.18181818181818177,0.575,0.8168417276451334,0.6599999999999999,0.5581014729950899,0.95,0.2,0.16169025399999998,0.7
restaurant_logo,subjectwise,mlp,3,S12,0.522487023472786,30,0,0.3056249227510633,0.17085427135678388,0.8035714285714286,0.9810006836084351,0.7678571428571428,0.5111111111111111,0.6071428571428571,1.0,0.3882423259999999,0.6333333333333333
restaurant_logo,subjectwise,mlp,3,S13,0.4858414232730865,29,0,0.1358732440973515,0.03625377643504546,0.56,0.9655966595345907,0.78,0.24047619047619045,0.12,1.0,0.45849613620689655,0.2413793103448276
restaurant_logo,subjectwise,mlp,3,S14,0.4833448576927185,28,0,-0.17916128329552333,-0.07103825136612008,0.4666666666666667,0.6691843457274426,0.5025641025641026,0.3333333333333333,0.9333333333333333,0.0,0.3860421303571429,0.5
restaurant_logo,subjectwise,mlp,3,S15,0.4986488175392151,28,0,-0.125,-0.1200000000000001,0.4375,0.5835121757859928,0.42187499999999994,0.42857142857142855,0.375,0.5,0.1656694564285714,0.42857142857142855
restaurant_logo,subjectwise,mlp,3,S2,0.4858414232730865,30,0,0.14433756729740643,0.1428571428571429,0.5694444444444444,0.5987893841639852,0.5185185185185185,0.569377990430622,0.7222222222222222,0.4166666666666667,0.1885220983333333,0.6
restaurant_logo,subjectwise,mlp,3,S3,0.4761519181728363,26,0,-0.18516401995451032,-0.07643312101910826,0.26,0.9758857044138913,0.52,0.3333333333333333,0.52,0.0,0.46851399884615397,0.5
restaurant_logo,subjectwise,mlp,3,S4,0.4986488175392151,30,0,-0.19611613513818404,-0.1333333333333333,0.43333333333333335,0.44809152926319573,0.3422222222222222,0.3453145057766367,0.06666666666666667,0.8,0.14804370766666664,0.43333333333333335
restaurant_logo,subjectwise,mlp,3,S5,0.522487023472786,30,0,0.1386750490563073,0.11764705882352933,0.55,0.8302052094792036,0.635,0.5341614906832298,0.9,0.2,0.07679635100000001,0.6666666666666666
restaurant_logo,subjectwise,mlp,3,S6,0.4761519181728363,30,0,0.5345224838248488,0.4444444444444444,0.7142857142857143,0.8213606096346034,0.8125,0.7,1.0,0.42857142857142855,0.17816443366666668,0.7333333333333333
restaurant_logo,subjectwise,mlp,3,S7,0.4833448576927185,30,0,-0.14744195615489714,-0.11570247933884303,0.375,0.9463618598666269,0.4285714285714286,0.4117647058823529,0.75,0.0,0.298300029,0.7
restaurant_logo,subjectwise,mlp,3,S8,0.4858414232730865,30,0,0.27382077571623753,0.23963133640552992,0.6160714285714286,0.7025047930898315,0.6205357142857143,0.5970695970695971,0.875,0.35714285714285715,0.04961935100000001,0.6333333333333333
restaurant_logo,subjectwise,mlp,3,S9,0.4761519181728363,30,0,0.16146816171752817,0.15492957746478864,0.5873015873015873,0.8442474631709997,0.656084656084656,0.569377990430622,0.6190476190476191,0.5555555555555556,0.20399494599999998,0.6
restaurant_logo,subjectwise,mlp,4,S1,0.5021961796283722,30,0,0.008988968316207744,0.008810572687224627,0.5044642857142857,0.6701756374930128,0.5491071428571428,0.4994438264738599,0.4375,0.5714285714285714,0.04301184633333327,0.5
restaurant_logo,subjectwise,mlp,4,S10,0.4888670837879181,29,0,0.24688535993934707,0.1149012567324954,0.5952380952380952,0.8718864821718473,0.7023809523809523,0.40242424242424246,0.19047619047619047,1.0,0.25558126275862075,0.41379310344827586
restaurant_logo,subjectwise,mlp,4,S11,0.494946539402008,30,0,-0.2626128657194451,-0.06779661016949157,0.45,0.7107138525962056,0.575,0.23076923076923078,0.0,0.9,0.25664681933333333,0.3
restaurant_logo,subjectwise,mlp,4,S12,0.5040910661220551,30,0,0.09449111825230681,0.06250000000000011,0.5892857142857143,0.9729072004295481,0.6607142857142857,0.47916666666666663,0.6785714285714286,0.5,0.354945971,0.6666666666666666
restaurant_logo,subjectwise,mlp,4,S13,0.4925215482711792,29,0,0.0521749194749951,0.026119402985074758,0.535,0.9296647317633844,0.65,0.3602941176470588,0.32,0.75,0.38790271448275865,0.3793103448275862
restaurant_logo,subjectwise,mlp,4,S14,0.4925215482711792,28,0,0.20380986614602725,0.18947368421052646,0.5923076923076923,0.6179831497478556,0.6205128205128205,0.5809523809523809,0.8,0.38461538461538464,0.11746434714285717,0.6071428571428571
restaurant_logo,subjectwise,mlp,4,S15,0.4888670837879181,28,0,-0.32025630761017426,-0.14545454545454528,0.4166666666666667,0.4927267459380631,0.3489583333333333,0.2631578947368421,0.0,0.8333333333333334,0.19996128749999997,0.35714285714285715
restaurant_logo,subjectwise,mlp,4,S2,0.4925215482711792,30,0,0.0,0.0,0.5,0.6090587313881911,0.41666666666666663,0.2857142857142857,0.0,1.0,0.22550230500000004,0.4
restaurant_logo,subjectwise,mlp,4,S3,0.5021961796283722,26,0,0.09759000729485331,0.018867924528301994,0.6,1.0,1.0,0.2121212121212121,0.2,1.0,0.49311772,0.23076923076923078
restaurant_logo,subjectwise,mlp,4,S4,0.4888670837879181,30,0,0.0,0.0,0.5,0.38005138061511734,0.2533333333333333,0.3333333333333333,0.0,1.0,0.06626665033333323,0.5
restaurant_logo,subjectwise,mlp,4,S5,0.5040910661220551,30,0,0.09449111825230681,0.06250000000000011,0.525,0.8484793308908689,0.7000000000000001,0.47916666666666663,0.95,0.1,0.08656849633333336,0.6666666666666666
restaurant_logo,subjectwise,mlp,4,S6,0.494946539402008,30,0,0.1336306209562122,0.1333333333333333,0.5669642857142857,0.6868444838113956,0.5669642857142858,0.5661846496106786,0.5625,0.5714285714285714,0.09465558633333337,0.5666666666666667
restaurant_logo,subjectwise,mlp,4,S7,0.494946539402008,30,0,-0.23371317622140134,-0.1306532663316584,0.26785714285714285,0.8390485382675912,0.05357142857142857,0.3333333333333333,0.5357142857142857,0.0,0.4132151373333333,0.5
restaurant_logo,subjectwise,mlp,4,S8,0.5040910661220551,30,0,0.11664236870396086,0.10958904109589052,0.5535714285714286,0.7226228018944905,0.6339285714285714,0.5417156286721504,0.75,0.35714285714285715,0.10112439733333335,0.5666666666666667
restaurant_logo,subjectwise,mlp,4,S9,0.5021961796283722,30,0,0.14547859349066158,0.08602150537634412,0.5634920634920635,0.7884316171630972,0.6296296296296297,0.4276094276094276,0.23809523809523808,0.8888888888888888,0.22584238100000004,0.43333333333333335
restaurant_logo,subjectwise,svm_rbf,0,S1,0.6878930245579756,30,0,0.19094065395649332,0.18918918918918926,0.59375,0.6927898780251556,0.625,0.5927601809954751,0.6875,0.5,0.17111640566788516,0.6
restaurant_logo,subjectwise,svm_rbf,0,S10,0.5689778529483265,29,0,0.0,0.0,0.5,0.6896961655598464,0.39285714285714285,0.42,1.0,0.0,0.07577255617518634,0.7241379310344828
restaurant_logo,subjectwise,svm_rbf,0,S11,0.6513112645908684,30,0,0.05,0.040000000000000036,0.5249999999999999,0.7073159392572759,0.5700000000000001,0.4666666666666667,0.35,0.7,0.10285461503054164,0.4666666666666667
restaurant_logo,subjectwise,svm_rbf,0,S12,0.6513112645908684,30,0,0.0,0.0,0.5,0.9710743519646665,0.6785714285714286,0.38440492476060195,0.5,0.5,0.28686154993377505,0.5
restaurant_logo,subjectwise,svm_rbf,0,S13,0.6675811955897686,29,0,0.22563042992710647,0.09688581314878886,0.64,0.9168483886523044,0.5700000000000001,0.37259615384615385,0.28,1.0,0.23095235103404715,0.3793103448275862
restaurant_logo,subjectwise,svm_rbf,0,S14,0.6675811955897686,28,0,0.12403473458920847,0.11111111111111116,0.5538461538461539,0.6283456365711267,0.49743589743589745,0.5333333333333333,0.8,0.3076923076923077,0.15994270050304504,0.5714285714285714
restaurant_logo,subjectwise,svm_rbf,0,S15,0.5689778529483265,28,0,0.0,0.0,0.5,0.5897874000999,0.484375,0.36363636363636365,1.0,0.0,0.12500832033680717,0.5714285714285714
restaurant_logo,subjectwise,svm_rbf,0,S2,0.6675811955897686,30,0,0.05455447255899809,0.03225806451612889,0.5138888888888888,0.6520916925940028,0.5462962962962963,0.4409937888198757,0.9444444444444444,0.08333333333333333,0.16485593806180698,0.6
restaurant_logo,subjectwise,svm_rbf,0,S3,0.6602223841206815,26,0,0.0,0.0,0.5,0.978552371080558,0.56,0.49019607843137253,1.0,0.0,0.2932899315778179,0.9615384615384616
restaurant_logo,subjectwise,svm_rbf,0,S4,0.5689778529483265,30,0,0.0,0.0,0.5,0.4309686594529327,0.38666666666666666,0.3333333333333333,1.0,0.0,0.19038309142709586,0.5
restaurant_logo,subjectwise,svm_rbf,0,S5,0.6878930245579756,30,0,0.0,0.0,0.5,0.7150793099209023,0.585,0.4,1.0,0.0,0.0982627228521411,0.6666666666666666
restaurant_logo,subjectwise,svm_rbf,0,S6,0.6513112645908684,30,0,0.20535714285714285,0.20353982300884954,0.6026785714285714,0.8263232201772256,0.7901785714285714,0.6,0.5625,0.6428571428571429,0.1741448352916478,0.6
restaurant_logo,subjectwise,svm_rbf,0,S7,0.6878930245579756,30,0,-0.10482848367219183,-0.09756097560975618,0.42857142857142855,0.9320018151494394,0.3392857142857143,0.4444444444444444,0.8571428571428571,0.0,0.18152740840986875,0.8
restaurant_logo,subjectwise,svm_rbf,0,S8,0.6602223841206815,30,0,0.0,0.0,0.5,0.6179289008093356,0.5267857142857143,0.34782608695652173,1.0,0.0,0.1347360142742411,0.5333333333333333
restaurant_logo,subjectwise,svm_rbf,0,S9,0.6602223841206815,30,0,0.0,0.0,0.5,0.7062074179656421,0.4973544973544974,0.4117647058823529,1.0,0.0,0.03173851189412169,0.7
restaurant_logo,subjectwise,svm_rbf,1,S1,0.6737104094926903,30,0,0.1913829539560278,0.17431192660550465,0.5848214285714286,0.6083780818989756,0.5669642857142857,0.569377990430622,0.8125,0.35714285714285715,0.18581553785139743,0.6
restaurant_logo,subjectwise,svm_rbf,1,S10,0.6944815443333314,29,0,0.0,0.0,0.5,0.7560879501939279,0.5,0.42,1.0,0.0,0.0005040371155579093,0.7241379310344828
restaurant_logo,subjectwise,svm_rbf,1,S11,0.6737104094926903,30,0,0.1414213562373095,0.1333333333333333,0.575,0.6849389004109275,0.565,0.5542857142857143,0.55,0.6,0.04361339368741331,0.5666666666666667
restaurant_logo,subjectwise,svm_rbf,1,S12,0.6737104094926903,30,0,0.05455447255899809,0.03225806451612889,0.5535714285714286,0.9777882875388961,0.7321428571428572,0.4409937888198757,0.6071428571428571,0.5,0.2503296072552109,0.6
restaurant_logo,subjectwise,svm_rbf,1,S13,0.690030957075945,29,0,0.20430156738209967,0.08013355592654425,0.62,0.9540549311727655,0.73,0.34169653524492233,0.24,1.0,0.18546921914500242,0.3448275862068966
restaurant_logo,subjectwise,svm_rbf,1,S14,0.690030957075945,28,0,-0.24552983583446694,-0.23958333333333326,0.382051282051282,0.6166256845818249,0.41025641025641024,0.3728590250329381,0.5333333333333333,0.23076923076923078,0.16907585812487133,0.39285714285714285
restaurant_logo,subjectwise,svm_rbf,1,S15,0.6944815443333314,28,0,0.0,0.0,0.5,0.6228002270741241,0.5416666666666667,0.36363636363636365,1.0,0.0,0.1608408865463673,0.5714285714285714
restaurant_logo,subjectwise,svm_rbf,1,S2,0.690030957075945,30,0,-0.15161960871578067,-0.06557377049180335,0.4722222222222222,0.5884399345673611,0.43981481481481477,0.3617021276595745,0.9444444444444444,0.0,0.1995044091751257,0.5666666666666667
restaurant_logo,subjectwise,svm_rbf,1,S3,0.2943532162635217,26,0,0.0,0.0,0.5,0.9877327976371455,0.72,0.49019607843137253,1.0,0.0,0.19962603343211993,0.9615384615384616
restaurant_logo,subjectwise,svm_rbf,1,S4,0.6944815443333314,30,0,0.0,0.0,0.5,0.5094093708224143,0.52,0.3333333333333333,1.0,0.0,0.22768706371941627,0.5
restaurant_logo,subjectwise,svm_rbf,1,S5,0.6146312986733561,30,0,0.0,0.0,0.5,0.7408944976122969,0.595,0.4,1.0,0.0,0.12933344338378547,0.6666666666666666
restaurant_logo,subjectwise,svm_rbf,1,S6,0.6146312986733561,30,0,0.47809144373375745,0.37209302325581395,0.6785714285714286,0.6752996457983881,0.75,0.6534017971758665,1.0,0.35714285714285715,0.18734544363269018,0.7
restaurant_logo,subjectwise,svm_rbf,1,S7,0.6146312986733561,30,0,-0.04962916669854651,-0.04651162790697683,0.48214285714285715,0.8816505790839176,0.14285714285714285,0.47368421052631576,0.9642857142857143,0.0,0.2061200153675018,0.9
restaurant_logo,subjectwise,svm_rbf,1,S8,0.2943532162635217,30,0,0.0,0.0,0.5,0.5795106519475125,0.5044642857142857,0.34782608695652173,1.0,0.0,0.26601172422066577,0.5333333333333333
restaurant_logo,subjectwise,svm_rbf,1,S9,0.2943532162635217,30,0,0.0,0.0,0.5,0.6427162157011479,0.3915343915343915,0.4117647058823529,1.0,0.0,0.12580742752325383,0.7
restaurant_logo,subjectwise,svm_rbf,2,S1,0.6955210260406193,30,0,0.19094065395649332,0.18918918918918926,0.59375,0.6975056730975049,0.59375,0.5927601809954751,0.6875,0.5,0.17078922612588948,0.6
restaurant_logo,subjectwise,svm_rbf,2,S10,0.5689778529483265,29,0,0.0,0.0,0.5,0.6896961655598464,0.39285714285714285,0.42,1.0,0.0,0.07577255617518634,0.7241379310344828
restaurant_logo,subjectwise,svm_rbf,2,S11,0.6955210260406193,30,0,-0.12649110640673517,-0.1142857142857141,0.45,0.706887959699997,0.5249999999999999,0.4222222222222222,0.8,0.1,0.050750695059397846,0.5666666666666667
restaurant_logo,subjectwise,svm_rbf,2,S12,0.6857322517478207,30,0,-0.07142857142857142,-0.0714285714285714,0.4642857142857143,0.9478344724363756,0.4642857142857143,0.4642857142857143,0.9285714285714286,0.0,0.22362862058316607,0.8666666666666667
restaurant_logo,subjectwise,svm_rbf,2,S13,0.6889130168608472,29,0,0.16,0.04992199687987531,0.58,0.9250978661008666,0.5800000000000001,0.27586206896551724,0.16,1.0,0.18396301609402982,0.27586206896551724
restaurant_logo,subjectwise,svm_rbf,2,S14,0.6857322517478207,28,0,-0.2470788084188458,-0.19786096256684482,0.40512820512820513,0.6284251877389132,0.4615384615384615,0.3450292397660819,0.7333333333333333,0.07692307692307693,0.16465193280789817,0.42857142857142855
restaurant_logo,subjectwise,svm_rbf,2,S15,0.5689778529483265,28,0,0.0,0.0,0.5,0.5897874000999,0.484375,0.36363636363636365,1.0,0.0,0.12500832033680717,0.5714285714285714
restaurant_logo,subjectwise,svm_rbf,2,S2,0.6889130168608472,30,0,0.227429413073671,0.09836065573770492,0.5416666666666666,0.6470135010875122,0.5555555555555556,0.45990180032733224,1.0,0.08333333333333333,0.11636124344368194,0.6333333333333333
restaurant_logo,subjectwise,svm_rbf,2,S3,0.6202333766088192,26,0,0.23354968324845687,0.10344827586206895,0.8,0.9856275344792508,0.68,0.4583333333333333,0.6,1.0,0.3389366067034719,0.6153846153846154
restaurant_logo,subjectwise,svm_rbf,2,S4,0.5689778529483265,30,0,0.0,0.0,0.5,0.4309686594529327,0.38666666666666666,0.3333333333333333,1.0,0.0,0.19038309142709586,0.5
restaurant_logo,subjectwise,svm_rbf,2,S5,0.6857322517478207,30,0,0.0,0.0,0.5,0.6801885480217523,0.54,0.4,1.0,0.0,0.0410373640369085,0.6666666666666666
restaurant_logo,subjectwise,svm_rbf,2,S6,0.6202333766088192,30,0,0.3392857142857143,0.33628318584070793,0.6696428571428572,0.7567457235317143,0.7098214285714286,0.6666666666666666,0.625,0.7142857142857143,0.13667957094587627,0.6666666666666666
restaurant_logo,subjectwise,svm_rbf,2,S7,0.6955210260406193,30,0,-0.10482848367219183,-0.09756097560975618,0.42857142857142855,0.9330549287025529,0.3392857142857143,0.4444444444444444,0.8571428571428571,0.0,0.19888012565984828,0.8
restaurant_logo,subjectwise,svm_rbf,2,S8,0.6889130168608472,30,0,0.040291148201269014,0.03669724770642213,0.5178571428571428,0.753088182242594,0.65625,0.49760765550239233,0.75,0.2857142857142857,0.16831774714848408,0.5333333333333333
restaurant_logo,subjectwise,svm_rbf,2,S9,0.6202333766088192,30,0,-0.09869275424396536,-0.0674157303370786,0.45238095238095233,0.7176470717198622,0.5079365079365079,0.3659621802002225,0.23809523809523808,0.6666666666666666,0.10151547870077982,0.36666666666666664
restaurant_logo,subjectwise,svm_rbf,3,S1,0.651440671806925,30,0,-0.0890870806374748,-0.05633802816901423,0.4732142857142857,0.6362247076861047,0.59375,0.38440492476060195,0.875,0.07142857142857142,0.23304622896149385,0.5
restaurant_logo,subjectwise,svm_rbf,3,S10,0.593139879547251,29,0,0.0,0.0,0.5,0.8269721790830831,0.5833333333333334,0.42,1.0,0.0,0.04604806797006701,0.7241379310344828
restaurant_logo,subjectwise,svm_rbf,3,S11,0.6756695637215668,30,0,0.048911598804451846,0.04878048780487798,0.525,0.6997851177993566,0.52,0.5238095238095237,0.65,0.4,0.009072953276404894,0.5666666666666667
restaurant_logo,subjectwise,svm_rbf,3,S12,0.651440671806925,30,0,0.14101901870444156,0.10447761194029848,0.625,0.9744155709308855,0.6964285714285714,0.52,0.75,0.5,0.24528431565058523,0.7333333333333333
restaurant_logo,subjectwise,svm_rbf,3,S13,0.6639309377445501,29,0,0.07559289460184544,0.011363636363636354,0.52,0.9662000462661644,0.8,0.16346153846153846,0.04,1.0,0.34127880205001154,0.1724137931034483
restaurant_logo,subjectwise,svm_rbf,3,S14,0.6756695637215668,28,0,-0.17916128329552333,-0.07103825136612008,0.4666666666666667,0.5247145640048004,0.45128205128205134,0.3333333333333333,0.9333333333333333,0.0,0.1401651814262459,0.5
restaurant_logo,subjectwise,svm_rbf,3,S15,0.593139879547251,28,0,0.0,0.0,0.5,0.629872978883718,0.515625,0.36363636363636365,1.0,0.0,0.14002656039266262,0.5714285714285714
restaurant_logo,subjectwise,svm_rbf,3,S2,0.6639309377445501,30,0,-0.045360921162651446,-0.03174603174603163,0.4861111111111111,0.6703126949557978,0.5462962962962963,0.4222222222222222,0.8888888888888888,0.08333333333333333,0.22476092810746692,0.5666666666666667
restaurant_logo,subjectwise,svm_rbf,3,S3,0.6545098847528489,26,0,0.2748737083745107,0.1404958677685949,0.8400000000000001,0.9916375595419075,0.8,0.5047619047619047,0.68,1.0,0.2902415467228748,0.6923076923076923
restaurant_logo,subjectwise,svm_rbf,3,S4,0.593139879547251,30,0,0.0,0.0,0.5,0.550654277305464,0.5244444444444445,0.3333333333333333,1.0,0.0,0.22815423577434157,0.5
restaurant_logo,subjectwise,svm_rbf,3,S5,0.651440671806925,30,0,0.2626128657194451,0.12903225806451601,0.55,0.8189180661751922,0.6900000000000001,0.4990723562152134,1.0,0.1,0.12967920458212523,0.7
restaurant_logo,subjectwise,svm_rbf,3,S6,0.6545098847528489,30,0,0.2624453295839119,0.24657534246575352,0.6205357142857143,0.6953039434586079,0.6741071428571428,0.6122209165687427,0.8125,0.42857142857142855,0.1757683333161872,0.6333333333333333
restaurant_logo,subjectwise,svm_rbf,3,S7,0.6756695637215668,30,0,-0.1336306209562122,-0.11111111111111116,0.39285714285714285,0.8659192865669109,0.10714285714285715,0.4230769230769231,0.7857142857142857,0.0,0.2575249252613617,0.7333333333333333
restaurant_logo,subjectwise,svm_rbf,3,S8,0.6639309377445501,30,0,0.1913829539560278,0.17431192660550465,0.5848214285714286,0.773614556399483,0.6919642857142857,0.569377990430622,0.8125,0.35714285714285715,0.18449904431590247,0.6
restaurant_logo,subjectwise,svm_rbf,3,S9,0.6545098847528489,30,0,0.10566112966540278,0.10447761194029848,0.5555555555555556,0.7285252582271986,0.5026455026455027,0.55,0.6666666666666666,0.4444444444444444,0.042291044431303396,0.6
restaurant_logo,subjectwise,svm_rbf,4,S1,0.6440708389102233,30,0,0.22276052780340766,0.1588785046728971,0.5758928571428571,0.5753470071702463,0.5535714285714285,0.5238095238095238,0.9375,0.21428571428571427,0.1887744348502795,0.6
restaurant_logo,subjectwise,svm_rbf,4,S10,0.6591842351886124,29,0,0.0,0.0,0.5,0.7196183375857785,0.45238095238095233,0.42,1.0,0.0,0.060549964291742864,0.7241379310344828
restaurant_logo,subjectwise,svm_rbf,4,S11,0.6455530155199405,30,0,0.09513029883089882,0.09302325581395343,0.55,0.7244145787666659,0.5750000000000001,0.5417156286721504,0.6,0.5,0.04581198870887347,0.5666666666666667
restaurant_logo,subjectwise,svm_rbf,4,S12,0.6654297192145827,30,0,-0.14744195615489714,-0.11570247933884303,0.375,0.9782732942354916,0.7142857142857143,0.4117647058823529,0.75,0.0,0.25346642764810295,0.7
restaurant_logo,subjectwise,svm_rbf,4,S13,0.6348217905590398,29,0,0.07980238751210128,0.042718446601941906,0.5549999999999999,0.9170529811612448,0.55,0.3875776397515528,0.36,0.75,0.24632153583169147,0.41379310344827586
restaurant_logo,subjectwise,svm_rbf,4,S14,0.6348217905590398,28,0,-0.17541160386140583,-0.12903225806451624,0.43846153846153846,0.6303177385432287,0.4974358974358974,0.36651583710407243,0.8,0.07692307692307693,0.16172456104030047,0.4642857142857143
restaurant_logo,subjectwise,svm_rbf,4,S15,0.6591842351886124,28,0,0.0,0.0,0.5,0.5866171205699995,0.4479166666666667,0.36363636363636365,1.0,0.0,0.09288058966239465,0.5714285714285714
restaurant_logo,subjectwise,svm_rbf,4,S2,0.6348217905590398,30,0,0.05455447255899809,0.03225806451612889,0.5138888888888888,0.658822036673119,0.5787037037037037,0.4409937888198757,0.9444444444444444,0.08333333333333333,0.13285481671190214,0.6
restaurant_logo,subjectwise,svm_rbf,4,S3,0.6440708389102233,26,0,0.23354968324845687,0.10344827586206895,0.8,0.9856275344792508,0.68,0.4583333333333333,0.6,1.0,0.30173371857255066,0.6153846153846154
restaurant_logo,subjectwise,svm_rbf,4,S4,0.6591842351886124,30,0,0.0,0.0,0.5,0.4861910176818898,0.49333333333333335,0.3333333333333333,1.0,0.0,0.16421660196123844,0.5
restaurant_logo,subjectwise,svm_rbf,4,S5,0.6654297192145827,30,0,0.0,0.0,0.5,0.9127061930157907,0.8500000000000001,0.4,1.0,0.0,0.11007818416925173,0.6666666666666666
restaurant_logo,subjectwise,svm_rbf,4,S6,0.6455530155199405,30,0,0.27382077571623753,0.23963133640552992,0.6160714285714286,0.7188783590921749,0.75,0.5970695970695971,0.875,0.35714285714285715,0.15537215881916241,0.6333333333333333
restaurant_logo,subjectwise,svm_rbf,4,S7,0.6455530155199405,30,0,-0.07142857142857142,-0.0714285714285714,0.4642857142857143,0.9183453327429569,0.26785714285714285,0.4642857142857143,0.9285714285714286,0.0,0.2081645503872859,0.8666666666666667
restaurant_logo,subjectwise,svm_rbf,4,S8,0.6654297192145827,30,0,0.11584725126456202,0.10138248847926257,0.5491071428571428,0.700657821163029,0.6339285714285714,0.5238095238095237,0.8125,0.2857142857142857,0.15126443408437326,0.5666666666666667
restaurant_logo,subjectwise,svm_rbf,4,S9,0.6440708389102233,30,0,-0.0657951694959769,-0.06557377049180335,0.46825396825396826,0.7382814166509819,0.5343915343915344,0.466484268125855,0.7142857142857143,0.2222222222222222,0.03666912361983619,0.5666666666666667
restaurant_logo,subjectwise,xgboost,0,S1,0.5026422739028931,30,0,0.32732683535398854,0.32432432432432434,0.6607142857142857,0.5537393162393163,0.5602678571428571,0.660633484162896,0.75,0.5714285714285714,0.15619606400000002,0.6666666666666666
restaurant_logo,subjectwise,xgboost,0,S10,0.498502105474472,29,0,0.13690476190476192,0.13690476190476186,0.5684523809523809,0.8072615243686939,0.6071428571428572,0.5684523809523809,0.7619047619047619,0.375,0.21575856586206899,0.6551724137931034
restaurant_logo,subjectwise,xgboost,0,S11,0.503235936164856,30,0,0.23570226039551584,0.10526315789473684,0.575,0.7999999999999999,0.7,0.40070505287896596,0.15,1.0,0.1751634570000001,0.43333333333333335
restaurant_logo,subjectwise,xgboost,0,S12,0.503235936164856,30,0,0.017857142857142856,0.009433962264150941,0.5178571428571428,0.9440051020408162,0.5714285714285714,0.4034090909090909,0.5357142857142857,0.5,0.43111140066666664,0.5333333333333333
restaurant_logo,subjectwise,xgboost,0,S13,0.4394313612580299,29,0,-0.0521749194749951,-0.04590163934426217,0.465,0.9031443727418005,0.51,0.4547008547008547,0.68,0.25,0.37704130551724147,0.6206896551724138
restaurant_logo,subjectwise,xgboost,0,S14,0.4394313612580299,28,0,-0.31164899666948576,-0.26595744680851086,0.3717948717948718,0.4272045477476446,0.28717948717948716,0.3229018492176387,0.6666666666666666,0.07692307692307693,0.22970444249999997,0.39285714285714285
restaurant_logo,subjectwise,xgboost,0,S15,0.498502105474472,28,0,-0.10758287072798381,-0.09803921568627438,0.4479166666666667,0.5685487757856179,0.5078125,0.4256410256410257,0.3125,0.5833333333333334,0.08574100178571431,0.42857142857142855
restaurant_logo,subjectwise,xgboost,0,S2,0.4394313612580299,30,0,0.08006407690254358,0.0625,0.5277777777777778,0.6146007587797078,0.49537037037037035,0.48863636363636365,0.8888888888888888,0.16666666666666666,0.23442139266666662,0.6
restaurant_logo,subjectwise,xgboost,0,S3,0.5,26,0,0.08528028654224416,0.014440433212996373,0.58,0.9738461538461539,0.66,0.18140929535232383,0.16,1.0,0.46845136153846173,0.19230769230769232
restaurant_logo,subjectwise,xgboost,0,S4,0.498502105474472,30,0,0.2075143391598224,0.19999999999999996,0.6,0.6542346507981183,0.6133333333333333,0.5927601809954751,0.4666666666666667,0.7333333333333333,0.08373027733333338,0.6
restaurant_logo,subjectwise,xgboost,0,S5,0.5026422739028931,30,0,0.0,0.0,0.5,0.7252500000000001,0.5975,0.48863636363636365,0.8,0.2,0.16189840733333333,0.6
restaurant_logo,subjectwise,xgboost,0,S6,0.503235936164856,30,0,0.554051251343814,0.5205479452054795,0.7544642857142857,0.7323464912280702,0.7834821428571428,0.7532314923619272,0.9375,0.5714285714285714,0.25504057666666663,0.7666666666666667
restaurant_logo,subjectwise,xgboost,0,S7,0.5026422739028931,30,0,-0.0890870806374748,-0.0869565217391306,0.44642857142857145,0.9584656084656085,0.6607142857142857,0.45454545454545453,0.8928571428571429,0.0,0.42660304800000004,0.8333333333333334
restaurant_logo,subjectwise,xgboost,0,S8,0.5,30,0,-0.11952286093343936,-0.0851063829787233,0.45535714285714285,0.5708333333333333,0.43526785714285715,0.3772893772893773,0.125,0.7857142857142857,0.0782595600000001,0.43333333333333335
restaurant_logo,subjectwise,xgboost,0,S9,0.5,30,0,-0.05939138709164986,-0.04938271604938271,0.46825396825396826,0.6707070707070707,0.44973544973544977,0.4276094276094276,0.38095238095238093,0.5555555555555556,0.20245191166666662,0.43333333333333335
restaurant_logo,subjectwise,xgboost,1,S1,0.5262285506725312,30,0,-0.029160592175990215,-0.02739726027397249,0.48660714285714285,0.5912604399242308,0.49999999999999994,0.4712103407755582,0.6875,0.2857142857142857,0.199209815,0.5
restaurant_logo,subjectwise,xgboost,1,S10,0.5046049356460571,29,0,0.29701403707121016,0.2509225092250923,0.6011904761904762,0.7560944802324112,0.5773809523809523,0.6073500967117988,0.9523809523809523,0.25,0.24898968068965527,0.7586206896551724
restaurant_logo,subjectwise,xgboost,1,S11,0.5262285506725312,30,0,0.2,0.16000000000000003,0.6000000000000001,0.7482919257252532,0.6049999999999999,0.5333333333333333,0.4,0.8,0.182608204,0.5333333333333333
restaurant_logo,subjectwise,xgboost,1,S12,0.5262285506725312,30,0,0.2033553133277973,0.07942238267148027,0.6964285714285714,0.9841713273617856,0.7857142857142857,0.3772893772893773,0.39285714285714285,1.0,0.4493293233333333,0.43333333333333335
restaurant_logo,subjectwise,xgboost,1,S13,0.481552209854126,29,0,0.10886621079036346,0.02342606149341131,0.54,0.882114672007752,0.5,0.2031063321385902,0.08,1.0,0.4717986048275862,0.20689655172413793
restaurant_logo,subjectwise,xgboost,1,S14,0.481552209854126,28,0,0.015710251796769326,0.015075376884422176,0.5076923076923077,0.46232790290761305,0.3692307692307692,0.49743589743589745,0.4,0.6153846153846154,0.12490491678571432,0.5
restaurant_logo,subjectwise,xgboost,1,S15,0.5046049356460571,28,0,-0.251259453814803,-0.18867924528301883,0.3958333333333333,0.5498168498168498,0.47395833333333326,0.3262032085561497,0.125,0.6666666666666666,0.1519012264285715,0.35714285714285715
restaurant_logo,subjectwise,xgboost,1,S2,0.481552209854126,30,0,0.08006407690254358,0.0625,0.5277777777777778,0.6026417726827907,0.4837962962962963,0.48863636363636365,0.8888888888888888,0.16666666666666666,0.15391920199999992,0.6
restaurant_logo,subjectwise,xgboost,1,S3,0.4988917335867882,26,0,0.23354968324845687,0.10344827586206895,0.8,0.9846153846153847,0.6,0.4583333333333333,0.6,1.0,0.4620615734615383,0.6153846153846154
restaurant_logo,subjectwise,xgboost,1,S4,0.5046049356460571,30,0,0.0,0.0,0.5,0.48039215686274506,0.3777777777777778,0.4712103407755582,0.26666666666666666,0.7333333333333333,0.009989658666666724,0.5
restaurant_logo,subjectwise,xgboost,1,S5,0.5118155479431152,30,0,-0.23782574707724705,-0.21276595744680837,0.375,0.691025641025641,0.42000000000000004,0.3602693602693603,0.35,0.4,0.16231141666666665,0.36666666666666664
restaurant_logo,subjectwise,xgboost,1,S6,0.5118155479431152,30,0,0.05455447255899809,0.05405405405405406,0.5267857142857143,0.5900383141762453,0.5691964285714286,0.5248868778280543,0.625,0.42857142857142855,0.025706224333333316,0.5333333333333333
restaurant_logo,subjectwise,xgboost,1,S7,0.5118155479431152,30,0,-0.1336306209562122,-0.11111111111111116,0.39285714285714285,0.9166782130912565,0.375,0.4230769230769231,0.7857142857142857,0.0,0.41883691300000003,0.7333333333333333
restaurant_logo,subjectwise,xgboost,1,S8,0.4988917335867882,30,0,0.3207665139358924,0.2857142857142857,0.6473214285714286,0.6541666666666667,0.6316964285714285,0.6228571428571429,0.4375,0.8571428571428571,0.1208611453333334,0.6333333333333333
restaurant_logo,subjectwise,xgboost,1,S9,0.4988917335867882,30,0,0.2698412698412698,0.1954022988505747,0.6349206349206349,0.8089947089947092,0.6534391534391534,0.5333333333333333,0.38095238095238093,0.8888888888888888,0.20707337633333323,0.5333333333333333
restaurant_logo,subjectwise,xgboost,2,S1,0.4942309084534645,30,0,0.12584555642690842,0.12556053811659196,0.5625,0.6960757298257298,0.6406249999999999,0.5622895622895623,0.625,0.5,0.0916515653333333,0.5666666666666667
restaurant_logo,subjectwise,xgboost,2,S10,0.4597945940494538,29,0,0.0,0.0,0.5,0.840532342345039,0.6726190476190477,0.42,1.0,0.0,0.12722061655172415,0.7241379310344828
restaurant_logo,subjectwise,xgboost,2,S11,0.4942309084534645,30,0,0.11145564251507058,0.10810810810810811,0.55,0.7765572559713805,0.5775,0.5485636114911081,0.8,0.3,0.16296703066666668,0.6333333333333333
restaurant_logo,subjectwise,xgboost,2,S12,0.5020548105239868,30,0,0.10482848367219183,0.021739130434782483,0.5714285714285714,0.9571428571428571,0.6517857142857143,0.19642857142857142,0.14285714285714285,1.0,0.44006267800000004,0.2
restaurant_logo,subjectwise,xgboost,2,S13,0.488114823102951,29,0,0.16,0.04992199687987531,0.58,0.9111326335783451,0.59,0.27586206896551724,0.16,1.0,0.44498790724137927,0.27586206896551724
restaurant_logo,subjectwise,xgboost,2,S14,0.5020548105239868,28,0,0.5444357229372963,0.51,0.7615384615384615,0.7614285714285715,0.7153846153846154,0.7470967741935484,0.6,0.9230769230769231,0.2398118507142858,0.75
restaurant_logo,subjectwise,xgboost,2,S15,0.4597945940494538,28,0,-0.062017367294604234,-0.06060606060606055,0.46875,0.6475785910712382,0.5208333333333334,0.46360153256704983,0.4375,0.5,0.26610253678571427,0.4642857142857143
restaurant_logo,subjectwise,xgboost,2,S2,0.488114823102951,30,0,0.08006407690254358,0.0625,0.5277777777777778,0.7780221818578255,0.6435185185185185,0.48863636363636365,0.8888888888888888,0.16666666666666666,0.19326993400000006,0.6
restaurant_logo,subjectwise,xgboost,2,S3,0.5008015632629395,26,0,0.2,0.07692307692307687,0.76,0.9768119658119658,0.56,0.4135338345864662,0.52,1.0,0.4608657196153846,0.5384615384615384
restaurant_logo,subjectwise,xgboost,2,S4,0.4597945940494538,30,0,0.2,0.19999999999999996,0.6,0.597264213487348,0.6088888888888888,0.6,0.6,0.6,0.21433238499999996,0.6
restaurant_logo,subjectwise,xgboost,2,S5,0.5020548105239868,30,0,-0.18898223650461363,-0.12499999999999978,0.45,0.6452380952380953,0.45,0.375,0.9,0.0,0.15757919999999992,0.6
restaurant_logo,subjectwise,xgboost,2,S6,0.5008015632629395,30,0,0.19642857142857142,0.1964285714285714,0.5982142857142857,0.6309659090909091,0.6741071428571429,0.5982142857142857,0.625,0.5714285714285714,0.08794891233333331,0.6
restaurant_logo,subjectwise,xgboost,2,S7,0.4942309084534645,30,0,-0.07142857142857142,-0.0714285714285714,0.4642857142857143,0.8711943473699221,0.125,0.4642857142857143,0.9285714285714286,0.0,0.3917631506666666,0.8666666666666667
restaurant_logo,subjectwise,xgboost,2,S8,0.488114823102951,30,0,0.2624453295839119,0.24657534246575352,0.6205357142857143,0.701812306852608,0.6696428571428572,0.6122209165687427,0.8125,0.42857142857142855,0.14199023300000005,0.6333333333333333
restaurant_logo,subjectwise,xgboost,2,S9,0.5008015632629395,30,0,0.0657951694959769,0.0449438202247191,0.5317460317460317,0.7138321995464854,0.35185185185185186,0.43270300333704115,0.2857142857142857,0.7777777777777778,0.20782114833333337,0.43333333333333335
restaurant_logo,subjectwise,xgboost,3,S1,0.5022528767585754,30,0,0.11584725126456202,0.10138248847926257,0.5491071428571428,0.5380341531085238,0.4910714285714286,0.5238095238095237,0.8125,0.2857142857142857,0.05286838133333315,0.5666666666666667
restaurant_logo,subjectwise,xgboost,3,S10,0.4825256097316742,29,0,0.0,0.0,0.5,0.7358677578544381,0.5238095238095238,0.42,1.0,0.0,0.12788706586206897,0.7241379310344828
restaurant_logo,subjectwise,xgboost,3,S11,0.4810347259044647,30,0,0.1414213562373095,0.1333333333333333,0.575,0.7519243997812655,0.575,0.5542857142857143,0.55,0.6,0.17327257700000007,0.5666666666666667
restaurant_logo,subjectwise,xgboost,3,S12,0.5022528767585754,30,0,0.14101901870444156,0.10447761194029848,0.625,0.9603494124922696,0.6428571428571428,0.52,0.75,0.5,0.4265405243333332,0.7333333333333333
restaurant_logo,subjectwise,xgboost,3,S13,0.4623654782772065,29,0,-0.08215838362577492,-0.029032258064516148,0.455,0.8585445777999002,0.45999999999999996,0.24047619047619045,0.16,0.75,0.5576272341379311,0.2413793103448276
restaurant_logo,subjectwise,xgboost,3,S14,0.4810347259044647,28,0,-0.2581988897471611,-0.14130434782608692,0.43333333333333335,0.3901297089870473,0.1641025641025641,0.3170731707317073,0.8666666666666667,0.0,0.28185180571428575,0.4642857142857143
restaurant_logo,subjectwise,xgboost,3,S15,0.4825256097316742,28,0,0.08268982305947231,0.08080808080808077,0.5416666666666667,0.7230807195542103,0.625,0.5351213282247764,0.5,0.5833333333333334,0.08583455357142855,0.5357142857142857
restaurant_logo,subjectwise,xgboost,3,S2,0.4623654782772065,30,0,-0.045360921162651446,-0.03174603174603163,0.4861111111111111,0.6495177261244305,0.5231481481481481,0.4222222222222222,0.8888888888888888,0.08333333333333333,0.27352055833333333,0.5666666666666667
restaurant_logo,subjectwise,xgboost,3,S3,0.476897497177124,26,0,0.2,0.07692307692307687,0.76,0.9786476091757961,0.56,0.4135338345864662,0.52,1.0,0.48541454961538466,0.5384615384615384
restaurant_logo,subjectwise,xgboost,3,S4,0.4825256097316742,30,0,0.2182178902359924,0.19999999999999996,0.6000000000000001,0.6162853884821848,0.6622222222222222,0.5833333333333333,0.4,0.8,0.20465335066666665,0.6
restaurant_logo,subjectwise,xgboost,3,S5,0.5022528767585754,30,0,0.0,0.0,0.5,0.6566239316239316,0.4375,0.4857142857142857,0.5,0.5,0.16373247366666654,0.5
restaurant_logo,subjectwise,xgboost,3,S6,0.476897497177124,30,0,0.2624453295839119,0.24657534246575352,0.6205357142857143,0.5695826581614121,0.5915178571428572,0.6122209165687427,0.8125,0.42857142857142855,0.16376431600000008,0.6333333333333333
restaurant_logo,subjectwise,xgboost,3,S7,0.4810347259044647,30,0,-0.07142857142857142,-0.0714285714285714,0.4642857142857143,0.9302182812230483,0.35714285714285715,0.4642857142857143,0.9285714285714286,0.0,0.32996967800000004,0.8666666666666667
restaurant_logo,subjectwise,xgboost,3,S8,0.4623654782772065,30,0,0.43179430016791304,0.37788018433179715,0.6830357142857143,0.7916239340892726,0.7410714285714285,0.6703296703296704,0.9375,0.42857142857142855,0.16291863900000003,0.7
restaurant_logo,subjectwise,xgboost,3,S9,0.476897497177124,30,0,0.11664236870396086,0.10958904109589052,0.5634920634920635,0.7397289149998929,0.5529100529100529,0.5417156286721504,0.5714285714285714,0.5555555555555556,0.210530652,0.5666666666666667
restaurant_logo,subjectwise,xgboost,4,S1,0.4600036692619323,30,0,0.0,0.0,0.5,0.6913611684160886,0.625,0.34782608695652173,1.0,0.0,0.07658213533333337,0.5333333333333333
restaurant_logo,subjectwise,xgboost,4,S10,0.500095784664154,29,0,0.0,0.0,0.5,0.7982424131849419,0.6398809523809523,0.42,1.0,0.0,0.20976884482758618,0.7241379310344828
restaurant_logo,subjectwise,xgboost,4,S11,0.5045327067375184,30,0,-0.10660035817780521,-0.10526315789473695,0.44999999999999996,0.6636363636363636,0.47,0.4444444444444444,0.7,0.2,0.16411687733333333,0.5333333333333333
restaurant_logo,subjectwise,xgboost,4,S12,0.5353075557947159,30,0,0.25,0.11764705882352944,0.75,0.9816521137711434,0.7678571428571429,0.4444444444444444,0.5,1.0,0.42873567799999995,0.5333333333333333
restaurant_logo,subjectwise,xgboost,4,S13,0.4976337218284607,29,0,-0.1924870958045813,-0.051359516616314105,0.415,0.851463969038177,0.38,0.17142857142857143,0.08,0.75,0.45204426689655175,0.1724137931034483
restaurant_logo,subjectwise,xgboost,4,S14,0.4976337218284607,28,0,-0.005128205128205128,-0.00512820512820511,0.49743589743589745,0.542491648702175,0.46153846153846145,0.49743589743589745,0.5333333333333333,0.46153846153846156,0.07669769107142857,0.5
restaurant_logo,subjectwise,xgboost,4,S15,0.500095784664154,28,0,0.04222003309207491,0.04210526315789476,0.5208333333333334,0.6234243697478992,0.4921875,0.5204216073781291,0.625,0.4166666666666667,0.0701863014285714,0.5357142857142857
restaurant_logo,subjectwise,xgboost,4,S2,0.4976337218284607,30,0,0.0,0.0,0.5,0.6299428809694511,0.5046296296296295,0.466484268125855,0.8333333333333334,0.16666666666666666,0.18521553400000001,0.5666666666666667
restaurant_logo,subjectwise,xgboost,4,S3,0.4600036692619323,26,0,0.2,0.07692307692307687,0.76,0.9934557413600893,0.84,0.4135338345864662,0.52,1.0,0.5059950292307692,0.5384615384615384
restaurant_logo,subjectwise,xgboost,4,S4,0.500095784664154,30,0,0.0,0.0,0.5,0.4843137254901961,0.47777777777777775,0.4857142857142857,0.6666666666666666,0.3333333333333333,0.010223603333333312,0.5
restaurant_logo,subjectwise,xgboost,4,S5,0.5353075557947159,30,0,-0.13130643285972254,-0.06451612903225823,0.475,0.7456354866857162,0.64,0.3877551020408163,0.95,0.0,0.10234035200000009,0.6333333333333333
restaurant_logo,subjectwise,xgboost,4,S6,0.5045327067375184,30,0,0.236227795630767,0.21739130434782605,0.6116071428571428,0.621875,0.6562499999999999,0.5927601809954751,0.4375,0.7857142857142857,0.090986682,0.6
restaurant_logo,subjectwise,xgboost,4,S7,0.5045327067375184,30,0,-0.04962916669854651,-0.04651162790697683,0.48214285714285715,0.9311165845648605,0.48214285714285715,0.47368421052631576,0.9642857142857143,0.0,0.41487833800000007,0.9
restaurant_logo,subjectwise,xgboost,4,S8,0.5353075557947159,30,0,0.040291148201269014,0.03669724770642213,0.5178571428571428,0.7114553642421924,0.6071428571428572,0.49760765550239233,0.75,0.2857142857142857,0.29853053399999996,0.5333333333333333
restaurant_logo,subjectwise,xgboost,4,S9,0.4600036692619323,30,0,-0.23028309323591917,-0.2295081967213115,0.38888888888888884,0.6758667226448252,0.4285714285714286,0.38440492476060195,0.6666666666666666,0.1111111111111111,0.18350071233333337,0.5
